Drug,Protein
0,2797
0,648
0,3405
1,13483
2,210
2,435
2,8220
2,3235
2,3705
2,7114
2,13061
2,6769
2,5085
2,6883
2,7170
3,8228
3,12493
3,13158
3,2386
3,9875
3,13110
3,13177
3,7045
3,10568
3,3145
3,13304
3,3762
3,875
3,11926
3,3272
3,3594
3,408
3,12687
3,7666
3,2186
3,10022
3,13091
3,11426
3,6016
3,7762
3,1709
3,13048
3,13233
3,13234
3,557
3,5753
3,11959
3,10490
3,41
3,6395
3,7244
3,11605
3,6310
3,13523
3,2731
3,11691
3,3910
3,8223
3,642
3,106
3,3546
3,653
3,771
3,10732
3,4952
3,6481
3,9770
3,13275
3,4533
3,9771
3,399
3,8453
3,9776
3,10291
3,9608
3,9706
3,3796
3,5689
3,11775
3,2820
3,11198
3,11210
3,3756
3,3998
3,591
3,9486
3,842
3,13183
3,7170
3,12352
3,10150
3,4304
3,1503
3,1734
3,10422
3,12843
3,10561
3,4510
3,8058
3,9621
3,3399
3,2315
3,687
4,12493
4,13110
4,3473
4,13234
4,592
4,6553
5,648
5,4609
6,3965
6,2208
6,11809
6,5729
6,4864
6,2381
6,9981
6,10043
6,10820
6,3333
6,8709
6,10805
6,6064
6,2022
7,5023
7,5134
7,8898
7,11
7,8170
7,9102
7,5990
8,5023
8,1824
8,4203
8,7905
8,8056
8,5233
8,3623
8,8898
8,8170
8,9102
9,10568
9,10547
9,3900
9,4437
9,2281
9,2034
9,1551
9,8420
9,7629
9,6732
9,9646
9,9318
9,67
9,11959
9,6217
9,7041
9,12332
9,1229
9,9360
9,1351
9,2988
9,3946
9,1169
9,4997
9,1902
9,9706
9,12124
9,701
9,867
9,4726
9,12507
9,2081
9,5983
9,4125
9,2014
9,9918
9,169
9,2998
9,564
9,3896
9,3940
9,8728
9,11861
9,5661
9,11627
9,6305
9,14129
10,9970
10,5525
10,7020
10,9431
10,2019
10,8745
10,10606
10,7905
10,13343
10,13344
10,2252
10,13239
10,404
10,2170
10,13130
10,7644
10,1074
10,7792
10,5494
10,12449
10,3338
10,1746
10,9884
10,9782
10,11622
10,1917
10,12508
10,10257
10,10607
11,9431
11,2252
11,13144
11,2277
11,2142
11,1360
11,4748
11,4391
11,4253
11,11227
11,10583
11,5191
11,4573
11,2179
11,4233
11,217
11,7001
11,8978
11,3493
11,440
11,195
11,10296
12,11328
12,1349
12,3609
12,11864
12,11509
12,8631
12,10236
12,10833
12,4021
12,6060
12,6216
12,6265
12,7749
12,11787
12,1373
12,5062
12,3167
12,10511
12,312
13,5023
13,3922
13,9801
13,7558
13,1529
13,1953
13,320
13,5858
14,8220
14,11911
14,13375
14,339
14,13234
14,1317
14,745
14,3027
14,653
14,12522
14,8735
14,7946
14,450
14,687
15,1296
15,6016
16,4630
16,8745
16,170
16,867
16,4726
16,12507
16,2081
16,10039
16,564
16,2285
16,7245
16,11201
16,6979
16,486
17,2063
17,11181
17,129
17,5933
17,8453
17,8473
17,14030
18,5023
18,3922
18,768
18,9505
18,13105
18,2703
18,13343
18,13344
18,1638
18,6016
18,7762
18,1709
18,13048
18,13234
18,209
18,9156
18,9671
18,9001
18,4845
18,8967
18,10915
18,378
18,2722
18,2213
18,5898
18,3764
18,3144
18,7951
18,6098
18,5494
18,12449
18,3338
18,846
18,13032
18,4761
18,4817
18,5566
18,2445
19,339
19,686
19,687
20,8868
20,1522
20,9801
20,1232
20,2462
20,7701
20,9577
20,13131
20,7605
20,7644
20,1074
20,13032
20,3895
20,8141
20,687
21,54
21,9058
21,7847
21,5658
21,9706
21,3174
21,6756
21,3964
22,8220
22,12881
22,7765
22,2432
22,3179
22,7185
22,8417
22,6679
22,5600
22,10041
22,6985
22,6489
22,11147
22,11188
22,9094
22,9430
22,4873
22,3818
22,11731
22,631
22,3769
22,17
22,1877
22,11684
22,1314
22,9207
22,2603
22,2499
22,339
22,1584
22,686
22,5622
22,9577
22,9706
22,6702
22,687
23,12493
23,13177
23,9586
23,11509
23,875
23,3743
23,12549
23,10490
23,9373
23,3653
23,12637
23,1677
23,129
23,8822
23,4533
23,13138
23,8453
23,7029
23,10685
23,12522
23,4304
23,12613
23,8128
23,10561
23,4673
23,14116
23,8741
24,3638
24,1206
24,5480
24,6192
24,8220
24,3341
24,7
24,4155
24,585
24,12598
24,5177
24,10758
24,2988
24,465
24,1885
24,12071
24,5736
24,9706
24,12731
24,7946
24,7804
24,12170
24,1370
24,12199
24,8970
24,11966
24,10345
24,8955
24,1549
24,13216
24,3466
24,12352
24,6736
24,7621
24,6409
24,450
24,7001
24,1691
24,2134
24,9621
24,687
25,12493
25,8181
25,1296
25,5710
25,6732
25,13234
25,9412
25,2571
25,13131
25,2797
25,465
25,11245
25,6847
25,7522
25,9832
25,279
25,10822
25,4609
25,5012
25,4858
25,5689
25,11090
25,11159
25,467
25,10843
25,13047
25,11594
25,15
25,12513
25,257
25,1451
25,2593
25,498
25,8946
26,8237
26,9511
26,10718
26,3288
26,265
27,3360
27,8220
27,2499
27,9511
27,1584
27,7755
27,7738
27,5622
27,13234
27,9577
27,10758
27,13192
27,11605
27,745
27,5940
27,9706
27,5220
27,687
28,8228
28,12493
28,13158
28,9875
28,13110
28,12991
28,210
28,12981
28,1735
28,6958
28,7900
28,11433
28,11328
28,4729
28,1349
28,10753
28,11834
28,9143
28,3609
28,11864
28,2545
28,12026
28,9150
28,1546
28,11952
28,3235
28,9431
28,7905
28,10796
28,7
28,354
28,8373
28,12270
28,4504
28,4752
28,6678
28,5862
28,5063
28,2139
28,38
28,6265
28,2946
28,9021
29,11520
29,3171
30,12493
30,9079
30,6870
30,9511
30,6016
30,5103
30,7762
30,1709
30,13048
30,13234
30,530
30,557
30,5753
30,2221
30,4700
30,1885
30,10763
30,2819
30,1808
31,7691
31,10568
31,1709
31,1503
32,3263
32,4077
32,2208
32,328
32,7246
32,11843
32,399
32,498
33,9586
33,3638
33,3360
33,8826
33,8181
33,8220
33,11926
33,9795
33,9352
33,3576
33,7762
33,1709
33,13048
33,13234
33,9577
33,2571
33,10758
33,4083
33,1351
33,389
33,745
33,3543
33,129
33,5654
33,7793
33,3946
33,13089
33,7906
33,10518
33,13622
33,5940
33,7010
33,652
33,7946
33,2357
33,7892
33,12184
33,958
33,11076
33,10517
33,8860
33,12988
33,10561
33,2557
33,13036
33,12156
33,877
33,687
33,3651
34,13234
34,776
35,10990
35,10187
35,4134
35,8501
35,1639
35,10234
35,9706
35,652
35,12481
35,4929
35,1482
36,8875
36,4164
36,8744
36,2894
36,12609
36,10126
36,7463
36,4077
36,6120
36,3567
36,3821
36,13048
36,6931
36,5933
36,8613
36,13059
36,433
36,2602
36,1808
36,2769
37,5729
37,1237
37,10043
37,4671
37,7606
37,3731
37,2796
37,10820
37,4534
37,7332
37,3225
37,1819
37,9646
37,9511
37,6016
37,5504
37,3821
37,5103
37,7762
37,7755
37,1709
37,13048
37,11770
37,13234
37,5933
37,8613
38,3108
38,1296
38,10408
38,11435
38,7613
38,2197
38,9902
38,2746
38,3435
38,2747
38,4295
38,8656
38,7616
38,3433
38,10885
38,12532
38,11510
38,12326
38,10946
38,10122
38,12647
38,1503
38,9630
38,5959
38,4053
39,12730
39,7463
39,13048
40,12520
40,8220
40,9795
40,1226
40,10990
40,11566
40,664
40,6222
40,6207
40,6016
40,7762
40,1709
40,13048
40,13234
40,11959
40,6217
40,1356
40,4284
40,5885
40,959
40,13494
40,6223
40,3946
40,3910
40,9706
40,652
40,2139
40,11198
40,13989
40,457
40,4308
40,5174
40,9161
40,4294
40,12861
40,6839
40,10993
40,570
40,318
40,63
40,2623
40,1774
40,7694
40,4435
40,1889
40,6624
40,10138
40,8025
40,12767
40,3251
40,7000
40,2608
40,1641
40,8243
40,8239
40,1749
40,14004
40,10350
40,12633
40,9383
40,101
40,4399
40,12817
40,4336
40,373
40,14005
40,14006
40,14007
40,1810
40,6423
40,10504
40,10157
40,4374
40,2239
40,7404
40,14008
40,228
40,11168
40,414
40,240
40,11766
40,9092
40,336
40,14009
40,3345
40,9963
40,5792
40,12630
40,2557
40,7737
41,10408
41,11435
41,7613
41,2197
41,9902
41,2746
41,3435
41,2747
41,4295
41,8656
41,7616
41,3433
41,10885
41,12532
41,11510
41,12326
42,10718
43,13234
43,5933
43,8613
43,9976
43,433
43,2602
43,1808
44,7129
44,2894
44,12609
44,10126
44,11952
44,9804
44,10723
44,10990
44,4152
44,1437
44,10820
44,6016
44,12504
44,13422
44,5103
44,7762
44,1709
44,13048
44,13234
44,7792
44,5494
44,12449
44,3338
44,2051
44,6978
44,846
44,4222
44,2788
44,10729
44,8711
44,856
44,13959
44,10457
44,11339
44,3257
44,12884
44,12970
44,433
44,1808
44,6787
44,3987
44,12156
44,4055
44,5522
45,7965
45,4038
45,745
45,10357
46,12730
46,4005
46,7463
46,4077
46,6016
46,13048
47,3473
47,6016
47,7762
47,1709
47,13048
47,13234
47,557
47,8
47,13468
47,5654
47,932
48,5880
48,8826
48,1296
48,1959
48,10990
48,664
48,4155
48,9646
48,9511
48,6016
48,5103
48,7762
48,7755
48,1709
48,13048
48,13234
48,557
48,5753
48,10023
48,7083
48,7707
48,4457
48,9832
48,13533
48,4533
48,12522
48,9706
48,5689
48,13301
48,11198
48,10081
48,4426
48,3164
48,563
48,13203
48,4920
48,1503
48,4055
48,6122
48,11162
48,8051
48,3960
48,8054
48,8058
48,6305
48,5959
48,4053
48,3399
48,7737
49,6793
49,8660
49,8332
49,826
50,12493
50,9875
50,13110
50,13333
50,3341
50,9795
50,6016
50,7762
50,1709
50,13048
50,13234
50,557
50,5753
50,3557
50,9360
50,13160
50,2061
50,1885
50,392
50,11340
50,5689
50,3767
50,10289
50,1503
50,3982
50,8741
51,9662
51,8228
51,6135
51,3870
51,7129
51,12577
51,4038
51,956
51,8220
51,2854
51,6985
51,9581
51,9511
51,6016
51,12504
51,3821
51,7762
51,7755
51,1709
51,13048
51,11770
51,13234
51,1514
51,6931
51,2221
51,1351
51,2995
51,8799
51,4135
51,8968
51,8172
51,11850
51,12357
51,3113
51,12481
51,1540
51,4159
51,7073
51,3098
51,10873
51,990
51,9625
51,5638
51,6676
51,2965
51,8890
51,6060
51,6366
51,6216
51,6325
51,1433
51,11257
51,7777
51,10088
51,4410
51,9449
51,2282
51,3282
51,2139
51,13301
51,8540
51,4568
51,3324
51,6722
51,7028
51,12868
51,3599
51,6871
51,11200
51,687
52,3263
52,6498
52,4873
52,8992
52,7265
52,7762
52,1709
52,13048
52,11770
52,13234
52,557
52,5753
52,712
52,3623
52,835
52,6325
52,5297
52,2434
52,2845
52,1734
52,3215
52,14124
53,8220
53,1638
53,9446
53,12246
53,5457
53,6016
53,7762
53,1709
53,13048
53,13234
53,1885
53,12213
53,10441
54,2652
54,8220
54,7755
54,10490
54,9373
54,9832
54,12088
54,1766
54,10328
54,12774
54,653
54,2607
54,2242
55,12493
55,8220
55,4558
55,9298
55,3864
55,9352
55,13388
55,2521
55,13234
55,557
55,9577
55,745
55,2797
55,532
55,1885
55,7906
55,13138
55,783
55,5940
55,7010
55,5689
55,1540
55,7170
55,10230
55,13059
55,4929
55,12988
55,12156
55,4673
56,13234
56,8307
57,4152
57,10594
57,1437
57,9112
57,13048
58,1959
58,5601
58,7762
58,13234
58,3030
59,7755
59,1709
59,13014
59,1940
60,8224
60,7690
60,2432
60,5426
60,9079
60,4785
60,10236
60,5950
60,6016
60,3097
60,7762
60,1709
60,13048
60,13234
60,5998
60,9577
60,5006
60,11886
60,8967
60,12652
60,10508
60,11656
60,9306
60,5110
60,9704
60,7564
60,2229
60,7906
60,5933
60,8613
60,2674
60,9913
60,6209
60,8765
60,8473
60,1783
60,10280
60,563
60,1808
60,11376
60,1214
61,12572
61,6016
61,9360
61,1885
61,529
61,10913
61,4055
61,13539
61,13540
61,1279
62,12493
62,12026
62,5103
62,7762
62,1709
62,13048
62,13234
62,557
62,5753
62,13554
62,10089
62,13295
62,8128
62,4055
63,776
63,4508
64,12493
64,12991
64,3576
64,6016
64,7762
64,1709
64,13048
64,13234
64,557
64,5753
64,4920
64,13295
64,4055
64,13506
64,13994
65,433
66,12493
66,13177
66,12026
66,11891
66,810
66,10080
66,2459
66,188
66,6016
66,7762
66,7755
66,1709
66,13048
66,13234
66,557
66,489
66,9577
66,12918
66,11520
66,3171
66,10328
66,6481
66,12071
66,4533
66,5742
66,13138
66,13941
66,5689
66,1540
66,13301
66,11198
66,2375
66,10081
66,7436
66,3896
66,2470
66,5220
66,8891
66,8892
66,7195
66,808
66,1691
66,4055
66,11162
66,4053
66,687
67,12881
67,7765
67,2432
67,3179
67,7185
67,8417
67,6679
67,5600
67,10041
67,6985
67,6489
67,11147
67,11188
67,9094
67,9430
67,4873
67,3818
67,11731
67,631
67,3769
67,17
67,1877
67,11684
67,1314
67,9207
67,2603
68,5103
68,7762
68,1709
68,13234
68,10408
68,11435
68,7613
68,2197
68,9902
68,2746
68,3435
68,2747
68,4295
68,8656
68,7616
68,3433
68,10885
68,12532
68,11510
68,12326
68,10946
68,10122
68,12647
68,9630
69,11526
69,3081
69,3807
69,9706
69,13014
69,10677
70,8181
70,7629
70,10490
70,592
70,8267
70,6883
70,7170
71,5426
71,13048
71,13234
71,433
72,6527
72,7943
72,13079
72,6676
72,8890
72,6325
73,1237
73,10043
73,4671
73,7606
73,3731
73,2796
73,10820
73,4534
73,7332
73,3225
73,1819
73,10408
73,11435
73,7613
73,2197
73,9902
73,2746
73,3435
73,2747
73,4295
73,8656
73,7616
73,3433
73,10885
73,12532
73,11510
73,12326
73,11482
73,3544
73,12652
73,2984
73,5256
73,10508
73,8003
73,11656
73,3830
74,12493
74,9875
74,13110
74,3078
74,13177
74,10318
74,810
74,9631
74,6016
74,3821
74,5103
74,7762
74,1709
74,13048
74,13234
74,557
74,5753
74,13472
74,13553
74,8249
74,3113
74,7248
74,13193
74,8413
74,6248
74,13506
74,13994
75,7762
75,13234
75,13468
75,13469
75,5689
76,8489
76,8220
76,13234
76,776
76,6070
77,7606
77,10820
77,10408
77,11435
77,7613
77,2197
77,9902
77,2746
77,3435
77,2747
77,4295
77,8656
77,7616
77,3433
77,10885
77,12532
77,11510
77,12326
77,3544
77,10508
78,7965
78,1226
78,10022
78,3119
78,2164
78,10554
78,8799
78,9706
78,865
78,7064
78,6873
78,8704
78,5003
78,310
78,8150
78,11247
78,3803
78,6801
78,1271
78,498
78,2557
78,7737
78,12181
79,12493
79,8875
79,4164
79,8744
79,7463
79,2432
79,3179
79,8417
79,6985
79,9430
79,4873
79,3818
79,11731
79,13048
79,13234
79,12213
79,9217
79,1005
79,4154
79,7906
79,4308
79,10335
79,13265
79,3990
79,10501
79,12884
79,2868
79,3014
79,9297
79,10491
79,5000
79,5322
79,13046
79,6288
79,10145
80,8181
80,7629
80,11527
80,11848
80,5233
80,3164
80,6883
80,7170
81,4152
81,9704
81,433
81,2602
81,1808
82,13310
82,13312
82,2027
82,5071
82,13314
82,381
82,8875
82,4164
82,2894
82,12609
82,10126
82,7463
82,13330
82,8224
82,8220
82,9079
82,12815
82,4152
82,10594
82,1437
82,10852
82,9112
82,10820
82,9739
82,13234
82,9378
82,6931
82,9117
82,144
82,4130
82,11659
82,9577
82,2115
82,9704
82,4700
82,7564
82,8211
82,4244
82,11700
82,2788
82,6373
82,1682
82,5007
82,9077
82,10783
82,3168
82,3222
82,5784
82,11478
82,3744
82,1244
82,10517
82,11993
83,13312
83,13313
83,2027
83,5071
83,13314
83,1357
83,381
83,7900
83,11433
83,8875
83,4164
83,8744
83,2894
83,12609
83,10126
83,7463
83,4077
83,4118
83,3638
83,1816
83,10922
83,10916
83,13234
83,9378
83,6931
83,9117
83,144
83,4130
83,4700
83,7564
83,8211
83,11700
83,1582
83,2788
83,5784
84,498
84,10357
85,10239
85,6858
85,6016
85,3097
85,7762
85,7755
85,1709
85,13048
85,11770
85,13234
85,557
85,5753
85,7211
85,9360
85,2797
85,9667
85,10576
85,6752
85,592
85,3113
85,6883
85,7170
85,13484
85,13485
86,12881
86,2432
86,3179
86,8417
86,6985
86,9430
86,4873
86,3818
86,11731
86,6870
86,3319
86,6016
86,3821
86,5103
86,3097
86,7762
86,7755
86,1709
86,13048
86,11770
86,13234
86,557
86,5753
86,12576
86,10408
86,11435
86,7613
86,2197
86,9902
86,2746
86,3435
86,2747
86,4295
86,8656
86,7616
86,3433
86,10885
86,12532
86,11510
86,12326
86,1885
86,4858
86,5689
86,3990
86,10501
86,12884
86,3014
86,5322
86,6288
86,4055
86,8051
86,3960
86,6305
87,8220
87,13234
87,557
87,10023
87,8914
87,7083
87,9706
87,776
87,7168
88,13234
89,4077
89,8220
89,1824
89,13347
89,5601
89,11926
89,13061
89,9298
89,852
89,9352
89,9530
89,11579
89,4849
89,6016
89,3821
89,5103
89,7762
89,7755
89,1709
89,13048
89,11770
89,13234
89,5753
89,12947
89,13468
89,8029
89,745
89,9192
89,11705
89,5654
89,7743
89,1885
89,13084
89,7906
89,259
89,13941
89,8985
89,5689
89,7248
89,4426
89,9708
89,12988
89,2557
89,5069
89,11785
91,9360
91,13483
92,7869
92,10718
92,9577
92,7792
92,11705
92,1160
92,13440
93,3638
93,6016
93,7762
93,1709
93,13048
93,13234
93,6217
93,9360
93,465
93,3895
93,7946
94,8220
94,1709
94,9360
94,5689
94,11785
94,13483
95,12730
95,4005
95,3263
95,10126
95,7463
95,4077
95,6120
95,13048
95,13234
95,10975
95,4262
95,10081
95,2934
95,1928
95,9242
95,3636
96,10787
97,10596
97,1709
97,13425
97,13426
97,4858
97,9506
98,381
98,8875
98,4164
98,8744
98,2894
98,12609
98,10126
98,3638
98,6016
98,13048
98,6931
98,9117
98,144
99,13338
99,11526
99,149
99,3081
99,3083
99,3807
99,2432
99,3179
99,7185
99,8417
99,6985
99,9430
99,4873
99,3818
99,11731
99,7762
99,13234
99,10408
99,11435
99,7613
99,2197
99,9902
99,2746
99,3435
99,2747
99,4295
99,8656
99,7616
99,3433
99,10885
99,12532
99,11510
99,12326
99,9688
99,13522
99,11482
99,3544
99,12652
99,2984
99,5256
99,10508
99,8003
99,11656
99,3830
99,4003
99,5689
99,10335
99,13265
99,3990
99,12884
99,3014
99,10491
99,5322
99,13046
99,6288
99,10145
100,13110
100,3078
100,12991
100,13436
100,13438
100,13501
100,13626
100,13921
100,13922
101,10568
102,9662
102,8228
102,6135
102,3870
102,7965
102,7129
102,12577
102,4038
102,956
102,4741
102,9511
102,6016
102,12504
102,13048
102,11770
102,13234
102,9577
102,11520
102,9803
102,708
102,8799
102,13086
102,7112
102,592
102,3158
102,12481
102,5233
102,1540
102,7064
102,6676
102,2965
102,8890
102,6060
102,6366
102,6216
102,6325
102,2384
102,4302
102,10393
103,12493
103,1526
103,769
103,10990
103,7246
103,5729
103,9646
103,9511
103,6016
103,7762
103,1709
103,13048
103,13234
103,557
103,11694
103,4041
103,11886
103,2378
103,1178
103,7564
103,2778
103,5742
103,1213
103,12481
103,8079
103,10523
103,8712
103,11198
103,4920
103,12732
103,2237
103,9673
103,2924
103,13269
103,4055
104,4750
104,10990
104,6016
104,3821
104,5103
104,7755
104,1709
104,13048
104,13234
104,557
104,5753
104,2776
104,9360
104,592
104,1636
104,10467
104,10335
104,13265
104,3990
104,12884
104,3014
104,10491
104,5322
104,13046
104,6288
104,10145
104,1917
105,4431
105,5385
105,6469
105,2996
106,13330
106,13346
106,6016
106,7762
106,1709
106,13048
106,13234
106,9704
106,12988
106,2557
107,10990
107,5426
107,9079
107,7762
107,1709
107,13048
107,13234
107,2746
107,11510
107,12326
107,12652
107,11656
107,5784
107,433
107,2602
107,1808
108,7682
109,8489
109,8220
109,13234
109,557
109,10023
109,8914
109,7083
109,745
109,11705
109,10328
109,8985
109,776
110,11864
110,9586
110,1811
110,11181
110,408
110,13091
110,4937
110,2988
110,4457
110,708
110,2052
110,8647
110,9563
110,9706
110,7946
110,1881
110,3651
111,9298
111,9587
111,2571
111,3201
111,1161
111,5682
111,11245
111,4457
111,955
111,6847
111,7545
111,1483
111,9832
111,13533
111,3261
111,3262
111,3426
111,3895
111,652
111,5220
111,2557
112,7755
112,13234
112,3063
112,856
112,13959
112,10457
112,4055
112,11162
112,8058
112,5959
112,4069
112,4053
113,13328
113,4750
113,2208
113,6858
113,6016
113,7762
113,13048
113,13234
113,694
113,9360
113,11691
113,9080
113,1189
113,1213
113,3165
113,3324
113,10335
113,10491
113,10561
113,8661
114,10357
114,12308
115,13276
115,9539
115,3707
115,478
115,3784
115,10736
115,5726
115,9332
115,6297
115,13506
115,13994
116,13492
116,457
116,4308
117,9322
117,13437
117,13438
117,13501
117,13921
117,13922
117,13923
118,12493
118,2386
118,8220
118,7301
118,11181
118,3848
118,6016
118,7762
118,1709
118,13048
118,13234
118,4415
118,10490
118,3201
118,2060
118,9138
118,264
118,13622
118,1788
118,11236
118,6409
118,2557
118,4673
118,1764
118,8741
119,7606
119,10820
119,10408
119,11435
119,7613
119,2197
119,9902
119,2746
119,3435
119,2747
119,4295
119,8656
119,7616
119,3433
119,10885
119,12532
119,11510
119,12326
119,3544
119,10508
120,12493
120,13234
120,5837
120,349
121,7045
121,11526
121,7439
121,3807
121,9688
121,13522
121,3751
121,8438
121,13014
121,10677
122,7606
122,10820
122,3821
122,7762
122,13234
122,10408
122,11435
122,7613
122,2197
122,9902
122,2746
122,3435
122,2747
122,4295
122,8656
122,7616
122,3433
122,10885
122,12532
122,11510
122,12326
122,3544
122,10508
122,7792
122,5494
122,12449
122,3338
122,2051
122,6978
122,846
122,5689
123,9662
123,7403
123,4630
123,4165
123,3532
123,2854
123,11089
123,9795
123,11184
123,2432
123,3179
123,8417
123,8992
123,10022
123,627
123,6870
123,10690
123,9511
123,6016
123,3821
123,5103
123,7762
123,1709
123,13048
123,13234
123,557
123,13192
123,12194
123,1178
123,12449
123,526
123,8072
123,301
123,3462
123,11520
123,3947
123,2234
123,629
123,8456
123,88
123,8075
123,10842
123,532
123,8410
123,10328
123,4533
123,5394
123,5574
123,8453
123,5689
123,835
123,10248
123,58
123,10598
123,10081
123,4426
123,3164
123,7749
123,6883
123,11901
123,10335
123,13265
123,3990
123,10501
123,12884
123,2868
123,3014
123,9297
123,10491
123,5000
123,5322
123,13046
123,6288
123,10145
123,4932
123,8891
123,11923
123,3156
123,1482
123,4055
123,6122
123,11162
123,8051
123,8052
123,3960
123,8058
123,6305
123,5959
123,4053
123,270
124,13310
124,13311
124,2027
124,5071
124,13314
124,6016
124,4700
124,7564
124,8211
124,4244
124,5020
124,11700
124,1582
124,6815
124,5784
124,5933
125,12493
125,9531
125,664
125,10559
125,2459
125,10022
125,6870
125,4935
125,9568
125,7785
125,4155
125,6016
125,3821
125,7762
125,1709
125,13048
125,11770
125,13234
125,4415
125,995
125,4457
125,9832
125,8249
125,11691
125,6815
125,653
125,10097
125,1073
125,3113
125,11621
125,4858
125,10457
125,7168
125,1021
125,12680
125,6883
125,7170
125,433
125,1808
125,9562
125,6787
125,6788
125,650
125,506
125,8128
125,12245
125,12156
125,10787
125,4055
125,6122
125,11162
125,8051
125,8052
125,3960
125,8054
125,8058
125,6305
125,5959
126,13048
126,13234
126,856
126,13959
126,10457
126,4069
126,4053
127,13970
127,13971
127,13972
127,13986
128,8875
128,4164
128,8744
128,2894
128,12609
128,10126
128,6120
128,13234
128,6931
128,9117
128,144
128,4700
128,7564
128,8211
128,4244
128,5020
128,11700
128,1582
128,2788
128,6815
129,8875
129,4164
129,8744
129,2894
129,4152
129,10594
129,1437
129,10852
129,9112
129,6016
129,5103
129,7762
129,7755
129,1709
129,13048
129,13234
129,557
129,5682
129,11245
129,4457
129,955
129,6847
129,7545
129,1483
129,9832
129,13533
129,3261
129,3262
129,3426
129,9704
129,8532
129,1499
129,4700
129,7564
129,8211
129,11700
129,2788
129,3222
129,5784
129,9080
129,1885
129,12208
129,5453
129,6680
129,9147
129,11549
129,2820
129,856
129,13959
129,10457
129,2819
129,433
129,1808
129,8051
129,2355
130,5580
130,9795
130,6016
130,7762
130,1709
130,13048
130,13234
130,6711
130,11694
130,2571
130,13192
130,10328
130,2139
130,14089
130,9572
130,4673
131,6870
131,1709
131,13491
131,10920
132,8220
132,13361
132,13234
132,557
132,776
132,7168
133,3263
133,9511
133,3542
133,11415
133,7360
134,1709
134,856
134,13959
134,10457
134,11162
134,4053
135,9875
135,3263
135,11674
135,9586
135,10568
135,8873
135,717
135,10990
135,3864
135,664
135,5469
135,6793
135,12549
135,9568
135,7785
135,6016
135,7762
135,1709
135,13048
135,13234
135,11959
135,803
135,11694
135,7244
135,11605
135,2221
135,1493
135,1178
135,8046
135,9770
135,9868
135,94
135,12522
135,9706
135,9918
135,10081
135,3164
135,5515
135,6050
135,12038
135,6883
135,7170
135,10150
135,4920
135,3775
135,8946
135,12156
135,4673
135,4055
135,6305
135,4053
136,6016
136,3821
136,7762
136,1709
136,13048
136,11770
136,13234
136,13460
136,13461
136,13462
137,5958
137,10990
137,9227
137,3637
137,12867
137,2776
137,11412
137,959
137,1372
137,3823
137,12590
137,10822
137,10328
137,13089
137,2061
137,6225
137,1455
137,3912
137,6877
137,9916
137,5689
137,7501
137,2139
137,10081
137,3164
137,6265
137,7749
137,11787
137,1373
137,5062
137,3167
137,10511
137,5077
137,7854
137,13016
137,2773
137,9691
137,5047
137,2607
137,5205
137,5858
137,12843
137,3678
138,4152
138,10594
138,1437
139,4671
139,7606
139,10820
139,7332
139,9646
139,6016
139,5103
139,3097
139,7762
139,7755
139,1709
139,13048
139,13234
139,530
139,557
139,5753
139,7792
139,5494
139,12449
139,3338
139,2051
139,6978
139,846
139,6373
139,856
139,10457
139,4069
140,13310
140,13311
140,13312
140,2027
140,5071
140,13314
140,381
140,8875
140,4164
140,2894
140,12609
140,10126
140,7463
140,4077
140,6120
140,962
140,13330
140,6863
140,10990
140,11652
140,5729
140,4152
140,10594
140,1437
140,10852
140,9112
140,12867
140,9511
140,6016
140,7762
140,1709
140,13048
140,13234
140,530
140,557
140,5753
140,9378
140,6931
140,9117
140,144
140,4130
140,2115
140,7179
140,995
140,6312
140,7211
140,4094
140,10408
140,11435
140,7613
140,9902
140,3433
140,10885
140,12532
140,10234
140,1161
140,12291
140,8029
140,712
140,6847
140,9832
140,9704
140,4700
140,7564
140,8211
140,4244
140,5020
140,11700
140,2788
140,6373
140,3222
140,5784
140,2060
140,3744
140,13656
140,13705
140,8453
140,13940
140,6795
140,3164
140,7749
140,1373
140,9166
140,11901
140,10517
140,11993
140,4932
140,1917
140,7089
140,7116
140,2892
140,1769
140,4510
140,8051
140,2355
141,12493
141,12730
141,4005
141,1424
141,2894
141,7463
141,4077
141,1206
141,9365
141,3341
141,2432
141,13048
141,2809
141,11177
141,7048
141,2988
141,9793
141,1885
141,12071
141,10975
141,12465
141,4262
141,11948
141,7168
141,2980
141,10081
141,13047
141,7088
141,7170
141,11594
141,5844
141,2934
141,1928
141,9242
141,589
141,936
141,498
141,3636
142,8741
142,13526
143,12493
143,13323
143,962
143,1959
143,5601
143,9298
143,3913
143,13380
143,9352
143,3576
143,4155
143,9511
143,6016
143,12504
143,3097
143,7762
143,7755
143,1709
143,13048
143,13233
143,13234
143,557
143,9577
143,9360
143,9832
143,2490
143,1766
143,3543
143,1169
143,7906
143,10518
143,5940
143,9706
143,5689
143,3767
143,8587
143,5740
143,4929
143,10561
143,687
143,7131
144,12493
144,8224
144,6016
144,5103
144,7762
144,1709
144,13048
144,13234
144,592
144,11340
144,10289
144,1503
144,10561
144,8741
144,13192
144,1015
145,9704
146,12493
146,13330
146,1638
146,9446
146,5469
146,4152
146,10594
146,1437
146,10852
146,9112
146,13403
146,3576
146,4155
146,7755
146,13048
146,7738
146,13234
146,557
146,5753
146,745
146,9704
146,6331
146,1291
146,1885
146,6877
146,4929
146,12988
147,2432
147,6489
147,631
147,7762
147,7755
147,13048
147,13234
147,557
147,5753
148,5426
148,9079
148,13048
148,9378
148,129
148,652
148,433
148,1808
148,12988
149,7604
149,1357
149,4579
149,8875
149,4164
149,8744
149,13234
149,9577
149,4094
149,129
150,3199
151,6016
151,5103
151,3097
151,7762
151,7755
151,1709
151,13048
151,13234
151,557
151,5753
151,10408
151,11435
151,7613
151,2197
151,9902
151,2746
151,3435
151,2747
151,4295
151,8656
151,7616
151,3433
151,10885
151,12532
151,11510
151,12326
151,10946
151,10122
151,12647
151,11236
151,3990
151,4055
151,8051
151,3960
151,4069
152,1735
152,13342
152,5457
152,6016
152,7762
152,1709
152,13048
152,13234
152,9285
152,6225
152,13256
152,6883
152,2655
152,9562
152,4055
153,12493
153,8220
153,13234
153,3546
153,8799
153,4609
153,9706
153,8985
153,776
153,5121
154,3679
155,13234
155,9378
155,1582
156,4152
156,9704
157,9646
157,6016
157,7762
157,1709
157,13048
157,13234
157,13332
157,13364
157,13501
157,13976
158,1824
158,9511
158,6016
158,3821
158,13048
158,11770
158,13234
158,530
158,3117
158,13084
159,611
159,2499
159,9646
159,12504
159,7762
159,13234
159,1178
159,2797
159,11528
159,450
160,9662
160,8228
160,12493
160,3965
160,12577
160,2208
160,9646
160,13234
161,7755
161,1709
161,13234
161,9360
161,13483
162,11977
162,3623
162,11948
162,7170
162,8946
162,1214
163,896
163,93
163,13480
164,6016
164,13234
164,1885
164,13539
164,13540
164,1279
165,4152
165,10594
165,1437
165,10852
165,9112
165,5102
165,9577
165,9704
165,7248
166,12364
166,8220
166,10990
166,5103
166,13234
166,557
166,10758
166,776
166,5121
166,8860
166,2726
166,2557
167,7604
167,1357
167,4579
167,7900
167,11433
167,12730
167,4005
167,5563
167,8875
167,4164
167,8744
167,2894
167,12609
167,10126
167,7463
167,4077
167,6120
167,10916
167,330
167,6336
167,6870
167,9378
167,9577
167,4083
167,7906
167,5940
167,2983
167,11948
167,7892
167,12184
167,958
167,11076
167,10230
167,13059
167,5741
167,687
168,13312
168,7900
168,11433
168,8875
168,4164
168,8744
168,2894
168,12609
168,10126
168,10916
168,6016
168,7762
168,1709
168,13048
168,13234
168,2378
168,9704
168,4700
168,11700
168,2788
168,6373
168,4533
168,13959
168,11901
168,4932
168,4920
168,5329
169,12493
169,3762
169,8220
169,13340
169,4558
169,10990
169,1919
169,4155
169,6016
169,5103
169,7762
169,1709
169,13048
169,13234
169,10994
169,10408
169,11435
169,7613
169,2197
169,9902
169,2746
169,3435
169,2747
169,4295
169,8656
169,7616
169,3433
169,10885
169,12532
169,11510
169,12326
169,13514
169,1351
169,10915
169,745
169,2902
169,9770
169,7743
169,6779
169,9706
169,3165
169,10523
169,2059
169,3175
169,11198
169,9767
169,4129
169,1370
169,5220
169,7621
169,4920
169,2389
169,11668
169,4080
169,11733
169,5711
169,11857
169,5169
169,5170
169,4784
169,1166
169,5837
169,349
169,8848
169,1661
169,4890
169,2160
169,5976
169,4809
169,12103
170,4152
170,10594
170,1437
170,10852
170,9112
170,9378
170,6931
170,144
170,9704
170,11700
170,2788
171,12730
171,4005
171,7463
171,4077
171,7762
171,13048
171,13454
172,810
172,13336
172,12243
172,13337
172,668
172,429
172,7755
172,1709
172,4211
172,4426
172,3164
172,3978
172,1080
172,3271
173,798
173,6120
173,4152
173,10594
173,1437
173,10852
173,9112
173,6870
174,6016
174,13048
174,13234
174,6373
175,962
175,3341
175,6016
175,5103
175,13048
175,11770
175,13234
175,5322
175,4929
176,11526
176,7765
176,2432
176,10041
176,6489
176,11188
176,9430
176,9511
176,5103
176,7762
176,7755
176,1709
176,13048
176,13234
176,557
176,5913
177,3965
177,3360
177,2208
177,6793
177,6016
177,13048
177,13234
177,13489
177,13490
178,4152
178,10594
178,1437
178,9112
179,8220
179,6016
179,10758
179,4094
179,11705
179,129
179,1169
179,10328
179,8998
179,9706
179,4426
179,6763
179,6230
179,8707
179,3763
179,8946
179,9673
179,2557
180,8220
180,10913
180,2198
181,4152
181,10594
181,1437
181,10852
181,9112
182,7604
182,1357
182,4579
182,8875
182,4164
182,8744
182,3341
182,6016
182,9378
182,6931
182,2221
182,3946
182,13086
182,5933
182,8613
182,12481
182,11549
182,11198
182,6787
182,1764
183,9646
183,6016
183,7762
183,1709
183,10576
183,6752
183,5368
184,12493
184,8220
184,4558
184,11897
184,6863
184,11884
184,7269
184,7217
184,1218
184,3110
184,8868
184,7246
184,9819
184,2499
184,6016
184,7762
184,1709
184,13048
184,13234
184,3304
184,745
184,10328
184,9706
184,6975
184,3623
184,776
184,2059
184,10517
184,5220
184,4358
184,2242
184,4929
184,10561
184,1482
184,7131
185,13324
185,8220
185,13361
185,7301
185,3576
185,13234
185,557
185,2061
185,8799
185,9706
185,776
185,11594
186,9352
186,7762
186,10408
186,7613
186,9902
186,2747
186,10885
187,12493
187,7900
187,8913
187,3638
187,8220
187,6145
187,10376
187,6228
187,10990
187,3567
187,2235
187,7105
187,660
187,7553
187,9511
187,6016
187,12504
187,3821
187,7762
187,1709
187,13048
187,13234
187,557
187,5753
187,9787
187,10758
187,6128
187,1351
187,8799
187,259
187,9706
187,9332
187,10203
187,5689
187,776
187,6590
187,3165
187,13959
187,1636
187,5085
187,7610
187,5121
187,1018
187,13301
187,4307
187,11787
187,833
187,9420
187,7854
187,1754
187,2657
187,3090
187,5860
187,480
187,8350
187,4771
187,5220
187,11224
187,7205
187,8860
187,11058
187,4920
187,374
187,932
187,6409
187,5741
187,7001
187,13197
188,8875
188,2894
188,12609
188,10126
188,7463
188,4077
188,9378
188,5933
189,12493
189,13110
189,13177
189,7900
189,2997
189,8220
189,3235
189,4898
189,11926
189,340
189,4594
189,3825
189,1618
189,11184
189,9581
189,2153
189,2521
189,7409
189,8984
189,3105
189,13015
189,6016
189,5103
189,7762
189,7755
189,1709
189,13048
189,13234
189,557
189,5753
189,8572
189,7218
189,2809
189,11449
189,6931
189,3197
189,7113
189,242
189,2776
189,13459
189,6618
189,10048
189,2221
189,5594
189,10418
189,5885
189,2979
189,959
189,1851
189,745
189,11705
189,10083
189,3298
189,279
189,5463
189,7570
189,11575
189,2132
189,3178
189,1455
189,5701
189,11478
189,3912
189,12305
189,8280
189,39
189,259
189,13622
189,5567
189,250
189,232
189,738
189,2011
189,9915
189,1833
189,4428
189,9563
189,10456
189,3744
189,6342
189,1239
189,6601
189,9706
189,3623
189,5689
189,7501
189,11549
189,2820
189,6833
189,7643
189,2059
189,1519
189,1828
189,2139
189,2618
189,4129
189,7854
189,9740
189,10362
189,10668
189,6385
189,604
189,11088
189,7089
189,1503
189,7530
189,8106
189,1812
189,10561
189,2557
189,3678
189,423
189,4055
189,6305
189,14124
189,4436
189,12578
189,1478
189,12122
189,12181
189,4631
190,6469
190,2996
191,8220
191,6016
191,13234
191,129
191,1268
191,5689
192,6631
192,10856
192,9991
192,9531
192,4111
192,2066
192,10239
192,1919
192,4155
192,1709
192,13233
192,13234
192,557
192,5753
192,10408
192,11435
192,7613
192,2197
192,9902
192,2746
192,3435
192,2747
192,4295
192,8656
192,7616
192,3433
192,10885
192,12532
192,11510
192,12326
192,10946
192,10122
192,12647
192,3543
192,10161
192,9630
193,9704
194,13312
194,381
194,8875
194,4164
194,2894
194,12609
194,10126
194,7463
194,3638
194,1816
194,13330
194,4152
194,10594
194,1437
194,10852
194,9112
194,9378
194,6931
194,9117
194,144
194,4130
194,9704
194,8532
194,1499
194,4700
194,7564
194,8211
194,4244
194,11700
194,2788
194,6373
194,3168
194,3222
194,5784
194,7824
194,13940
194,433
194,2602
194,1808
195,13574
196,798
196,10710
196,1234
196,1822
196,2074
196,3965
196,4152
196,10594
196,1437
196,10852
196,10043
196,4385
196,7168
197,381
197,2894
197,3638
197,6931
197,9117
197,144
197,4700
198,12981
198,3241
198,1709
198,9285
198,6225
199,8441
199,11088
199,8810
199,13970
199,13971
199,13972
199,13974
199,13986
200,8441
200,13437
200,13626
200,13974
201,7606
201,10820
201,6016
201,7762
201,7755
201,1709
201,10408
201,11435
201,7613
201,2197
201,9902
201,2746
201,3544
201,10508
201,7792
201,5494
201,12449
201,3338
201,2051
201,6978
201,846
202,3132
202,5917
202,8166
203,381
203,8875
203,4164
203,8744
203,3638
203,4152
203,10594
203,1437
203,10852
203,9112
203,6016
203,7762
203,1709
203,13048
203,13234
203,9378
203,6931
203,144
203,11705
203,9704
203,11700
203,2788
204,12493
204,2263
204,10318
204,8220
204,12881
204,2432
204,3179
204,8417
204,6985
204,9430
204,4873
204,3818
204,11731
204,7246
204,3319
204,5155
204,9511
204,6016
204,12504
204,7755
204,4415
204,10758
204,6128
204,3623
204,5689
204,776
204,6590
204,5121
204,3164
204,9673
204,10561
205,13390
205,4700
205,433
205,2602
206,11526
206,6016
206,1709
206,13048
206,13234
206,9688
207,3609
207,4152
207,10594
207,1437
207,10852
207,9112
208,6016
208,7762
208,1709
208,13048
208,13234
208,10408
208,11435
208,7613
208,10885
208,12532
209,8224
209,3576
210,13330
210,9577
210,9704
211,393
211,12183
211,2167
211,9795
211,7894
211,698
211,3576
211,870
211,9511
211,6016
211,13048
211,11770
211,4415
211,11959
211,11694
211,6532
211,532
211,6405
211,10822
211,2778
211,12856
211,6225
211,2146
211,399
211,5404
211,12357
211,11549
211,6929
211,2139
211,13242
211,6265
211,3939
211,968
211,3295
211,13268
211,2209
211,12218
211,5047
211,4920
211,8544
211,2426
211,3156
211,2474
211,9564
211,498
211,8946
211,2924
211,12156
211,2010
211,1764
212,3324
212,7682
213,10758
213,3435
213,4295
213,10946
213,10915
213,378
213,2722
213,2213
213,5689
213,5121
214,2571
214,13203
214,12308
214,14089
214,2557
214,9572
214,4673
215,381
215,13323
215,8875
215,4164
215,8744
215,2894
215,12609
215,10126
215,4118
215,3638
215,1816
215,11926
215,9298
215,9352
215,6016
215,7762
215,1709
215,13048
215,13234
215,9378
215,6931
215,9577
215,745
215,9704
215,11700
215,10328
215,653
215,7906
215,7010
215,9706
215,10735
215,6623
215,9708
215,2557
216,4152
216,10594
216,1437
216,9704
216,8532
216,11700
216,1582
216,2788
216,5784
216,11162
216,8051
216,2355
217,1816
217,847
217,2795
217,6016
217,5103
217,13234
217,11300
217,3542
217,2970
217,11415
217,13537
217,11535
217,3259
217,539
217,3623
217,7360
217,8166
218,11526
218,3081
218,3807
218,3117
218,13014
218,10677
218,4510
219,8224
219,4521
219,13417
219,6016
219,7762
219,1709
219,13048
219,13234
219,2258
219,4807
219,13125
219,8256
219,7583
219,885
219,1669
219,1662
219,14010
219,10766
219,96
219,7786
219,4055
219,6122
219,11162
219,8051
219,8052
219,3960
219,8054
219,8058
219,6305
219,8741
220,13364
220,13501
220,13921
220,13922
220,13923
221,5103
221,7755
221,1709
221,13048
221,13234
221,557
221,5753
221,3171
221,7436
221,7028
221,1503
221,4055
222,6016
222,7755
222,1709
222,13234
222,10490
222,13482
223,1349
223,2435
223,12566
223,8220
223,5264
223,9298
223,11184
223,11181
223,8825
223,7591
223,1663
223,2975
223,2153
223,8262
223,7782
223,11179
223,8420
223,10344
223,3459
223,7839
223,7755
223,3119
223,2913
223,8733
223,10466
223,2571
223,41
223,6128
223,6765
223,3201
223,10872
223,5885
223,10188
223,11886
223,13512
223,10387
223,13553
223,8410
223,10822
223,10373
223,9222
223,1455
223,2864
223,8343
223,13184
223,8453
223,11095
223,4554
223,5726
223,7501
223,3165
223,1084
223,865
223,3772
223,2139
223,8704
223,2364
223,12370
223,12586
223,2098
223,4453
223,5003
223,310
223,8150
223,12238
223,6085
223,6835
223,12589
223,9161
223,6573
223,12782
223,8391
223,1666
223,7854
223,10668
223,3803
223,6801
223,1271
223,5532
223,7205
223,10780
223,13203
223,11759
223,1503
223,5990
223,12864
223,7001
223,3738
223,2323
223,10561
223,2557
223,4673
223,3040
223,10675
223,12122
223,1993
223,46
224,7890
225,3965
225,8489
225,8220
225,13361
225,9646
225,12504
225,3821
225,5103
225,7762
225,7755
225,1709
225,13234
225,557
225,5753
225,12455
225,10373
225,9706
225,776
225,3896
225,3939
226,12493
226,9875
226,9795
226,7762
226,1709
226,13234
226,557
226,13192
226,13542
226,9071
226,6246
226,10913
226,2198
227,12493
227,9875
227,13110
227,13177
227,9795
227,3864
227,3242
227,9188
227,12766
227,9179
227,2571
227,8758
227,8407
227,2258
227,10479
227,9395
227,10871
227,4003
227,4057
227,94
227,7122
227,247
227,12481
227,10514
227,519
227,7168
227,11139
227,294
227,563
227,8412
227,1503
227,3616
227,10913
227,2198
227,2557
227,11581
227,8848
227,14116
227,4053
228,3638
228,7351
228,7672
228,7106
228,7762
228,13234
228,557
228,5753
228,6208
228,11340
228,10289
228,950
228,8169
228,13450
228,14040
229,8220
229,13972
229,13974
230,12493
230,3360
230,1959
230,5601
230,9298
230,4155
230,9511
230,6016
230,12504
230,3097
230,7762
230,7755
230,1709
230,13048
230,13234
230,557
230,9577
230,465
230,2061
230,10518
230,5940
230,9706
230,2554
230,5689
230,10805
230,3767
230,11243
230,10517
230,8587
230,5740
230,1503
230,230
230,687
231,3965
231,8875
231,2894
231,7463
231,4077
231,2208
232,8875
232,13048
232,6931
232,9117
232,144
232,11700
232,1885
233,12493
233,962
233,769
233,7755
233,380
233,7877
233,1724
233,12049
233,9706
233,5259
233,103
233,2059
233,3164
233,563
233,1503
233,13023
233,8516
233,2237
233,9673
233,1482
233,4055
234,6793
234,4152
234,10594
234,1437
234,10852
234,9112
234,6016
234,5103
234,7762
234,13048
234,13234
234,7792
234,5494
234,12449
234,3338
234,2051
234,13959
234,10457
234,433
234,2602
234,1808
235,13330
235,8220
235,13349
235,408
235,5114
235,9511
235,6016
235,5103
235,7762
235,7755
235,1709
235,13048
235,13234
235,557
235,745
235,11705
235,9704
235,1291
235,1885
235,259
235,592
235,8985
235,2452
235,4929
235,11785
235,4055
235,11162
235,2355
235,5959
236,13332
236,13970
236,13971
236,13972
236,13974
236,13986
237,7604
237,1357
237,4579
237,13177
237,7900
237,11433
237,8875
237,4164
237,8744
237,2894
237,12609
237,10916
237,8220
237,13234
237,129
237,1885
237,9563
237,12481
238,8875
238,4164
238,8744
238,4152
238,10594
238,1437
238,10852
238,9112
238,6016
238,5103
238,3097
238,7762
238,13048
238,11770
238,13234
238,5753
238,9378
238,6931
238,4130
238,9704
238,4700
238,11700
238,2788
238,3222
238,5784
238,5552
238,4846
238,2644
238,1885
238,10467
238,433
238,2602
238,1808
239,745
239,2061
239,623
239,7906
239,5940
239,3767
239,9708
239,1370
239,5483
239,10253
239,789
239,11224
239,8219
239,6736
239,2242
239,6104
239,687
240,8913
240,8899
240,8858
240,6016
240,1709
240,7738
240,7100
240,592
240,6883
240,7170
240,9708
240,8891
240,8892
241,798
241,1234
241,4152
241,10594
241,1437
242,7606
242,10820
242,10408
242,11435
242,7613
242,2197
242,9902
242,2746
242,3435
242,2747
242,4295
242,8656
242,7616
242,3433
242,10885
242,12532
242,11510
242,12326
242,3544
242,10508
243,7755
243,1709
243,6883
243,7170
243,4053
244,2795
244,12572
244,6016
244,10913
244,2198
244,13539
244,1279
245,12493
245,8220
245,10239
245,9981
245,7201
245,9511
245,6016
245,7762
245,7755
245,1709
245,13048
245,11770
245,13234
245,557
245,5753
245,13101
245,9360
245,4007
245,653
245,13084
245,11715
245,9673
246,12493
246,11585
246,11310
246,9986
246,13340
246,13341
246,13345
246,10990
246,6793
246,7494
246,8192
246,9511
246,6016
246,12504
246,3821
246,5103
246,7762
246,1709
246,13048
246,7738
246,13234
246,557
246,5753
246,995
246,1351
246,10915
246,9918
246,6883
246,5069
246,1482
246,4055
246,6122
246,11162
246,6305
247,8181
247,3821
247,7755
247,1709
247,13234
247,8037
247,6883
248,10043
248,4671
248,1819
248,4433
248,6016
248,5102
248,5103
248,7762
248,1709
248,13048
248,13234
248,557
248,2788
248,1885
248,1808
249,8220
249,13234
249,10408
249,11435
249,7613
249,2197
249,9902
249,2746
249,3435
249,2747
249,4295
249,8656
249,7616
249,3433
249,10885
249,12532
249,11510
249,12326
249,10946
249,10122
249,12647
249,9630
250,6016
250,5103
250,7762
250,1709
250,13048
250,13234
250,433
250,2602
250,1808
251,13312
251,2027
251,12493
251,381
251,13177
251,7900
251,11433
251,8875
251,4164
251,8744
251,2894
251,12609
251,10126
251,4118
251,3638
251,1816
251,10922
251,13330
251,10916
251,10376
251,2208
251,10990
251,3272
251,13273
251,3273
251,9624
251,4152
251,1437
251,6016
251,1709
251,13048
251,11770
251,13234
251,9378
251,6931
251,9117
251,144
251,4130
251,7179
251,9704
251,1499
251,3946
251,4700
251,11700
251,1582
251,2788
251,3222
251,5784
251,10328
251,1885
251,8453
251,13940
251,5689
251,1453
251,1636
251,10467
251,11993
251,5913
251,12988
251,2557
252,13155
252,3576
252,708
252,653
252,11340
252,10289
252,8891
252,14051
253,7900
253,1260
253,1526
253,8220
253,6510
253,11750
253,6751
253,10367
253,7301
253,11184
253,149
253,3081
253,3083
253,8630
253,12881
253,7765
253,2432
253,3179
253,7185
253,8417
253,6679
253,5600
253,10041
253,6985
253,6489
253,11147
253,11188
253,9094
253,9430
253,4873
253,3818
253,11731
253,4431
253,5385
253,2520
253,10022
253,698
253,6732
253,9568
253,7785
253,13015
253,7755
253,1709
253,13048
253,13234
253,557
253,11959
253,8736
253,5651
253,3946
253,8932
253,4940
253,94
253,6680
253,9147
253,1997
253,6187
253,7899
253,6934
253,8332
253,9706
253,9277
253,6140
253,2139
253,7946
253,3164
253,3939
253,6050
253,6883
253,7170
253,5220
253,2242
253,14124
254,7900
254,11433
254,2894
254,12609
254,10126
254,3638
254,10916
254,8224
254,9577
254,3543
254,10518
254,10517
254,687
255,13234
255,4748
255,5689
255,5740
255,13970
255,13971
255,13972
255,13974
255,13976
255,13986
256,11585
256,7494
256,8192
256,7755
256,1709
256,11770
256,7738
256,13234
257,12730
257,4005
257,7463
257,4077
257,8220
257,12246
257,6016
257,7762
257,1709
257,13048
257,13234
257,9868
257,1885
257,6975
258,2027
258,8875
258,4164
258,8744
258,3638
258,13048
258,13234
258,557
258,5753
258,6931
258,9117
258,144
258,9577
258,4700
258,9706
258,3896
259,3473
259,8441
259,11088
259,3882
259,8587
259,7928
259,5740
259,13970
259,13971
259,13974
259,13976
259,13986
260,798
260,10710
260,1234
260,1822
260,2074
260,4152
260,10594
260,1437
260,10852
260,9112
260,13048
260,13234
261,6016
261,5103
261,7762
261,1709
261,13048
261,13234
261,557
261,355
261,7248
261,7870
261,856
261,13959
261,10457
261,5011
261,12970
261,5522
262,962
262,435
262,8220
262,13362
262,3864
262,10022
262,9511
262,6016
262,12504
262,7762
262,1709
262,13234
262,557
262,9577
262,9360
262,8799
262,4609
262,592
262,9706
262,5689
262,1752
262,5220
262,8946
262,7131
263,592
263,6883
263,7170
263,11885
264,12493
264,13331
264,9981
264,3319
264,6016
264,7762
264,7755
264,1709
264,13048
264,11770
264,13234
264,557
264,7244
264,6312
264,7211
264,8532
264,12481
264,958
264,7084
264,2607
264,5205
265,8875
265,2894
265,12609
265,10126
265,3241
265,1437
265,9511
265,6016
265,7762
265,1709
265,13048
265,13234
265,557
265,5753
265,9378
265,6931
265,9117
265,12449
265,9704
265,4700
265,11700
265,2788
265,3222
265,5784
265,1185
265,2819
265,13059
265,6305
266,12493
266,9875
266,13110
266,12243
266,668
266,1296
266,724
266,13404
266,4091
266,6016
266,5103
266,7762
266,7755
266,1709
266,13048
266,11770
266,13233
266,13234
266,530
266,557
266,5753
266,13472
266,3932
266,12660
266,623
266,8985
266,5689
266,8128
266,10874
266,4055
266,6122
266,11162
266,8051
266,3960
266,8054
266,8058
266,6305
266,5959
266,4069
266,4053
266,687
266,13506
266,13994
267,4152
267,10594
267,1437
267,9112
268,962
268,8220
268,13234
268,5940
268,9706
268,2554
268,8985
268,4882
268,8891
268,8892
268,2557
268,687
268,11236
269,2208
269,4152
269,10594
269,6016
269,13048
269,9378
269,6931
269,1582
269,2557
270,769
270,1709
270,2237
270,9673
270,5368
271,11897
271,6863
271,11884
271,7269
271,7217
271,1218
271,3110
271,8868
271,3304
272,9667
273,10043
273,4671
273,7606
273,10820
273,7332
273,1819
273,1798
273,8657
273,9646
273,5103
273,7762
273,1709
273,13048
273,13234
273,5753
273,6978
273,3213
273,7180
273,9715
273,856
273,13959
273,10457
273,375
273,6428
273,1188
273,2819
273,433
273,1808
273,5959
273,4896
273,4069
273,4053
274,4558
274,9511
274,6016
274,7762
274,7738
274,13234
274,745
274,1169
274,11733
274,5837
274,5976
275,3263
275,6793
275,11843
275,9306
275,8949
276,13234
276,896
276,93
276,1503
276,13480
277,7463
277,4077
277,13048
278,10471
278,129
278,13014
278,10677
279,6016
279,7762
279,1884
279,2400
280,2208
280,3272
280,13273
280,3273
280,10335
280,5322
281,6489
281,631
281,9352
281,13048
281,13234
281,557
281,5753
281,745
282,4155
282,14119
283,12493
283,13177
283,7900
283,9150
283,1526
283,8220
283,11749
283,4594
283,3864
283,1618
283,11184
283,2153
283,4731
283,9511
283,6016
283,12504
283,7755
283,13048
283,13234
283,557
283,7235
283,20
283,8293
283,2776
283,2571
283,2463
283,6039
283,3318
283,2979
283,1851
283,12430
283,3298
283,13089
283,8998
283,2132
283,1455
283,2118
283,11478
283,9877
283,259
283,4742
283,6342
283,1239
283,6601
283,6168
283,5689
283,12354
283,2139
283,7649
283,10439
283,7854
283,6385
283,7339
283,3215
283,7530
283,8351
283,2557
283,4055
283,12550
283,12181
284,3821
284,5103
284,3097
284,7762
284,7755
284,1709
284,13234
284,557
284,9577
284,5689
285,6016
285,5103
285,7762
285,7755
285,1709
285,13048
285,13234
285,5689
285,10335
285,13265
285,3990
285,12884
285,3014
285,10491
285,5322
285,13046
285,6288
285,10145
286,3638
286,3341
286,3864
286,7785
286,6016
286,7755
286,1709
286,13234
286,6667
286,5651
286,1169
286,10937
286,6883
286,7170
287,2652
287,2682
287,7906
287,592
287,9247
287,13972
287,13986
288,1816
288,13150
288,13454
288,10717
288,9782
288,14034
289,3341
289,12572
289,6016
289,7762
289,1709
289,13048
289,11770
289,13234
289,557
289,5753
289,9360
289,129
289,1885
289,14089
289,10913
289,4053
289,13539
289,13540
289,13625
289,1279
289,13966
290,12493
290,2386
290,9875
290,7918
290,3078
290,7900
290,12143
290,9586
290,8220
290,10505
290,10506
290,9795
290,3984
290,10990
290,9596
290,2125
290,698
290,309
290,2235
290,2377
290,9587
290,1798
290,13234
290,557
290,5753
290,1956
290,7244
290,2221
290,8727
290,13514
290,745
290,5682
290,3910
290,1423
290,13601
290,13761
290,13811
290,13820
290,13857
290,11121
290,8453
290,7029
290,2927
290,9715
290,11483
290,3623
290,5689
290,3165
290,10523
290,835
290,2139
290,11198
290,285
290,1188
290,9114
290,2157
290,5520
290,2389
290,12484
290,6745
290,6587
290,10913
290,8625
290,4510
290,11733
290,5711
290,11857
290,5169
290,5170
290,4784
290,1166
290,5837
290,349
290,8848
290,1661
290,4890
290,2160
290,5976
290,4809
290,12103
290,4673
290,4055
290,1764
290,8741
291,3263
291,7045
291,10568
291,11843
291,8453
291,9351
291,13009
292,8875
292,4164
292,8744
292,2894
292,12609
292,10126
292,5426
292,9079
292,4152
292,10594
292,1437
292,10852
292,9112
292,13048
292,9378
292,6931
292,9117
292,144
292,4130
292,10408
292,11435
292,7613
292,2197
292,9902
292,2746
292,3435
292,2747
292,4295
292,8656
292,7616
292,3433
292,10885
292,12532
292,11510
292,12326
292,9704
292,1499
292,4700
292,7564
292,11700
292,1582
292,2788
292,6373
292,3222
292,5784
292,1885
292,13940
292,433
292,2602
292,1808
292,12988
292,2557
292,687
293,12493
293,9875
293,13110
293,12991
293,5580
293,6958
293,4118
293,10922
293,330
293,2854
293,8043
293,340
293,3341
293,10990
293,3864
293,11184
293,3241
293,3242
293,664
293,9188
293,4956
293,10022
293,551
293,5507
293,4524
293,4155
293,9646
293,6016
293,12504
293,3821
293,7762
293,7755
293,1709
293,11770
293,13233
293,13234
293,7844
293,8127
293,7904
293,7592
293,4052
293,6217
293,2776
293,13104
293,41
293,6395
293,7022
293,13192
293,10872
293,3318
293,8758
293,8028
293,4622
293,2258
293,7721
293,10479
293,12977
293,9395
293,5080
293,10871
293,8932
293,2229
293,8799
293,7334
293,4003
293,4057
293,6481
293,94
293,11014
293,9222
293,2450
293,3912
293,10474
293,10191
293,784
293,848
293,8453
293,12971
293,13289
293,5892
293,10391
293,12481
293,7501
293,865
293,13961
293,216
293,10108
293,1828
293,10514
293,2139
293,519
293,2179
293,11139
293,14003
293,7854
293,10910
293,5694
293,9114
293,294
293,6659
293,11588
293,3990
293,5454
293,4304
293,7410
293,5990
293,4348
293,11370
293,14089
293,10913
293,2557
293,11581
293,12470
293,1482
293,971
293,9572
293,4673
293,14116
293,796
293,5089
293,5380
293,12402
293,9722
293,12028
294,8489
294,8220
294,13361
294,10023
294,8914
294,7083
294,11705
294,9706
294,776
295,975
295,2983
295,2726
295,12456
295,2180
295,2057
295,8703
295,14109
296,1546
296,11509
296,8220
296,9298
296,664
296,6016
296,7762
296,7755
296,1709
296,13048
296,13234
296,8037
296,745
296,13535
296,623
296,259
296,9706
296,2357
296,6883
296,6104
296,687
297,10990
297,5569
297,9511
297,6016
297,7762
297,1709
297,13048
297,9318
297,6889
297,6647
297,2988
297,6752
297,8799
297,4533
297,592
297,12357
297,103
297,11787
297,3896
297,10561
297,2557
297,5368
298,12146
298,14123
299,1990
299,9511
299,6016
299,5504
299,3821
299,13048
299,13234
299,10758
299,4083
299,738
299,4929
300,7755
300,1709
300,6883
300,7170
301,7129
301,12577
301,8875
301,2894
301,7463
301,13338
301,7185
301,5600
301,1722
301,6016
301,7762
301,1709
301,13048
301,13234
301,10490
301,9378
301,6931
301,4130
301,10408
301,11435
301,7613
301,2197
301,9902
301,2746
301,3435
301,2747
301,4295
301,8656
301,7616
301,3433
301,10885
301,12532
301,11510
301,12326
301,11482
301,8410
301,8249
301,6752
301,9704
301,11700
301,6373
301,13959
301,12939
301,10335
301,13265
301,3990
301,12884
301,3014
301,10491
301,5322
301,13046
301,6288
301,10145
301,4055
301,6122
301,11162
301,8051
301,3960
301,8054
301,8058
301,6305
301,5959
301,4069
301,4053
302,13330
302,6016
302,7762
302,1709
302,13048
302,13234
302,557
302,9704
302,1885
303,8660
303,826
303,8661
304,1709
304,13234
304,4643
304,8526
305,11340
305,10289
305,14049
305,14051
305,14052
305,14053
305,14054
306,2205
306,4136
306,13172
307,12991
307,7965
307,9586
307,5059
307,9150
307,8181
307,8224
307,330
307,10505
307,875
307,1019
307,3341
307,8639
307,3864
307,9596
307,664
307,3743
307,2544
307,8030
307,698
307,12549
307,6732
307,2377
307,6016
307,5103
307,7762
307,1709
307,13048
307,13234
307,10490
307,1956
307,6217
307,9577
307,8016
307,13104
307,9221
307,11605
307,8402
307,3318
307,959
307,1506
307,9373
307,8407
307,8028
307,12720
307,8727
307,1677
307,4748
307,5110
307,4457
307,13533
307,532
307,8410
307,8460
307,129
307,3910
307,106
307,10328
307,1423
307,5449
307,1620
307,653
307,6190
307,9080
307,13588
307,9222
307,5796
307,13601
307,13761
307,13811
307,7010
307,2317
307,8453
307,1244
307,7861
307,10291
307,9608
307,9706
307,9071
307,3623
307,4858
307,5689
307,776
307,11549
307,7771
307,2615
307,285
307,2357
307,7892
307,12184
307,3164
307,312
307,9121
307,7372
307,7371
307,11717
307,11950
307,4304
307,3882
307,5740
307,2880
307,8412
307,13203
307,12613
307,1503
307,11923
307,5153
307,506
307,6409
307,8128
307,12653
307,2557
307,13197
307,4673
307,687
307,7134
308,13326
308,9150
308,8220
308,8382
308,7301
308,7606
308,13417
308,9511
308,6016
308,3821
308,5103
308,7762
308,7755
308,1709
308,13048
308,13234
308,557
308,1178
308,9667
308,10576
308,8249
308,6752
308,8334
308,8336
308,10715
308,10958
308,10264
308,8453
308,5689
308,7248
308,776
308,13995
308,1669
308,3896
308,8391
308,1666
308,14010
308,9114
308,10335
308,13265
308,3990
308,12884
308,3014
308,10491
308,5322
308,13046
308,6288
308,10145
308,10561
308,8414
308,4055
308,3960
308,8054
308,4053
308,8661
309,13970
309,13971
309,13972
309,13974
309,13986
310,2432
310,3179
310,8417
310,6679
310,5600
310,10041
310,6985
310,9530
310,11579
310,4152
310,10594
310,1437
310,10852
310,9112
310,9511
310,6016
310,3821
310,5103
310,1709
310,13048
310,13234
310,9378
310,6931
310,4130
310,9704
310,7743
310,1885
310,8985
310,2557
311,8325
311,10892
311,7205
312,12493
312,2386
312,11184
312,10022
312,12685
312,3576
312,13048
312,13234
312,13514
312,745
312,4457
312,7743
312,4609
312,399
312,6601
312,9071
312,5689
312,11794
312,10422
312,3982
312,11733
312,5711
312,11857
312,5169
312,5170
312,4784
312,1166
312,5837
312,349
312,8848
312,1661
312,4890
312,2160
312,5976
312,4809
312,12103
312,4911
312,7357
312,1256
313,7463
313,4077
313,6120
313,9511
313,6016
313,7762
313,13048
313,13234
313,557
313,5753
313,4700
313,7564
313,5933
314,7291
314,4935
314,9568
314,10081
314,3164
314,6883
314,7170
315,6016
315,5103
315,7762
315,1709
315,13048
315,13234
315,557
315,4700
315,8211
315,11700
315,1582
315,2788
315,2819
315,1808
316,8875
316,4164
316,8744
316,2894
316,12609
316,10126
316,4512
316,9511
316,6016
316,13048
316,13234
316,557
317,1709
317,13483
318,7057
318,10357
319,7168
319,13364
319,13436
319,13437
319,13438
319,13501
319,13921
319,13922
319,13923
320,5426
320,13065
320,13059
320,433
320,2602
320,1808
321,3576
321,7244
321,11605
321,10561
321,13456
322,12493
322,13110
322,13177
322,5103
322,7762
322,1709
322,13048
322,13234
322,557
322,5753
322,13468
322,6312
322,7211
322,5689
322,11236
322,6883
322,9968
322,1734
322,3215
323,6793
323,2377
323,9568
323,7785
323,4644
323,10970
323,592
323,187
323,10695
323,5184
323,6686
323,8741
324,3263
325,2208
325,8532
325,4929
326,8181
326,6016
326,5103
326,3097
326,7762
326,7755
326,1709
326,11770
326,13234
326,9918
326,6883
326,7170
326,11162
326,6305
326,4069
326,4053
327,7755
327,13234
327,557
327,5753
327,776
327,6590
327,5121
327,7168
328,13312
328,13313
328,2027
328,5071
328,13314
328,1357
328,381
328,7900
328,11433
328,2894
328,12609
328,10126
328,4118
328,3638
328,1816
328,10922
328,10916
328,13234
328,9378
328,6931
328,9117
328,144
328,4130
328,4700
328,7564
328,8211
328,11700
328,1582
328,2788
328,5784
328,13940
329,8875
329,4164
329,8744
329,7762
329,1709
329,13048
329,13234
329,1885
329,12208
329,5453
330,8489
330,6255
330,2280
330,9428
330,3540
330,8220
330,13361
330,13234
330,776
330,4508
330,7168
330,10561
331,13048
331,4295
332,6679
332,5600
332,10041
332,11770
332,13234
332,530
332,557
332,5753
332,3990
333,10916
333,10723
333,680
333,618
333,2079
333,13349
333,1303
333,9579
333,13278
333,641
333,9577
333,129
333,11597
333,9913
333,5126
333,7946
333,6763
333,6230
333,8707
333,3763
333,2141
334,14046
334,14049
335,10023
335,8914
335,7083
335,776
336,7604
336,1357
336,12730
336,4005
336,8875
336,4164
336,8744
336,7463
336,4077
336,6016
336,7762
336,1709
336,13048
336,13234
336,2988
336,9966
336,13138
336,4055
336,6305
336,4053
337,1437
337,7606
337,10820
337,7762
337,13234
337,530
337,557
337,5753
337,995
337,10408
337,11435
337,7613
337,2197
337,9902
337,2746
337,3544
337,10508
338,6016
338,1709
338,13048
338,13234
338,13498
338,10089
338,5933
338,8613
338,11340
338,10289
339,12493
339,5710
339,13346
339,13048
339,11770
339,13234
339,13517
339,13518
340,12493
340,3638
340,8220
340,10990
340,4155
340,7755
340,1709
340,13234
340,13429
340,10987
340,10758
340,10408
340,11435
340,7613
340,2197
340,9902
340,2746
340,3435
340,2747
340,4295
340,8656
340,7616
340,3433
340,10885
340,12532
340,11510
340,12326
340,11893
340,9706
340,8985
340,5121
340,5220
341,9446
341,3821
341,5103
341,7762
341,7755
341,1709
341,13048
341,13234
341,557
341,5753
341,11700
341,6373
341,6815
341,1885
341,11848
341,12258
341,5322
342,3094
342,6720
342,1526
342,3864
342,9568
342,7785
342,9511
342,6016
342,7762
342,1709
342,13048
342,13234
342,9577
342,7211
342,1252
342,10518
342,2011
342,12522
342,2139
342,4426
342,5515
342,6883
342,7170
342,11224
342,4929
342,466
343,6016
343,13234
343,5689
343,13970
343,13971
343,13972
343,13974
343,13986
344,10288
344,7279
344,7905
344,6555
344,11184
344,9511
344,6016
344,7762
344,7755
344,1709
344,13048
344,13234
344,557
344,9577
344,9360
344,4504
344,11290
344,11245
344,4457
344,6208
344,7501
344,3215
344,8885
344,6811
344,10561
345,9706
345,1015
345,13582
346,8875
346,6016
346,7762
346,1709
346,13048
346,13234
346,6931
347,9804
347,6016
347,7762
347,1709
347,13234
347,8711
347,856
347,13959
347,10457
348,12730
348,1424
348,7463
348,4077
348,13234
348,1885
349,5103
349,7762
349,7755
349,1709
349,13234
349,5654
349,3745
349,5689
349,14042
349,14043
349,14044
350,6679
350,5600
350,10041
350,7755
350,1709
350,11770
350,13234
351,13061
351,4083
351,5689
352,3870
352,12493
352,2386
352,12991
352,13177
352,8403
352,7900
352,9150
352,2890
352,875
352,9339
352,3984
352,3864
352,11184
352,7666
352,4325
352,4731
352,3105
352,8006
352,13015
352,6016
352,5103
352,7762
352,7755
352,1709
352,13048
352,5554
352,13234
352,557
352,5753
352,11432
352,7235
352,914
352,3197
352,2776
352,5561
352,2221
352,5705
352,959
352,12430
352,13533
352,8369
352,532
352,10328
352,5449
352,7570
352,8998
352,3178
352,1455
352,12466
352,11478
352,13622
352,7423
352,12522
352,6601
352,6168
352,8862
352,11549
352,5391
352,1519
352,1828
352,11198
352,5335
352,7854
352,14013
352,6623
352,6385
352,5773
352,3788
352,5952
352,4304
352,4920
352,4116
352,5520
352,8351
352,1812
352,11383
352,10615
352,7737
352,12181
353,8489
353,1296
353,8220
353,2208
353,13361
353,3212
353,6016
353,7762
353,1709
353,13048
353,13234
353,557
353,5753
353,2221
353,9360
353,567
353,13551
353,13138
353,5012
353,9706
353,652
353,776
353,7170
353,6070
353,11058
353,498
354,3870
354,12493
354,8875
354,4164
354,8744
354,8220
354,4558
354,11926
354,10990
354,12881
354,7765
354,2432
354,3179
354,7185
354,8417
354,6679
354,5600
354,10041
354,6985
354,6489
354,11147
354,11188
354,9094
354,9430
354,4873
354,3818
354,11731
354,631
354,3769
354,17
354,1877
354,11684
354,1314
354,9207
354,2603
354,3272
354,13273
354,3273
354,9352
354,4152
354,10594
354,1437
354,10852
354,9112
354,5103
354,7762
354,7755
354,1709
354,13048
354,11770
354,13234
354,557
354,9378
354,9577
354,2061
354,6877
354,5689
354,10873
354,990
354,3896
354,5184
355,8220
355,3272
355,13273
355,3273
355,13048
355,11770
355,9378
355,6931
355,7564
355,11700
355,2788
356,8873
356,482
356,873
356,435
356,8220
356,3341
356,5848
356,12685
356,5729
356,4091
356,2499
356,9646
356,9511
356,6016
356,12504
356,5504
356,5103
356,7762
356,7755
356,1709
356,13048
356,13234
356,530
356,557
356,5753
356,9318
356,10758
356,13192
356,3741
356,11614
356,4548
356,2146
356,5933
356,12357
356,12481
356,10203
356,776
356,6590
356,5085
356,5220
356,11224
356,4116
356,7195
356,14081
356,5741
356,498
356,3612
356,8052
356,6065
356,687
357,5071
357,2409
357,783
357,3896
358,10558
358,1894
358,12552
358,6016
358,7762
358,1709
358,13048
358,11770
358,13234
358,673
358,9192
358,11679
358,11788
358,12465
358,9543
359,13234
359,10408
359,11435
359,7613
359,2197
359,9902
359,2746
359,3435
359,2747
359,4295
359,8656
359,7616
359,3433
359,10885
359,12532
359,11510
359,12326
359,9630
360,7900
360,11433
360,2894
360,12609
360,10916
360,6016
360,2769
361,2699
361,6469
361,2103
361,1396
361,12292
362,12443
362,8220
362,3119
362,959
362,13512
362,4554
362,8704
362,2364
362,12370
362,12586
362,2098
362,4453
362,5003
362,310
362,8150
362,6573
362,12782
362,3803
362,6801
362,1271
363,11300
363,4536
363,10662
363,13108
363,1628
363,11134
363,3055
363,4271
364,13481
364,9360
364,13483
364,14080
365,12493
365,8489
365,1296
365,8220
365,10505
365,2854
365,13361
365,9596
365,5457
365,9082
365,13091
365,9587
365,1798
365,6016
365,12504
365,3821
365,5103
365,7762
365,7755
365,1709
365,13048
365,13234
365,530
365,557
365,5753
365,1956
365,4643
365,8727
365,5682
365,4457
365,9832
365,7100
365,129
365,708
365,9770
365,13601
365,9771
365,5574
365,13761
365,13811
365,12522
365,9715
365,10291
365,3623
365,776
365,10910
365,4304
365,450
365,4510
365,4673
365,14116
365,1764
366,2586
366,9530
366,11579
366,9511
366,6016
366,7762
366,13048
366,11770
366,13234
366,4434
366,489
366,3468
366,11245
366,7743
366,13138
366,10081
366,7621
366,4920
366,1503
366,2557
367,12493
367,13330
367,8220
367,1638
367,9446
367,13048
367,7738
367,13234
367,557
367,5753
367,5801
367,745
367,9966
367,9704
367,10328
367,2644
367,1885
367,5940
367,4426
367,2557
368,9662
368,8228
368,6135
368,3870
368,7965
368,11864
368,7129
368,12577
368,4038
368,956
368,580
368,5601
368,13499
368,13500
368,5726
368,9332
368,6873
368,9454
368,4642
368,8412
368,2157
368,8741
369,8228
369,12493
369,13110
369,2660
369,11891
369,8220
369,10990
369,6985
369,3314
369,13297
369,6793
369,13245
369,3692
369,1798
369,6016
369,5103
369,7762
369,7755
369,1709
369,13048
369,13234
369,557
369,5596
369,11520
369,6752
369,8482
369,3171
369,6106
369,10328
369,13160
369,6481
369,1455
369,5394
369,1189
369,3696
369,399
369,9706
369,5689
369,12698
369,11198
369,3767
369,11090
369,529
369,7436
369,2613
369,10611
369,6722
369,2369
369,3215
369,932
369,8516
369,1691
369,13197
369,4055
369,11162
369,6305
369,4053
369,14136
370,9511
370,6016
370,13234
370,530
370,557
370,5753
370,745
370,11733
370,5837
370,5976
371,648
371,13525
372,3638
372,6016
372,1709
372,13048
372,9577
372,745
372,10335
372,5322
372,687
373,10990
373,4308
373,4920
374,8220
374,2854
374,535
374,2499
374,3319
374,5103
374,13234
374,557
374,5753
374,10758
374,1688
374,1885
374,9706
374,5121
374,5220
375,3576
375,4091
375,6016
375,7762
375,1709
375,13048
375,13234
375,4052
375,13472
375,10576
375,3767
375,10561
375,8414
375,13506
375,13994
376,10490
376,12613
377,7129
377,12577
377,1540
377,6676
377,8890
377,6060
377,6366
377,6216
377,10088
377,4410
378,12881
378,2432
378,3179
378,8417
378,6985
378,9430
378,4873
378,3818
378,11731
379,12276
379,7682
380,8913
380,8220
380,13360
380,9646
380,9511
380,6016
380,12504
380,5103
380,1709
380,11770
380,13234
380,557
380,10758
380,6128
380,12522
380,11198
380,8860
380,1503
380,374
380,932
380,8052
382,12493
382,9875
382,8875
382,4164
382,8744
382,13329
382,4394
382,7577
382,6119
382,3341
382,12881
382,7765
382,2432
382,3179
382,7185
382,8417
382,6679
382,5600
382,10041
382,6985
382,6489
382,11147
382,11188
382,9094
382,9430
382,4873
382,3818
382,11731
382,631
382,3769
382,17
382,1877
382,11684
382,1314
382,9207
382,2603
382,9981
382,724
382,4155
382,6016
382,5103
382,3097
382,7762
382,7755
382,1709
382,13048
382,11770
382,13234
382,557
382,13511
382,9793
382,9306
382,9832
382,3946
382,2061
382,8799
382,5301
382,1885
382,11010
382,6225
382,11597
382,2751
382,12071
382,12522
382,6975
382,12465
382,7946
382,2980
382,8949
382,11076
382,4920
382,1808
382,498
382,4673
383,4558
383,6931
384,13234
384,10023
384,8914
384,7083
384,776
385,648
385,13525
386,7604
386,1357
386,4579
386,7900
386,11433
386,12730
386,4005
386,5563
386,8875
386,4164
386,8744
386,2894
386,12609
386,10126
386,7463
386,4077
386,6120
386,10916
386,330
386,11319
386,6870
386,1709
386,13234
386,9378
386,4083
386,9360
386,9688
386,5651
386,11705
386,129
386,10666
386,10518
386,5933
386,8613
386,13622
386,5940
386,6877
386,9706
386,13301
386,958
386,11076
386,4920
386,10561
386,3612
386,13197
386,687
387,13310
387,13311
387,2027
387,5071
387,13314
387,13338
387,10990
387,6870
387,9318
387,6931
387,10234
387,712
387,4700
387,7564
387,8211
387,5020
387,11700
387,1582
387,5933
387,3113
387,13940
387,10457
387,11993
387,7089
388,798
388,10710
388,1234
388,1822
388,2074
388,8882
388,4152
388,13048
388,9378
388,9577
389,13436
389,13437
389,13438
389,13501
389,13921
389,13922
389,13923
390,3646
390,7762
390,1709
390,13234
390,3987
390,4053
391,3965
391,1296
391,2208
391,10820
391,13048
391,13234
391,13489
391,10328
391,4129
392,12400
392,8220
392,11926
392,340
392,9298
392,13360
392,7301
392,11181
392,9352
392,12649
392,664
392,6793
392,188
392,6732
392,9646
392,9511
392,6016
392,12504
392,3821
392,5103
392,7762
392,7755
392,1709
392,13048
392,11770
392,13234
392,557
392,5753
392,10490
392,5034
392,11086
392,8736
392,9577
392,2571
392,10758
392,6128
392,7083
392,4284
392,7213
392,6312
392,7211
392,9688
392,1178
392,745
392,1766
392,3910
392,10328
392,13089
392,1885
392,7906
392,4609
392,12588
392,9563
392,9776
392,1213
392,10059
392,7861
392,6601
392,9706
392,5689
392,3165
392,11549
392,5121
392,2139
392,3268
392,6064
392,2022
392,10843
392,13047
392,5447
392,4129
392,2073
392,3465
392,2029
392,8654
392,1462
392,8860
392,4116
392,3215
392,9562
392,650
392,506
392,11528
392,498
392,7001
392,2557
392,4673
392,6122
392,8051
392,4896
392,4053
392,687
392,12092
392,3350
393,10568
393,7762
393,7755
393,1709
393,13234
393,514
393,4055
393,6122
393,11162
393,4896
393,4053
394,13234
394,5322
396,3473
396,8745
396,7301
396,1421
396,6016
396,3097
396,7762
396,7755
396,1709
396,13234
396,557
396,5753
396,13291
396,2253
396,7465
396,1673
396,225
396,5459
396,573
396,4548
396,992
396,8453
396,12522
396,11373
396,5689
396,833
396,9420
396,2910
396,11088
396,1503
396,1734
396,241
396,4759
396,2557
396,14124
396,9506
396,10704
396,1764
397,12577
397,13234
397,557
397,5753
397,10408
397,11435
397,7613
397,2197
397,9902
397,2746
397,3435
397,2747
397,4295
397,8656
397,7616
397,3433
397,10885
397,12532
397,11510
397,12326
397,9630
397,8051
397,4069
397,4053
398,1990
398,11340
398,10289
399,6016
399,10913
399,13539
399,13540
399,1279
400,660
400,12616
400,2221
400,130
400,14124
401,8220
401,13234
401,7100
401,4722
401,776
401,6590
402,8220
402,6793
402,13245
402,7755
402,13234
402,557
402,1313
402,6223
402,8727
402,1601
402,3967
402,3546
402,6190
402,4952
402,844
402,1080
402,2903
402,10561
402,4055
402,6122
402,3960
402,8054
402,8058
402,6305
402,4053
403,3821
403,11770
403,13234
403,10408
403,11435
403,7613
403,2197
403,9902
403,2746
403,3435
403,2747
403,4295
403,8656
403,7616
403,3433
403,10885
403,12532
403,11510
403,12326
403,10946
403,10122
403,12647
403,3896
403,9630
404,3263
404,11843
405,7604
405,1357
405,4579
405,7900
405,11433
405,8875
405,4164
405,8744
405,2894
405,12609
405,10126
405,9232
405,10916
405,7762
405,13048
405,6931
405,6225
405,4920
405,4673
406,3094
406,3241
406,3242
406,12504
406,13234
406,557
406,11236
406,10913
406,2198
407,12991
407,3263
407,1698
407,2263
407,873
407,10723
407,3081
407,1217
407,677
407,5155
407,712
407,10920
407,1497
407,13948
407,2615
407,3763
407,13014
407,10677
407,1503
407,4929
407,10422
407,4055
408,13310
408,13311
408,13312
408,13313
408,13314
408,8875
408,4164
408,8744
408,2894
408,10126
408,13234
408,9378
408,6931
408,4130
408,4700
408,7564
408,8211
408,5020
408,11700
408,1582
408,2788
408,3113
408,13940
409,8875
409,4164
409,8744
409,2894
409,12609
409,10126
409,6016
409,11152
410,11236
410,13944
410,14050
410,14130
411,11897
411,5155
411,13234
411,557
411,6590
412,12493
412,5103
412,7762
412,1709
412,13048
412,13234
412,557
412,13472
412,1503
412,13295
412,13506
412,13994
413,11526
413,7439
413,3081
413,3083
413,3807
413,6221
413,9577
413,9688
413,13522
413,10576
413,8410
413,4003
414,11396
414,8858
414,1816
414,4165
414,11952
414,9804
414,3341
414,6870
414,9318
414,6931
414,10234
414,8711
414,856
414,13959
414,10457
414,2819
414,4929
414,4055
415,8875
415,4164
415,8744
415,13048
415,13234
416,9804
416,13234
416,856
416,13959
416,10457
417,9875
417,13110
417,3078
417,12991
417,13177
417,873
417,713
417,7839
417,3119
417,13104
417,13472
417,10576
417,3679
417,4533
417,5012
417,5726
417,9332
417,1084
417,6296
417,6297
417,3333
417,11811
417,8041
417,11594
417,2773
417,13506
417,13994
418,10098
418,6469
418,2996
418,11594
419,8181
419,2208
419,6883
420,8441
420,11088
420,5740
420,13364
420,13626
420,13970
420,13971
420,13972
420,13974
420,13986
421,8875
421,4164
421,8744
421,2894
421,12609
421,10126
421,7463
421,4077
421,6120
421,4152
421,10594
421,1437
421,10852
421,9112
421,6016
421,5103
421,7762
421,1709
421,13048
421,13234
421,9378
421,6931
421,4130
421,9704
421,4700
421,7564
421,8211
421,4244
421,5020
421,11700
421,1582
421,2788
421,6373
421,1682
421,5007
421,9077
421,10783
421,6815
421,3222
421,5784
421,433
421,1808
422,8037
422,2960
422,12359
422,567
422,5654
422,3978
423,8858
423,975
423,8220
423,6016
423,3821
423,7762
423,13234
423,11893
423,776
423,5121
423,2726
423,12456
423,2180
424,12991
424,13276
424,9539
424,9577
424,9706
424,5726
424,9332
424,6296
424,6297
424,6375
425,9704
426,3263
426,2655
427,7604
427,1357
427,4579
427,8875
427,4164
427,8744
428,13234
428,745
428,2817
428,7838
428,8885
428,4494
429,11325
429,8875
429,4164
429,2894
429,12609
429,7463
429,4077
429,6120
429,12026
429,10990
429,3769
429,9352
429,5426
429,13065
429,9079
429,6793
429,4152
429,10594
429,1437
429,10852
429,9112
429,6870
429,9811
429,6016
429,5103
429,7762
429,1709
429,13048
429,13234
429,4220
429,9378
429,6931
429,9117
429,4130
429,12576
429,10579
429,10508
429,11656
429,9667
429,9704
429,4700
429,8211
429,11700
429,2788
429,6373
429,468
429,10457
429,10517
429,4213
429,433
429,2602
429,1808
430,1816
430,2776
430,9360
430,4457
430,3542
430,2970
430,11415
430,13537
430,11705
430,10822
430,2011
430,7360
430,8166
431,962
431,11181
431,9511
431,6016
431,3946
431,8891
431,8892
431,11196
432,12981
432,5457
432,6016
432,7762
432,1709
432,13048
432,13234
432,557
432,5753
432,9285
432,6225
432,3164
432,6883
432,6305
433,3965
433,2208
434,13310
434,13311
434,13312
434,2027
434,5071
434,13314
434,7604
434,1357
434,381
434,4579
434,13177
434,7900
434,8875
434,4164
434,12609
434,10126
434,4077
434,4235
434,3638
434,13330
434,619
434,9511
434,12504
434,13048
434,11770
434,13234
434,530
434,9378
434,6931
434,2115
434,7179
434,4041
434,5651
434,2961
434,12449
434,6999
434,6565
434,9704
434,4700
434,8211
434,11700
434,2788
434,5784
434,6331
434,1885
434,4533
434,9170
434,13656
434,13705
434,10914
434,13940
434,8919
434,6427
434,10523
434,1453
434,6124
434,10157
434,11901
434,10517
434,11993
434,4932
434,1917
434,6420
434,2673
434,10561
434,12245
434,10587
434,4673
434,4055
434,6122
434,11162
434,8052
434,3960
434,8054
434,8058
434,6305
435,2854
435,2400
436,1959
436,5601
436,7762
436,13234
436,3030
437,852
437,6016
437,1709
437,13048
437,1960
437,9704
437,7248
438,0
438,6498
438,1824
438,10376
438,1019
438,9346
438,9446
438,9511
438,6016
438,13234
438,2554
438,11243
438,10335
438,13265
438,3990
438,12884
438,3014
438,10491
438,5322
438,13046
438,6288
438,10145
438,2911
438,932
439,975
439,8489
439,3319
439,5155
439,12504
439,3821
439,5103
439,7762
439,7755
439,1709
439,13234
439,557
439,5753
439,7100
439,4722
439,776
439,12456
440,306
440,11959
440,1178
440,13160
440,11198
440,3896
440,4097
441,8181
441,10236
441,6016
441,7762
441,1709
441,13048
441,13234
441,12146
441,399
441,11778
441,6883
441,6305
442,12493
442,4164
442,8744
442,6016
442,5103
442,7762
442,1709
442,13048
442,13234
442,557
442,5689
442,2602
443,798
443,10710
443,1234
443,1822
443,2074
443,4152
443,10594
443,1437
443,10852
443,9112
443,7606
443,7332
443,13234
443,2209
444,4152
444,9704
445,7785
445,1709
445,9706
445,6883
445,7170
445,11224
445,6122
445,11162
445,6305
445,4053
446,9360
446,10335
446,13265
446,3990
446,12884
446,3014
446,10491
446,5322
446,13046
446,6288
446,10145
447,8875
447,2894
447,13330
447,5103
447,13048
447,13234
447,9378
447,9704
447,8532
447,11700
447,5784
448,2235
448,6016
448,3821
448,7762
448,1709
448,13048
448,13234
448,13498
448,3633
448,9906
448,5933
448,8613
449,5689
449,10335
449,13265
449,3990
449,12884
449,3014
449,10491
449,5322
449,13046
449,6288
449,10145
450,11396
450,3638
450,1206
450,8237
450,482
450,873
450,1296
450,3341
450,2208
450,13357
450,13358
450,4791
450,9795
450,1226
450,1479
450,3864
450,4915
450,7106
450,698
450,111
450,3729
450,4155
450,9511
450,585
450,3821
450,5103
450,3097
450,7755
450,1709
450,11770
450,13234
450,557
450,5753
450,4434
450,2887
450,978
450,9577
450,13470
450,13192
450,959
450,1374
450,689
450,42
450,4036
450,791
450,11705
450,6976
450,5306
450,11691
450,708
450,10937
450,10148
450,9770
450,623
450,4609
450,2087
450,1189
450,9563
450,10073
450,10989
450,2927
450,1213
450,9706
450,12481
450,3579
450,5536
450,12731
450,7417
450,11775
450,5230
450,6023
450,6341
450,4385
450,13
450,2501
450,3896
450,5485
450,9349
450,12170
450,1370
450,5483
450,10253
450,887
450,2467
450,7779
450,6385
450,1915
450,11224
450,8219
450,6736
450,10510
450,3599
450,11058
450,1881
450,6125
450,9515
450,751
450,450
450,498
450,238
450,1691
450,8625
450,5368
450,8305
450,4053
450,6104
450,687
450,8705
450,7737
451,1709
451,13048
451,13234
451,6373
451,1682
451,5007
451,9077
451,10783
451,94
451,6975
452,8228
452,9723
452,8411
452,11989
452,4414
452,2186
452,2521
452,3219
452,6793
452,13393
452,6016
452,5103
452,3097
452,7762
452,7755
452,1709
452,13048
452,13234
452,557
452,7341
452,1392
452,2277
452,4937
452,7211
452,10586
452,9914
452,13857
452,1873
452,3992
452,10225
452,7764
452,4211
452,6883
452,1431
452,4978
452,3369
452,6201
453,12493
453,6016
453,7762
453,1709
453,13048
453,13234
453,3557
453,5654
453,7793
453,13160
453,12071
453,11340
453,9071
453,5689
453,8307
453,10581
453,4314
453,10289
453,2593
453,6409
453,13623
453,14045
453,14047
453,14048
453,14053
453,14054
454,9322
454,13364
454,13437
455,9360
455,13014
455,1940
455,10483
455,10235
455,6261
455,2284
456,6793
456,13245
456,13234
456,557
456,5753
456,6871
456,5316
456,4055
456,6305
457,7301
457,5569
457,4953
457,3576
457,13091
457,4155
457,6016
457,3821
457,5103
457,7762
457,1709
457,13048
457,11770
457,13234
457,4415
457,6116
457,9577
457,11605
457,7211
457,6647
457,1351
457,10576
457,6752
457,8799
457,7743
457,4533
457,103
457,10561
457,2557
457,5368
458,8489
458,8220
458,13361
458,3901
458,10559
458,7755
458,13234
458,557
458,1169
458,10328
458,9706
458,776
458,5121
459,10990
459,13400
459,6016
459,7762
459,1709
459,13048
459,13234
459,2817
459,653
459,11076
459,2602
459,8946
459,2010
460,1506
460,9667
460,10576
460,8410
460,8249
460,9545
460,6752
460,8250
460,6733
460,13371
461,13234
461,6312
461,7211
461,9704
461,8532
461,6056
461,3309
461,7372
461,10400
461,13255
461,3295
462,5071
462,810
462,13336
462,12243
462,668
462,429
462,7666
462,6016
462,7762
462,1709
462,13048
462,13234
462,8736
462,4937
462,3543
462,5515
462,3324
462,1080
462,6464
462,3939
462,2657
462,3090
462,5860
462,8350
462,10422
462,8516
462,12988
463,10710
463,1234
463,4152
463,1437
464,3263
464,3965
464,2208
464,6016
464,5103
464,13234
464,129
464,9706
464,687
465,9875
465,3078
465,8605
465,9586
465,9150
465,2854
465,3341
465,9795
465,1811
465,13375
465,10344
465,6016
465,7762
465,1709
465,13048
465,11770
465,13234
465,557
465,11959
465,13097
465,6217
465,11385
465,10418
465,3902
465,1317
465,8029
465,745
465,4457
465,9832
465,13533
465,3910
465,10373
465,6481
465,4609
465,259
465,2011
465,9776
465,2927
465,10059
465,7861
465,4858
465,11775
465,303
465,5418
465,4508
465,5530
465,6883
465,7170
465,5666
465,4920
465,1503
465,2418
465,751
465,498
465,8374
465,10913
465,2198
465,2557
465,4673
465,14116
465,4055
465,6122
465,7737
465,12524
466,11897
466,11526
466,149
466,3081
466,3807
466,6221
466,8630
466,3117
466,10518
466,13014
466,10677
467,13191
467,4124
467,5713
467,1927
467,12049
468,12493
468,8913
468,8899
468,8873
468,8858
468,3241
468,3242
468,7762
468,13234
468,557
468,10576
468,6752
468,10335
468,13265
468,3990
468,10501
468,12884
468,2868
468,3014
468,9297
468,10491
468,5000
468,5322
468,13046
468,6288
468,10145
468,6122
468,8054
468,8058
468,6305
468,687
469,9298
469,6016
469,9577
469,9360
469,11885
469,10913
469,2198
470,9662
470,4512
470,5426
470,13065
470,9079
470,8506
470,6016
470,7762
470,7755
470,13048
470,11770
470,13234
470,530
470,557
470,5753
470,9577
470,13498
470,8416
470,86
470,9502
470,6203
470,5933
470,8613
470,11243
471,13483
472,798
472,10710
472,1234
472,1822
472,4152
472,6016
472,13048
473,6989
473,7606
473,6870
473,9646
473,9511
473,6016
473,12504
473,7762
473,7755
473,1709
473,13234
473,557
473,5753
473,10758
473,6128
473,9709
473,6888
473,5689
473,4055
473,6122
473,11162
473,8051
473,3960
473,8054
473,8058
473,6305
473,5959
473,4069
473,4053
474,1959
474,9568
474,7785
474,6016
474,7762
474,7755
474,1709
474,13048
474,13234
474,11705
474,94
474,9706
474,6883
474,7170
474,5741
474,6305
474,4053
475,7900
475,5525
475,7020
475,3707
475,478
475,3784
475,10736
475,7734
475,7057
475,10937
475,5726
475,9332
475,1596
475,4859
475,334
475,8041
475,4119
475,5891
475,4882
475,11076
475,8441
475,12983
475,9389
475,11201
475,10357
476,6016
476,7755
476,1709
476,7453
476,6883
476,7170
476,6122
476,11162
476,3960
476,8054
476,8058
476,6305
476,4053
476,13964
477,3263
477,10568
477,2208
477,328
477,11843
477,9360
477,10884
477,11027
478,687
479,13330
479,13048
479,9704
480,8220
480,745
480,623
480,687
481,8220
481,1959
481,7606
481,10820
481,6016
481,7762
481,1709
481,13048
481,11770
481,13234
481,10408
481,11435
481,7613
481,2197
481,9902
481,2746
481,3435
481,2747
481,4295
481,8656
481,7616
481,3433
481,10885
481,12532
481,11510
481,12326
481,3544
481,10508
481,10335
481,13265
481,3990
481,12884
481,3014
481,10491
481,5322
481,13046
481,6288
481,10145
481,4055
481,6122
481,11162
481,8051
481,3960
481,8054
481,8058
481,6305
481,5959
481,4069
481,4053
482,13177
482,2395
482,8181
482,8710
482,7629
482,12549
482,6016
482,1709
482,13048
482,13234
482,10490
482,9360
482,11705
482,10576
482,3543
482,11527
482,5940
482,7029
482,652
482,7568
482,1540
482,4508
482,3164
482,6883
482,7170
482,3407
482,9968
482,477
482,4304
482,2911
482,9572
482,4673
482,14116
483,7691
483,10568
483,8220
483,5155
483,7755
483,1709
483,13234
483,9835
483,8736
483,1012
483,623
483,4136
483,12234
483,6883
483,6214
483,5542
483,11162
483,6104
483,687
484,7900
484,11433
484,8875
484,2894
484,12609
484,10126
484,10916
484,6931
484,9704
484,8532
485,3762
485,10990
485,4915
485,10559
485,6016
485,7762
485,1709
485,13048
485,13234
485,10490
485,10847
485,1178
485,1766
485,13160
485,653
485,6900
485,9918
485,8316
485,11058
485,9515
485,7001
485,10561
485,2338
485,14124
485,7935
485,14051
486,2208
486,13357
486,13358
486,9795
486,7755
486,9706
486,2501
486,1370
486,5483
486,10253
486,8219
486,8625
487,8875
487,4164
487,8744
487,2894
487,12609
487,10126
487,4118
487,1816
487,10922
487,9352
487,13048
487,9378
487,4130
487,9577
487,129
487,10518
487,11076
488,10408
488,11435
488,7613
488,2197
488,9902
488,2746
488,3435
488,2747
488,4295
488,8656
488,7616
488,3433
488,10885
488,12532
488,11510
488,12326
488,10946
488,10122
488,12647
488,9630
489,4152
489,10594
489,1437
490,6135
490,7129
490,12577
490,4038
490,9795
490,4155
490,6016
490,1351
490,2061
490,9770
490,7072
490,1540
490,8712
490,10873
490,990
490,9625
490,5638
490,6676
490,2965
490,8890
490,6060
490,6366
490,6216
490,6325
490,1433
490,11257
490,7777
490,3155
490,5297
490,2434
490,10088
490,4410
490,9449
490,2282
490,3282
490,10561
490,1764
491,330
491,13234
491,12576
491,9868
491,94
491,10677
491,11027
492,10710
492,1234
492,1822
492,2074
492,0
492,3666
492,6498
492,5022
492,4152
492,10594
492,1437
492,10852
492,10043
493,798
493,10710
493,1234
493,1822
493,2074
493,4152
493,10043
493,13048
493,9704
494,11864
494,3638
494,4638
494,9795
494,8344
494,11591
494,9819
494,13091
494,4155
494,5622
494,13448
494,2776
494,11177
494,6223
494,8727
494,9667
494,10576
494,8410
494,7830
494,2902
494,5788
494,10089
494,6190
494,4952
494,942
494,9138
494,13594
494,1284
494,5012
494,5862
494,10245
494,1532
494,10160
494,5220
494,4642
494,13203
494,1808
494,5388
494,2557
494,8381
494,687
494,7131
494,1764
495,12493
495,13234
495,5753
495,856
495,13959
495,10457
496,8220
496,9568
496,7785
496,6858
496,7755
496,1709
496,13234
496,557
496,9360
496,2615
496,6883
496,7170
497,4077
498,4437
498,13338
498,11526
498,149
498,7439
498,3081
498,3083
498,3807
498,6221
498,13234
498,9688
498,13522
498,10576
498,12146
498,399
498,12481
499,521
499,13234
499,557
499,3098
499,8890
499,6325
499,5297
500,12881
500,2432
500,3179
500,8417
500,6985
500,9430
500,4873
500,3818
500,11731
500,13234
500,13959
500,1890
500,5069
500,3842
502,6016
502,10913
502,2198
502,13539
503,13936
504,3473
504,8220
504,6631
504,9991
504,11652
504,5103
504,3097
504,7762
504,7755
504,1709
504,13233
504,13234
504,557
504,5753
504,9360
504,10408
504,11435
504,7613
504,2197
504,9902
504,2746
504,3435
504,2747
504,4295
504,8656
504,7616
504,3433
504,10885
504,12532
504,11510
504,12326
504,10946
504,10122
504,12647
504,6883
504,11058
504,9630
505,433
505,2602
506,13312
506,381
506,8875
506,12026
506,1816
506,13330
506,810
506,11926
506,3272
506,13273
506,3273
506,1322
506,9581
506,9352
506,3576
506,6016
506,7762
506,13048
506,13234
506,9378
506,6931
506,9577
506,7179
506,8029
506,2788
506,5742
506,259
506,6623
506,10517
506,7366
506,10622
506,12988
506,799
506,2557
506,8051
506,6104
506,8741
507,6679
507,5600
507,10041
508,592
508,13972
508,13974
509,4152
509,10594
509,1437
509,10852
509,9112
509,9577
509,9704
510,9804
510,8220
510,12881
510,3272
510,13273
510,3273
510,5103
510,7755
510,13048
510,13234
510,10328
510,1885
510,6877
510,856
510,13959
510,10457
510,9951
510,8810
510,2557
510,11785
511,8489
511,8220
511,9706
511,776
511,4508
512,12981
512,1709
512,9577
512,9360
512,9285
512,13024
512,6225
512,7906
513,12730
513,8875
513,4164
513,8744
513,7463
513,4077
513,6870
513,9378
513,10758
514,8220
514,7762
514,13234
514,10408
514,11435
514,7613
514,2197
514,9902
514,2746
514,3435
514,2747
514,4295
514,8656
514,7616
514,3433
514,10885
514,12532
514,11510
514,12326
514,10946
514,10122
514,12647
514,9630
514,6305
514,5959
514,4053
515,856
515,13959
515,10457
516,9352
516,7755
516,13048
516,13234
516,557
516,9577
516,5561
516,7533
516,7906
516,3164
517,8220
517,13234
517,10023
517,8914
517,7083
517,776
517,7168
518,592
518,5497
518,3156
519,3434
519,8237
519,4671
519,5103
519,9832
519,7001
519,13597
519,14120
519,14121
519,14122
520,7606
520,10820
520,5103
520,7762
520,10408
520,11435
520,7613
520,2197
520,9902
520,2746
520,3544
520,10508
520,5689
521,13312
521,381
521,13330
521,11926
521,3272
521,13273
521,3273
521,9352
521,2521
521,6016
521,3097
521,7762
521,7755
521,1709
521,13048
521,13234
521,9378
521,6931
521,745
521,2788
521,1885
521,11284
521,6073
521,7010
521,6877
521,13940
521,4129
521,6623
521,10517
521,11993
521,11005
521,12988
521,2557
521,4698
522,11864
522,3341
522,4155
522,9511
522,6016
522,7762
522,1709
522,13048
522,11770
522,13234
522,10781
522,6307
522,4457
522,3895
522,2615
522,7946
522,2364
523,8875
523,2894
523,7463
523,4077
523,3360
523,8826
523,1865
523,2167
523,6145
523,5710
523,10505
523,7240
523,10585
523,7762
523,1709
523,13048
523,13234
523,6931
523,4134
523,389
523,129
523,653
523,2482
523,7743
523,5933
523,10291
523,652
523,4882
523,433
523,2602
523,1808
523,12988
523,10561
524,9150
524,2854
524,6119
524,8043
524,8825
524,11179
524,3576
524,9832
524,11614
524,2234
524,10328
524,3895
524,848
524,12522
524,2139
524,3896
524,7854
524,11229
524,9452
524,2557
524,423
525,2208
525,9646
525,13234
525,7170
525,8741
526,6016
526,7762
526,7755
526,1709
526,13048
526,13234
526,1884
526,9667
526,5689
526,6883
526,2400
527,2235
527,11959
527,10234
527,2615
527,11594
527,4920
527,374
528,9232
528,8489
528,8220
528,3341
528,13361
528,7301
528,4370
528,1798
528,13234
528,557
528,12975
528,7244
528,11605
528,9360
528,8727
528,6208
528,2146
528,8453
528,9706
528,776
528,6590
528,4308
528,285
528,1188
528,12352
528,6409
528,450
528,7348
529,10490
529,129
529,9706
529,6883
529,7170
529,8058
529,6305
530,7762
530,7755
530,1709
530,13048
530,13234
530,557
530,6325
530,5297
530,2434
531,3965
531,6016
531,13048
531,13234
531,8532
532,13234
532,557
532,9904
532,9486
533,8875
533,2894
533,5103
533,13234
533,11236
533,13059
533,2602
534,2208
534,5322
535,11526
535,7439
535,3081
535,3083
535,3807
535,1709
535,11770
535,13234
535,13423
535,13431
535,9688
535,13522
536,12730
536,4005
536,7463
536,4077
536,6120
536,2208
536,9562
536,9564
536,6787
536,6788
536,4299
536,4848
536,5542
536,2670
536,506
536,5495
536,10033
536,4055
536,6122
536,11162
536,8051
536,3960
536,8054
536,8058
536,6305
536,5959
536,4069
536,4053
537,210
537,435
537,3705
537,13061
537,13234
538,8489
538,8220
538,9706
538,776
539,6016
539,1709
539,13048
539,13234
539,7792
539,5494
539,12449
539,3338
539,2051
539,6978
539,846
540,8875
540,6793
540,4152
540,10718
540,9378
540,6931
540,9117
540,144
540,11700
540,2788
541,7691
541,10568
542,12493
542,13177
542,13323
542,9150
542,1526
542,8220
542,3341
542,11179
542,8989
542,13091
542,13234
542,557
542,5753
542,67
542,10718
542,11959
542,2776
542,11385
542,4907
542,2571
542,12412
542,2221
542,10418
542,9904
542,2
542,3073
542,13509
542,10822
542,2778
542,10937
542,3546
542,13160
542,2120
542,6481
542,8998
542,13622
542,5012
542,6877
542,6601
542,9706
542,12481
542,5689
542,7501
542,13959
542,5121
542,2139
542,8067
542,7946
542,6265
542,7854
542,2467
542,1876
542,1886
542,604
542,4213
542,12843
542,7001
542,2557
542,3678
542,423
542,8705
543,3473
544,9875
544,13110
544,3078
544,3119
544,13472
544,13506
544,13994
545,11526
545,3081
545,3807
545,10471
545,7476
545,3117
545,10677
546,3263
546,7045
546,6793
546,12522
547,7553
547,10758
547,8860
548,7133
548,11688
548,6858
548,7513
548,11770
548,11300
548,3542
548,2970
548,11415
548,13537
548,7360
548,3896
549,10098
549,9577
549,6469
549,2061
549,7170
549,3612
550,9704
551,3263
551,1698
551,2263
551,1217
551,677
551,7
551,712
551,129
551,10518
551,259
551,9706
551,13948
551,7170
551,3763
551,13014
551,1940
551,10677
551,10483
551,10235
551,9705
552,3341
552,2208
552,3576
552,4849
552,2571
552,465
552,9832
552,399
552,6867
552,12481
552,1482
552,1993
553,9511
553,13048
553,13234
553,557
553,6373
553,1682
553,5007
553,9077
553,10783
553,6975
553,2557
554,4077
554,3360
554,8826
554,13234
554,10758
554,745
554,9706
554,8860
555,1709
555,9577
555,13483
555,14080
556,8220
556,611
556,9646
556,3896
557,8489
557,13234
557,557
557,10023
557,9706
557,776
557,6070
558,6631
558,10856
558,9298
558,9991
558,9531
558,4111
558,2066
558,10239
558,1919
558,7755
558,13234
558,557
558,5753
558,10408
558,11435
558,7613
558,2197
558,9902
558,2746
558,3435
558,2747
558,4295
558,8656
558,7616
558,3433
558,10885
558,12532
558,11510
558,12326
558,10946
558,10122
558,12647
558,2111
558,10161
558,9630
559,856
559,13959
559,10457
560,4077
560,6120
561,9704
562,11897
562,11245
562,9832
562,2329
562,13014
563,6016
563,1709
563,13048
563,11770
563,13234
563,557
563,5753
563,4700
563,7564
563,6373
563,6815
563,10457
564,12276
564,13234
564,557
564,3324
564,6464
564,7682
565,13234
565,12974
565,4055
566,12493
566,8875
566,4164
566,8744
566,13328
566,13329
566,13274
566,847
566,1638
566,12246
566,9981
566,9511
566,6016
566,5103
566,7762
566,7755
566,1709
566,13048
566,11770
566,13234
566,5753
566,13531
566,9868
566,1885
566,7037
566,2065
566,7824
566,10611
566,5322
567,8224
567,13338
567,11526
567,10759
567,90
567,149
567,4819
567,7439
567,3081
567,3083
567,3807
567,13164
567,4605
567,8545
567,6221
567,4617
567,8630
567,6679
567,5600
567,10041
567,7762
567,13234
567,557
567,10408
567,11435
567,7613
567,9902
567,3433
567,10885
567,12532
567,9688
567,13522
567,9667
567,5933
567,8613
567,10335
567,13265
567,3990
567,10501
567,12884
567,2868
567,3014
567,9297
567,10491
567,5000
567,5322
567,13046
567,6288
567,10145
567,4055
567,8661
568,13234
568,1540
569,4671
569,7606
569,10820
569,10718
569,6931
569,6978
569,13620
569,8613
570,3638
570,3821
570,7755
570,1709
570,13234
570,557
570,5753
570,10089
570,9630
570,4055
570,14020
571,810
571,717
571,13336
571,12243
571,13337
571,12276
571,12301
571,429
571,5515
571,3324
571,1080
571,6464
571,3939
571,7682
571,2657
571,3090
571,5860
571,8350
571,4445
571,4905
571,11785
572,5071
572,13314
572,7762
572,7755
572,13048
572,11770
572,13234
572,7211
572,7564
572,8211
572,5933
573,9704
573,2615
573,11162
573,8051
573,2355
574,6284
574,9804
574,8220
574,10723
574,3097
574,7762
574,7755
574,1709
574,13048
574,13234
574,557
574,5753
574,8711
574,7870
574,856
574,13959
574,13960
574,10457
574,2602
574,1808
575,6225
575,13256
575,6676
575,2965
575,2323
575,799
575,6007
575,13267
576,7604
576,8875
576,4164
576,8744
576,2894
576,12609
576,10126
576,4077
576,3638
576,10916
576,3272
576,13273
576,3273
576,9352
576,13048
576,13234
576,6931
576,9706
577,9646
577,745
577,1370
577,5483
577,10253
577,11224
577,8219
577,6736
578,13331
578,13372
578,6016
578,2221
578,8532
578,7906
578,4929
579,12991
579,12243
579,13337
579,429
579,8985
579,3324
579,1080
579,6464
579,3939
579,3271
579,1503
580,3473
581,7762
581,13048
581,13234
581,13472
581,4055
581,13506
581,13994
582,13312
582,2027
582,381
582,4118
582,3638
582,13048
582,7738
582,6931
582,9577
582,11700
582,2788
583,8875
583,4164
583,8744
583,2894
583,12609
583,10126
583,7762
583,4700
583,7564
583,8211
583,2788
583,6305
584,8913
584,13278
584,11526
584,149
584,3081
584,3807
584,8545
584,1709
584,6883
584,7170
585,433
585,2602
585,1808
586,4005
586,7463
586,4077
586,6120
586,8220
586,7755
586,13234
586,557
586,5753
587,8181
587,6680
587,9147
587,6883
587,7170
588,3965
588,4152
588,10594
588,1437
588,10852
588,9112
588,13048
588,8532
589,4152
590,3119
590,7734
590,13472
590,2797
590,3946
590,259
590,3738
590,13506
590,13994
591,8913
591,11591
591,4431
591,664
591,7762
591,1709
591,4643
591,3171
591,5080
591,11527
591,259
591,5770
591,2011
591,9915
591,1833
591,4428
591,12522
591,3113
591,8332
591,335
591,8712
591,6265
591,7749
591,11787
591,1373
591,5062
591,3167
591,10511
591,6883
591,7170
591,8761
591,1001
591,2557
591,3960
592,7762
592,7755
592,1709
592,13234
592,12576
592,573
592,10081
592,4759
592,9506
593,8220
593,13501
593,13923
593,13972
593,13974
594,6016
594,7762
594,1709
594,13048
594,11770
594,13234
594,7792
594,5494
594,12449
594,3338
594,2051
594,6978
594,846
595,9704
596,6869
596,6016
596,3821
596,5103
596,7762
596,7755
596,1709
596,13048
596,11770
596,13234
596,13452
596,10576
596,3113
596,5689
596,13482
596,1015
596,13582
596,9532
597,13234
597,11340
597,10289
598,9804
598,6870
598,6016
598,5103
598,7762
598,1709
598,13048
598,13234
598,557
598,355
598,8711
598,7870
598,856
598,13959
598,10457
598,12970
598,2819
598,5522
599,8220
599,11750
599,6772
599,5103
599,1709
599,13234
599,10758
599,5121
599,4055
600,12493
600,8913
600,8899
600,8873
600,8858
600,8489
600,8220
600,10376
600,9795
600,13361
600,10990
600,2186
600,4091
600,12504
600,3821
600,5103
600,7762
600,7755
600,1709
600,13234
600,530
600,557
600,5753
600,7100
600,4722
600,708
600,8799
600,771
600,9770
600,12522
600,9706
600,776
600,563
600,2557
601,13312
601,13313
601,2027
601,12730
601,4005
601,5563
601,7463
601,4077
601,6120
601,13048
601,389
601,4700
601,7564
601,9562
601,9564
601,6787
601,6788
601,4299
601,4848
601,5542
601,2670
601,506
601,5495
601,10033
601,4055
601,6122
601,11162
601,8051
601,3960
601,8054
601,8058
601,6305
601,5959
601,4069
601,4053
602,8224
602,13234
602,557
602,5753
602,10408
602,3435
602,10885
602,9630
603,9568
603,6883
603,7170
604,13177
604,7691
604,10568
604,7762
604,9577
604,712
604,129
604,9706
604,8985
604,3164
604,1734
604,11162
604,6104
605,13330
605,13234
605,9704
605,4426
606,2894
606,6870
606,9318
606,10718
606,6931
606,2573
606,9562
606,9564
606,6787
606,6788
606,4299
606,4848
606,5542
606,2670
606,506
606,5495
606,10033
607,9586
607,3360
607,330
607,8220
607,10990
607,7301
607,3864
607,6061
607,13297
607,935
607,5248
607,6016
607,13048
607,13234
607,11959
607,9577
607,10758
607,9276
607,6331
607,8453
607,7029
607,776
607,3165
607,10523
607,13301
607,4426
607,11076
607,5220
607,11224
607,808
607,9673
607,8414
607,2134
607,6871
607,10913
607,2198
607,687
609,13330
609,9511
609,6016
609,3821
609,5103
609,7762
609,7755
609,1709
609,13048
609,11770
609,13234
609,557
609,9704
609,8532
609,3325
609,4508
610,3762
610,7755
610,13234
610,4624
610,3214
610,8985
610,1503
610,7195
610,4055
610,11162
610,5959
610,4053
611,7965
611,9646
611,2375
612,12493
612,9875
612,7965
612,8826
612,4558
612,2854
612,11181
612,11690
612,9981
612,8253
612,8089
612,13139
612,4155
612,7762
612,1709
612,13048
612,13234
612,9378
612,9577
612,745
612,129
612,5654
612,7793
612,623
612,7072
612,1636
612,7073
612,10873
612,990
612,9625
612,5638
612,6676
612,2965
612,8890
612,6060
612,6366
612,6216
612,6325
612,1433
612,11257
612,7777
612,3155
612,5297
612,2434
612,10088
612,4410
612,9449
612,2282
612,3282
612,3767
612,10478
612,9708
612,8940
612,13203
612,4920
612,9673
612,1274
612,11785
612,6104
613,8220
613,13234
613,1885
613,11340
613,10289
614,6870
614,6016
614,7762
614,7755
614,1709
614,13234
614,557
614,10758
614,5689
614,6787
614,650
614,4055
614,11162
614,8051
614,6305
614,4053
615,6016
615,9577
615,10913
615,2198
615,13539
615,1279
616,2208
616,4152
616,9112
617,6508
617,2917
617,6016
617,7762
617,1709
617,13234
617,3936
617,1508
618,3965
618,3638
618,7606
618,7332
618,9577
618,13489
618,13490
619,8220
619,9795
619,3083
619,13234
619,557
619,8799
619,13138
619,12170
619,1370
619,5483
619,10253
619,4682
619,450
619,498
619,7001
619,9673
619,687
620,7463
620,4077
620,6120
620,3821
620,7762
620,1709
620,13048
620,4055
620,8058
620,6305
620,5959
620,4053
621,13048
621,9704
622,798
622,10710
622,1234
622,1822
622,2074
622,4077
622,4152
622,10594
622,1437
622,10852
622,9112
622,6016
622,5103
622,3097
622,7762
622,1709
622,13048
622,13234
623,3078
623,12991
623,220
623,9150
623,10505
623,3864
623,9596
623,13373
623,3242
623,664
623,8262
623,2377
623,3576
623,6016
623,7762
623,1709
623,13048
623,11770
623,13234
623,3119
623,6506
623,1956
623,9577
623,7244
623,11605
623,959
623,8727
623,9832
623,3946
623,10328
623,5463
623,1423
623,5449
623,2061
623,1724
623,3178
623,11682
623,13601
623,6470
623,11104
623,13761
623,13811
623,7861
623,3623
623,4858
623,8862
623,7501
623,3165
623,5862
623,12436
623,1540
623,11549
623,4211
623,285
623,8704
623,2364
623,2357
623,12370
623,12586
623,2098
623,4453
623,5003
623,310
623,8150
623,6573
623,12782
623,3803
623,6801
623,1271
623,3788
623,8553
623,13203
623,1503
623,191
623,2557
623,8625
623,4510
623,4673
623,14116
623,4055
623,687
623,8705
623,7737
624,381
624,8875
624,4164
624,8744
624,2894
624,12609
624,10126
624,7463
624,4118
624,3638
624,1816
624,10922
624,330
624,9352
624,6870
624,9318
624,9378
624,6931
624,9117
624,144
624,4130
624,9577
624,4083
624,4094
624,1161
624,11705
624,129
624,4700
624,6373
624,1682
624,5784
624,7906
624,10518
624,5933
624,8613
624,7010
624,9706
624,11076
624,13059
624,433
624,2602
624,1808
624,2593
624,2557
625,3965
625,1296
625,2208
625,10820
625,13489
625,13490
625,4129
626,8873
626,8220
626,7301
626,3011
626,611
626,9646
626,12504
626,13234
626,2571
626,10758
626,6128
626,13089
626,6114
626,9706
626,5121
626,12019
626,349
627,4935
627,9568
627,7785
627,13535
627,6883
627,7170
628,12493
628,9875
628,12991
628,11864
628,8224
628,4558
628,5385
628,6016
628,7762
628,1709
628,13048
628,13234
628,380
628,11177
628,11227
628,5682
628,11245
628,4457
628,12977
628,5856
628,6752
628,3679
628,10328
628,13160
628,4940
628,6190
628,4952
628,8822
628,1753
628,9706
628,8438
628,1596
628,2046
628,2179
628,11594
628,6428
628,563
628,13203
628,2557
628,4510
628,1482
628,4673
628,14116
628,8741
629,13345
629,10023
629,8914
629,7083
629,11527
629,2363
630,12493
630,7129
630,11856
630,12881
630,7765
630,2432
630,3179
630,7185
630,8417
630,6679
630,5600
630,10041
630,6985
630,6489
630,11147
630,11188
630,9094
630,9430
630,4873
630,3818
630,11731
630,631
630,3769
630,17
630,1877
630,11684
630,1314
630,9207
630,2603
630,6870
630,6016
630,7762
630,1709
630,13048
630,13234
630,557
630,11694
630,8501
630,1639
630,9147
630,6187
630,12481
630,10457
630,1797
631,7869
631,3094
631,6720
631,8873
631,8858
631,3241
631,3242
631,12504
631,5103
631,13048
631,13234
631,7250
631,2112
631,816
631,10069
631,12481
631,5233
631,3623
631,4858
631,11236
631,4348
631,6871
631,10913
631,2198
631,8741
632,2027
632,5071
632,13314
632,6016
632,7564
632,8211
633,3263
633,8102
633,7045
633,10568
633,1206
633,4954
633,5487
633,13378
633,10471
633,11814
633,436
633,12867
633,9911
633,11695
633,11177
633,712
633,1012
633,9306
633,7476
633,7477
633,1393
633,3117
633,10975
633,6320
633,12389
633,3693
633,3623
633,11669
633,6676
633,7766
633,3167
633,10843
633,6883
633,6623
633,2655
633,3763
633,563
633,10677
633,2934
633,2418
633,12843
633,11840
633,14113
633,8475
633,714
633,1098
633,1150
634,13436
634,13437
634,13438
634,13501
634,13626
634,13921
634,13922
634,13923
634,13972
634,13974
635,7463
635,4077
635,6120
635,13234
636,5654
636,3521
637,12991
637,1296
637,8498
637,2571
637,2995
637,4131
637,708
637,3156
637,10357
638,7900
638,7905
638,6336
638,2235
638,13234
638,6711
638,7734
638,914
638,11385
638,13512
638,10822
638,8998
638,8217
638,6673
638,4554
638,11594
638,3803
638,6801
638,1271
638,9500
638,11840
638,14123
639,3011
639,11179
639,611
639,13015
639,9646
639,12504
639,3821
639,7762
639,13234
639,2571
639,10758
639,3178
639,399
639,5121
639,2139
639,7854
639,2467
639,10510
639,4053
639,3350
640,3078
640,7900
640,11864
640,3984
640,6016
640,5103
640,7762
640,1709
640,13048
640,13234
640,9360
640,1750
640,5682
640,11245
640,4457
640,9832
640,6481
640,12711
640,8453
640,8860
640,12988
641,7291
641,9568
641,7785
641,3449
641,7755
641,1709
641,13048
641,4307
641,6883
641,7170
641,4055
642,8489
642,8220
642,13361
642,13234
642,557
642,6481
642,8985
642,776
642,6590
643,8181
643,3164
643,6883
643,7170
643,13353
644,9352
644,6016
644,7762
644,7755
644,1709
644,13048
644,13234
644,10490
644,9360
644,13131
644,592
644,11848
644,3113
644,7084
644,2607
644,13483
645,8228
645,13158
645,5580
645,12981
645,1735
645,4437
645,13342
645,11990
645,7
645,4749
645,2377
645,7762
645,1709
645,13048
645,13234
645,557
645,5753
645,8
645,10758
645,225
645,9360
645,653
645,9285
645,6225
645,13256
645,259
645,6975
645,5689
645,3164
645,6230
645,4920
645,3215
645,6741
645,1320
645,5959
646,8181
646,11591
646,4431
646,4245
646,6016
646,7762
646,1709
646,13048
646,13234
646,3557
646,10576
646,2061
646,259
646,13622
646,5567
646,250
646,232
646,738
646,5770
646,2011
646,9915
646,1833
646,4428
646,9563
646,10456
646,7899
646,5233
646,5689
646,14124
646,14046
646,14049
647,2894
647,12609
647,7762
647,13234
648,3524
648,7133
648,11688
648,6858
648,7513
648,11300
648,4457
648,3542
648,2970
648,11415
648,13537
648,7360
648,8741
649,7301
649,489
649,825
649,8480
649,9506
650,12493
650,13177
650,2432
650,3179
650,8417
650,5600
650,6985
650,6489
650,11147
650,4873
650,3272
650,13273
650,3273
650,7
650,7755
650,1709
650,13048
650,13234
650,557
650,5753
650,745
650,4533
650,5940
650,12357
650,6590
650,10873
650,990
650,5184
650,799
650,7922
651,7755
651,13234
651,557
651,6190
651,4952
651,4055
651,6122
651,3960
651,8054
651,8058
651,6305
651,4053
652,8220
652,4083
652,12616
652,4094
652,5654
652,3575
652,9706
652,2554
652,8890
652,6060
652,6366
652,6216
652,4882
652,11243
652,7372
652,10400
652,3123
653,12493
653,13177
653,8220
653,6119
653,9298
653,9352
653,724
653,3319
653,7553
653,9646
653,9511
653,6016
653,12504
653,13074
653,3821
653,5103
653,7762
653,7755
653,1709
653,13048
653,13234
653,530
653,557
653,11963
653,489
653,9577
653,13468
653,5654
653,1885
653,7906
653,7010
653,9706
653,11934
653,5689
653,7248
653,13292
653,4055
653,8054
653,4053
653,687
654,7691
654,10568
654,810
654,1296
654,7666
654,6016
654,7755
654,1709
654,13234
654,7743
654,6883
654,4920
654,11162
655,6871
655,5316
656,11526
656,3081
657,12493
657,9875
657,8220
657,9326
657,5569
657,8030
657,7755
657,1709
657,13234
657,9360
657,667
657,3882
657,8587
657,5740
657,11869
657,1191
657,4055
658,3638
658,8224
658,9298
658,7551
658,6870
658,2377
658,6016
658,3822
658,7762
658,1709
658,13048
658,13234
658,1506
658,11177
658,8727
658,7951
658,9832
658,12977
658,5856
658,6752
658,3679
658,10328
658,1423
658,8799
658,6190
658,4952
658,7906
658,10518
658,8453
658,9706
658,5862
658,1596
658,285
658,2179
658,7909
658,7089
658,4642
658,8412
658,13203
658,11759
658,5741
658,2557
658,4510
658,14116
658,4055
658,3399
658,8741
659,798
659,10710
659,1234
659,1822
659,2074
659,4152
659,10594
659,1437
659,10852
659,9112
659,7762
659,1709
659,13048
659,13234
660,6016
660,3821
660,5103
660,7762
660,7755
660,1709
660,13048
660,13234
660,13498
660,5933
660,8613
660,7089
660,3987
661,9378
661,6931
661,4130
661,745
662,3094
662,8913
662,8899
662,8873
662,3241
662,6793
662,3821
662,7762
662,7755
662,1709
662,5778
662,5689
662,10081
662,6305
663,210
663,6228
663,8008
663,786
663,13091
663,13015
663,8304
663,9511
663,6016
663,5103
663,7762
663,1709
663,13234
663,557
663,7847
663,3873
663,41
663,4937
663,7244
663,11605
663,2221
663,10872
663,13533
663,532
663,10576
663,7334
663,9770
663,2248
663,3113
663,652
663,1636
663,10467
663,4426
663,6883
663,7170
663,294
663,4252
663,1077
663,14075
663,13034
663,2670
663,10561
663,14124
663,1764
663,9239
664,12493
664,9875
664,7900
664,8220
664,10022
664,13091
664,13234
664,9577
664,3201
664,9832
664,708
664,3895
664,9706
664,11934
664,12600
664,457
664,12238
664,5220
664,1797
664,2557
665,6016
665,13539
665,13540
665,1279
665,13966
666,12493
666,7834
666,8220
666,11184
666,1814
666,6016
666,12504
666,686
666,3821
666,5103
666,7762
666,7755
666,1709
666,13048
666,11770
666,13234
666,530
666,557
666,5753
666,13452
666,13531
666,6180
666,13941
666,5233
666,5689
666,1654
666,4116
666,1503
666,1734
666,10561
666,4055
666,6305
666,687
666,10024
666,14043
667,3913
667,3241
667,2370
668,8220
668,13361
668,13234
668,557
668,10023
668,8914
668,7083
668,776
668,7168
668,1196
669,9875
669,13110
669,3078
669,220
669,9492
669,11864
669,10576
669,8249
669,6752
669,8399
669,10715
669,10880
669,4055
669,13506
669,13994
670,9042
670,9795
670,7
670,4155
670,3449
670,4849
670,7762
670,7755
670,1709
670,13234
670,2718
670,5349
670,10081
670,3164
670,6883
670,7170
670,7369
670,8516
670,11162
670,6305
670,4069
670,4053
671,8441
671,11088
671,5740
671,13364
671,13501
671,13921
671,13922
671,13972
671,13976
672,7201
672,6016
672,5322
673,3965
673,2208
674,6016
674,7762
674,13234
674,557
674,3426
675,12572
675,9511
675,6016
675,13234
675,5753
675,9577
675,9360
675,10518
675,10913
675,2198
675,13539
675,13540
675,1279
676,7755
676,13969
676,6336
677,13974
678,798
678,10710
678,1234
678,1822
678,2074
678,4152
678,10594
678,1437
678,7755
678,13048
678,13234
678,557
678,1885
679,8220
679,9378
679,6931
680,7463
680,4077
680,6120
680,2208
680,6870
680,9511
680,12504
680,766
680,2593
681,13313
681,1234
681,8181
681,6508
681,2917
681,8954
681,3341
681,7301
681,3272
681,13273
681,3273
681,4915
681,9646
681,9511
681,6016
681,12504
681,7762
681,1709
681,13234
681,530
681,5753
681,596
681,10758
681,7605
681,1351
681,8082
681,11535
681,708
681,2061
681,8613
681,6779
681,592
681,3936
681,1508
681,12522
681,8862
681,4618
681,11198
681,3896
681,1370
681,1783
681,8487
681,498
681,805
682,13974
682,13986
683,12981
683,1709
683,9360
683,9285
683,13024
683,6225
683,6975
683,3164
683,4920
683,4055
684,6631
684,9991
684,6016
684,11770
684,13234
684,10408
684,11435
684,7613
684,2197
684,9902
684,2746
684,3435
684,2747
684,4295
684,8656
684,7616
684,3433
684,10885
684,12532
684,11510
684,12326
684,10946
684,10122
684,12647
684,3113
684,5689
684,9630
685,8875
685,4164
685,8744
685,2894
685,12609
685,10126
685,3272
685,13273
685,3273
685,4152
685,10594
685,1437
685,10852
685,9112
685,5103
685,1709
685,13048
685,6931
685,9704
685,8532
685,9080
685,7534
685,12856
685,7533
685,5301
685,1291
685,2914
685,11234
685,8615
685,7820
685,11530
685,2406
685,11969
685,11617
685,7538
685,382
685,5552
685,4846
685,9868
685,3239
685,4398
685,2955
685,7873
685,3411
685,7796
685,4674
685,4017
685,4497
685,2644
685,1885
685,1558
685,2244
685,4945
685,12208
685,5453
685,5314
685,94
685,6680
685,9147
685,1997
685,6187
685,11904
685,10118
685,11660
685,9041
685,10835
685,8638
685,603
685,6093
685,2055
685,6750
685,595
685,11052
685,5410
685,4049
685,135
685,5063
685,4211
685,4894
685,4275
685,4385
685,8199
685,8960
685,10335
685,13265
685,3990
685,12884
685,3014
685,10491
685,5322
685,13046
685,6288
685,10145
686,687
687,12493
687,13110
687,6016
687,7755
687,1709
687,13233
687,13234
687,557
687,5753
687,13472
687,9360
687,11320
687,4055
687,11162
687,8054
687,13506
687,13994
688,7965
688,220
688,2854
688,3341
688,7894
688,9587
688,11770
688,3119
688,13512
688,5449
688,592
688,9706
688,4554
688,11198
688,8704
688,2364
688,12370
688,12586
688,2098
688,4453
688,5003
688,310
688,8150
688,6573
688,12782
688,3803
688,6801
688,1271
688,8553
688,13203
688,1503
688,5520
688,191
688,7737
689,13330
689,10594
689,6016
689,7762
689,1709
689,13048
689,13234
689,2891
689,9704
689,6883
690,962
690,5103
690,7762
690,7755
690,1709
690,13048
690,13234
690,557
690,5753
690,6794
690,11520
690,3171
690,7248
690,4055
690,11162
691,2699
691,7301
691,627
691,6016
691,7762
691,1709
691,13048
691,13234
691,6469
691,2229
691,2061
691,12292
691,2946
691,7802
691,8973
691,5913
691,4929
691,687
692,13313
692,6016
692,7755
692,13048
692,11770
692,11700
692,1582
692,2788
692,6815
692,11848
693,9662
693,9112
693,1709
693,13488
693,8501
694,7870
694,856
694,10457
695,9577
695,8307
695,14051
696,3477
696,7494
696,5489
696,11398
696,13234
696,1514
696,3588
696,4041
696,7048
696,9403
696,9435
696,13138
696,7168
696,7453
696,563
697,9704
698,4152
698,10594
698,1437
698,10852
698,9112
698,3821
698,13234
698,529
699,6793
699,6016
699,5103
699,7762
699,13048
699,11770
699,10335
699,8661
700,7133
700,11688
700,6858
700,7513
700,9511
700,6016
700,12504
700,13048
700,13234
700,6217
700,9360
700,12774
700,5343
700,8862
700,3215
700,9673
700,6104
701,1884
701,2400
702,12493
702,4437
702,7762
702,13048
702,13234
702,2887
702,7244
702,11605
702,10822
702,10936
702,3347
702,13086
702,5540
702,592
702,9776
702,12522
702,5233
702,11794
702,1370
702,2043
702,11914
702,8705
703,12493
703,13177
703,1296
703,188
703,9511
703,5103
703,7762
703,7755
703,1709
703,13048
703,13234
703,557
703,11520
703,6752
703,3171
703,3696
703,5689
703,7436
703,4055
703,11162
703,4053
704,13048
705,962
705,4558
705,4155
705,6016
705,1709
705,13234
705,407
705,10758
705,6331
705,5012
705,9706
705,9740
705,11243
705,8891
705,8892
706,8228
706,13158
706,13110
706,11891
706,6985
706,188
706,1421
706,1709
706,13233
706,13234
706,7211
706,4012
706,6752
706,3171
706,11727
706,4548
706,6481
706,3138
706,12071
706,4939
706,7436
706,11224
706,2369
706,326
706,1503
706,3387
707,13177
707,2694
707,2917
707,9580
707,2854
707,11184
707,986
707,923
707,3016
707,8262
707,8927
707,6793
707,13393
707,9646
707,9511
707,1709
707,7904
707,7592
707,2571
707,7022
707,10790
707,9925
707,1455
707,10815
707,7330
707,2293
707,13718
707,784
707,848
707,9264
707,4825
707,11699
707,2139
707,4426
707,7854
707,7170
707,6659
707,5454
707,12514
707,4304
707,7928
707,1880
707,8515
707,3274
707,2849
707,10177
707,14089
707,2557
707,9572
707,4673
707,14116
707,4055
707,5089
707,5380
707,12402
707,12486
707,5619
708,4558
708,13234
708,557
708,9378
708,9577
708,4083
708,9360
708,2891
708,6877
708,4508
708,7168
708,5530
708,10699
708,12184
708,958
708,10517
708,6104
709,5102
709,5103
709,7762
709,1709
709,13048
709,11770
709,13234
709,5933
709,8613
709,375
709,2819
709,9691
709,433
709,2602
709,1808
710,5426
710,13065
710,9079
710,5103
710,13234
710,557
710,712
710,433
710,2602
710,1808
711,7971
711,9704
711,3995
712,8220
712,10758
712,6128
712,7477
712,11893
712,9706
712,11594
713,2432
713,3179
713,8417
713,6985
713,9430
713,4873
713,3818
713,11731
713,3319
713,9646
713,3821
713,5103
713,7762
713,7755
713,1709
713,13048
713,11770
713,13234
713,8
713,13468
713,9080
713,7534
713,12856
713,7533
713,5301
713,1291
713,2914
713,11234
713,8615
713,7820
713,11530
713,2406
713,11969
713,11617
713,7538
713,382
713,5552
713,4846
713,9868
713,3239
713,4398
713,2955
713,7873
713,3411
713,7796
713,4674
713,4017
713,4497
713,2644
713,1885
713,1558
713,2244
713,4945
713,12208
713,5453
713,5314
713,12213
713,9217
713,1005
713,4154
713,3117
713,2751
713,10823
713,4838
713,1566
713,12438
713,2265
713,12670
713,13084
713,94
713,6680
713,9147
713,1997
713,6187
713,11904
713,10118
713,11660
713,9041
713,5233
713,3623
713,5689
714,13974
715,8744
715,9352
715,12599
715,7943
715,13079
715,1919
715,7762
715,1709
715,13048
715,13234
715,9577
715,9706
715,7073
715,990
715,2965
715,6060
715,6216
715,6325
715,7946
715,12988
715,8741
716,13048
716,13234
716,557
716,5753
716,9704
716,433
716,2602
716,1808
717,12493
717,8875
717,3638
717,13328
717,2352
717,8220
717,13341
717,9003
717,4558
717,1959
717,11926
717,9298
717,7765
717,2432
717,3179
717,8417
717,6679
717,5600
717,10041
717,6985
717,6489
717,4873
717,3272
717,13273
717,3273
717,9581
717,9352
717,664
717,9511
717,6016
717,3821
717,5103
717,7762
717,7755
717,1709
717,13048
717,11770
717,13234
717,557
717,9378
717,9577
717,12263
717,1351
717,10915
717,745
717,1497
717,11705
717,3543
717,129
717,3946
717,4846
717,10518
717,259
717,5940
717,7899
717,7010
717,12357
717,13941
717,9706
717,652
717,6975
717,5689
717,776
717,1453
717,10517
717,5220
717,1431
717,7195
717,687
718,2208
718,1237
718,7606
719,7463
719,4077
719,6120
719,2432
719,3179
719,8417
719,10041
719,6985
719,9430
719,4873
719,3818
719,11731
719,9511
719,6016
719,3821
719,7762
719,7755
719,1709
719,13048
719,7738
719,13234
719,1885
719,12208
719,5453
719,10081
719,3164
719,4532
719,2237
719,9673
720,9839
720,1860
720,6472
720,243
720,1019
720,3238
720,5457
720,9624
720,6016
720,13048
720,4415
720,9577
720,6225
720,13256
720,13138
720,5233
720,1540
720,10677
720,1417
721,12981
721,7762
721,1709
721,9360
721,9285
721,6225
721,7906
721,14124
722,10335
722,13265
722,3990
722,12884
722,3014
722,10491
722,5322
722,13046
722,6288
722,10145
722,8661
723,3965
723,2208
724,12981
724,1735
724,13342
724,3097
724,7762
724,7755
724,1709
724,9360
724,9285
724,6225
724,13256
725,8220
725,557
725,2726
725,12456
725,2180
726,9646
726,11770
726,13234
726,13468
726,5689
727,3638
727,8826
727,8220
727,1959
727,5601
727,11184
727,9352
727,9511
727,6016
727,7762
727,7755
727,1709
727,13048
727,13234
727,9577
727,10418
727,10872
727,5885
727,2979
727,1851
727,1766
727,10937
727,7906
727,2132
727,5940
727,9706
727,2554
727,1519
727,1828
727,11243
727,10561
727,687
728,8489
728,8220
728,13234
728,10023
728,8914
728,7083
728,9706
728,776
729,7762
729,1709
729,13048
729,13234
729,10490
729,3175
730,9511
730,7755
730,13234
730,8613
730,3164
731,7531
731,2241
731,5479
731,4264
731,11631
731,5362
731,3266
731,3084
731,11497
731,10917
731,2699
731,847
731,2795
731,11517
731,2658
731,314
731,1352
731,4056
731,11110
731,8138
731,3898
731,11093
731,6712
731,7587
731,2061
731,7803
731,1172
731,10362
731,1396
731,2380
732,12493
732,1357
732,12730
732,4005
732,5563
732,8875
732,4164
732,8744
732,2894
732,12609
732,10126
732,7463
732,4077
732,6120
732,3341
732,9298
732,9511
732,6016
732,1709
732,13048
732,11770
732,13234
732,9378
732,2988
732,465
732,11705
732,1885
732,1005
732,4154
732,10518
732,4533
732,2925
732,12481
732,8437
732,10081
732,7028
732,5454
732,1503
732,4055
732,4069
732,4053
732,3399
732,14124
732,8741
733,1709
733,13539
733,13540
733,1279
734,9875
734,13110
734,3638
734,13304
734,1968
734,5103
734,7755
734,1709
734,13234
734,9577
734,12359
734,3543
734,10518
734,5689
734,8553
734,6305
734,687
735,13974
736,13970
736,13972
736,13974
736,13986
737,281
737,6870
737,13234
737,93
737,13480
738,8875
738,4164
738,8744
738,4152
738,10594
738,1437
738,10852
738,9112
738,6016
738,7762
738,1709
738,13048
738,13234
738,9704
738,8532
738,1499
738,4700
738,11700
738,1582
738,2788
738,3222
738,1885
738,433
738,1808
739,13048
739,9704
739,2602
740,13436
740,13974
740,13978
741,4152
741,10594
741,9112
741,13048
742,13312
742,12493
742,8875
742,4164
742,2894
742,5426
742,9079
742,724
742,5102
742,13048
742,13234
742,530
742,557
742,5753
742,11886
742,4700
742,7564
742,11700
742,2788
742,1885
742,433
742,2602
742,1808
743,13978
743,13986
743,13996
744,12493
744,11325
744,8875
744,4164
744,8744
744,2894
744,12609
744,10126
744,7463
744,4077
744,12026
744,281
744,10990
744,3769
744,5426
744,9079
744,6793
744,9981
744,4152
744,10594
744,1437
744,10852
744,9112
744,6870
744,9811
744,6016
744,5103
744,1709
744,13048
744,11770
744,13234
744,4220
744,6931
744,9117
744,12576
744,10579
744,10508
744,11656
744,9667
744,9704
744,4700
744,11700
744,2788
744,12022
744,468
744,10457
744,10517
744,4213
744,433
744,1808
744,5913
744,12988
745,6016
745,13539
745,13540
745,1279
746,4671
746,5103
746,1709
746,13048
746,11770
746,6373
746,433
746,2602
746,1808
747,7463
747,11897
748,7682
748,3271
748,2157
749,7604
749,1357
749,4579
749,8875
749,4164
749,8744
749,6016
749,7762
749,1709
749,13048
749,13234
749,557
749,6331
749,1885
749,12208
749,5453
749,498
750,10400
751,9875
751,8882
751,6016
751,7762
751,1709
751,13048
751,13234
751,9360
751,465
751,129
751,2061
751,653
751,10913
751,13539
751,13540
751,1279
752,3638
752,7943
752,13079
752,3576
752,6016
752,7762
752,1709
752,13048
752,13234
752,557
752,5753
752,6676
752,8516
752,11785
752,14124
753,12493
753,13177
753,13061
753,9511
753,5103
753,11770
753,13234
753,530
753,557
753,5753
753,13468
753,6208
753,5654
753,653
753,2132
753,5940
753,4858
754,12026
754,10990
754,3864
754,664
754,10022
754,13234
754,6711
754,1313
754,13192
754,10418
754,959
754,7522
754,8072
754,3946
754,11527
754,10089
754,7743
754,259
754,13622
754,2011
754,3259
754,2927
754,2501
754,1370
754,563
754,1196
754,4348
754,11627
754,9919
755,5897
755,13335
755,9534
755,14051
756,6016
756,5103
756,13048
756,11770
756,13234
756,7792
756,2051
756,6978
756,846
756,9704
756,10335
756,433
757,12493
757,3341
757,7606
757,10820
757,9511
757,6016
757,3821
757,5103
757,3097
757,7762
757,7755
757,1709
757,13048
757,11770
757,13234
757,557
757,5753
757,7847
757,4134
757,10408
757,11435
757,7613
757,2197
757,9902
757,2746
757,11482
757,3544
757,12652
757,10508
757,7792
757,5494
757,12449
757,3338
757,2051
757,6978
757,846
757,5682
757,8453
757,13941
757,5689
757,7248
757,2615
757,3896
757,11594
757,12884
757,6409
757,4055
757,6122
757,8051
757,8052
757,3960
757,6305
757,5959
757,4053
758,8875
758,4164
758,8744
758,2894
758,12609
758,10126
758,8224
758,4152
758,7762
758,13048
758,13234
758,6931
758,9704
758,4700
758,11700
758,2788
758,5933
758,8613
758,433
758,2602
758,1808
759,13330
759,1709
759,9704
759,650
760,12493
760,220
760,330
760,8220
760,4558
760,11926
760,6336
760,13373
760,3242
760,9352
760,3576
760,1798
760,1709
760,13048
760,11770
760,3119
760,2253
760,9378
760,9577
760,10987
760,9641
760,4083
760,959
760,6331
760,10328
760,1885
760,5940
760,7010
760,6877
760,9715
760,4858
760,8862
760,12436
760,3767
760,2357
760,7892
760,12184
760,958
760,4426
760,1188
760,10478
760,9708
760,11076
760,8553
760,1503
760,191
760,9673
760,10913
760,2198
760,6104
760,3651
761,9630
762,8220
762,13234
762,2020
762,745
762,13089
762,8693
762,2059
762,10913
762,2198
762,11733
762,5711
762,11857
762,5169
762,5170
762,4784
762,1166
762,5837
762,349
762,8848
762,1661
762,4890
762,2160
762,5976
762,4809
762,12103
763,12493
763,12730
763,4005
763,7463
763,4077
763,13328
763,7201
763,6016
763,13048
763,13234
763,9378
763,1885
763,6877
763,5322
764,6793
764,10236
764,3097
764,7762
764,13234
764,10758
764,856
764,13959
764,10457
764,8128
764,4055
765,12493
765,381
765,3638
765,4558
765,6016
765,5103
765,7755
765,13048
765,13234
765,557
765,5753
765,6931
765,9117
765,1885
766,8220
766,13362
766,10758
766,4722
766,776
766,3896
767,13312
767,13313
767,2027
767,5071
767,13314
767,381
767,7900
767,11433
767,8875
767,4164
767,8744
767,2894
767,12609
767,10126
767,4118
767,3638
767,1816
767,10922
767,10916
767,13234
767,9378
767,6931
767,9117
767,144
767,4130
767,4700
767,7564
767,8211
767,11700
767,1582
767,2788
768,11897
768,4551
769,13234
769,557
769,10576
769,11340
769,5689
769,10289
769,14036
770,6870
770,6016
770,5103
770,7762
770,1709
770,13048
770,13234
770,557
770,7248
770,856
770,13959
770,10457
771,12730
771,7463
771,4077
771,13048
771,450
772,6016
772,1709
772,13048
772,1885
772,7028
772,10491
772,5322
773,8220
773,3341
773,9795
773,6336
773,13234
773,10758
773,6128
773,1766
773,623
773,4609
773,3780
773,6779
773,958
773,5741
773,6104
773,687
774,3263
774,10568
774,328
774,9646
774,11843
774,6794
774,9577
774,2797
774,691
774,12146
774,399
774,7899
774,12357
774,5233
774,11198
774,563
774,3156
775,7755
775,1709
775,13234
775,10408
775,11435
775,7613
775,2197
775,9902
775,2746
775,3435
775,2747
775,4295
775,6883
775,9630
776,13312
776,13313
776,2027
776,5071
776,13314
776,12493
776,381
776,7900
776,11433
776,8875
776,4164
776,8744
776,2894
776,12609
776,10126
776,4118
776,3638
776,1816
776,10922
776,10916
776,8220
776,6016
776,13234
776,9378
776,6931
776,9117
776,144
776,4130
776,9577
776,4134
776,10847
776,4700
776,7564
776,8211
776,11700
776,1582
776,2788
776,5784
776,653
776,4533
776,12522
776,13940
776,9706
776,9976
776,10150
776,687
777,8220
777,5103
777,7762
777,7755
777,1709
777,13234
777,530
777,557
777,5753
777,3113
777,5689
777,14044
778,12493
778,11526
778,7765
778,9667
778,6373
778,3990
778,7442
779,12730
779,4005
779,5563
779,7463
779,4077
779,13138
779,4116
780,12493
780,13177
780,281
780,4558
780,11926
780,3341
780,9795
780,6336
780,11181
780,13299
780,9352
780,12504
780,11770
780,13234
780,3119
780,6711
780,9577
780,4083
780,959
780,4622
780,3902
780,6331
780,7906
780,259
780,2983
780,10474
780,7010
780,652
780,9101
780,8067
780,7892
780,12184
780,958
780,10735
780,6623
780,11076
780,10517
780,10289
780,1503
780,5520
780,12988
780,10913
780,2198
780,2557
780,8052
780,3651
780,12181
781,11864
781,13048
781,13234
781,2776
781,10328
781,3895
781,6055
782,12493
782,8220
782,12572
782,6016
782,10913
782,13539
782,13540
782,1279
783,13959
783,10457
784,12730
784,4005
784,5563
784,7463
784,4077
784,13048
785,12493
785,4155
785,6016
785,7762
785,1709
785,13048
785,13233
785,13234
785,557
785,3557
785,10937
785,13086
785,1885
785,11340
785,12481
785,10289
785,1503
785,1734
785,8741
785,14039
786,13110
786,3078
786,12991
786,4155
786,6858
786,6016
786,7762
786,1709
786,13048
786,13234
786,9360
786,4253
786,8441
786,3882
786,8587
786,5740
786,13986
787,220
787,4161
787,11396
787,950
787,3821
787,11770
787,9577
788,7463
788,4077
788,8220
788,13048
789,975
789,8220
789,4521
789,6016
789,7762
789,1709
789,13048
789,13234
789,557
789,5753
789,10418
789,7640
789,9706
789,2726
789,12456
789,2180
789,7001
790,80
790,611
790,12867
790,9646
790,6016
790,12504
790,7755
790,1709
790,13234
790,557
790,8400
790,2571
790,10758
790,10373
790,6114
790,5121
790,349
790,11162
790,8051
790,4053
790,3350
791,9446
791,3272
791,13273
791,3273
791,7755
791,13048
791,13234
791,557
791,1885
791,10622
792,6016
792,7762
792,1709
792,13048
792,13234
792,1514
792,5940
792,6722
792,12868
793,7762
793,7755
793,13234
793,5689
793,14043
794,8489
794,13361
794,10990
794,6016
794,12504
794,3821
794,5103
794,7762
794,7755
794,1709
794,13048
794,13234
794,530
794,557
794,5753
794,8736
794,2162
794,567
794,5689
794,776
794,6590
795,7129
795,12577
795,4038
795,956
795,6016
795,11770
795,13234
795,11520
795,6676
795,2965
795,8890
795,6060
795,6366
795,6216
796,8875
796,4164
796,8744
796,2894
796,12609
796,10126
796,4152
796,10594
796,1437
796,10852
796,9112
796,7762
796,13048
796,13234
796,557
796,5753
796,9378
796,6931
796,9117
796,144
796,4130
796,9704
796,4700
796,7564
796,8211
796,4244
796,11700
796,2788
796,6373
796,3222
796,5784
797,4671
797,1819
797,13234
797,5753
797,10457
798,13048
798,5322
799,12493
799,9875
799,7918
799,13110
799,3078
799,13177
799,1349
799,2716
799,8220
799,11537
799,7905
799,2854
799,340
799,9795
799,10990
799,3864
799,11181
799,4431
799,3242
799,2459
799,10022
799,11179
799,10344
799,4155
799,9646
799,12504
799,7755
799,13233
799,13234
799,557
799,5753
799,11959
799,9917
799,6217
799,8526
799,2776
799,1585
799,5935
799,11593
799,12615
799,9179
799,2571
799,41
799,9221
799,6765
799,4041
799,2627
799,11607
799,10418
799,1109
799,4134
799,929
799,13514
799,745
799,4457
799,9832
799,13533
799,10822
799,8799
799,8998
799,1455
799,1189
799,8647
799,10065
799,9877
799,247
799,784
799,399
799,848
799,5892
799,3113
799,13941
799,11735
799,9071
799,5689
799,3165
799,7880
799,2893
799,5418
799,2139
799,11198
799,7854
799,5694
799,10668
799,2467
799,7339
799,3803
799,13203
799,1503
799,1734
799,11923
799,3616
799,10879
799,8351
799,10135
799,12051
799,10913
799,2557
799,8809
799,11733
799,5711
799,11857
799,5169
799,5170
799,4784
799,1166
799,5837
799,349
799,8848
799,1661
799,4890
799,2160
799,5976
799,4809
799,12103
801,12493
801,11926
801,7755
801,13048
801,13234
801,557
801,5753
801,4415
801,13472
801,10328
801,10089
801,5689
801,8128
801,13506
801,13994
802,4152
802,6016
802,13048
802,13234
802,6931
802,6373
802,6815
803,3244
803,10568
803,9150
803,8489
803,810
803,8220
803,9339
803,13361
803,3864
803,9596
803,3567
803,408
803,5469
803,54
803,2459
803,1551
803,5729
803,2381
803,1437
803,1929
803,13015
803,3319
803,7553
803,9511
803,6016
803,3821
803,5103
803,7762
803,7755
803,1709
803,13048
803,11770
803,13234
803,530
803,557
803,5753
803,4434
803,1956
803,9322
803,3557
803,380
803,3468
803,9373
803,8727
803,1178
803,4748
803,9832
803,7100
803,4722
803,11691
803,5784
803,10666
803,2778
803,8370
803,11575
803,3971
803,2132
803,6974
803,1189
803,13601
803,5636
803,9706
803,5233
803,10203
803,8693
803,5689
803,776
803,6590
803,8079
803,3165
803,11549
803,3978
803,10692
803,312
803,1754
803,1370
803,9968
803,6385
803,12352
803,7393
803,10150
803,1529
803,563
803,10510
803,2209
803,4920
803,5520
803,7195
803,11885
803,11638
803,450
803,238
803,2924
803,6420
803,7903
803,4673
803,3256
803,4055
803,3399
803,14124
804,7965
804,12577
804,10568
804,580
804,330
804,3341
804,10990
804,6336
804,9352
804,9318
804,10718
804,13150
804,9378
804,6931
804,9117
804,144
804,4130
804,9577
804,4083
804,129
804,3546
804,7906
804,10518
804,8613
804,259
804,7010
804,6867
804,8453
804,11775
804,7892
804,12184
804,958
804,11076
804,7089
804,2602
804,12156
804,3651
805,9704
806,8875
806,4164
806,2894
806,12609
806,10126
806,7463
806,4077
806,4152
806,10594
806,1437
806,10852
806,9112
806,13048
806,13234
806,557
806,5753
806,9378
806,6931
806,9117
806,144
806,4130
806,7792
806,5494
806,12449
806,3338
806,2051
806,6978
806,846
806,9704
806,8532
806,6056
806,1499
806,4700
806,7564
806,8211
806,4244
806,11700
806,1582
806,2788
806,6373
806,3168
806,3222
806,5784
806,856
806,13959
806,10457
806,2602
806,1808
807,381
807,3638
807,13330
807,4152
807,10594
807,1437
807,10852
807,9112
807,9378
807,6931
807,9117
807,9704
807,4700
807,7564
807,8211
807,4244
807,5020
807,11700
807,1582
807,2788
807,6373
807,1682
807,5007
807,9077
807,10783
807,6815
807,3222
807,5784
808,13336
808,668
808,429
808,4211
808,3271
808,1024
809,3263
809,2586
809,10990
809,6016
809,7762
809,7755
809,1709
809,13234
809,10089
809,7743
809,12071
809,4533
809,13138
809,10081
809,5740
809,1503
809,1734
809,3215
809,4055
809,11162
809,6305
809,4896
809,4069
809,4053
810,12493
810,1357
810,11325
810,12026
810,10990
810,3769
810,5426
810,13065
810,9079
810,6793
810,6870
810,9811
810,6016
810,5103
810,7762
810,1709
810,13048
810,13234
810,557
810,4220
810,9378
810,9117
810,12576
810,10579
810,11886
810,10508
810,11656
810,9832
810,9667
810,4700
810,7564
810,11700
810,1582
810,2788
810,468
810,10457
810,4426
810,10517
810,4213
810,5322
810,433
810,1808
810,2557
811,8220
811,4558
811,9577
811,745
811,5654
811,6331
811,7906
811,10518
811,13959
811,2557
812,9704
813,9795
813,12504
813,13234
813,557
813,5753
813,5689
813,349
814,11682
814,5728
814,6883
814,7170
814,4510
814,8741
815,12981
815,1709
815,13234
815,129
815,13024
815,6225
815,13256
815,10518
816,12981
816,13024
816,6225
816,3164
816,11162
816,4053
817,7900
817,11433
817,3984
817,12761
817,436
817,9511
817,6016
817,12504
817,13234
817,557
817,6618
817,12615
817,6595
817,8130
817,7211
817,12430
817,6299
817,11691
817,3178
817,12466
817,11478
817,8280
817,738
817,12678
817,1828
817,2179
817,8076
817,3342
817,12181
818,2769
819,13234
819,11340
819,14037
820,13158
820,4594
820,3864
820,11184
820,664
820,698
820,7762
820,7755
820,13234
820,557
820,8293
820,2012
820,2776
820,3421
820,2571
820,2463
820,6039
820,10758
820,6128
820,9667
820,10576
820,8410
820,5856
820,6752
820,1455
820,4742
820,6168
820,3165
820,5121
820,2139
820,7854
820,6385
820,12181
821,8489
821,8220
821,13234
821,10023
821,8914
821,7083
821,776
822,7755
822,13234
822,10131
822,6794
822,8029
822,2791
822,94
823,1526
823,1744
823,8262
823,9364
823,7839
823,7105
823,5500
823,686
823,3119
823,6711
823,2253
823,5303
823,959
823,745
823,9832
823,8072
823,301
823,3462
823,11520
823,3947
823,2234
823,629
823,8456
823,88
823,8075
823,10842
823,10328
823,5463
823,8799
823,11682
823,1455
823,1189
823,6470
823,12971
823,5726
823,9332
823,8079
823,2467
823,7001
823,1691
823,2557
824,13234
824,13468
825,13048
825,13234
825,13472
825,4905
825,13506
825,13994
826,6296
826,6297
827,12493
827,897
827,8875
827,4164
827,2894
827,12609
827,10126
827,13048
827,13234
827,557
827,9378
827,6931
827,9117
827,144
827,9577
827,6039
827,9704
827,4700
827,8211
827,11700
827,2788
827,5784
827,3744
827,8919
827,11901
827,4932
828,11089
828,8630
828,3105
828,1643
828,4155
828,13234
828,557
828,5753
828,8572
828,7218
828,2809
828,11449
828,6931
828,9117
828,10418
828,10872
828,2979
828,959
828,1851
828,11705
828,279
828,9583
828,8299
828,2132
828,3178
828,9083
828,4742
828,7355
828,3623
828,5689
828,7248
828,10161
828,6287
828,5391
828,11324
828,9330
828,1519
828,1828
828,11236
828,7854
828,9740
828,1172
828,5639
828,6385
828,10695
828,1734
828,2557
828,14124
828,12578
828,1478
828,12181
829,4077
829,3821
829,7762
829,1709
829,13048
829,4055
830,4512
830,4558
830,6016
830,7762
830,1709
830,13048
830,13234
830,9577
830,11705
830,6752
830,3946
830,10518
830,7899
830,2554
830,2081
830,4882
830,4426
830,11243
830,8891
830,8892
830,12988
830,2557
831,7965
831,3119
831,2164
831,2052
831,8704
831,6573
831,3803
832,3235
832,3705
832,5085
833,7785
833,6016
833,7762
833,1709
833,5856
833,8249
833,6752
833,6883
833,7170
833,6305
834,5574
835,1709
835,9725
835,13024
835,13256
836,7463
836,4077
837,13234
837,13472
837,13506
837,13994
838,6016
838,5103
838,7762
838,1709
838,13234
838,10576
838,10335
838,13265
838,3990
838,12884
838,3014
838,10491
838,5322
838,13046
838,6288
838,10145
838,3960
838,6305
839,10677
840,13110
840,3078
840,12991
840,13974
841,9577
841,3546
841,653
841,7906
841,529
841,4510
841,13501
841,13921
841,13922
841,13923
841,13976
842,687
842,13437
842,13501
842,13921
842,13922
842,13923
843,9974
843,10047
843,9298
843,9577
843,7906
843,10676
843,7892
843,12184
843,958
843,13972
844,13436
844,13437
844,13438
844,13501
844,13921
844,13922
844,13970
844,13971
844,13972
844,13974
844,13977
844,13986
844,13987
845,13438
845,13921
845,13922
846,13234
846,13921
847,3263
847,7045
847,11843
848,3263
848,11843
849,7691
849,10568
849,7845
849,13234
850,7606
850,10820
850,10408
850,11435
850,7613
850,2197
850,9902
850,2746
850,3544
850,10508
851,7606
851,10820
851,13234
851,10408
851,11435
851,7613
851,2197
851,9902
851,2746
851,3544
851,10508
852,7606
852,10820
852,10408
852,11435
852,7613
852,2197
852,9902
852,2746
852,3544
852,10508
853,7045
853,8220
853,6016
853,7762
853,7755
853,1709
853,13048
853,13234
853,10758
853,1178
853,1482
854,7463
854,4077
854,13048
854,4700
854,7564
855,4005
855,3965
855,8875
855,4164
855,8744
855,2894
855,12609
855,10126
855,7463
855,4077
855,6120
855,3638
855,2208
855,6931
855,9577
855,3543
855,10518
855,7010
855,2357
855,433
856,8875
856,4164
856,8744
856,2894
856,12609
856,10126
856,7463
856,4077
856,6120
856,6931
857,12493
857,13110
857,9795
857,6870
857,6016
857,6931
857,8613
857,7089
858,13234
858,11340
858,10289
858,14039
858,14041
859,8489
859,13234
859,557
859,5753
859,10023
859,8914
859,7083
859,776
860,12981
860,9285
860,13024
861,4558
861,7531
861,2241
861,1352
861,11926
861,610
861,2432
861,3179
861,8417
861,6679
861,5600
861,10041
861,6985
861,9430
861,4873
861,3818
861,11731
861,3319
861,5155
861,6016
861,13048
861,13234
861,557
861,5753
861,1885
861,259
861,6877
861,2657
861,3090
861,5860
861,8350
861,12988
862,2586
862,9511
862,7755
862,13234
862,5689
862,10081
862,4426
862,3164
862,11224
862,8219
862,6736
863,12493
863,3762
863,8220
863,13340
863,4558
863,10990
863,1919
863,4155
863,6016
863,5103
863,7762
863,7755
863,1709
863,13048
863,11770
863,13234
863,10994
863,13514
863,1351
863,10915
863,745
863,2902
863,9770
863,7743
863,6779
863,9706
863,3165
863,10523
863,2059
863,11198
863,9767
863,1370
863,5220
863,7621
863,4920
863,2389
863,11668
863,4080
863,11733
863,5711
863,11857
863,5169
863,5170
863,4784
863,1166
863,5837
863,349
863,8848
863,1661
863,4890
863,2160
863,5976
863,4809
863,12103
864,8220
864,7762
864,13234
864,776
864,6590
864,5121
864,529
864,7170
865,6883
865,7170
866,3965
866,2208
866,13489
866,9706
867,8220
867,619
867,3848
867,2235
867,4155
867,9646
867,6016
867,1709
867,13048
867,7738
867,13234
867,10758
867,648
867,13525
867,8126
867,5121
867,4308
867,374
868,798
868,10710
868,1234
868,1822
868,2074
868,4077
868,4152
868,10594
868,1437
868,10852
868,9112
868,13048
868,13234
869,8220
869,13361
869,6793
869,13048
869,13234
869,776
869,6070
870,1546
870,11509
870,1709
870,13234
870,8037
870,771
870,12971
870,652
870,7568
870,3906
870,10561
871,653
871,13501
871,13921
871,13922
871,13923
871,13974
871,13975
871,13997
872,13501
872,13921
872,13922
872,13923
873,13501
874,11712
874,6016
874,3097
874,7762
874,1709
874,13234
874,11657
874,4759
874,9506
875,8220
875,13362
875,5457
875,6870
875,13234
875,10758
875,2146
875,776
875,2726
875,12456
875,2180
875,932
875,11785
875,4055
876,3659
876,10289
876,14050
877,6931
878,5322
879,6676
879,2965
879,8890
879,6060
879,6366
879,6216
879,10561
880,3272
880,13273
880,3273
880,13048
880,5322
880,10622
881,11897
882,686
882,11224
882,687
883,2499
883,13048
883,10408
883,11435
883,7613
883,2197
883,9902
883,2746
883,3435
883,2747
883,4295
883,8656
883,7616
883,3433
883,10885
883,12532
883,11510
883,12326
884,9360
884,3990
885,8501
885,1639
885,13053
886,7606
886,10820
886,7762
886,13234
886,10408
886,11435
886,7613
886,2197
886,9902
886,2746
886,3544
886,10508
887,10457
888,10408
888,11435
888,7613
888,2197
888,9902
888,2746
888,3435
888,2747
888,4295
888,8656
888,7616
888,3433
888,10885
888,12532
888,11510
888,12326
890,13048
890,13234
890,10457
891,1808
893,8875
893,4164
893,8744
893,2894
893,12609
893,10126
893,13048
893,13059
893,433
893,2602
893,2769
893,14117
894,4164
894,2894
894,12609
894,10126
894,13048
894,6931
894,5933
894,8613
894,10230
894,13059
894,433
894,2602
894,1808
894,2769
895,8875
895,4164
895,433
895,2602
896,7463
896,4077
896,6120
896,13048
897,8899
897,10098
897,13234
897,530
897,557
897,5753
897,11934
897,8728
898,8220
898,13234
898,10408
898,11435
898,7613
898,2197
898,9902
898,2746
898,3435
898,2747
898,4295
898,8656
898,7616
898,3433
898,10885
898,12532
898,11510
898,12326
898,10946
898,10122
898,12647
898,9706
898,9630
899,12026
899,9233
899,13285
899,8220
899,2854
899,11089
899,11184
899,11179
899,13015
899,13048
899,13234
899,2571
899,10758
899,6128
899,6270
899,3318
899,9904
899,3073
899,959
899,10822
899,8299
899,1455
899,6877
899,6601
899,6168
899,7501
899,10161
899,2139
899,11450
899,7854
899,6385
899,4213
899,5112
899,3678
899,423
899,1478
900,798
900,10710
900,1234
900,1822
900,2074
900,4152
900,10594
900,1437
900,10852
900,9112
900,9511
900,13048
900,13234
901,4205
901,2235
901,7041
901,4083
901,2702
901,11197
901,1263
901,8075
901,6330
901,3051
901,2357
901,10107
901,9259
902,11770
902,13234
902,10408
902,11435
902,7613
902,2197
902,9902
902,2746
902,3435
902,2747
902,4295
902,8656
902,7616
902,3433
902,10885
902,12532
902,11510
902,12326
902,10946
902,10122
902,12647
902,3543
902,3990
903,9322
904,9322
904,13591
904,13364
904,13365
904,13366
904,13367
904,13921
904,13922
904,13923
904,13973
904,13976
905,8228
905,6793
905,1885
906,11181
906,6883
906,7170
907,12493
907,6016
907,5103
907,7762
907,1709
907,13048
907,13234
907,530
907,557
907,5753
907,13472
907,9706
907,5520
907,9413
907,13994
908,9667
908,13436
908,13437
908,13438
908,13501
908,13921
908,13922
908,13923
909,13626
909,13970
909,13971
909,13972
909,13974
909,13986
910,13364
910,13371
911,3576
911,653
911,13626
912,13110
912,8220
912,6016
912,339
912,686
912,7755
912,13234
912,11300
912,3024
912,4055
912,11162
912,6305
912,687
913,10288
913,3066
913,11184
913,7755
913,13048
913,13234
913,557
913,7972
913,9360
913,2060
913,7029
913,7170
913,7838
913,4304
913,3570
913,8885
913,6811
913,10561
913,4673
913,14116
914,1816
914,7360
915,9704
916,13312
916,13330
916,4152
916,9378
916,6931
916,9577
916,4700
916,11700
917,9704
918,9704
918,1499
918,7248
919,7762
919,13048
919,13234
919,9378
919,6931
919,4700
919,11700
920,12493
920,13177
920,13323
920,9150
920,1526
920,8220
920,3341
920,11179
920,8989
920,13091
920,6016
920,13048
920,67
920,10718
920,11959
920,9378
920,6931
920,2776
920,11385
920,4907
920,2571
920,12412
920,2221
920,10418
920,9904
920,2
920,3073
920,13509
920,10822
920,11700
920,2778
920,10937
920,3546
920,13160
920,2120
920,6481
920,8998
920,13622
920,5012
920,6877
920,6601
920,9706
920,12481
920,5689
920,7501
920,13959
920,5121
920,2139
920,8067
920,7946
920,6265
920,7854
920,2467
920,1876
920,1886
920,604
920,4213
920,12843
920,7001
920,2557
920,3678
920,423
920,8705
921,8875
921,2894
921,6016
921,13048
921,13234
921,9378
921,6931
921,4130
921,9704
921,11700
922,1437
922,10852
922,13048
923,5933
923,8613
924,7
924,7585
924,6016
924,13234
924,8890
924,6060
924,6366
924,6216
925,10048
925,708
925,4927
925,13478
925,5223
926,9511
926,7762
926,7755
926,1709
926,13234
926,6305
926,8741
927,9586
927,8873
927,3241
927,9511
927,13234
927,4094
927,10518
927,652
927,7568
927,2357
927,958
927,9968
927,10561
928,13177
928,8220
928,3341
928,3864
928,7246
928,7553
928,13234
928,5753
928,10758
928,6128
928,9360
928,10408
928,11435
928,7613
928,2197
928,9902
928,2746
928,3435
928,2747
928,4295
928,8656
928,7616
928,3433
928,10885
928,12532
928,11510
928,12326
928,2378
928,1351
928,7792
928,5494
928,12449
928,3338
928,2051
928,6978
928,846
928,625
928,7477
928,653
928,4057
928,2011
928,12481
928,5689
928,7248
928,2139
928,13301
928,10081
928,2819
928,4920
928,506
928,191
928,932
928,8946
928,13394
929,13234
929,11340
929,10289
929,315
930,4475
931,1638
931,8501
931,10408
931,11435
931,7613
931,2197
931,9902
931,2746
931,3435
931,2747
931,4295
931,8656
931,7616
931,3433
931,10885
931,12532
931,11510
931,12326
931,10915
931,378
931,2722
931,2213
931,12449
931,195
931,13381
931,14082
932,8873
932,8220
932,10376
932,13347
932,610
932,8212
932,11875
932,10045
932,3719
932,1095
932,3892
932,10497
932,11040
932,7108
932,13377
932,1009
932,578
932,6332
932,2072
932,4981
932,6856
932,7748
932,7807
932,2071
932,13170
932,6016
932,13101
932,6938
932,11705
932,3543
932,3398
932,9706
932,10494
932,9595
932,3042
932,5126
932,10081
932,3164
932,6883
932,7170
932,95
933,339
933,592
933,687
934,8212
934,11875
934,10045
934,3719
934,1095
934,3892
934,10497
934,11040
934,7108
934,13377
934,1009
934,578
934,6332
934,2072
934,4981
934,6856
934,7748
934,7807
934,2071
934,13170
934,6938
934,7100
934,4722
934,10494
934,9595
934,3042
935,13993
936,7869
936,3094
936,6720
936,2774
936,2819
937,3263
937,11089
937,3864
937,11184
937,7
937,11768
937,2571
937,12412
937,13507
937,13508
937,9156
937,9011
937,3685
937,10641
937,12194
937,745
937,86
937,8072
937,301
937,3462
937,11520
937,3947
937,2234
937,629
937,8456
937,88
937,8075
937,10842
937,10328
937,9954
937,1718
937,12522
937,9706
937,8693
937,2059
937,7854
937,2467
937,5944
937,2557
937,11733
937,5711
937,11857
937,5169
937,5170
937,4784
937,1166
937,5837
937,349
937,8848
937,1661
937,4890
937,2160
937,5976
937,4809
937,12103
937,4896
937,13321
938,8660
939,13158
939,11725
939,11396
939,975
939,9042
939,6793
939,12130
939,4762
939,1587
939,3151
939,12277
939,11498
939,3336
939,13124
939,11389
939,4935
939,1584
939,3865
939,6370
939,7083
939,9400
939,13185
939,11531
939,11893
939,3634
939,6867
939,6934
939,6956
939,11934
939,4508
939,13381
940,13048
940,13234
940,4055
940,950
940,8169
940,13504
941,3550
941,563
941,9454
941,4642
941,8412
941,13203
941,4920
941,6409
941,9572
941,14112
942,8873
942,8220
942,13362
942,2499
942,7553
942,9646
942,10758
942,625
942,9706
942,776
942,6590
942,5220
942,11224
943,8220
943,1217
943,677
943,9577
943,11705
943,129
943,13014
944,798
944,10710
944,1234
944,1822
944,2074
944,3263
944,3965
944,2208
944,4152
944,10594
944,1437
944,10852
944,10820
945,11783
945,3215
947,3473
947,11526
947,149
947,7439
947,3081
947,3807
947,8630
947,9706
947,5249
948,11725
948,13304
948,2512
948,11531
948,5682
948,11245
948,4457
948,955
948,6847
948,7545
948,1483
948,9832
948,13533
948,3261
948,3262
948,3426
948,11934
948,8712
948,13319
948,13050
948,13381
948,13410
948,13411
948,13593
948,7915
949,13330
949,3066
950,4413
950,3638
950,4120
950,1709
950,9577
950,5940
950,12522
950,10081
950,3164
950,6883
950,7170
950,11224
950,8219
950,6736
950,6393
950,6104
950,687
951,681
951,11243
951,8441
951,13395
951,13396
951,13402
951,2676
951,13415
951,13945
951,14022
952,1890
953,435
953,6498
953,3081
953,13015
953,6222
953,10490
953,6208
953,4548
953,3946
953,1169
953,8761
953,12988
953,3651
953,14131
955,11992
955,13308
955,3094
955,3638
955,8631
955,7807
955,11102
955,6021
955,2682
955,13468
955,5427
955,12374
955,13578
955,8822
955,7906
955,3550
955,5224
955,9706
955,5126
955,7420
955,3759
955,9782
955,3906
955,8076
955,10787
955,13363
955,13368
955,6336
955,9269
955,13477
955,13502
955,13503
955,13519
955,13520
955,13536
955,3715
955,13939
955,13951
955,13955
955,13981
955,9228
955,13987
955,8322
955,14011
955,14031
955,3021
955,14038
955,1702
955,14079
955,14132
956,14012
957,6016
957,4184
957,7826
957,4655
957,6502
957,1379
957,11198
957,1482
957,13595
957,13943
957,14128
958,2171
959,6016
959,13234
960,3638
960,10922
960,8220
960,2208
960,5103
960,13234
960,9577
960,745
960,9832
960,3543
960,2557
960,687
961,6016
961,1709
961,13234
961,10758
961,6128
961,3896
961,1503
961,374
962,11926
962,10758
962,6128
962,745
962,10328
963,2395
963,1260
964,962
964,3638
964,3066
964,9298
964,6016
964,9577
964,5654
964,6331
964,7906
964,10518
964,259
964,9706
964,11934
964,776
964,13959
964,5220
964,5520
964,2557
965,3473
965,11224
966,6016
966,7762
966,1709
966,13048
966,13234
966,5933
966,8613
967,13048
969,8220
970,7089
971,1709
972,433
972,2602
972,1808
973,9704
974,13310
974,13312
974,2027
974,13314
974,13330
974,8220
974,4558
974,631
974,9352
974,13048
974,13234
974,6931
974,9577
974,745
974,11700
974,6331
974,10328
974,1885
974,7906
974,7010
974,8985
974,4426
974,5520
974,12988
974,270
975,10710
975,1234
975,1822
975,4152
975,1437
975,9112
975,9192
975,11679
976,13234
976,2571
976,10758
976,6128
976,13514
976,5121
976,4080
976,11733
976,5711
976,11857
976,5169
976,4784
976,1166
976,5837
976,349
976,8848
976,1661
976,4890
976,2160
976,5976
976,4809
976,12103
977,12493
977,2894
977,12609
977,10126
977,7463
977,4077
977,6120
977,13048
977,1885
977,4116
978,7755
978,7041
978,12332
978,1229
978,7532
978,5983
978,14017
978,6305
979,8224
979,8220
979,6016
979,7755
979,1709
979,2258
979,4055
979,6122
979,11162
979,8051
979,8052
979,3960
979,8054
979,8058
979,6305
979,4053
979,8741
980,8875
980,4164
980,8744
980,2894
980,12609
980,10126
980,7463
980,13328
980,8220
980,2432
980,3179
980,8417
980,6985
980,9430
980,4873
980,3818
980,11731
980,5457
980,13048
980,7738
980,13234
980,557
980,1291
980,4846
980,1885
980,12213
980,9217
980,1005
980,3415
980,4154
980,10441
980,94
980,5322
980,10015
980,2237
981,7900
981,3984
981,3864
981,959
981,6252
981,4348
981,14035
982,13312
982,13313
982,9511
982,6016
982,3821
982,5103
982,7762
982,13048
982,13234
982,6312
982,2788
983,10131
983,6794
983,8028
983,12359
983,8029
983,94
983,10787
984,4094
984,11937
984,11266
984,2209
985,9079
985,13048
985,13234
985,4700
985,7564
985,2788
985,1808
986,9704
987,2894
987,5426
987,9079
987,13234
987,7792
987,5494
987,12449
987,3338
987,2051
987,6978
987,846
987,4700
987,10763
987,433
987,1808
988,13312
988,2027
988,7762
988,1709
988,13048
988,13234
988,144
988,4700
988,11700
989,7762
989,1709
989,13048
989,13234
989,13483
990,3965
990,6931
990,7211
991,2854
991,5103
991,10758
991,1351
991,745
991,5689
991,3990
991,8661
992,13134
992,11463
992,4638
992,2382
992,12022
992,3744
993,7900
993,11433
993,8875
993,2894
993,12609
993,10126
993,10916
993,6016
993,7762
993,13048
993,4700
993,8211
993,2788
993,5784
994,6016
994,7762
994,1709
994,13048
994,11770
994,13234
994,129
994,5567
994,250
994,232
994,738
994,498
995,6016
995,7755
995,1709
995,13234
995,12412
995,13508
995,9156
995,9011
995,3685
995,10641
995,12194
995,8671
995,8072
995,301
995,3462
995,11520
995,3947
995,2234
995,629
995,8456
995,88
995,8075
995,10842
995,11682
995,1718
995,4055
996,8220
996,6944
996,11560
996,10963
996,8116
996,13055
996,6910
996,4252
996,9215
996,9627
996,4326
996,12215
996,11931
996,517
996,599
996,6254
996,6259
996,11260
996,10275
996,9406
996,12214
996,12231
996,6253
996,12048
996,3380
996,6252
996,11451
996,10170
996,11064
996,9462
996,1642
996,13028
996,12226
996,10740
996,2727
996,11148
996,4363
996,6998
996,4455
996,11964
996,7615
996,10706
996,5881
996,7863
996,1955
996,12996
996,12997
996,12998
996,11970
996,6256
996,12661
996,2610
996,744
996,11658
996,10117
996,12259
996,4806
996,8650
996,13162
996,10416
996,12352
996,6010
996,11493
996,6247
996,3556
996,10991
996,11636
996,6454
996,13240
996,2661
996,12373
996,9609
996,2851
996,6257
996,8085
996,1238
996,12380
996,8854
996,13012
996,9669
996,9205
996,10289
996,8587
996,5740
996,1734
996,6305
997,4094
997,13510
997,4624
997,389
997,7958
997,6405
997,4055
997,6122
997,11162
997,8051
997,3960
997,8054
997,8058
997,6305
997,5959
997,4069
997,4053
998,7965
998,3354
998,12263
999,8804
999,5103
999,7762
999,13048
999,13234
999,557
999,9577
999,10408
999,11435
999,7613
999,2197
999,9902
999,2746
999,3435
999,2747
999,4295
999,8656
999,7616
999,3433
999,10885
999,12532
999,11510
999,12326
1000,12493
1000,13110
1000,7762
1000,1709
1000,13048
1000,11770
1000,13234
1000,10872
1000,7064
1000,6883
1000,2557
1001,13234
1001,4041
1001,13397
1001,13398
1001,13418
1001,13419
1001,13420
1001,10334
1001,13458
1001,13192
1001,1015
1001,13619
1001,13980
1002,10758
1002,9373
1002,3653
1002,12637
1003,6336
1003,3241
1003,745
1003,3543
1003,623
1003,9706
1003,6104
1003,687
1004,7585
1004,9850
1004,5486
1004,5103
1004,7755
1004,1709
1004,8890
1004,6060
1004,6366
1004,6216
1005,13337
1005,668
1005,429
1005,7755
1005,3271
1006,3235
1006,11184
1006,2153
1006,11179
1006,13048
1006,13234
1006,557
1006,9221
1006,1455
1006,3912
1006,2002
1006,6189
1006,10876
1006,150
1006,12305
1006,9785
1006,6601
1006,3276
1006,7501
1006,2139
1006,7854
1006,10668
1006,4053
1007,6679
1007,5600
1007,10041
1007,7762
1008,9729
1008,4985
1008,7987
1008,14123
1009,5239
1009,7585
1009,8226
1009,7943
1009,6016
1009,13048
1009,13234
1009,2061
1009,10089
1009,7072
1009,6676
1009,8890
1009,6060
1009,6366
1009,6216
1009,6325
1010,381
1010,12609
1010,4118
1010,3638
1010,1816
1010,10922
1010,7762
1010,13048
1010,13234
1010,9378
1010,6931
1010,9117
1010,144
1010,4130
1010,4700
1011,7900
1011,10753
1011,9150
1011,1526
1011,2854
1011,4594
1011,3825
1011,12761
1011,13234
1011,6931
1011,8293
1011,2776
1011,2783
1011,7993
1011,6618
1011,5755
1011,2953
1011,12615
1011,9179
1011,7465
1011,123
1011,9787
1011,9908
1011,5472
1011,6595
1011,12677
1011,2571
1011,2463
1011,6039
1011,10418
1011,2979
1011,1851
1011,6312
1011,7211
1011,6299
1011,745
1011,6331
1011,10328
1011,2132
1011,1455
1011,12466
1011,3691
1011,2118
1011,3912
1011,2002
1011,6114
1011,39
1011,738
1011,6877
1011,1519
1011,1828
1011,7854
1011,9740
1011,11824
1011,6385
1011,4771
1011,8076
1011,8810
1011,2117
1011,14124
1011,12181
1012,687
1013,1959
1013,5601
1013,7762
1013,13234
1013,3030
1014,13330
1014,8893
1014,9577
1014,9688
1014,13522
1014,2891
1014,9704
1014,8532
1014,6056
1014,1499
1014,7305
1014,13059
1014,9691
1014,1767
1014,6104
1015,3354
1015,339
1015,13234
1015,3865
1015,12660
1015,1455
1015,13952
1015,1503
1015,3215
1016,5103
1016,7762
1016,1709
1016,13234
1016,10335
1016,13265
1016,3990
1016,10501
1016,12884
1016,2868
1016,3014
1016,9297
1016,10491
1016,5000
1016,5322
1016,13046
1016,6288
1016,10145
1016,7442
1017,13501
1017,13986
1017,13996
1018,1551
1018,2390
1018,5239
1018,7585
1018,8226
1018,5123
1018,6016
1018,3821
1018,13234
1018,8889
1018,8890
1018,6060
1018,6366
1018,6216
1019,9978
1019,6016
1019,11934
1020,381
1020,8875
1020,3638
1020,6016
1020,7762
1020,1709
1020,13048
1020,11770
1020,13234
1020,557
1020,6931
1020,9117
1020,9704
1020,4700
1020,11700
1020,1582
1020,2788
1021,13312
1021,381
1021,7869
1021,3094
1021,6720
1021,10285
1021,8913
1021,8899
1021,8873
1021,8858
1021,975
1021,3669
1021,9079
1021,6016
1021,7755
1021,13234
1021,9378
1021,6931
1021,11700
1021,1371
1021,1808
1021,4055
1021,8051
1021,5959
1022,4463
1022,10723
1022,3821
1022,5103
1022,7762
1022,7755
1022,11770
1022,13234
1022,557
1022,10408
1022,11435
1022,7613
1022,2197
1022,9902
1022,2746
1022,3435
1022,2747
1022,4295
1022,8656
1022,7616
1022,3433
1022,10885
1022,12532
1022,11510
1022,12326
1022,10335
1022,13265
1022,3990
1022,12884
1022,3014
1022,10491
1022,5322
1022,13046
1022,6288
1022,10145
1022,4069
1022,4053
1023,6016
1023,5103
1023,7762
1023,7755
1023,1709
1023,13048
1023,13234
1023,959
1023,12466
1023,2864
1023,7854
1023,8076
1023,5837
1025,13310
1025,13311
1025,13312
1025,2027
1025,5071
1025,13314
1025,381
1025,8875
1025,4164
1025,8744
1025,3638
1025,1816
1025,13330
1025,8220
1025,13048
1025,13234
1025,6931
1025,11700
1025,2788
1025,3222
1025,1885
1026,9646
1027,13312
1027,13313
1027,7604
1027,1357
1027,4579
1027,8875
1027,4164
1027,8744
1027,2894
1027,12609
1027,10126
1027,9655
1027,6016
1027,5103
1027,13048
1027,13234
1027,9378
1027,6931
1027,9117
1027,4130
1027,9704
1027,1499
1027,5080
1027,4700
1027,5020
1027,11700
1027,1582
1027,2788
1027,6373
1027,6815
1027,3222
1027,5784
1027,13940
1027,13959
1027,11993
1027,433
1027,2602
1027,1808
1028,4337
1028,9970
1028,7629
1028,4849
1028,6217
1028,12576
1028,7792
1028,5494
1028,12449
1028,2051
1028,6978
1028,13032
1028,11614
1028,13089
1028,11527
1028,10518
1028,12071
1028,5278
1028,11775
1028,11549
1028,10510
1028,4920
1028,2602
1028,2911
1028,1764
1029,10041
1029,6870
1029,13234
1029,6130
1030,9875
1030,13110
1030,3078
1030,12991
1030,11585
1030,9986
1030,8220
1030,7494
1030,13234
1030,745
1030,13179
1031,6016
1031,4748
1031,10913
1031,2198
1032,12493
1032,9875
1032,13323
1032,3864
1032,11184
1032,10022
1032,9364
1032,5500
1032,9511
1032,5103
1032,7762
1032,13234
1032,557
1032,2571
1032,13508
1032,9156
1032,9011
1032,3685
1032,10641
1032,12194
1032,8671
1032,8072
1032,301
1032,3462
1032,11520
1032,3947
1032,2234
1032,629
1032,8456
1032,88
1032,8075
1032,10842
1032,11682
1032,1718
1033,6098
1033,6873
1034,10913
1034,2198
1035,3762
1035,680
1035,11990
1036,9352
1036,6793
1036,11770
1036,13234
1036,4131
1036,10335
1036,13265
1036,3990
1036,12884
1036,3014
1036,10491
1036,5322
1036,13046
1036,6288
1036,10145
1036,8661
1037,13048
1037,13234
1037,10131
1037,6794
1038,9804
1038,5426
1038,7762
1038,1709
1038,13048
1038,11621
1038,856
1038,13959
1038,10457
1038,433
1038,1808
1038,6787
1038,6305
1038,4053
1039,7604
1039,1357
1039,4579
1039,8875
1039,4164
1039,8744
1039,7869
1039,1816
1039,13234
1039,1885
1039,12208
1039,5453
1039,4053
1040,9322
1040,13483
1040,13921
1040,13922
1040,13923
1040,13973
1040,13975
1041,210
1041,435
1041,8220
1041,3705
1041,13061
1041,13234
1042,13310
1042,13312
1042,2027
1042,5071
1042,13314
1042,381
1042,8875
1042,2894
1042,12609
1042,10126
1042,7463
1042,4077
1042,13330
1042,6016
1042,13048
1042,13234
1042,9378
1042,6931
1042,9117
1042,144
1042,9704
1042,8532
1042,4700
1042,7564
1042,11700
1042,1582
1042,2788
1042,3168
1042,3222
1042,5784
1042,8051
1043,13048
1043,1291
1043,4846
1043,1885
1043,5322
1044,810
1044,6793
1044,7762
1044,7738
1044,13234
1044,557
1044,8325
1044,7213
1044,6005
1044,11236
1045,11952
1045,9804
1045,13234
1045,557
1045,8711
1045,856
1045,13959
1045,10457
1045,11162
1045,8058
1045,4053
1046,1709
1046,13234
1046,6325
1047,10098
1047,4431
1047,10254
1047,7468
1047,6469
1048,798
1048,8875
1048,4164
1048,8744
1048,2894
1048,12609
1048,10126
1048,7463
1048,4077
1048,6120
1048,10718
1048,11948
1049,5848
1049,6016
1049,13048
1049,13265
1050,7
1050,9577
1050,1058
1050,13544
1050,12992
1050,9706
1050,11785
1051,13234
1051,557
1051,6325
1052,8563
1052,7762
1052,1709
1052,13234
1052,4643
1052,8526
1054,856
1054,13959
1054,10457
1055,13330
1055,13234
1055,9704
1056,11631
1056,12881
1056,7765
1057,11184
1057,13015
1057,13048
1057,13234
1057,557
1057,5753
1057,6270
1057,12412
1057,9904
1057,1455
1057,6877
1057,6168
1057,2139
1057,7854
1057,8949
1057,4213
1057,3678
1057,423
1057,1478
1058,12493
1058,381
1058,11976
1058,6931
1058,9117
1058,4700
1058,7564
1058,8211
1058,4244
1058,5020
1058,11700
1058,1582
1058,2788
1058,6373
1058,1682
1058,5007
1058,9077
1058,10783
1058,6815
1058,3168
1058,3222
1058,5784
1058,3744
1058,856
1058,13959
1058,10457
1058,11901
1058,4932
1058,1417
1059,9511
1059,6016
1059,3821
1059,1709
1059,13048
1059,13234
1059,5266
1059,6305
1059,4069
1059,4053
1060,12194
1060,8072
1060,10842
1061,13234
1061,557
1061,6794
1062,13360
1062,10758
1062,6128
1062,7334
1062,8961
1062,6122
1062,8051
1062,8058
1063,10043
1063,4671
1063,9811
1064,3638
1064,8220
1064,13048
1064,13234
1064,530
1064,557
1064,5753
1064,9577
1064,1313
1064,10758
1064,5933
1064,9706
1064,8437
1064,8985
1064,4308
1064,2726
1065,8744
1065,6016
1065,5103
1065,7762
1065,1709
1065,13234
1065,557
1065,2602
1066,12493
1066,3078
1066,13177
1066,7762
1066,1709
1066,13234
1066,13472
1066,13506
1066,13994
1067,3821
1067,5103
1067,7762
1067,13234
1067,10408
1067,12532
1068,13234
1068,6815
1068,11848
1069,10098
1069,3310
1069,6469
1069,2996
1070,7048
1070,9435
1070,1747
1070,7453
1071,7900
1071,9150
1071,8220
1071,340
1071,4594
1071,1474
1071,3105
1071,4155
1071,6016
1071,7755
1071,13048
1071,13234
1071,8572
1071,7218
1071,7592
1071,11449
1071,9378
1071,6931
1071,9117
1071,12616
1071,10418
1071,10872
1071,5885
1071,2979
1071,1851
1071,6299
1071,11520
1071,11111
1071,11705
1071,10576
1071,13089
1071,10560
1071,2132
1071,3178
1071,12466
1071,5701
1071,2118
1071,6114
1071,9563
1071,10456
1071,4742
1071,6877
1071,7095
1071,6601
1071,5689
1071,7501
1071,10161
1071,1519
1071,1828
1071,4426
1071,5967
1071,6385
1071,3330
1071,6214
1071,1812
1071,9021
1071,2557
1071,4055
1071,14124
1071,1478
1071,12181
1072,13436
1072,13437
1072,13438
1072,13501
1072,13921
1072,13922
1072,13923
1073,13312
1073,13313
1073,6508
1073,2917
1073,6016
1073,1709
1073,1582
1073,2788
1073,3936
1073,1508
1074,2153
1074,1643
1074,6016
1074,5103
1074,7762
1074,7755
1074,1709
1074,13048
1074,11770
1074,13234
1074,530
1074,557
1074,5753
1074,2809
1074,10418
1074,5885
1074,959
1074,3946
1074,5463
1074,653
1074,10089
1074,8998
1074,11575
1074,2132
1074,3178
1074,9083
1074,3579
1074,6833
1074,1519
1074,1828
1074,2139
1074,13301
1074,10843
1074,13047
1074,5447
1074,4129
1074,2073
1074,5335
1074,3465
1074,2029
1074,8654
1074,10333
1074,8702
1074,2999
1074,10561
1074,12181
1075,12572
1075,6016
1075,13602
1075,13539
1075,13540
1076,810
1076,6793
1076,6016
1076,7762
1076,7755
1076,1709
1076,7738
1076,13234
1076,557
1076,8325
1076,6005
1076,11236
1077,13048
1077,9360
1077,7339
1078,7900
1078,3984
1078,11184
1078,8825
1078,4828
1078,7762
1078,7755
1078,13234
1078,13464
1078,11694
1078,7818
1078,13471
1078,11560
1078,13475
1078,9956
1078,10889
1078,12616
1078,8130
1078,8369
1078,11478
1078,3912
1078,2002
1078,10212
1078,6462
1078,2864
1078,7530
1078,8076
1078,146
1078,7950
1078,8982
1079,13177
1079,7900
1079,11184
1079,6016
1079,7762
1079,13234
1079,557
1079,6931
1079,3598
1079,2979
1079,1851
1079,11705
1079,2132
1079,3178
1079,12933
1079,5391
1079,1519
1079,1828
1079,2557
1079,4055
1079,6122
1079,8054
1079,8058
1079,6305
1079,1478
1079,12181
1080,2208
1080,5103
1080,7762
1080,7755
1080,1709
1080,13048
1080,13234
1080,557
1080,13468
1081,7765
1081,6489
1081,11147
1081,3818
1081,11731
1081,9511
1081,6016
1081,7762
1081,13048
1081,13234
1081,557
1081,5933
1081,8613
1081,13265
1081,3990
1081,12884
1081,3014
1081,10491
1081,5322
1081,13046
1081,6288
1081,10145
1082,6296
1083,7762
1083,13048
1083,13234
1083,4700
1083,1808
1084,11426
1084,13234
1084,652
1084,7568
1084,3407
1084,9968
1084,477
1085,13048
1085,9704
1086,7900
1086,11433
1086,8875
1086,4164
1086,8744
1086,2894
1086,12609
1086,10126
1086,10916
1086,13048
1087,9704
1087,6056
1087,5933
1087,8613
1088,7762
1088,13048
1088,13234
1088,433
1088,2602
1088,1808
1088,4055
1088,11162
1088,5959
1088,4896
1088,4069
1089,13065
1089,433
1089,2602
1089,1808
1090,4152
1090,10594
1090,1437
1090,10852
1090,9112
1090,13048
1090,13234
1091,13110
1091,11897
1091,13048
1091,13233
1091,13234
1092,8220
1092,13362
1092,9646
1092,5103
1092,13234
1092,10758
1092,12481
1092,776
1092,5220
1093,1357
1093,7900
1093,11433
1093,8875
1093,2894
1093,13048
1093,6931
1095,3646
1095,1709
1095,13234
1095,3987
1096,8220
1096,13360
1096,9706
1097,4155
1099,4935
1099,1709
1099,12184
1099,6883
1099,7170
1100,4935
1100,1709
1100,6883
1100,7170
1101,13234
1101,4624
1101,69
1102,2208
1102,2733
1102,1428
1102,9801
1102,10273
1102,8453
1102,6507
1103,1735
1103,5457
1103,13234
1103,6225
1104,8875
1104,4164
1104,8744
1104,2894
1104,12609
1104,10126
1105,9704
1106,2854
1106,677
1106,6016
1106,2557
1107,1816
1107,9511
1107,6016
1107,7755
1107,13048
1107,11770
1108,6016
1108,13539
1108,13540
1108,1279
1109,12493
1109,3638
1109,13350
1109,2208
1109,10990
1109,7
1109,6016
1109,11770
1109,13234
1109,9318
1109,514
1109,1351
1109,4253
1109,1189
1109,5933
1109,592
1109,9706
1109,1540
1109,10523
1109,8712
1109,11801
1109,7170
1109,480
1109,3776
1109,12156
1110,13158
1110,11725
1110,8899
1110,13304
1110,8220
1110,9978
1110,1584
1110,13234
1110,11531
1110,11934
1110,5689
1110,4508
1110,932
1110,4053
1111,3638
1111,3066
1111,9577
1111,9360
1111,745
1111,5741
1112,8220
1112,13234
1112,10023
1112,8914
1112,7083
1112,9706
1112,776
1112,1196
1113,13234
1113,6553
1113,3372
1115,11952
1115,9804
1115,3744
1115,8711
1115,7870
1115,13959
1115,10457
1116,12143
1116,13320
1116,3314
1116,10187
1116,11682
1116,5728
1117,8220
1118,11926
1118,9577
1118,1161
1118,8029
1118,745
1118,5654
1118,10328
1118,623
1118,94
1118,7906
1118,5520
1118,687
1119,4055
1119,13506
1119,13994
1120,8072
1120,301
1120,3462
1120,11520
1120,3947
1120,2234
1120,629
1120,8456
1120,88
1120,8075
1120,10842
1120,10843
1120,14118
1121,6016
1121,1709
1121,13048
1121,13468
1122,9875
1122,3638
1122,592
1123,7439
1123,8724
1124,6883
1124,7170
1124,3473
1125,4935
1125,6207
1125,6883
1125,7170
1126,8169
1126,13450
1127,281
1127,4558
1127,13349
1127,1709
1127,13234
1127,3543
1127,3426
1127,9704
1127,2554
1127,4882
1127,11243
1127,374
1127,2557
1127,4055
1128,9577
1128,514
1128,745
1128,2357
1129,12026
1129,13285
1129,4594
1129,11226
1129,1474
1129,8984
1129,9082
1129,4731
1129,13144
1129,6840
1129,13048
1129,13234
1129,11843
1129,6223
1129,3691
1129,6114
1129,9649
1129,4349
1129,7675
1129,5447
1129,2073
1129,2029
1129,10439
1129,8702
1129,1989
1129,9890
1129,4771
1129,8761
1129,604
1129,5928
1130,1709
1130,13234
1130,783
1130,7170
1131,10445
1131,3543
1131,623
1131,11160
1131,9706
1132,643
1133,13970
1133,13971
1133,13972
1133,13974
1133,13986
1134,129
1135,13048
1135,9704
1136,8532
1137,12730
1137,4005
1137,5563
1137,7463
1137,4077
1137,6120
1137,13048
1138,12029
1138,9277
1138,1784
1139,2894
1139,10126
1139,13234
1139,6931
1139,4700
1139,11700
1139,5784
1140,330
1140,11690
1140,5103
1140,7762
1140,1709
1140,13234
1140,530
1140,557
1140,489
1140,11867
1140,4211
1140,6155
1140,8191
1141,12276
1141,7682
1141,7170
1142,7
1142,1709
1142,13234
1142,557
1142,7116
1143,7691
1143,10568
1143,5103
1143,7755
1143,1709
1144,9298
1144,9577
1144,3024
1144,7906
1144,10518
1144,3960
1145,1260
1145,7762
1145,7755
1145,1709
1145,13234
1145,5485
1145,3599
1145,1196
1146,9378
1146,6373
1146,2769
1147,14062
1147,10695
1148,7755
1148,1709
1148,13234
1148,557
1148,6752
1148,3171
1148,6481
1148,11162
1148,4053
1149,2703
1149,12650
1149,11770
1149,489
1149,9117
1149,8072
1149,11682
1149,4078
1149,8368
1149,1108
1149,5299
1149,4581
1150,8826
1150,4884
1151,9795
1151,349
1152,12881
1152,7765
1152,2432
1152,3179
1152,7185
1152,8417
1152,6679
1152,5600
1152,10041
1152,6985
1152,6489
1152,11147
1152,11188
1152,9094
1152,9430
1152,4873
1152,3818
1152,11731
1152,631
1152,3769
1152,17
1152,1877
1152,11684
1152,1314
1152,9207
1152,2603
1152,4377
1153,12493
1153,13234
1153,557
1153,3865
1153,12660
1153,13565
1153,1455
1153,13952
1153,4642
1153,687
1154,13234
1154,14061
1155,7755
1155,1709
1155,13234
1155,2132
1155,4742
1155,6385
1156,11184
1156,8006
1156,1709
1156,13234
1156,9787
1156,9908
1156,5472
1156,959
1156,4132
1156,13275
1156,8998
1156,11575
1156,5853
1156,6214
1156,2557
1156,11562
1156,1478
1157,10490
1157,12522
1157,3175
1158,6016
1158,7755
1158,407
1158,3171
1159,12493
1159,12026
1159,13285
1159,11038
1159,11184
1159,2153
1159,11179
1159,9082
1159,12147
1159,6016
1159,5103
1159,7755
1159,1709
1159,13048
1159,13233
1159,13234
1159,242
1159,10048
1159,10872
1159,10822
1159,1455
1159,3912
1159,2002
1159,4742
1159,10372
1159,6601
1159,7501
1159,2139
1159,519
1159,3185
1159,7854
1159,6428
1159,2467
1159,6125
1159,9692
1159,379
1159,12479
1159,11840
1159,10107
1159,2557
1159,12181
1160,13234
1160,10131
1160,6794
1160,11554
1161,12520
1161,8220
1161,13494
1161,2132
1161,9706
1161,13989
1161,9161
1161,10993
1161,570
1161,318
1161,63
1161,2623
1161,1774
1161,7694
1161,4435
1161,1889
1161,6624
1161,10138
1161,8025
1161,12767
1161,3251
1161,7000
1161,2608
1161,1641
1161,8243
1161,8239
1161,1749
1161,14004
1161,10350
1161,12633
1161,9383
1161,101
1161,4399
1161,12817
1161,4336
1161,373
1161,14005
1161,14006
1161,14007
1161,1810
1161,6423
1161,10504
1161,10157
1161,4374
1161,2239
1161,7404
1161,14008
1161,228
1161,11168
1161,414
1161,240
1161,11766
1161,9092
1161,336
1161,14009
1161,3345
1161,9963
1161,5792
1161,12630
1161,14124
1162,11467
1162,1730
1163,8006
1163,7419
1163,7762
1163,13234
1163,9787
1163,9908
1163,5472
1163,959
1163,13275
1163,8998
1163,11575
1163,10362
1163,5970
1163,3342
1163,11562
1163,12181
1164,7900
1164,3235
1164,11184
1164,5103
1164,7762
1164,7755
1164,1709
1164,13234
1164,7235
1164,6931
1164,242
1164,2776
1164,6618
1164,12412
1164,10418
1164,10872
1164,5885
1164,2979
1164,1851
1164,12430
1164,2132
1164,3178
1164,1455
1164,3912
1164,5567
1164,7501
1164,11549
1164,1519
1164,1828
1164,2139
1164,7854
1164,10668
1164,6385
1164,8810
1164,4055
1164,6305
1164,14124
1164,1478
1164,12181
1164,4631
1165,798
1165,10710
1165,1234
1165,1822
1165,2074
1165,2208
1165,4152
1165,10594
1165,1437
1165,10852
1165,9112
1166,1526
1166,8220
1166,2854
1166,6119
1166,13362
1166,11184
1166,8825
1166,9082
1166,7553
1166,5103
1166,7762
1166,7755
1166,1709
1166,13234
1166,557
1166,784
1166,2139
1166,7854
1166,5694
1166,2557
1166,3678
1166,423
1167,8403
1167,7900
1167,11433
1167,3984
1167,11184
1167,7409
1167,7755
1167,13048
1167,13234
1167,557
1167,13459
1167,4907
1167,8666
1167,162
1167,10418
1167,10872
1167,5885
1167,3318
1167,959
1167,2132
1167,3178
1167,1455
1167,12466
1167,11478
1167,1519
1167,1828
1167,9740
1167,6385
1167,453
1167,6125
1167,8076
1167,8810
1167,12181
1168,13234
1168,1020
1169,8220
1169,9646
1169,12504
1169,13234
1169,932
1170,7755
1170,13234
1170,557
1170,5753
1170,776
1170,6590
1170,5121
1171,3802
1171,6878
1171,13234
1171,5266
1171,2424
1171,6305
1171,4069
1172,9832
1172,9366
1172,9706
1172,9968
1173,6498
1173,4203
1173,7905
1173,10690
1173,13048
1173,13234
1173,3348
1173,58
1173,7453
1174,7755
1174,13234
1174,3912
1174,2002
1175,12026
1175,9150
1175,11038
1175,11184
1175,11179
1175,6016
1175,5103
1175,7762
1175,7755
1175,1709
1175,13234
1175,242
1175,4907
1175,9360
1175,6752
1175,10822
1175,10328
1175,1455
1175,5701
1175,3912
1175,2002
1175,6189
1175,10876
1175,150
1175,12305
1175,9785
1175,10372
1175,9113
1175,6601
1175,7501
1175,2139
1175,7854
1175,6428
1175,10668
1175,2594
1175,6125
1175,2557
1175,4055
1177,9150
1177,11749
1177,11184
1177,20
1177,8293
1177,2776
1177,4907
1177,3421
1177,2571
1177,2463
1177,6039
1177,1455
1177,3165
1177,12354
1177,2139
1177,7854
1177,7339
1177,12550
1178,5426
1178,13065
1178,9079
1178,7762
1178,7755
1178,13048
1178,7738
1178,13234
1178,11700
1178,433
1178,1808
1179,381
1179,8875
1179,4164
1179,8744
1179,3638
1179,1816
1179,9511
1179,7755
1179,13048
1179,13234
1179,6931
1179,144
1179,9704
1179,4700
1179,11700
1180,9511
1180,7755
1180,7738
1180,13234
1180,3542
1180,2970
1180,11415
1180,13537
1180,1407
1181,5480
1181,8563
1181,7762
1181,7755
1181,1709
1181,13234
1181,4643
1181,8526
1182,8220
1182,7762
1182,13234
1182,13468
1183,6793
1183,13390
1183,7839
1183,7914
1183,4021
1183,12660
1183,5726
1183,13954
1184,9704
1185,6016
1185,13048
1186,1860
1186,673
1186,9192
1186,11679
1187,9706
1188,6016
1190,10710
1193,13234
1194,7463
1194,4077
1194,13048
1195,9117
1195,2788
1195,2819
1196,3646
1196,8220
1196,11897
1196,6863
1196,11884
1196,7269
1196,7217
1196,1218
1196,3110
1196,13234
1196,3304
1196,13179
1196,11785
1197,12493
1197,13234
1197,13495
1197,2655
1198,12660
1198,13565
1198,13953
1199,12493
1199,3576
1199,4685
1199,2139
1199,4508
1199,6064
1199,10561
1200,12060
1200,12443
1200,13234
1200,9980
1200,12453
1201,3802
1201,6878
1201,5266
1201,2424
1201,11162
1201,8058
1201,6305
1201,4053
1202,13048
1202,13234
1202,8166
1203,13468
1205,5933
1205,8613
1205,11340
1205,10289
1206,12572
1206,10913
1206,13539
1206,13540
1206,1279
1207,7762
1207,13048
1207,13234
1207,7870
1207,10457
1208,13436
1208,13437
1208,13438
1208,13501
1208,13921
1208,13922
1208,13923
1208,13975
1208,13976
1208,13997
1209,2854
1209,1618
1209,6555
1209,12761
1209,8006
1209,13048
1209,13234
1209,557
1209,8293
1209,13457
1209,7322
1209,12960
1209,2776
1209,3421
1209,11694
1209,13466
1209,123
1209,5472
1209,11515
1209,7818
1209,2571
1209,6039
1209,8130
1209,13479
1209,959
1209,11478
1209,2864
1209,12522
1209,13182
1209,8067
1209,12695
1209,5520
1209,6125
1209,8982
1209,2557
1209,12181
1210,8224
1210,11184
1210,5103
1210,7762
1210,7755
1210,13234
1210,530
1210,557
1210,5753
1210,7213
1210,8328
1210,13474
1210,2139
1210,13301
1210,8540
1210,7854
1210,2557
1210,8051
1211,13963
1211,13332
1211,13364
1211,13366
1211,13367
1211,13370
1211,4618
1212,1234
1212,5580
1212,2395
1212,11585
1212,11310
1212,9986
1212,7129
1212,3360
1212,8181
1212,10916
1212,13349
1212,6679
1212,5600
1212,10041
1212,950
1212,6793
1212,10820
1212,7494
1212,8192
1212,10596
1212,7553
1212,9511
1212,6016
1212,12504
1212,3821
1212,5103
1212,7762
1212,7755
1212,1709
1212,13048
1212,11770
1212,7738
1212,13234
1212,557
1212,5753
1212,995
1212,10915
1212,2722
1212,2213
1212,10031
1212,6098
1212,13179
1212,13528
1212,465
1212,3171
1212,4700
1212,11700
1212,6373
1212,11535
1212,3124
1212,4858
1212,856
1212,10457
1212,3164
1212,6883
1212,7170
1212,8441
1212,2593
1212,1890
1212,5069
1212,12156
1212,6038
1212,3842
1212,10787
1212,8054
1212,6305
1212,4896
1212,4053
1212,9510
1213,12493
1213,9150
1213,1709
1213,13234
1213,9322
1213,2020
1213,2809
1213,4907
1213,10966
1213,760
1213,13089
1213,4003
1213,3912
1213,3579
1213,7501
1213,7339
1213,2557
1213,9195
1214,2586
1214,7743
1214,7010
1214,10081
1215,13048
1215,13233
1215,13234
1215,530
1215,557
1215,5753
1216,7463
1216,3821
1216,5103
1216,7762
1216,7755
1216,1709
1216,13048
1216,13234
1216,557
1216,4700
1216,7564
1216,6373
1216,5784
1216,433
1216,1808
1217,8220
1217,13360
1217,10758
1217,7477
1217,11893
1217,9706
1217,374
1217,9562
1218,9664
1218,4630
1218,8501
1218,1639
1218,2245
1218,13053
1219,9150
1219,11184
1219,664
1219,1744
1219,7978
1219,1963
1219,11485
1219,1551
1219,11226
1219,2390
1219,8030
1219,11179
1219,2816
1219,10344
1219,9082
1219,7316
1219,4731
1219,13234
1219,11843
1219,5912
1219,12334
1219,5935
1219,2571
1219,10758
1219,6128
1219,959
1219,1455
1219,3691
1219,3377
1219,6114
1219,39
1219,9563
1219,10456
1219,4742
1219,3534
1219,7095
1219,7501
1219,12328
1219,5121
1219,2139
1219,6265
1219,8702
1219,1989
1219,7854
1219,2467
1219,6385
1219,4771
1219,8761
1219,6125
1219,5944
1219,506
1219,1812
1219,2557
1220,8873
1220,12897
1220,2854
1220,6119
1220,8043
1220,11089
1220,1717
1220,11184
1220,11181
1220,8825
1220,10571
1220,10344
1220,9082
1220,5103
1220,13234
1220,557
1220,2253
1220,2571
1220,10758
1220,6128
1220,9158
1220,1118
1220,959
1220,4551
1220,13524
1220,11520
1220,10328
1220,5463
1220,8998
1220,8602
1220,12522
1220,2927
1220,7501
1220,1788
1220,7064
1220,1227
1220,9840
1220,5121
1220,2139
1220,5120
1220,7854
1220,11229
1220,5694
1220,12271
1220,7857
1220,2467
1220,5666
1220,11840
1220,2557
1220,4055
1220,1478
1221,810
1221,6793
1221,557
1221,8325
1221,6005
1222,4152
1222,10594
1222,1437
1222,10852
1222,9112
1222,13048
1223,13177
1223,8224
1223,11184
1223,6016
1223,5103
1223,7762
1223,7755
1223,1709
1223,13048
1223,13233
1223,13234
1223,557
1223,6931
1223,9117
1223,2776
1223,10418
1223,10872
1223,5885
1223,3318
1223,2979
1223,1851
1223,2132
1223,3178
1223,7501
1223,1519
1223,1828
1223,6385
1223,12181
1224,13234
1224,10418
1224,10872
1224,5885
1224,2979
1224,959
1224,1851
1224,2132
1224,12466
1224,11478
1224,1519
1224,1828
1224,8076
1224,4055
1224,6122
1224,8054
1224,8058
1225,4005
1225,4077
1225,7755
1225,1709
1226,8220
1226,9298
1226,4426
1226,687
1227,4005
1227,4077
1227,13234
1228,1799
1228,1123
1228,1712
1228,13234
1228,1252
1228,1848
1228,13621
1229,6016
1229,13048
1229,6883
1229,7170
1230,9360
1230,6722
1230,7028
1230,10335
1230,13265
1230,3990
1230,12884
1230,3014
1230,10491
1230,5322
1230,13046
1230,6288
1230,10145
1231,11749
1231,9787
1231,8307
1231,7453
1231,13581
1231,14045
1231,14047
1231,14048
1231,14053
1231,14054
1232,8056
1232,950
1232,13528
1232,9175
1232,9137
1232,6260
1232,10387
1232,6880
1232,6897
1232,11348
1232,10843
1232,13047
1232,5447
1232,4129
1232,2073
1232,3465
1232,2029
1232,8654
1232,2593
1232,11923
1232,9046
1235,6016
1235,5103
1235,7762
1235,7755
1235,1709
1235,13048
1235,13234
1235,10408
1235,11435
1235,7613
1235,2197
1235,9902
1235,2746
1235,3435
1235,2747
1235,4295
1235,8656
1235,7616
1235,3433
1235,10885
1235,12532
1235,11510
1235,12326
1235,11896
1235,13596
1236,798
1236,7762
1236,13234
1236,6750
1236,10335
1236,13265
1236,3990
1236,12884
1236,3014
1236,10491
1236,5322
1236,13046
1236,6288
1236,10145
1236,4055
1237,3609
1237,6075
1237,11202
1237,11627
1238,8220
1238,13234
1238,10758
1238,5121
1242,3807
1243,3097
1243,7762
1243,13234
1243,10408
1243,11435
1243,7613
1243,2197
1243,9902
1243,2746
1243,3435
1243,2747
1243,4295
1243,8656
1243,7616
1243,3433
1243,10885
1243,12532
1243,11510
1243,12326
1243,11835
1244,8875
1244,4164
1244,8744
1244,2894
1244,12609
1244,10126
1244,4152
1244,10594
1244,1437
1244,10852
1244,9112
1244,6016
1244,7762
1244,1709
1244,13048
1244,13234
1244,9704
1244,4700
1244,11700
1244,433
1244,1808
1245,7755
1245,13048
1245,13234
1245,12660
1245,13954
1245,4055
1246,4164
1246,4077
1246,4152
1246,10594
1246,1437
1246,10852
1246,6016
1246,5103
1246,13048
1246,13234
1246,557
1246,9704
1246,8532
1246,1582
1246,2788
1246,5933
1246,8613
1246,433
1246,1503
1246,6305
1246,5959
1247,6016
1247,7762
1247,7755
1247,1709
1247,13234
1247,10081
1247,3164
1248,8875
1248,4164
1248,8744
1249,8875
1249,4164
1249,8744
1249,2894
1249,12609
1249,10126
1249,2208
1249,6016
1249,13234
1249,530
1249,557
1249,5753
1250,8744
1251,3324
1251,1080
1251,6464
1251,3939
1252,3241
1252,13234
1252,530
1252,557
1252,5753
1252,6883
1252,7170
1252,4053
1253,9042
1253,9795
1253,7
1253,4935
1253,7762
1253,7755
1253,1709
1253,2718
1253,5349
1253,457
1253,10081
1253,3164
1253,6883
1253,7170
1253,7369
1253,8441
1253,932
1253,8516
1253,4055
1253,11162
1253,6305
1253,4069
1253,4053
1254,1735
1254,13342
1254,7762
1254,1709
1254,9360
1255,13312
1255,381
1255,13234
1255,6931
1255,9117
1255,11700
1256,8875
1256,4164
1256,8744
1256,2894
1256,12609
1256,10126
1256,8220
1256,2432
1256,3179
1256,8417
1256,5600
1256,6985
1256,13234
1257,8220
1257,12881
1257,7765
1257,2432
1257,3179
1257,7185
1257,8417
1257,6679
1257,5600
1257,10041
1257,6985
1257,6489
1257,11147
1257,11188
1257,9094
1257,9430
1257,4873
1257,3818
1257,11731
1257,631
1257,3769
1257,17
1257,1877
1257,11684
1257,1314
1257,9207
1257,2603
1257,13234
1258,7900
1258,11433
1258,2894
1258,12609
1258,10126
1258,10916
1258,11152
1259,2894
1259,13498
1259,4700
1259,5933
1260,5933
1260,8613
1262,5933
1262,8613
1263,7592
1264,4152
1264,10594
1264,1437
1264,13234
1264,8051
1265,11248
1266,3171
1266,6272
1266,2285
1267,6510
1267,3821
1267,13473
1267,12774
1267,652
1267,7568
1267,9968
1267,6305
1267,4053
1268,10568
1269,7
1269,5103
1269,7762
1269,7755
1269,1709
1269,13234
1270,2970
1270,6325
1272,3646
1272,13048
1272,13234
1272,3987
1273,11160
1274,7755
1274,12660
1274,13953
1274,4055
1275,580
1275,13276
1275,6793
1275,7914
1275,13234
1275,13472
1275,5726
1275,9332
1275,13506
1275,13994
1275,7890
1276,10594
1276,1437
1276,9112
1277,13436
1277,13437
1277,13438
1277,13501
1277,13921
1277,13922
1277,13923
1278,13436
1278,13437
1278,13438
1278,13501
1278,13921
1278,13922
1278,13923
1279,13371
1280,2714
1280,13463
1281,13177
1281,9150
1281,11184
1281,13015
1281,6016
1281,13234
1281,8293
1281,2776
1281,2571
1281,4742
1281,7501
1281,2139
1281,7854
1281,7339
1281,2242
1281,2557
1282,2571
1282,9572
1283,10335
1283,13265
1283,3990
1283,12884
1283,3014
1283,10491
1283,5322
1283,13046
1283,6288
1283,10145
1284,3638
1284,13234
1284,11785
1285,7463
1285,13048
1286,2769
1289,8220
1289,13234
1289,10758
1289,5121
1289,8860
1290,8220
1290,9646
1290,13234
1290,10758
1290,5080
1290,9706
1290,5121
1290,8860
1290,2726
1291,3542
1291,2970
1291,11415
1291,13537
1292,2672
1292,11500
1292,4944
1292,9036
1292,11820
1293,4161
1293,3638
1293,11749
1293,11770
1293,12029
1293,5775
1293,4135
1293,9643
1293,11134
1293,2331
1293,8267
1293,4426
1293,8577
1293,13937
1293,13938
1293,13950
1294,11526
1294,3081
1295,3263
1295,328
1296,7792
1296,5494
1296,12449
1296,3338
1296,2051
1296,6978
1296,846
1297,9704
1300,9795
1300,7894
1300,4155
1300,9646
1300,8037
1300,9577
1300,4094
1300,9832
1300,11705
1300,3543
1300,129
1300,2061
1300,1927
1300,12049
1300,9706
1300,652
1300,4858
1300,5220
1300,12988
1300,10913
1300,2057
1301,1890
1302,13048
1302,13234
1302,9704
1303,2573
1304,2829
1305,11526
1305,149
1305,7439
1305,3081
1305,13234
1305,6883
1305,5368
1306,6104
1306,687
1307,9119
1307,10553
1307,4228
1307,3272
1307,13273
1307,3273
1307,4915
1307,2582
1307,1145
1307,13226
1307,7268
1307,1771
1307,11248
1307,5685
1307,12564
1307,1608
1307,11368
1307,2604
1307,10465
1307,7907
1307,10053
1307,10114
1307,11669
1307,2286
1307,8093
1307,9719
1307,10400
1307,7364
1307,7368
1307,3295
1307,764
1307,2389
1307,12470
1308,8220
1310,11566
1311,13048
1311,6104
1312,504
1312,660
1312,3896
1312,11594
1313,4821
1314,8220
1314,2208
1314,8683
1314,12881
1314,7765
1314,2432
1314,3179
1314,7185
1314,8417
1314,6679
1314,5600
1314,10041
1314,6985
1314,6489
1314,11147
1314,11188
1314,9094
1314,9430
1314,4873
1314,3818
1314,11731
1314,631
1314,3769
1314,17
1314,1877
1314,11684
1314,1314
1314,9207
1314,2603
1314,6016
1314,13234
1314,9285
1314,13024
1314,6225
1314,12213
1314,9217
1314,9848
1314,13256
1314,1890
1314,10787
1315,4152
1315,4434
1315,10920
1316,9378
1316,6931
1316,144
1316,4130
1316,9704
1317,6793
1317,4152
1317,10594
1317,1437
1317,10852
1317,9112
1318,1885
1318,13959
1318,10457
1318,10335
1318,13265
1318,3990
1318,12884
1318,3014
1318,10491
1318,5322
1318,13046
1318,6288
1318,10145
1318,2819
1319,6016
1319,7762
1319,11705
1319,3543
1319,8860
1321,7029
1322,8875
1322,4164
1322,8744
1322,2894
1322,12609
1322,10126
1322,7463
1322,4077
1322,6120
1322,13234
1322,4700
1322,7564
1322,8211
1322,4244
1322,5020
1322,11700
1322,1582
1322,2788
1322,6373
1322,1682
1322,5007
1322,9077
1322,10783
1322,6815
1322,3222
1322,5784
1323,9378
1323,6931
1323,9117
1323,144
1323,4130
1324,4152
1324,10594
1324,1437
1325,343
1326,9119
1326,10553
1326,4228
1326,3272
1326,13273
1326,3273
1326,4915
1326,2582
1326,1145
1326,13226
1326,7268
1326,1771
1326,11248
1326,5685
1326,12564
1326,1608
1326,11368
1326,2604
1326,10465
1326,7907
1326,10053
1326,10114
1326,11669
1326,2286
1326,8093
1326,9719
1326,10400
1326,7364
1326,7368
1326,3295
1326,764
1326,2389
1326,12470
1327,3473
1327,3081
1328,3360
1328,8220
1328,10758
1328,745
1328,3543
1328,5654
1328,10328
1328,1885
1328,5940
1328,9706
1328,11934
1328,4426
1328,3164
1328,9708
1328,5220
1328,11224
1328,2557
1328,11785
1329,494
1329,5102
1329,13521
1330,13048
1330,8661
1331,1968
1331,1709
1331,13234
1331,3882
1331,8553
1332,13234
1332,12660
1332,1455
1332,13952
1333,7900
1333,9150
1333,2854
1333,9795
1333,11184
1333,13234
1333,959
1333,8086
1333,3929
1333,10328
1333,5463
1333,12494
1333,8602
1333,3178
1333,11682
1333,10835
1333,1185
1333,3579
1333,7501
1333,2139
1333,7854
1333,6125
1333,2557
1334,10408
1334,11435
1334,7613
1334,2197
1334,9902
1334,2746
1334,3435
1334,2747
1334,4295
1334,8656
1334,7616
1334,3433
1334,10885
1334,12532
1334,11510
1334,12326
1334,10915
1334,378
1334,2722
1334,2213
1334,9842
1335,3821
1335,5103
1335,7762
1335,1709
1335,13048
1335,13234
1335,557
1335,12660
1335,13565
1335,1455
1335,13506
1336,13330
1336,9704
1337,8127
1337,5565
1338,5103
1338,7755
1338,13234
1338,12660
1338,13565
1338,13953
1339,13330
1339,13141
1339,7762
1339,1709
1339,13048
1339,13234
1339,9704
1339,11835
1340,3576
1340,8891
1340,10913
1340,2198
1341,6469
1343,12301
1343,3171
1343,12465
1343,3978
1343,5515
1343,1080
1343,7682
1343,3271
1343,10422
1344,2432
1344,5103
1344,7762
1344,7755
1344,1709
1344,13048
1344,13234
1344,557
1344,13468
1344,1291
1344,4846
1344,1885
1344,6225
1344,12448
1344,7271
1344,94
1344,5322
1344,8058
1344,6305
1345,13234
1345,10334
1346,970
1346,12143
1346,3473
1346,10199
1346,13051
1346,6255
1346,6510
1346,9839
1346,3801
1346,3238
1346,6887
1346,11319
1346,3451
1346,11579
1346,8356
1346,13407
1346,1341
1346,7143
1346,4245
1346,7762
1346,13048
1346,11055
1346,617
1346,11449
1346,8780
1346,5841
1346,13463
1346,13021
1346,7548
1346,11177
1346,9360
1346,9688
1346,523
1346,18
1346,10765
1346,13543
1346,391
1346,6301
1346,4560
1346,8418
1346,10701
1346,11691
1346,1169
1346,2510
1346,9799
1346,13595
1346,11896
1346,13596
1346,266
1346,6766
1346,13624
1346,10906
1346,13627
1346,13924
1346,286
1346,4891
1346,3579
1346,7398
1346,5261
1346,607
1346,7703
1346,8041
1346,13991
1346,4882
1346,11210
1346,1977
1346,14023
1346,10963
1346,9627
1346,11931
1346,10275
1346,1642
1346,4455
1346,11658
1346,13162
1346,10416
1346,12352
1346,12373
1346,12380
1346,8854
1346,9669
1346,9205
1346,14059
1346,8542
1346,6524
1346,5566
1346,6049
1346,2492
1346,8104
1346,14058
1346,9313
1346,7275
1346,12469
1346,715
1346,6602
1346,3859
1346,11733
1346,5837
1346,2160
1346,4809
1346,11056
1346,6305
1346,4053
1346,11914
1346,5092
1346,8929
1346,14060
1346,1972
1346,6220
1347,5457
1347,9080
1347,7534
1347,12856
1347,7533
1347,5301
1347,1291
1347,2914
1347,476
1347,7820
1347,11530
1347,2406
1347,11969
1347,11617
1347,7538
1347,382
1347,5552
1347,4846
1347,3411
1347,7796
1347,4674
1347,4017
1347,4497
1347,2644
1347,1885
1347,1558
1347,2244
1347,4945
1347,12208
1347,5453
1347,5314
1347,94
1347,6680
1347,9147
1347,1997
1347,6187
1347,11904
1347,3135
1347,10118
1347,11660
1347,9041
1347,11848
1347,3113
1348,13234
1348,11733
1348,5711
1348,11857
1348,5169
1348,4784
1348,1166
1348,5837
1348,349
1348,8848
1348,1661
1348,4890
1348,2160
1348,5976
1348,4809
1348,12103
1349,877
1350,13134
1350,11463
1350,4638
1350,2382
1350,12022
1350,5574
1350,1016
1350,3744
1350,12299
1350,6589
1351,2221
1351,12359
1351,259
1352,12276
1352,7682
1353,3473
1354,7755
1354,13234
1354,7041
1354,12332
1354,1229
1354,5983
1354,14017
1355,9150
1355,2854
1355,11184
1355,12147
1355,6016
1355,7762
1355,7755
1355,1709
1355,11770
1355,13234
1355,557
1355,7617
1355,4907
1355,2463
1355,10418
1355,10872
1355,5885
1355,86
1355,3114
1355,10822
1355,11575
1355,1455
1355,3912
1355,2002
1355,6189
1355,10876
1355,150
1355,12305
1355,9785
1355,4742
1355,10372
1355,6601
1355,6168
1355,7501
1355,2139
1355,7854
1355,7309
1355,7339
1355,5112
1355,2557
1355,4055
1355,11162
1356,11952
1356,9804
1356,13234
1356,530
1356,557
1356,5753
1356,7870
1356,856
1356,13959
1356,10457
1356,11162
1357,3594
1357,13234
1357,13523
1357,137
1357,11210
1357,9486
1357,9482
1357,9763
1357,842
1357,13183
1358,11160
1359,3802
1359,6878
1359,5266
1359,2424
1360,13340
1360,9003
1360,13048
1360,13234
1360,10915
1360,6373
1360,1682
1360,5007
1360,9077
1360,10783
1360,6815
1360,653
1360,7743
1360,11848
1360,7089
1361,13134
1361,11463
1361,4638
1361,2382
1361,5394
1361,3744
1361,4260
1361,9951
1363,7
1363,6016
1363,5103
1363,7762
1363,7755
1363,1709
1363,13048
1363,13234
1363,557
1364,3235
1364,11184
1364,664
1364,6016
1364,5103
1364,7762
1364,7755
1364,1709
1364,13048
1364,13234
1364,557
1364,5753
1364,10822
1364,1455
1364,5701
1364,5890
1364,3912
1364,10876
1364,13622
1364,9563
1364,10456
1364,7501
1364,7854
1364,10668
1364,3455
1364,2557
1364,4055
1365,9150
1365,11184
1365,664
1365,1744
1365,7978
1365,1551
1365,2390
1365,11179
1365,13234
1365,2571
1365,10758
1365,6128
1365,8998
1365,7501
1365,5121
1365,2139
1365,7854
1365,2467
1365,6125
1366,13311
1366,13048
1366,5020
1367,2894
1367,10126
1367,13048
1367,13234
1367,11152
1368,1959
1368,5601
1368,5103
1368,7762
1368,1709
1368,13048
1368,13234
1368,557
1369,13234
1369,530
1369,557
1369,5753
1369,745
1369,9704
1369,6877
1370,8489
1370,8220
1370,13234
1370,557
1370,776
1370,4508
1371,13472
1371,4055
1371,6305
1371,13506
1371,13994
1372,6016
1372,5103
1372,7762
1372,7755
1372,1709
1372,13048
1372,13234
1372,14042
1372,14043
1372,14044
1373,9662
1373,8228
1373,6135
1373,3870
1373,7129
1373,12577
1373,9511
1373,6016
1373,5103
1373,3097
1373,7755
1373,1709
1373,13048
1373,13234
1373,530
1373,557
1373,5753
1374,2854
1374,6119
1374,8043
1374,11184
1374,11181
1374,8825
1374,9082
1374,2253
1374,2776
1374,2571
1374,959
1374,4551
1374,13524
1374,10328
1374,5463
1374,784
1374,2927
1374,7501
1374,1788
1374,7064
1374,1227
1374,7404
1374,7854
1374,5694
1374,12271
1374,2467
1374,9452
1374,11840
1375,13234
1375,557
1375,2288
1376,13048
1377,6016
1377,10913
1377,2198
1377,13539
1377,13540
1377,1279
1378,3263
1378,7045
1378,11990
1378,11843
1379,8224
1379,6016
1379,13234
1379,144
1379,4742
1379,7854
1380,13234
1380,530
1380,557
1380,5753
1381,12897
1381,2854
1381,6119
1381,11181
1381,8825
1381,13390
1381,9082
1381,6016
1381,4551
1381,13524
1381,10328
1381,2927
1381,7064
1381,1227
1381,7854
1381,5694
1381,12271
1381,2467
1381,9452
1382,13234
1382,13472
1382,11554
1382,2607
1382,4055
1382,13994
1383,11184
1383,13234
1383,9378
1383,6931
1383,9117
1383,10418
1383,2979
1383,959
1383,1851
1383,2132
1383,3178
1383,4742
1383,7501
1383,1519
1383,1828
1383,11824
1383,8810
1383,12181
1385,10151
1385,5633
1385,13234
1385,5076
1385,9787
1385,9908
1385,5472
1385,13275
1385,8998
1385,11575
1385,9740
1385,11562
1386,13177
1386,3473
1387,10990
1387,5103
1387,7762
1387,1709
1387,13234
1387,4256
1387,7792
1387,5494
1387,12449
1387,3338
1387,2051
1387,6978
1387,846
1387,2820
1388,5266
1389,6489
1390,3802
1390,6878
1390,5266
1390,2424
1390,4055
1390,8051
1390,6305
1390,4053
1391,11184
1391,2153
1391,13234
1391,8293
1391,2776
1391,3421
1391,2571
1391,6039
1391,10758
1391,6128
1391,7211
1391,1796
1391,2132
1391,5121
1391,2139
1391,7854
1391,12181
1392,3488
1392,11102
1392,3319
1392,5155
1392,6016
1392,5103
1392,7762
1392,13048
1392,11770
1392,13234
1392,557
1392,4055
1392,8051
1392,2355
1392,4053
1393,5103
1393,7755
1393,13234
1393,530
1393,557
1393,5753
1393,648
1393,3405
1394,798
1394,10710
1394,1234
1394,1822
1394,2074
1394,4152
1394,10594
1394,1437
1394,10852
1394,9112
1394,13048
1395,8661
1396,8220
1396,12572
1396,6016
1396,13539
1396,13540
1396,1279
1397,8220
1397,13362
1397,7762
1397,7755
1397,1709
1397,13234
1397,10408
1397,11435
1397,7613
1397,2197
1397,9902
1397,2746
1397,3435
1397,2747
1397,4295
1397,8656
1397,7616
1397,3433
1397,10885
1397,12532
1397,11510
1397,12326
1398,13048
1398,13234
1398,557
1398,13059
1399,8220
1399,13234
1399,557
1399,776
1400,1709
1400,13048
1400,13234
1400,1455
1400,13506
1401,6016
1401,5103
1401,13234
1402,12267
1402,13254
1402,2488
1402,4053
1403,8711
1403,13959
1404,13234
1404,959
1404,11614
1404,11840
1404,2557
1404,10024
1405,1709
1405,11770
1405,13234
1405,4055
1405,11162
1405,5959
1405,13539
1405,1279
1406,13234
1406,10131
1406,6794
1406,7211
1406,8028
1406,12359
1407,12060
1407,12443
1407,5103
1407,13234
1407,530
1407,557
1407,5753
1407,9980
1407,12453
1408,13234
1408,7213
1408,8328
1408,13474
1408,13301
1408,8540
1408,11198
1408,2557
1409,1709
1409,13048
1409,13234
1409,2776
1409,2571
1409,6039
1409,4055
1410,1959
1410,5601
1411,1526
1411,2854
1411,11184
1411,6016
1411,7762
1411,10822
1411,8998
1411,3178
1411,1455
1411,3912
1411,2002
1411,6189
1411,10876
1411,150
1411,12305
1411,9785
1411,6601
1411,3276
1411,7501
1411,2139
1411,7854
1411,4055
1412,1260
1412,7755
1412,13234
1412,959
1412,6877
1412,1196
1412,6305
1413,7900
1413,9150
1413,340
1413,4594
1413,3825
1413,1618
1413,12761
1413,12519
1413,1474
1413,7316
1413,4731
1413,3105
1413,13234
1413,11843
1413,4907
1413,2930
1413,10418
1413,5885
1413,2979
1413,959
1413,1851
1413,12430
1413,6299
1413,9306
1413,10083
1413,13089
1413,8998
1413,11575
1413,2132
1413,3178
1413,12466
1413,3691
1413,2118
1413,11478
1413,3377
1413,6114
1413,39
1413,4742
1413,3534
1413,11549
1413,2820
1413,6833
1413,7649
1413,2618
1413,6265
1413,2073
1413,2029
1413,5967
1413,6385
1413,7339
1413,8761
1413,7530
1413,8076
1413,11499
1413,8351
1413,1812
1413,5376
1413,9021
1414,10131
1414,6794
1414,1885
1415,7755
1415,1709
1415,13234
1415,4284
1415,7213
1415,7912
1415,833
1415,9420
1415,7205
1416,12493
1416,11184
1416,664
1416,1744
1416,7978
1416,1551
1416,2390
1416,11179
1416,6016
1416,5103
1416,7755
1416,1709
1416,13048
1416,13234
1416,5935
1416,2571
1416,10758
1416,6128
1416,1455
1416,7355
1416,7501
1416,5121
1416,2139
1416,6125
1416,2557
1417,10151
1417,7900
1417,11433
1417,10753
1417,11834
1417,956
1417,9150
1417,8181
1417,4165
1417,340
1417,4594
1417,3943
1417,3825
1417,1618
1417,5633
1417,10669
1417,8207
1417,6555
1417,11184
1417,12761
1417,1477
1417,12519
1417,30
1417,13282
1417,9581
1417,11391
1417,4828
1417,9005
1417,4541
1417,13001
1417,6191
1417,9530
1417,10796
1417,2785
1417,1738
1417,1551
1417,9593
1417,4141
1417,10344
1417,9082
1417,6499
1417,9269
1417,2104
1417,10459
1417,7316
1417,9514
1417,4731
1417,7061
1417,4648
1417,13406
1417,3105
1417,436
1417,4054
1417,1827
1417,354
1417,1946
1417,6207
1417,7419
1417,13234
1417,10131
1417,12791
1417,11843
1417,6807
1417,4004
1417,10453
1417,11432
1417,7235
1417,5912
1417,12334
1417,2776
1417,176
1417,803
1417,2115
1417,2783
1417,6618
1417,5755
1417,2953
1417,12615
1417,9179
1417,7465
1417,123
1417,9787
1417,9908
1417,6595
1417,12677
1417,2571
1417,6039
1417,10650
1417,995
1417,2930
1417,5444
1417,10418
1417,10872
1417,5885
1417,8130
1417,2979
1417,959
1417,1851
1417,12430
1417,6299
1417,4621
1417,526
1417,5110
1417,8369
1417,10083
1417,4020
1417,11527
1417,12220
1417,4003
1417,7296
1417,7570
1417,1740
1417,12567
1417,10560
1417,13275
1417,8998
1417,11575
1417,2132
1417,3178
1417,11696
1417,12466
1417,5701
1417,5890
1417,3691
1417,2118
1417,11478
1417,2002
1417,6189
1417,150
1417,12305
1417,9877
1417,1333
1417,4352
1417,11965
1417,2303
1417,6218
1417,9310
1417,10212
1417,8280
1417,6945
1417,9240
1417,6552
1417,12014
1417,12235
1417,3377
1417,2126
1417,6114
1417,39
1417,13622
1417,232
1417,738
1417,5770
1417,9915
1417,4428
1417,10456
1417,11971
1417,12748
1417,10097
1417,10911
1417,1994
1417,1257
1417,9509
1417,3647
1417,3431
1417,4742
1417,6342
1417,13167
1417,1239
1417,3534
1417,6877
1417,8188
1417,6775
1417,8386
1417,9478
1417,2752
1417,13041
1417,11371
1417,9113
1417,7095
1417,12795
1417,802
1417,6374
1417,898
1417,11280
1417,11549
1417,2820
1417,6833
1417,1763
1417,13254
1417,4473
1417,2850
1417,4603
1417,6810
1417,12328
1417,8637
1417,12067
1417,6325
1417,1519
1417,1828
1417,6140
1417,11902
1417,7402
1417,7123
1417,11900
1417,8540
1417,11198
1417,8067
1417,6805
1417,12703
1417,6321
1417,1906
1417,6092
1417,7649
1417,3767
1417,2730
1417,7885
1417,2618
1417,6265
1417,7749
1417,11787
1417,1373
1417,4349
1417,7675
1417,5062
1417,3167
1417,10511
1417,5447
1417,4129
1417,2073
1417,3465
1417,2029
1417,10333
1417,2210
1417,5734
1417,5967
1417,9740
1417,11824
1417,10668
1417,2467
1417,6385
1417,8788
1417,3004
1417,6009
1417,1660
1417,453
1417,5490
1417,4771
1417,7339
1417,11646
1417,8761
1417,1978
1417,6089
1417,12750
1417,9661
1417,2594
1417,4117
1417,8290
1417,13059
1417,13203
1417,7530
1417,3489
1417,8076
1417,353
1417,146
1417,9678
1417,4834
1417,2137
1417,8449
1417,9434
1417,11499
1417,9825
1417,11078
1417,8980
1417,3455
1417,739
1417,9148
1417,6410
1417,8351
1417,1812
1417,4372
1417,9271
1417,5376
1417,8982
1417,8810
1417,5795
1417,11936
1417,6672
1417,7913
1417,10903
1417,4710
1417,10587
1417,12154
1417,9021
1417,4990
1417,9195
1417,7539
1417,2196
1417,11562
1417,2117
1417,4055
1417,6305
1417,5098
1417,9558
1417,10615
1417,10675
1417,12181
1417,2294
1417,13992
1418,11184
1418,1551
1418,7762
1418,7755
1418,1709
1418,13234
1418,2571
1418,10758
1418,6128
1418,7213
1418,8328
1418,13474
1418,10418
1418,10872
1418,5885
1418,10822
1418,3912
1418,6877
1418,7501
1418,1452
1418,2407
1418,7123
1418,11900
1418,1862
1418,2139
1418,13301
1418,8540
1418,11198
1418,11450
1418,519
1418,1976
1418,6478
1418,10402
1418,12585
1418,7854
1418,2467
1418,7227
1418,2557
1418,3678
1418,423
1419,3716
1419,738
1419,10293
1420,5103
1420,7762
1420,7755
1420,13234
1420,4055
1420,11162
1420,8051
1421,6016
1421,7755
1421,13234
1421,12660
1421,13565
1421,1455
1421,13952
1422,12493
1423,5103
1423,7762
1423,7755
1423,1709
1423,13048
1423,13234
1423,530
1423,557
1423,5753
1423,60
1423,12282
1423,14096
1423,61
1423,14110
1423,4055
1423,11162
1424,13591
1424,13629
1424,13332
1424,13364
1424,13366
1424,13367
1424,13369
1424,13371
1424,13486
1425,9150
1425,11184
1425,5103
1425,7762
1425,7755
1425,13234
1425,530
1425,557
1425,5753
1425,1534
1425,4907
1425,13021
1425,10418
1425,760
1425,10822
1425,7501
1425,2139
1425,2467
1425,7339
1425,2557
1425,11162
1426,5486
1426,9765
1426,13234
1426,9378
1426,9577
1426,1885
1427,3105
1427,1709
1427,13234
1427,11449
1427,6116
1427,7607
1427,6931
1427,10418
1427,10872
1427,5885
1427,3318
1427,2132
1427,3178
1427,1519
1427,1828
1427,2139
1427,7854
1427,6385
1427,6245
1427,3678
1428,3241
1428,3242
1428,2521
1428,6016
1428,13048
1428,13234
1428,557
1428,13059
1429,13234
1429,4700
1430,13483
1431,12730
1431,7463
1431,13048
1433,8875
1433,4164
1433,8744
1434,12493
1434,13177
1434,7762
1434,254
1434,3113
1434,7170
1434,6248
1435,13234
1435,10758
1435,6128
1435,4053
1436,3638
1436,9795
1436,6016
1436,13234
1436,9562
1436,9564
1436,6787
1436,6788
1436,4299
1436,4848
1436,5542
1436,2670
1436,506
1436,5495
1436,10033
1436,4055
1436,6122
1436,3960
1436,8054
1436,8058
1436,6305
1436,4896
1436,4053
1436,687
1437,9511
1437,6016
1437,12504
1437,3821
1437,5103
1437,7762
1437,7755
1437,1709
1437,13048
1437,13234
1437,8897
1437,13463
1437,8029
1437,745
1437,5654
1437,10328
1437,5940
1437,6987
1437,8985
1438,4077
1439,8091
1439,5103
1439,7755
1439,1709
1439,13234
1439,7041
1439,12332
1439,1229
1439,2108
1439,11705
1439,7532
1439,4055
1439,8054
1439,8058
1439,6305
1439,4053
1440,6016
1440,5103
1440,7762
1440,13048
1440,13234
1440,557
1440,7211
1441,13234
1441,557
1441,13472
1441,13506
1441,13994
1442,9875
1442,13110
1442,6346
1442,6016
1442,7762
1442,1709
1442,745
1442,11705
1442,3543
1442,129
1442,9945
1442,3767
1442,2357
1442,3164
1442,9708
1442,8553
1442,6104
1442,687
1443,13234
1443,5933
1443,11340
1443,10289
1443,14046
1444,6883
1444,7170
1445,8325
1445,6005
1446,2703
1446,5400
1446,5401
1446,12650
1446,1709
1446,13234
1446,4078
1446,5299
1447,13591
1447,13332
1447,13364
1447,13366
1447,13367
1447,13371
1448,393
1448,11248
1449,11526
1449,3081
1449,7170
1450,6794
1451,10131
1451,6794
1452,12572
1453,14045
1453,14047
1453,14048
1453,14053
1453,14054
1454,6871
1455,8224
1455,12114
1455,7755
1455,11770
1455,10160
1455,10161
1455,8741
1455,14043
1455,14044
1456,7755
1456,13234
1456,896
1456,93
1456,14027
1456,9562
1456,9564
1456,6787
1456,6788
1456,4299
1456,4848
1456,5542
1456,2670
1456,506
1456,5495
1456,10033
1456,4055
1456,6122
1456,11162
1456,8051
1456,3960
1456,8054
1456,8058
1456,6305
1456,5959
1456,4069
1456,4053
1457,3965
1458,10559
1458,1077
1459,8220
1459,13362
1459,6016
1459,5103
1459,7762
1459,7755
1459,1709
1459,13048
1459,11770
1459,13234
1460,7762
1460,13048
1460,13234
1460,10994
1460,9787
1460,9908
1460,5472
1460,959
1460,7211
1460,13275
1460,8998
1460,11562
1461,13330
1461,13048
1461,9704
1462,11952
1462,9804
1462,7762
1462,7755
1462,13234
1462,557
1462,8711
1462,856
1462,13959
1462,10457
1464,7637
1464,3638
1464,13348
1464,1303
1464,9579
1464,13278
1464,8325
1464,1356
1464,4284
1464,13493
1464,13496
1464,13497
1464,2272
1464,3850
1464,4294
1464,3279
1464,10561
1465,8744
1465,7762
1465,1709
1465,9577
1465,4700
1465,11785
1466,13234
1467,6931
1467,9577
1468,8220
1468,5322
1468,8661
1469,3802
1469,6878
1469,13048
1469,13234
1469,2426
1469,5266
1469,2424
1469,4055
1469,6305
1469,4053
1470,8532
1471,810
1471,717
1471,13336
1471,12243
1471,13337
1471,12276
1471,12301
1471,429
1471,3978
1471,5515
1471,3324
1471,1080
1471,6464
1471,3939
1471,7682
1471,10422
1473,2208
1473,13357
1473,13358
1473,5103
1473,7755
1473,1709
1473,13234
1473,1370
1473,5483
1473,10253
1474,13234
1474,14041
1476,2027
1477,7762
1477,13234
1477,557
1478,4077
1479,3354
1479,12263
1479,12314
1480,393
1480,11248
1481,381
1481,1816
1481,13048
1481,6931
1482,2153
1482,3105
1482,13234
1482,557
1482,5753
1482,2253
1482,6794
1482,8572
1482,7218
1482,7592
1482,2809
1482,2221
1482,959
1482,5463
1482,11575
1482,3178
1482,7501
1482,1519
1482,1828
1482,9740
1482,6385
1482,11840
1482,4055
1483,11184
1483,13234
1483,530
1483,557
1483,5753
1483,10746
1483,4881
1483,959
1483,10328
1483,8602
1483,2467
1483,6125
1483,5944
1484,12572
1484,13539
1484,13540
1484,1279
1485,9378
1486,8220
1486,13362
1486,13234
1486,5121
1486,6305
1488,708
1488,259
1488,9572
1488,4673
1489,6510
1490,7409
1490,5248
1490,3105
1490,8006
1490,5103
1490,1709
1490,13234
1490,7218
1490,7592
1490,2809
1490,9378
1490,6931
1490,615
1490,11515
1490,959
1490,3178
1490,6601
1490,1828
1490,4055
1490,8051
1491,9577
1491,687
1492,717
1492,12301
1492,11682
1492,2983
1492,5728
1492,5515
1492,10422
1493,13468
1494,2894
1494,12609
1494,10126
1495,14047
1495,14086
1496,10081
1496,3164
1497,4434
1497,4284
1497,7213
1497,7912
1497,833
1497,9420
1497,7205
1498,3638
1498,8220
1498,6510
1498,3821
1498,5103
1498,13234
1498,6331
1498,5689
1498,932
1499,12730
1499,4077
1500,13234
1500,776
1501,3289
1501,13144
1501,6840
1501,9890
1501,4771
1502,3263
1502,11843
1503,8220
1503,6883
1503,7170
1504,11467
1504,2970
1504,1730
1505,3066
1505,10990
1505,11652
1505,7246
1505,6061
1505,2995
1505,4057
1505,13138
1505,7501
1505,1540
1505,10523
1505,4308
1505,8982
1505,498
1505,2557
1508,9112
1514,281
1514,9378
1514,6931
1514,9117
1514,144
1514,4130
1514,129
1521,13312
1521,13313
1521,2027
1521,5071
1521,13314
1521,1357
1521,381
1521,7900
1521,11433
1521,3638
1521,1816
1521,10916
1521,13234
1521,11700
1521,1582
1521,2788
1523,1709
1524,5426
1524,9079
1524,745
1524,687
1531,2208
1531,10457
1532,8181
1532,2556
1533,13234
1534,9704
1536,6870
1536,10457
1538,4426
1539,8220
1539,13234
1540,6016
1540,13234
1540,13498
1540,5933
1540,8613
1542,6016
1543,13234
1544,7621
1545,6016
1545,1709
1545,13048
1545,11770
1545,13234
1545,557
1545,9577
1545,6312
1545,7211
1545,6305
1545,4053
1546,6016
1546,9378
1546,9577
1546,129
1549,10328
1549,2554
1549,11243
1549,2157
1551,745
1552,1709
1553,4426
1554,13048
1555,11911
1556,3965
1558,8220
1561,9624
1561,13493
1561,13496
1561,4294
1561,2856
1561,3279
1561,9829
1565,3965
1566,8220
1567,7762
1569,6883
1569,7170
1569,4053
1574,11934
1574,9704
1576,10408
1576,11435
1576,7613
1576,2197
1576,9902
1576,2746
1576,3435
1576,2747
1576,4295
1576,8656
1576,7616
1576,3433
1576,10885
1576,12532
1576,11510
1576,12326
1580,13361
1580,10990
1580,10759
1580,12407
1580,10080
1580,6683
1580,3576
1580,7755
1580,13234
1580,557
1580,5753
1580,567
1580,3946
1580,10937
1580,2061
1580,776
1580,6590
1580,9415
1580,5121
1580,7168
1580,1281
1580,2134
1581,12991
1581,6296
1581,6297
1582,13376
1582,3468
1582,5778
1582,5689
1582,10081
1582,4426
1582,3164
1583,6016
1583,5103
1583,7762
1583,7755
1583,1709
1583,13048
1583,13234
1583,959
1583,9276
1583,10328
1583,5463
1583,3728
1583,12719
1583,370
1583,4055
1583,11162
1583,8051
1583,6305
1583,5959
1583,4053
1584,13234
1584,530
1584,557
1584,5753
1584,13953
1584,4055
1585,13234
1585,530
1585,557
1585,5753
1585,1455
1585,13952
1585,4055
1588,10568
1588,7755
1588,1709
1588,6883
1588,11162
1589,13144
1589,6840
1589,9890
1589,4771
1589,433
1590,6510
1590,5103
1590,7762
1590,1709
1590,11770
1590,13234
1591,8220
1591,2499
1591,9646
1591,9511
1591,5504
1591,5103
1591,7762
1591,7755
1591,1709
1591,13234
1591,530
1591,557
1591,5753
1591,10758
1591,5933
1591,6590
1591,2726
1591,12456
1591,2180
1592,8220
1592,2499
1592,9646
1592,9511
1592,5504
1592,5103
1592,7762
1592,7755
1592,1709
1592,13234
1592,530
1592,557
1592,5753
1592,10758
1592,5933
1592,6590
1592,2726
1592,12456
1592,2180
1593,8220
1593,2499
1593,9646
1593,9511
1593,12504
1593,5504
1593,5103
1593,7762
1593,7755
1593,1709
1593,13234
1593,530
1593,557
1593,5753
1593,5933
1593,2726
1593,12456
1593,2180
1594,8220
1594,6989
1594,7606
1594,9511
1594,6016
1594,12504
1594,7762
1594,7755
1594,1709
1594,13234
1594,557
1594,5753
1594,10758
1594,6128
1594,7083
1594,9709
1594,181
1594,6888
1594,10601
1594,5689
1594,4055
1595,12400
1595,8220
1595,13339
1595,13360
1595,6989
1595,7246
1595,7606
1595,2235
1595,9511
1595,6016
1595,12504
1595,7762
1595,7755
1595,1709
1595,13048
1595,13234
1595,557
1595,5753
1595,6217
1595,9577
1595,2306
1595,10758
1595,6128
1595,10023
1595,7083
1595,9688
1595,9709
1595,6405
1595,181
1595,10328
1595,1885
1595,4533
1595,1189
1595,6888
1595,6867
1595,13941
1595,10601
1595,9706
1595,5233
1595,5689
1595,776
1595,11549
1595,5085
1595,7946
1595,3164
1595,833
1595,9420
1595,10692
1595,10910
1595,1754
1595,11076
1595,5220
1595,7205
1595,11058
1595,4920
1595,6409
1595,12019
1595,498
1595,4055
1595,687
1596,3965
1596,2208
1596,11809
1596,5729
1596,4864
1596,2381
1596,9981
1596,10820
1596,3333
1596,8709
1596,6064
1596,2022
1597,6793
1598,9577
1599,2208
1600,5069
1601,11843
1602,9875
1602,7918
1602,13110
1602,3078
1602,13177
1602,580
1602,13276
1602,9539
1602,5103
1602,13472
1602,5726
1602,9332
1602,6296
1602,7723
1602,6375
1602,13506
1602,13994
1602,7890
1603,13312
1603,2027
1603,5071
1603,13314
1603,381
1603,8875
1603,4164
1603,2894
1603,12609
1603,10126
1603,13330
1603,4165
1603,4152
1603,10594
1603,1437
1603,10852
1603,9112
1603,13048
1603,13234
1603,530
1603,557
1603,5753
1603,12770
1603,9378
1603,6931
1603,9117
1603,144
1603,4130
1603,995
1603,9704
1603,4700
1603,7564
1603,8211
1603,4244
1603,11700
1603,2788
1603,6373
1603,3222
1603,5784
1603,3744
1603,11901
1603,4932
1603,2768
1605,11843
1606,11843
1607,11843
1608,1894
1608,3576
1608,6481
1608,9770
1608,9366
1609,9360
1610,2027
1610,5071
1610,11396
1610,7045
1610,2708
1610,13051
1610,1422
1610,497
1610,13141
1610,873
1610,7249
1610,6572
1610,12131
1610,1296
1610,4757
1610,3066
1610,2019
1610,328
1610,7485
1610,4596
1610,8212
1610,11875
1610,10045
1610,1095
1610,11040
1610,7108
1610,1009
1610,578
1610,6856
1610,7748
1610,7807
1610,11526
1610,11665
1610,11068
1610,7159
1610,9459
1610,4649
1610,2235
1610,10128
1610,7630
1610,4841
1610,5032
1610,10803
1610,8780
1610,5841
1610,13021
1610,10758
1610,1356
1610,7155
1610,4284
1610,2619
1610,13191
1610,6307
1610,523
1610,10915
1610,8105
1610,1263
1610,12977
1610,8072
1610,2234
1610,8075
1610,11798
1610,7390
1610,2409
1610,11072
1610,13566
1610,13567
1610,13570
1610,13571
1610,13572
1610,3575
1610,9725
1610,2690
1610,6617
1610,11036
1610,2417
1610,11751
1610,9397
1610,2250
1610,12966
1610,1286
1610,2572
1610,126
1610,3866
1610,4422
1610,1285
1610,8802
1610,1121
1610,1568
1610,3895
1610,7899
1610,422
1610,3259
1610,1073
1610,189
1610,5726
1610,10467
1610,5261
1610,7064
1610,2286
1610,3786
1610,3327
1610,529
1610,1977
1610,9550
1610,1754
1610,13255
1610,7369
1610,7371
1610,7373
1610,11393
1610,7948
1610,11047
1610,11993
1610,12010
1610,6070
1610,251
1610,8860
1610,5341
1610,2593
1610,10107
1610,2557
1610,8625
1610,715
1610,877
1610,4998
1610,7181
1610,637
1611,3807
1612,12652
1612,526
1612,5110
1612,10839
1612,2546
1613,12652
1613,526
1613,5110
1613,10839
1613,2546
1613,1301
1613,13203
1614,7755
1614,13234
1614,557
1614,776
1614,5121
1615,8489
1615,3319
1615,5155
1615,7755
1615,13234
1615,557
1615,5753
1615,4722
1615,7477
1615,9706
1615,776
1616,3319
1616,5155
1616,7755
1616,13234
1617,5103
1617,7755
1617,1709
1617,13234
1617,13529
1617,10328
1617,5463
1618,5933
1618,8613
1618,11340
1618,10289
1619,7762
1619,13234
1619,6750
1619,10335
1619,13265
1619,3990
1619,12884
1619,3014
1619,10491
1619,5322
1619,13046
1619,6288
1619,10145
1619,4055
1619,8661
1620,13234
1620,10023
1620,8914
1620,7083
1620,776
1620,529
1621,8489
1621,12504
1621,3821
1621,5103
1621,7762
1621,7755
1621,1709
1621,13234
1621,530
1621,557
1621,5753
1621,7100
1621,4722
1621,776
1623,8220
1623,9706
1625,13234
1625,13451
1625,11549
1625,2820
1625,6833
1626,5426
1626,13065
1626,433
1626,2602
1626,1808
1627,7218
1627,6931
1627,10062
1627,2132
1627,9740
1628,1237
1628,9366
1629,11184
1629,7755
1629,13048
1629,11770
1629,13234
1629,7218
1629,2132
1629,3178
1629,1519
1629,1828
1629,8810
1630,9150
1630,6793
1630,13245
1630,4907
1630,9787
1630,9908
1630,5472
1630,13275
1630,8998
1630,11575
1630,11562
1631,13437
1631,13921
1631,13974
1631,13975
1631,13997
1632,7762
1632,1709
1632,13048
1632,13234
1632,10457
1633,8091
1633,7041
1634,5123
1634,8890
1634,6060
1634,6366
1634,6216
1635,7900
1635,9685
1635,6016
1635,1709
1635,13234
1635,8756
1635,8328
1635,8540
1635,11198
1636,5958
1636,6332
1636,6016
1636,5103
1636,1709
1636,13234
1637,12060
1637,12443
1637,13234
1637,9980
1637,12453
1638,13390
1638,3324
1638,1080
1639,13048
1639,13234
1639,9787
1639,9908
1639,5472
1639,13275
1639,11575
1639,9740
1639,11562
1640,7269
1640,6093
1640,2055
1641,13234
1641,11449
1641,6116
1641,7607
1641,10418
1641,10872
1641,5885
1641,3318
1642,9150
1642,7755
1642,1709
1642,13234
1642,144
1642,2776
1642,4742
1642,1508
1642,11152
1643,10081
1644,12761
1644,12960
1645,2153
1645,1709
1645,13234
1645,7218
1645,959
1645,3178
1645,1519
1646,3094
1646,4434
1646,5940
1646,2157
1646,687
1647,9511
1647,7738
1647,13234
1647,530
1647,557
1647,5753
1647,6312
1647,7211
1647,8891
1647,8892
1648,6794
1649,9255
1649,7762
1649,7755
1649,1709
1649,13048
1649,13234
1649,5933
1649,7372
1649,4055
1650,2459
1650,1551
1650,11226
1650,2390
1650,1474
1650,8030
1650,6016
1650,3367
1650,5935
1650,8020
1650,11054
1650,2467
1651,7
1651,6016
1651,5103
1651,7762
1651,7755
1651,1709
1651,13048
1651,13234
1651,557
1652,3542
1652,2970
1652,11415
1652,13537
1652,1407
1652,4055
1652,6305
1653,7762
1653,13234
1653,2108
1653,3538
1653,10161
1653,4896
1653,1478
1654,3263
1655,8220
1655,13234
1655,9706
1655,776
1660,2028
1660,7755
1660,13234
1660,530
1660,557
1660,5753
1660,10418
1660,10872
1660,5885
1660,2979
1660,1851
1660,4195
1660,9740
1660,6385
1661,8262
1661,8460
1663,8220
1663,8985
1663,5121
1665,9787
1665,9908
1665,5472
1665,13275
1665,8998
1665,11575
1665,9740
1665,11562
1666,1968
1666,8553
1667,7438
1667,1840
1667,7785
1667,3403
1667,5188
1667,7062
1667,12306
1667,6883
1667,7170
1667,932
1668,9511
1668,7755
1668,13234
1668,6590
1669,10559
1669,13234
1669,1415
1669,326
1669,1077
1670,9646
1670,6016
1670,5103
1670,7762
1670,7755
1670,1709
1670,13234
1670,5867
1670,1042
1670,5891
1670,4055
1672,1005
1672,8237
1673,6174
1673,8741
1674,4594
1674,1618
1674,7316
1674,4731
1674,354
1674,13144
1674,6840
1674,6016
1674,7762
1674,7755
1674,13048
1674,13234
1674,5912
1674,9890
1674,4771
1674,4834
1674,11499
1674,4055
1674,6305
