Protein1,Protein2,Combined Score
0,1,744
0,2,656
0,3,309
0,4,557
0,5,354
0,50,335
0,59,163
0,71,163
0,81,301
0,82,311
0,83,393
0,85,292
0,86,172
0,92,200
0,118,172
0,128,360
0,132,235
0,135,438
0,136,234
0,138,159
0,145,282
0,146,222
0,147,176
0,148,172
0,149,499
0,150,534
0,152,176
0,171,216
0,172,151
0,199,196
0,202,189
0,217,426
0,230,352
0,231,164
0,249,358
0,280,731
0,281,250
0,282,727
0,283,323
0,284,204
0,286,552
0,300,321
0,306,164
0,312,261
0,315,369
0,316,180
0,321,447
0,326,241
0,328,535
0,338,165
0,352,230
0,360,218
0,362,810
0,363,865
0,366,281
0,367,336
0,372,569
0,383,166
0,384,856
0,387,210
0,390,232
0,391,230
0,392,151
0,394,156
0,398,464
0,407,173
0,414,151
0,427,189
0,428,439
0,440,187
0,479,284
0,481,342
0,483,175
0,490,261
0,512,166
0,515,486
0,518,420
0,524,165
0,542,207
0,547,414
0,550,397
0,553,331
0,555,221
0,565,182
0,567,175
0,570,152
0,580,470
0,583,193
0,590,253
0,596,177
0,604,166
0,608,150
0,609,300
0,610,226
0,618,219
0,626,188
0,632,411
0,638,191
0,647,556
0,656,266
0,665,288
0,734,285
0,736,169
0,737,189
0,738,161
0,740,320
0,744,170
0,745,341
0,752,209
0,758,173
0,763,474
0,765,161
0,771,549
0,785,153
0,789,155
0,837,155
0,839,155
0,877,540
0,921,279
1,2,265
1,3,229
1,4,228
1,50,309
1,59,160
1,108,214
1,111,213
1,132,453
1,135,267
1,136,243
1,137,191
1,146,159
1,147,196
1,149,236
1,150,176
1,152,346
1,171,337
1,172,178
1,177,187
1,178,369
1,190,159
1,213,240
1,215,222
1,229,293
1,237,166
1,240,185
1,263,186
1,264,181
1,265,168
1,266,293
1,267,245
1,280,582
1,282,522
1,286,448
1,300,224
1,312,217
1,315,193
1,321,450
1,326,225
1,328,372
1,348,165
1,360,156
1,362,482
1,363,430
1,367,269
1,372,173
1,382,175
1,384,479
1,386,588
1,387,159
1,390,151
1,392,758
1,398,150
1,413,164
1,414,155
1,415,414
1,419,461
1,427,154
1,428,177
1,434,181
1,435,162
1,453,234
1,454,183
1,469,201
1,472,192
1,476,363
1,479,170
1,481,286
1,483,156
1,509,268
1,512,183
1,515,413
1,518,191
1,540,228
1,541,168
1,550,155
1,565,210
1,567,178
1,570,189
1,580,409
1,583,236
1,590,272
1,604,232
1,609,203
1,614,200
1,619,246
1,632,309
1,638,161
1,647,272
1,656,244
1,664,192
1,665,207
1,667,161
1,678,388
1,737,163
1,740,302
1,745,150
1,748,208
1,749,208
1,752,246
1,754,253
1,755,349
1,758,202
1,763,521
1,771,220
1,777,499
1,785,161
1,799,158
1,837,213
1,839,213
1,855,229
1,860,212
1,861,243
1,877,328
2,3,953
2,4,939
2,33,179
2,50,269
2,51,183
2,62,837
2,83,160
2,89,214
2,91,161
2,100,233
2,128,214
2,131,200
2,132,796
2,133,406
2,137,233
2,138,206
2,142,419
2,144,234
2,145,422
2,146,298
2,147,302
2,148,432
2,149,340
2,150,755
2,151,155
2,152,404
2,171,167
2,172,415
2,173,155
2,175,198
2,176,196
2,177,289
2,178,507
2,190,258
2,191,164
2,193,170
2,195,314
2,196,205
2,199,178
2,201,196
2,217,456
2,235,743
2,236,199
2,237,209
2,240,239
2,241,512
2,242,163
2,243,445
2,249,238
2,263,303
2,265,166
2,266,277
2,267,502
2,270,484
2,271,212
2,273,150
2,274,231
2,280,212
2,282,167
2,286,186
2,300,411
2,305,688
2,306,292
2,312,218
2,315,163
2,326,192
2,327,169
2,328,249
2,338,179
2,342,301
2,346,229
2,347,313
2,357,206
2,360,713
2,362,196
2,367,506
2,378,331
2,379,370
2,380,195
2,381,374
2,383,270
2,388,168
2,402,375
2,413,154
2,414,181
2,415,162
2,419,323
2,426,256
2,427,183
2,453,313
2,454,405
2,479,285
2,481,472
2,483,347
2,486,347
2,487,161
2,501,175
2,503,199
2,505,169
2,513,165
2,515,436
2,516,238
2,518,157
2,531,229
2,540,266
2,562,363
2,566,210
2,567,178
2,570,186
2,580,282
2,583,422
2,594,752
2,596,222
2,604,392
2,609,151
2,619,190
2,632,661
2,664,151
2,667,443
2,682,226
2,703,215
2,716,179
2,727,255
2,737,376
2,740,208
2,745,184
2,752,210
2,757,166
2,766,160
2,771,752
2,782,159
2,789,173
2,798,333
2,804,246
2,815,511
2,840,250
2,843,324
2,855,194
2,860,179
2,952,150
3,4,940
3,14,156
3,33,168
3,50,220
3,89,174
3,91,255
3,93,183
3,94,160
3,117,150
3,119,340
3,130,659
3,132,673
3,133,207
3,136,305
3,137,164
3,138,198
3,139,221
3,140,253
3,141,165
3,144,590
3,145,424
3,146,479
3,147,338
3,148,270
3,149,337
3,150,223
3,151,153
3,152,390
3,153,271
3,154,442
3,155,192
3,156,186
3,158,182
3,159,205
3,160,168
3,161,182
3,162,168
3,163,264
3,164,166
3,165,153
3,166,179
3,167,216
3,171,306
3,172,244
3,175,154
3,178,184
3,181,180
3,182,202
3,190,321
3,217,228
3,221,163
3,235,185
3,238,172
3,239,208
3,240,388
3,243,179
3,249,190
3,250,152
3,263,440
3,264,231
3,265,230
3,266,411
3,267,649
3,269,159
3,270,158
3,272,234
3,274,282
3,280,416
3,282,401
3,286,212
3,300,244
3,305,668
3,306,151
3,321,214
3,328,287
3,346,454
3,347,389
3,355,175
3,356,153
3,360,478
3,362,285
3,374,259
3,378,158
3,379,159
3,381,171
3,383,309
3,384,166
3,402,225
3,413,173
3,414,205
3,415,418
3,416,157
3,452,194
3,453,245
3,454,329
3,457,155
3,474,162
3,475,152
3,476,175
3,479,380
3,501,319
3,515,423
3,540,305
3,547,152
3,560,293
3,567,178
3,570,233
3,580,408
3,584,273
3,587,183
3,590,201
3,591,202
3,596,216
3,604,150
3,632,168
3,646,155
3,681,212
3,745,181
3,777,504
3,798,282
3,840,192
3,843,161
3,847,150
3,855,201
3,860,221
3,861,177
3,865,278
3,867,169
3,877,179
3,930,161
3,932,228
3,959,323
4,8,214
4,33,164
4,50,196
4,89,444
4,119,303
4,130,311
4,132,542
4,133,184
4,136,370
4,137,177
4,138,162
4,140,198
4,144,272
4,145,206
4,146,230
4,147,238
4,148,164
4,149,313
4,150,156
4,152,501
4,154,239
4,159,166
4,163,230
4,171,250
4,172,180
4,182,461
4,186,187
4,211,180
4,212,169
4,238,173
4,239,220
4,240,394
4,263,240
4,264,192
4,265,184
4,266,220
4,267,208
4,269,154
4,271,243
4,272,162
4,273,174
4,274,154
4,280,219
4,282,268
4,300,173
4,305,674
4,309,353
4,310,204
4,326,170
4,328,253
4,338,373
4,346,266
4,360,473
4,362,220
4,383,222
4,413,169
4,415,418
4,453,382
4,454,237
4,479,378
4,487,196
4,501,228
4,512,150
4,515,431
4,540,235
4,541,173
4,547,323
4,567,163
4,570,206
4,580,346
4,604,182
4,632,237
4,662,165
4,663,215
4,702,192
4,745,159
4,777,504
4,840,225
4,846,227
4,855,300
4,860,191
4,861,151
4,865,175
4,867,192
4,952,165
4,965,240
5,134,493
5,176,548
5,256,223
5,260,167
5,312,767
5,315,317
5,408,370
5,419,364
5,428,163
5,453,317
5,483,321
5,484,202
5,503,150
5,526,176
5,568,229
5,569,185
5,579,173
5,594,193
5,609,191
5,619,189
5,656,261
5,667,220
5,685,591
5,698,426
5,757,187
5,770,167
5,782,153
5,798,428
5,805,315
5,858,256
6,7,507
6,21,208
6,25,257
6,29,173
6,36,209
6,49,168
6,50,306
6,52,430
6,54,206
6,83,268
6,84,161
6,85,372
6,86,155
6,92,289
6,97,236
6,100,250
6,102,161
6,104,185
6,105,227
6,107,181
6,108,171
6,110,212
6,111,185
6,112,175
6,115,473
6,118,346
6,119,389
6,128,272
6,129,295
6,132,179
6,133,231
6,136,204
6,137,159
6,151,155
6,168,292
6,169,208
6,171,177
6,216,176
6,222,195
6,229,370
6,230,302
6,232,159
6,241,206
6,246,225
6,247,490
6,252,172
6,259,173
6,260,260
6,261,206
6,262,180
6,280,475
6,282,178
6,286,242
6,289,152
6,300,485
6,303,253
6,308,349
6,312,226
6,315,356
6,316,178
6,327,204
6,328,213
6,333,154
6,337,400
6,338,196
6,339,171
6,350,241
6,357,528
6,358,706
6,360,244
6,361,191
6,362,158
6,364,360
6,365,203
6,366,237
6,367,277
6,375,499
6,382,172
6,387,201
6,388,192
6,390,255
6,391,176
6,394,199
6,400,197
6,404,165
6,405,159
6,406,209
6,408,158
6,419,464
6,421,170
6,429,259
6,431,157
6,434,283
6,435,198
6,437,161
6,438,170
6,439,172
6,442,206
6,443,192
6,444,157
6,445,156
6,446,245
6,450,187
6,454,162
6,455,249
6,456,164
6,458,261
6,463,175
6,467,189
6,468,365
6,469,383
6,471,237
6,472,317
6,478,170
6,480,188
6,481,323
6,482,175
6,483,457
6,484,240
6,485,453
6,487,303
6,490,160
6,492,216
6,497,319
6,500,272
6,509,219
6,512,195
6,518,733
6,524,212
6,526,284
6,527,234
6,533,244
6,537,159
6,539,201
6,540,339
6,543,202
6,544,188
6,552,203
6,558,153
6,562,202
6,564,218
6,566,164
6,567,469
6,568,156
6,569,382
6,571,157
6,572,516
6,574,195
6,575,158
6,578,152
6,580,213
6,581,396
6,588,239
6,606,328
6,609,614
6,610,426
6,612,284
6,613,253
6,614,238
6,618,233
6,619,609
6,621,274
6,623,198
6,624,207
6,626,643
6,627,373
6,635,223
6,638,452
6,640,407
6,645,169
6,646,197
6,648,649
6,650,192
6,656,323
6,661,316
6,667,314
6,707,152
6,708,157
6,710,230
6,711,360
6,712,427
6,713,390
6,715,321
6,716,154
6,726,156
6,734,165
6,735,188
6,736,341
6,737,310
6,739,175
6,740,529
6,741,185
6,742,333
6,743,190
6,746,182
6,747,385
6,755,163
6,758,276
6,761,184
6,769,177
6,770,390
6,771,320
6,772,289
6,773,259
6,776,240
6,777,198
6,779,159
6,782,777
6,783,193
6,785,185
6,788,152
6,789,251
6,792,385
6,794,229
6,795,269
6,796,174
6,797,631
6,800,196
6,805,165
6,809,377
6,810,358
6,814,475
6,818,163
6,820,190
6,836,163
6,837,183
6,839,186
6,840,156
6,858,326
6,943,382
6,968,164
6,977,227
6,982,165
6,983,172
6,984,154
7,21,225
7,24,176
7,25,337
7,29,162
7,36,170
7,48,230
7,50,489
7,54,156
7,83,229
7,85,318
7,86,156
7,88,199
7,90,201
7,92,761
7,100,232
7,103,173
7,104,151
7,105,176
7,107,171
7,108,168
7,110,200
7,111,175
7,118,336
7,128,231
7,129,250
7,133,190
7,137,353
7,153,245
7,154,231
7,168,162
7,189,226
7,213,967
7,214,278
7,215,904
7,216,168
7,222,190
7,229,327
7,230,254
7,232,177
7,233,225
7,252,165
7,259,296
7,260,248
7,261,251
7,262,167
7,280,193
7,283,278
7,289,314
7,300,334
7,303,359
7,308,151
7,312,194
7,315,525
7,316,457
7,332,216
7,337,316
7,344,336
7,353,159
7,357,336
7,358,650
7,359,200
7,360,218
7,362,216
7,365,172
7,367,158
7,371,272
7,376,221
7,384,165
7,386,191
7,387,164
7,388,203
7,403,275
7,404,154
7,406,598
7,419,363
7,429,343
7,430,199
7,431,165
7,442,299
7,445,239
7,462,162
7,463,150
7,472,379
7,476,158
7,478,249
7,481,313
7,483,408
7,484,205
7,485,241
7,486,458
7,492,196
7,503,308
7,504,916
7,508,228
7,509,251
7,518,982
7,519,197
7,524,183
7,533,281
7,534,326
7,536,463
7,540,172
7,551,446
7,552,370
7,554,224
7,556,378
7,566,300
7,567,363
7,568,162
7,569,306
7,571,176
7,574,179
7,575,157
7,576,157
7,578,226
7,581,235
7,606,288
7,609,993
7,610,435
7,612,256
7,613,324
7,614,512
7,618,166
7,619,272
7,622,418
7,626,499
7,627,230
7,638,208
7,640,983
7,645,179
7,646,202
7,647,197
7,648,234
7,650,160
7,656,961
7,661,353
7,667,241
7,669,167
7,686,152
7,707,152
7,708,154
7,711,998
7,712,961
7,713,965
7,715,152
7,719,210
7,729,266
7,734,203
7,736,380
7,737,212
7,738,330
7,739,153
7,740,487
7,741,163
7,742,274
7,746,197
7,747,424
7,754,203
7,755,220
7,756,258
7,764,284
7,769,238
7,770,231
7,771,357
7,773,182
7,776,203
7,777,165
7,779,191
7,782,293
7,783,170
7,785,166
7,789,805
7,792,215
7,794,222
7,795,226
7,796,215
7,797,399
7,818,160
7,836,157
7,837,169
7,839,169
7,840,156
7,858,304
7,883,166
7,943,155
7,968,190
7,977,163
7,981,199
7,982,163
7,983,173
7,984,154
8,9,945
8,10,999
8,11,889
8,12,962
8,13,999
8,14,161
8,15,270
8,17,159
8,21,514
8,22,202
8,23,202
8,24,386
8,25,368
8,26,344
8,27,362
8,28,424
8,29,314
8,46,305
8,48,212
8,53,246
8,54,328
8,56,178
8,57,209
8,81,445
8,82,477
8,85,214
8,88,195
8,92,203
8,93,183
8,96,708
8,98,191
8,100,382
8,102,336
8,104,225
8,105,191
8,107,191
8,122,263
8,123,157
8,124,476
8,125,246
8,126,466
8,127,246
8,128,287
8,129,181
8,130,191
8,133,539
8,136,154
8,153,175
8,154,245
8,170,184
8,187,431
8,188,534
8,216,361
8,222,322
8,232,209
8,233,242
8,234,192
8,236,154
8,241,157
8,252,361
8,254,199
8,259,167
8,280,222
8,283,158
8,289,551
8,300,348
8,303,230
8,305,216
8,315,197
8,328,192
8,332,169
8,333,243
8,346,436
8,350,255
8,353,202
8,357,173
8,360,237
8,365,333
8,367,157
8,369,191
8,373,324
8,383,447
8,397,241
8,403,160
8,404,824
8,405,167
8,406,154
8,428,278
8,442,372
8,443,410
8,450,190
8,455,978
8,456,972
8,461,195
8,462,157
8,463,175
8,465,158
8,472,164
8,478,263
8,483,269
8,486,394
8,495,349
8,500,961
8,518,192
8,519,386
8,524,499
8,525,324
8,533,150
8,536,205
8,540,242
8,554,233
8,555,161
8,557,390
8,566,260
8,567,201
8,569,164
8,571,237
8,576,159
8,577,368
8,581,199
8,609,321
8,619,245
8,626,187
8,640,541
8,648,275
8,649,246
8,656,282
8,657,214
8,668,238
8,736,152
8,739,468
8,740,218
8,742,194
8,747,172
8,764,504
8,765,188
8,769,266
8,773,411
8,779,400
8,782,189
8,786,389
8,787,353
8,791,154
8,799,494
8,806,205
8,814,153
8,815,313
8,817,185
8,818,379
8,833,305
8,834,251
8,839,174
8,851,622
8,929,154
8,943,214
8,981,154
9,10,775
9,11,997
9,12,910
9,13,362
9,27,203
9,28,254
9,29,177
9,31,261
9,46,150
9,48,152
9,50,351
9,53,178
9,59,227
9,83,159
9,85,331
9,86,156
9,88,201
9,92,278
9,95,168
9,96,184
9,97,191
9,100,222
9,103,152
9,105,172
9,122,233
9,124,269
9,125,435
9,126,286
9,128,279
9,129,219
9,134,244
9,136,176
9,141,164
9,187,252
9,188,381
9,209,193
9,210,166
9,211,412
9,216,303
9,222,209
9,229,400
9,231,173
9,241,154
9,246,151
9,252,297
9,253,297
9,254,207
9,256,264
9,260,220
9,261,199
9,275,154
9,280,391
9,286,280
9,300,572
9,303,368
9,312,607
9,315,609
9,316,341
9,324,255
9,328,268
9,331,189
9,332,178
9,333,167
9,338,166
9,350,623
9,353,361
9,357,304
9,360,268
9,366,349
9,367,408
9,373,224
9,383,179
9,387,217
9,388,421
9,389,247
9,390,253
9,391,259
9,392,225
9,393,203
9,394,151
9,408,152
9,419,189
9,421,165
9,422,182
9,425,170
9,434,163
9,439,152
9,441,177
9,443,300
9,445,210
9,448,170
9,455,479
9,461,168
9,462,269
9,463,156
9,465,178
9,468,248
9,469,312
9,470,166
9,471,166
9,472,740
9,478,223
9,481,333
9,483,428
9,485,262
9,487,163
9,490,204
9,491,163
9,492,175
9,509,201
9,511,150
9,512,158
9,517,477
9,518,495
9,524,381
9,525,333
9,533,172
9,537,340
9,540,165
9,552,322
9,555,326
9,558,175
9,564,150
9,565,161
9,567,425
9,569,305
9,572,158
9,575,156
9,578,153
9,580,254
9,581,268
9,583,170
9,595,230
9,606,316
9,607,589
9,609,751
9,610,214
9,612,280
9,613,193
9,614,292
9,617,154
9,618,545
9,619,617
9,622,251
9,624,150
9,626,187
9,635,197
9,638,464
9,640,305
9,644,195
9,647,152
9,648,226
9,652,231
9,656,604
9,661,247
9,662,158
9,663,189
9,667,163
9,668,169
9,703,176
9,715,205
9,734,201
9,736,488
9,737,436
9,740,578
9,741,290
9,742,268
9,748,460
9,758,412
9,770,280
9,771,290
9,772,167
9,773,163
9,774,207
9,777,163
9,782,170
9,785,431
9,786,296
9,789,338
9,792,203
9,795,153
9,796,185
9,802,191
9,804,150
9,818,153
9,851,453
9,899,193
9,927,154
9,982,156
10,11,885
10,12,881
10,13,981
10,15,245
10,21,198
10,25,172
10,27,348
10,28,433
10,29,187
10,42,169
10,54,391
10,78,167
10,81,478
10,82,481
10,96,233
10,104,165
10,105,165
10,107,165
10,121,158
10,125,210
10,127,188
10,128,224
10,130,165
10,133,410
10,187,315
10,188,445
10,190,182
10,216,278
10,255,165
10,257,159
10,258,153
10,289,205
10,305,190
10,307,248
10,332,206
10,344,163
10,346,306
10,350,152
10,353,213
10,365,338
10,369,216
10,404,789
10,442,294
10,450,181
10,455,695
10,456,568
10,478,376
10,486,390
10,495,292
10,500,387
10,524,373
10,525,306
10,555,152
10,566,152
10,581,171
10,583,165
10,609,153
10,610,172
10,640,233
10,649,227
10,650,191
10,659,386
10,698,353
10,738,177
10,739,154
10,746,186
10,747,189
10,764,170
10,765,365
10,769,369
10,786,383
10,787,334
10,790,344
10,799,508
10,818,249
10,820,411
10,833,311
10,834,205
10,851,513
11,12,947
11,13,388
11,187,309
11,188,307
11,324,266
11,353,158
11,373,177
11,583,197
11,713,193
11,851,480
11,899,179
12,13,588
12,28,200
12,53,173
12,54,192
12,81,176
12,82,176
12,100,157
12,102,185
12,103,254
12,104,233
12,105,233
12,107,233
12,108,243
12,110,187
12,111,193
12,122,162
12,125,246
12,133,234
12,141,198
12,187,390
12,188,425
12,189,188
12,232,177
12,244,311
12,289,157
12,305,151
12,333,345
12,340,250
12,345,174
12,349,324
12,350,261
12,352,155
12,353,426
12,354,184
12,365,176
12,373,230
12,398,170
12,442,233
12,443,270
12,447,155
12,448,162
12,455,233
12,456,291
12,461,413
12,462,255
12,465,208
12,480,155
12,482,155
12,500,165
12,555,203
12,571,224
12,608,155
12,623,170
12,626,288
12,633,184
12,647,205
12,657,552
12,688,242
12,703,164
12,706,173
12,707,373
12,708,373
12,720,177
12,739,157
12,759,181
12,769,188
12,806,191
12,820,267
12,836,192
12,837,190
12,839,187
12,840,187
12,851,466
13,14,162
13,15,226
13,16,215
13,17,207
13,18,201
13,21,389
13,25,650
13,26,233
13,27,323
13,28,500
13,29,395
13,33,179
13,37,205
13,40,269
13,46,314
13,50,208
13,51,319
13,53,353
13,54,316
13,61,221
13,70,210
13,76,293
13,81,512
13,82,575
13,83,294
13,84,161
13,85,347
13,86,151
13,87,162
13,92,306
13,96,162
13,100,517
13,102,434
13,104,277
13,105,260
13,107,220
13,108,181
13,111,181
13,114,166
13,122,222
13,124,408
13,125,202
13,126,385
13,128,459
13,129,175
13,130,679
13,132,392
13,133,818
13,135,218
13,136,301
13,140,319
13,141,268
13,143,212
13,144,175
13,146,175
13,147,242
13,148,227
13,149,299
13,150,306
13,151,266
13,152,418
13,153,320
13,154,420
13,162,400
13,163,406
13,169,288
13,170,163
13,171,189
13,172,226
13,173,528
13,181,217
13,182,279
13,188,376
13,190,195
13,216,201
13,224,179
13,228,375
13,229,229
13,231,202
13,232,264
13,233,310
13,234,248
13,235,164
13,236,161
13,238,377
13,239,361
13,240,220
13,242,200
13,251,157
13,252,236
13,262,243
13,263,192
13,265,542
13,266,509
13,267,629
13,270,339
13,273,191
13,276,265
13,280,381
13,282,225
13,286,157
13,289,708
13,300,347
13,305,935
13,312,268
13,313,226
13,314,235
13,315,156
13,327,543
13,328,246
13,331,187
13,332,230
13,333,284
13,335,315
13,346,791
13,350,257
13,353,450
13,354,167
13,355,216
13,356,180
13,360,380
13,361,153
13,362,316
13,365,725
13,367,210
13,368,194
13,369,599
13,370,446
13,373,253
13,375,158
13,376,178
13,379,168
13,380,165
13,382,189
13,383,192
13,384,409
13,387,156
13,388,205
13,394,296
13,395,712
13,396,487
13,397,171
13,398,356
13,402,267
13,403,197
13,404,991
13,405,212
13,406,234
13,408,447
13,411,402
13,419,153
13,430,220
13,432,261
13,437,298
13,439,228
13,440,154
13,442,563
13,443,366
13,449,152
13,450,269
13,452,208
13,454,179
13,455,843
13,456,787
13,461,173
13,462,178
13,478,545
13,480,280
13,483,418
13,484,184
13,486,691
13,487,189
13,492,153
13,494,351
13,495,725
13,500,737
13,510,488
13,518,279
13,523,370
13,524,509
13,525,410
13,533,173
13,536,372
13,537,170
13,540,157
13,546,284
13,548,223
13,553,235
13,554,185
13,555,268
13,566,390
13,567,347
13,568,152
13,569,514
13,571,338
13,576,151
13,580,150
13,581,270
13,583,494
13,586,203
13,588,181
13,589,233
13,606,167
13,607,201
13,609,420
13,610,238
13,618,248
13,619,175
13,622,361
13,626,188
13,632,167
13,635,262
13,638,270
13,640,205
13,647,156
13,648,155
13,649,384
13,652,173
13,656,320
13,657,354
13,658,202
13,659,242
13,665,175
13,669,152
13,703,167
13,706,361
13,709,153
13,716,398
13,719,202
13,720,156
13,735,245
13,736,191
13,737,270
13,739,664
13,740,227
13,742,192
13,750,561
13,753,156
13,755,152
13,758,187
13,764,204
13,765,480
13,768,153
13,769,626
13,770,200
13,771,377
13,776,159
13,782,169
13,785,224
13,786,475
13,787,607
13,789,160
13,791,180
13,792,204
13,799,546
13,806,174
13,814,172
13,818,421
13,831,249
13,833,518
13,837,202
13,838,273
13,839,159
13,851,407
13,877,346
13,899,206
13,943,162
13,954,167
13,967,153
14,16,156
14,17,166
14,19,904
14,20,453
14,21,288
14,25,304
14,29,300
14,33,513
14,47,181
14,50,512
14,51,184
14,63,156
14,70,196
14,73,150
14,75,210
14,76,233
14,83,508
14,84,312
14,85,400
14,86,158
14,91,311
14,92,253
14,100,692
14,102,302
14,114,309
14,117,383
14,118,157
14,128,399
14,130,396
14,131,366
14,133,733
14,136,261
14,137,243
14,138,194
14,139,402
14,140,447
14,141,179
14,143,288
14,144,243
14,145,216
14,146,235
14,147,183
14,148,167
14,149,189
14,150,305
14,152,427
14,153,910
14,154,761
14,155,222
14,161,222
14,162,257
14,163,236
14,164,254
14,165,184
14,167,187
14,170,339
14,171,520
14,172,277
14,173,258
14,176,351
14,177,554
14,178,172
14,180,388
14,181,341
14,182,390
14,183,175
14,184,195
14,185,165
14,186,283
14,189,201
14,190,591
14,194,191
14,195,345
14,198,171
14,199,166
14,201,385
14,203,169
14,206,216
14,213,198
14,215,173
14,221,230
14,229,376
14,230,182
14,232,344
14,233,340
14,236,170
14,237,294
14,238,173
14,239,287
14,240,452
14,244,180
14,246,553
14,247,327
14,248,338
14,249,558
14,250,232
14,253,180
14,262,345
14,263,344
14,264,204
14,265,371
14,266,192
14,268,322
14,270,433
14,271,432
14,272,290
14,274,241
14,279,192
14,280,313
14,282,265
14,286,235
14,289,596
14,292,558
14,295,169
14,298,264
14,300,589
14,303,232
14,304,333
14,305,196
14,312,506
14,313,154
14,315,530
14,316,322
14,317,789
14,318,200
14,319,790
14,320,637
14,322,163
14,327,195
14,338,382
14,339,437
14,340,162
14,341,172
14,342,273
14,344,395
14,346,478
14,348,275
14,352,174
14,355,540
14,356,577
14,357,279
14,360,324
14,361,290
14,362,207
14,365,186
14,366,274
14,367,248
14,377,287
14,383,195
14,387,383
14,391,211
14,393,213
14,400,176
14,401,163
14,403,739
14,406,817
14,408,168
14,413,311
14,416,462
14,417,506
14,419,362
14,427,235
14,429,212
14,437,260
14,445,481
14,447,174
14,448,550
14,449,198
14,450,430
14,451,371
14,452,323
14,453,201
14,455,222
14,461,162
14,464,522
14,466,185
14,467,186
14,472,238
14,473,150
14,478,270
14,479,206
14,480,379
14,481,319
14,482,175
14,483,528
14,485,235
14,486,198
14,487,536
14,501,324
14,505,222
14,509,237
14,511,169
14,512,197
14,518,303
14,536,470
14,537,382
14,539,174
14,540,639
14,541,446
14,544,330
14,548,227
14,549,150
14,552,211
14,559,231
14,560,305
14,561,311
14,562,219
14,565,173
14,566,370
14,567,583
14,569,332
14,571,262
14,572,150
14,580,407
14,581,282
14,582,181
14,586,170
14,588,201
14,591,523
14,592,186
14,594,223
14,597,207
14,598,297
14,599,337
14,600,196
14,603,308
14,606,341
14,608,174
14,609,325
14,610,277
14,612,246
14,613,220
14,614,177
14,618,244
14,619,237
14,626,379
14,635,216
14,638,305
14,640,416
14,642,187
14,645,200
14,656,465
14,667,164
14,673,374
14,674,179
14,685,174
14,686,163
14,687,244
14,691,201
14,703,164
14,710,285
14,714,376
14,715,163
14,716,238
14,718,175
14,734,159
14,735,168
14,736,257
14,737,248
14,739,186
14,740,495
14,748,151
14,754,175
14,757,357
14,758,194
14,759,264
14,760,327
14,766,177
14,770,423
14,771,278
14,776,201
14,782,183
14,785,173
14,786,177
14,787,611
14,789,517
14,792,271
14,796,150
14,799,154
14,804,230
14,836,167
14,847,195
14,849,238
14,861,268
14,865,237
14,915,161
14,922,172
14,931,158
14,932,366
14,933,155
14,934,312
14,935,277
14,944,166
15,16,394
15,18,440
15,19,927
15,46,199
15,48,308
15,85,344
15,88,221
15,92,252
15,96,436
15,100,152
15,106,162
15,112,203
15,115,268
15,116,268
15,122,153
15,128,324
15,147,165
15,300,197
15,312,192
15,344,168
15,346,196
15,354,227
15,376,248
15,402,153
15,425,175
15,434,173
15,435,169
15,443,221
15,456,227
15,463,168
15,467,330
15,481,911
15,500,361
15,509,909
15,545,199
15,555,184
15,578,171
15,610,168
15,614,908
15,619,189
15,621,151
15,622,361
15,626,150
15,635,160
15,646,907
15,648,157
15,650,159
15,661,241
15,715,289
15,716,158
15,785,163
15,790,168
15,791,161
15,806,974
15,816,190
15,818,376
15,841,268
16,18,906
16,28,184
16,42,315
16,50,182
16,56,164
16,57,167
16,65,242
16,83,220
16,85,199
16,88,156
16,91,159
16,100,192
16,101,154
16,102,180
16,114,184
16,115,337
16,116,335
16,119,952
16,120,805
16,128,232
16,140,150
16,172,446
16,176,250
16,209,221
16,210,170
16,211,548
16,212,213
16,220,622
16,229,177
16,241,213
16,280,174
16,289,170
16,300,201
16,312,588
16,315,209
16,320,167
16,348,707
16,350,165
16,354,217
16,357,640
16,358,266
16,364,178
16,367,351
16,375,213
16,376,257
16,386,168
16,388,269
16,401,156
16,404,238
16,419,235
16,422,269
16,425,203
16,430,159
16,431,535
16,433,183
16,434,531
16,435,939
16,461,157
16,466,150
16,467,788
16,469,155
16,472,159
16,474,165
16,476,160
16,481,272
16,483,242
16,500,274
16,501,163
16,503,481
16,508,334
16,509,235
16,514,213
16,518,349
16,552,164
16,554,157
16,557,674
16,567,207
16,569,182
16,571,166
16,576,177
16,577,353
16,580,153
16,600,305
16,604,198
16,606,180
16,609,238
16,611,202
16,612,151
16,614,158
16,618,175
16,619,222
16,635,199
16,638,175
16,640,290
16,646,160
16,656,176
16,661,416
16,662,440
16,663,417
16,670,170
16,671,163
16,715,181
16,720,156
16,722,156
16,736,451
16,737,156
16,739,170
16,740,422
16,758,161
16,760,150
16,766,150
16,770,153
16,771,844
16,772,425
16,776,205
16,779,169
16,782,291
16,783,198
16,785,199
16,789,162
16,790,185
16,791,185
16,806,420
16,813,167
16,817,164
16,827,269
16,834,154
16,836,155
16,841,335
16,929,166
16,983,188
17,20,323
17,21,192
17,25,192
17,29,230
17,33,325
17,47,232
17,50,369
17,51,215
17,73,170
17,75,155
17,83,411
17,84,256
17,85,314
17,91,174
17,92,231
17,96,154
17,100,829
17,102,509
17,114,267
17,118,156
17,128,377
17,130,284
17,131,257
17,132,155
17,133,489
17,135,165
17,136,200
17,139,292
17,140,475
17,143,307
17,144,259
17,145,157
17,146,223
17,147,203
17,149,189
17,150,273
17,152,339
17,153,809
17,154,762
17,161,233
17,162,207
17,163,232
17,164,173
17,167,173
17,170,226
17,171,264
17,172,223
17,173,265
17,176,312
17,177,430
17,180,259
17,181,257
17,182,321
17,183,245
17,184,164
17,185,209
17,186,196
17,189,222
17,190,205
17,194,152
17,195,262
17,200,241
17,201,246
17,218,191
17,229,264
17,230,155
17,232,325
17,233,377
17,237,300
17,239,197
17,240,435
17,246,453
17,247,287
17,248,224
17,249,354
17,262,545
17,263,228
17,264,160
17,265,370
17,266,264
17,267,210
17,268,204
17,269,187
17,270,364
17,271,272
17,272,242
17,274,189
17,280,254
17,282,210
17,286,202
17,289,361
17,292,181
17,298,186
17,299,241
17,300,912
17,303,430
17,304,645
17,305,706
17,311,249
17,312,240
17,315,413
17,316,242
17,317,776
17,318,199
17,319,776
17,320,677
17,327,175
17,332,180
17,338,262
17,339,302
17,342,202
17,344,303
17,346,497
17,350,198
17,352,187
17,355,226
17,356,272
17,357,227
17,360,304
17,361,194
17,362,178
17,365,200
17,366,183
17,367,175
17,368,195
17,369,170
17,372,226
17,373,178
17,377,322
17,383,170
17,387,184
17,395,365
17,396,183
17,400,215
17,401,209
17,403,616
17,406,712
17,413,175
17,416,408
17,417,222
17,419,227
17,429,161
17,437,320
17,438,179
17,440,447
17,445,353
17,447,196
17,448,659
17,449,203
17,450,451
17,451,294
17,452,208
17,453,173
17,457,463
17,461,183
17,466,248
17,467,166
17,473,273
17,478,292
17,480,399
17,481,214
17,482,181
17,483,450
17,485,199
17,486,229
17,487,172
17,490,174
17,501,224
17,509,153
17,510,191
17,518,249
17,532,196
17,536,260
17,537,336
17,539,177
17,540,366
17,541,575
17,544,272
17,552,161
17,559,205
17,560,292
17,561,224
17,565,166
17,566,231
17,567,461
17,569,245
17,571,263
17,580,267
17,581,224
17,583,160
17,588,178
17,591,198
17,598,248
17,599,215
17,600,176
17,603,203
17,606,269
17,608,190
17,609,250
17,610,217
17,612,178
17,613,152
17,614,461
17,618,181
17,619,199
17,623,186
17,626,314
17,635,197
17,638,247
17,640,326
17,647,328
17,656,364
17,657,156
17,710,262
17,714,386
17,716,251
17,733,237
17,736,204
17,737,202
17,740,381
17,757,513
17,758,172
17,760,263
17,765,231
17,766,161
17,769,261
17,770,337
17,771,168
17,776,194
17,785,161
17,786,204
17,787,799
17,789,443
17,792,202
17,799,166
17,836,167
17,847,195
17,849,268
17,850,163
17,861,199
17,922,196
17,931,200
17,934,235
17,935,194
18,28,191
18,42,638
18,45,154
18,56,164
18,57,230
18,65,244
18,88,157
18,92,151
18,99,173
18,100,321
18,101,153
18,102,209
18,114,164
18,115,335
18,116,335
18,117,164
18,119,960
18,120,746
18,128,201
18,140,392
18,175,321
18,209,222
18,210,202
18,211,223
18,212,236
18,228,331
18,229,175
18,241,214
18,289,186
18,312,230
18,315,197
18,320,167
18,348,680
18,354,252
18,357,500
18,358,297
18,367,185
18,375,214
18,376,173
18,386,156
18,404,250
18,406,343
18,419,550
18,422,223
18,425,240
18,429,439
18,430,446
18,434,599
18,435,310
18,461,150
18,466,151
18,467,743
18,469,167
18,474,165
18,481,234
18,483,205
18,500,275
18,503,151
18,504,177
18,505,173
18,508,184
18,509,214
18,514,182
18,518,273
18,533,159
18,552,180
18,554,162
18,557,701
18,567,184
18,569,151
18,571,169
18,576,177
18,577,268
18,578,309
18,581,313
18,609,266
18,611,409
18,614,168
18,618,190
18,638,155
18,640,288
18,646,152
18,656,167
18,659,190
18,720,156
18,722,150
18,736,360
18,739,171
18,740,341
18,760,150
18,766,150
18,771,497
18,783,158
18,790,186
18,791,197
18,806,457
18,813,167
18,815,155
18,816,191
18,817,165
18,841,335
19,52,165
19,120,172
19,197,248
19,337,165
19,421,194
19,426,165
19,428,170
19,443,218
19,463,245
19,472,175
19,601,230
19,631,198
19,632,150
19,703,248
19,724,212
19,806,912
19,922,275
19,971,202
20,45,163
20,50,189
20,70,161
20,75,150
20,76,153
20,130,238
20,139,158
20,140,216
20,144,213
20,146,246
20,150,272
20,152,214
20,155,185
20,156,203
20,157,200
20,158,165
20,159,437
20,160,341
20,161,261
20,162,150
20,163,269
20,164,216
20,165,173
20,167,195
20,176,320
20,177,417
20,179,171
20,180,457
20,181,296
20,182,235
20,183,178
20,184,203
20,188,159
20,221,168
20,237,185
20,249,925
20,250,189
20,263,233
20,264,278
20,265,284
20,266,187
20,267,188
20,270,373
20,271,301
20,272,202
20,274,152
20,292,193
20,300,250
20,304,429
20,346,162
20,355,918
20,356,923
20,357,161
20,416,930
20,417,924
20,445,162
20,451,618
20,460,235
20,464,165
20,483,258
20,501,189
20,513,152
20,517,167
20,521,246
20,537,416
20,567,307
20,584,212
20,591,634
20,592,777
20,606,211
20,614,174
20,653,310
20,654,186
20,685,174
20,686,173
20,740,166
20,760,309
20,776,384
20,816,163
20,845,179
20,846,173
20,847,236
20,861,306
20,929,183
20,930,625
20,931,919
20,932,776
20,944,204
21,22,174
21,23,172
21,24,175
21,25,912
21,26,927
21,27,954
21,28,973
21,29,970
21,31,163
21,42,270
21,47,155
21,49,205
21,50,353
21,52,161
21,54,195
21,78,168
21,79,187
21,80,208
21,83,908
21,84,382
21,85,699
21,86,255
21,90,201
21,91,278
21,92,358
21,93,158
21,96,265
21,100,388
21,101,184
21,102,224
21,104,198
21,105,291
21,107,176
21,114,284
21,118,160
21,119,195
21,125,197
21,128,358
21,129,231
21,130,200
21,132,466
21,133,377
21,134,247
21,136,423
21,140,246
21,150,225
21,151,167
21,153,284
21,154,236
21,172,504
21,178,161
21,180,246
21,182,217
21,189,419
21,190,188
21,195,199
21,198,203
21,201,462
21,206,172
21,208,170
21,209,190
21,216,252
21,223,164
21,229,534
21,230,692
21,233,197
21,234,321
21,244,165
21,245,162
21,260,356
21,261,387
21,262,515
21,280,294
21,282,219
21,288,175
21,289,426
21,300,499
21,303,480
21,305,166
21,312,271
21,315,537
21,316,330
21,317,179
21,319,202
21,325,252
21,326,230
21,327,222
21,331,160
21,337,165
21,338,180
21,339,182
21,344,181
21,346,152
21,347,215
21,348,242
21,352,152
21,357,347
21,358,394
21,360,546
21,362,150
21,365,236
21,366,318
21,367,298
21,373,398
21,383,182
21,384,213
21,387,307
21,390,156
21,391,232
21,394,283
21,400,159
21,403,493
21,406,179
21,419,999
21,421,223
21,422,338
21,429,607
21,430,386
21,431,433
21,432,325
21,433,248
21,434,353
21,435,399
21,437,225
21,442,261
21,445,259
21,448,185
21,453,304
21,454,278
21,455,212
21,463,157
21,466,165
21,467,247
21,468,165
21,472,279
21,477,175
21,478,240
21,480,264
21,481,461
21,482,223
21,483,858
21,484,392
21,485,360
21,486,236
21,487,274
21,489,442
21,490,168
21,503,159
21,509,545
21,512,215
21,518,731
21,524,156
21,526,311
21,527,224
21,533,162
21,536,233
21,537,153
21,540,300
21,543,176
21,544,198
21,547,162
21,549,268
21,552,220
21,555,155
21,558,255
21,562,201
21,564,176
21,566,939
21,567,803
21,568,203
21,569,696
21,572,158
21,574,171
21,575,229
21,576,266
21,578,151
21,580,418
21,581,530
21,583,247
21,588,472
21,596,229
21,600,159
21,604,255
21,606,754
21,607,161
21,609,418
21,610,399
21,612,641
21,613,428
21,614,243
21,617,178
21,618,254
21,619,273
21,620,191
21,626,468
21,627,179
21,631,207
21,635,264
21,638,681
21,640,470
21,642,326
21,643,248
21,644,248
21,645,409
21,646,233
21,648,354
21,649,206
21,656,466
21,657,194
21,661,419
21,666,263
21,667,200
21,678,152
21,710,186
21,712,214
21,715,317
21,716,234
21,719,203
21,734,257
21,735,476
21,736,523
21,737,495
21,738,190
21,739,327
21,740,976
21,741,540
21,742,211
21,746,186
21,747,165
21,755,247
21,758,346
21,759,457
21,764,508
21,770,862
21,771,388
21,773,182
21,774,269
21,776,216
21,782,155
21,785,167
21,787,236
21,788,274
21,789,305
21,792,633
21,795,151
21,796,172
21,798,195
21,800,421
21,818,196
21,820,407
21,834,189
21,921,188
22,23,457
22,24,179
22,26,360
22,27,267
22,28,222
22,29,308
22,88,172
22,98,458
22,99,388
22,101,470
22,124,167
22,125,185
22,126,167
22,130,172
22,139,222
22,140,233
22,153,181
22,154,159
22,157,161
22,160,153
22,165,153
22,170,306
22,221,161
22,232,261
22,234,279
22,236,160
22,244,160
22,304,152
22,320,240
22,346,248
22,396,434
22,425,155
22,427,214
22,461,194
22,466,248
22,475,243
22,476,162
22,478,158
22,500,249
22,521,165
22,540,185
22,554,351
22,577,161
22,582,397
22,593,183
22,597,324
22,610,188
22,619,268
22,626,207
22,633,195
22,634,177
22,677,477
22,712,155
22,734,169
22,751,158
22,752,170
22,760,151
22,785,188
22,793,164
22,813,271
22,846,156
22,874,152
22,964,217
23,25,165
23,26,334
23,27,267
23,28,316
23,29,338
23,79,282
23,93,172
23,95,153
23,98,419
23,99,232
23,101,449
23,102,166
23,103,208
23,104,165
23,124,198
23,125,185
23,126,276
23,159,183
23,163,150
23,170,163
23,221,172
23,234,190
23,235,253
23,267,165
23,289,216
23,300,179
23,307,175
23,320,240
23,347,176
23,357,173
23,400,159
23,402,152
23,410,201
23,425,155
23,461,150
23,465,161
23,466,180
23,478,226
23,496,154
23,500,255
23,512,179
23,534,168
23,554,384
23,566,170
23,576,173
23,577,286
23,588,163
23,597,202
23,609,159
23,610,218
23,619,182
23,626,207
23,634,158
23,648,183
23,649,161
23,671,224
23,695,163
23,734,191
23,741,152
23,760,164
23,765,175
23,766,236
23,768,160
23,786,162
23,793,285
23,806,160
23,813,271
23,898,182
24,25,501
24,26,432
24,27,331
24,28,656
24,29,423
24,50,208
24,85,340
24,86,328
24,92,558
24,93,168
24,95,276
24,97,192
24,98,752
24,99,534
24,100,190
24,101,474
24,102,236
24,118,245
24,123,281
24,124,303
24,125,246
24,126,297
24,128,152
24,143,216
24,153,167
24,154,153
24,155,161
24,156,161
24,157,161
24,158,161
24,159,161
24,160,161
24,170,150
24,182,219
24,185,455
24,229,198
24,231,154
24,232,214
24,234,292
24,235,156
24,236,232
24,241,152
24,244,172
24,256,154
24,280,628
24,281,931
24,282,407
24,283,847
24,284,842
24,285,224
24,286,165
24,289,163
24,300,223
24,306,159
24,312,201
24,315,174
24,320,240
24,328,203
24,346,209
24,357,314
24,360,200
24,362,217
24,367,162
24,371,183
24,382,170
24,383,183
24,400,288
24,402,155
24,425,182
24,426,165
24,427,202
24,434,177
24,435,209
24,441,154
24,443,193
24,461,260
24,462,196
24,463,228
24,465,164
24,466,215
24,476,177
24,478,294
24,481,153
24,483,176
24,492,150
24,499,150
24,500,276
24,518,195
24,523,164
24,524,205
24,533,389
24,550,260
24,554,433
24,567,218
24,569,177
24,575,180
24,576,251
24,577,434
24,582,162
24,589,288
24,593,213
24,597,180
24,609,345
24,610,233
24,618,192
24,619,383
24,626,284
24,634,158
24,635,205
24,640,217
24,648,188
24,649,199
24,656,303
24,691,176
24,692,176
24,693,176
24,694,176
24,711,239
24,712,230
24,713,188
24,715,253
24,719,904
24,734,215
24,736,260
24,737,225
24,739,157
24,740,284
24,741,230
24,755,213
24,763,223
24,766,235
24,767,251
24,770,159
24,771,200
24,778,187
24,785,179
24,789,215
24,804,176
24,811,323
24,813,272
24,849,177
24,899,224
24,929,213
24,968,209
25,26,940
25,27,969
25,28,961
25,29,966
25,42,264
25,45,150
25,46,449
25,49,170
25,50,412
25,51,182
25,54,239
25,55,197
25,70,250
25,78,215
25,79,213
25,80,196
25,83,642
25,84,459
25,85,627
25,86,586
25,90,231
25,91,434
25,92,529
25,93,341
25,96,234
25,100,458
25,102,272
25,104,167
25,105,184
25,107,170
25,114,230
25,117,371
25,118,198
25,119,390
25,121,176
25,125,197
25,126,158
25,128,662
25,129,287
25,130,301
25,131,208
25,132,784
25,133,731
25,134,364
25,135,158
25,136,284
25,140,225
25,141,170
25,143,185
25,144,268
25,145,221
25,146,258
25,149,375
25,150,436
25,151,443
25,152,181
25,153,316
25,154,318
25,170,162
25,171,300
25,172,185
25,180,296
25,181,183
25,182,259
25,183,368
25,186,205
25,189,425
25,190,231
25,194,151
25,195,231
25,198,212
25,199,186
25,201,680
25,206,187
25,211,179
25,212,159
25,213,323
25,214,170
25,215,353
25,216,251
25,223,270
25,228,181
25,229,543
25,230,311
25,233,242
25,234,865
25,235,226
25,239,156
25,242,202
25,244,214
25,260,208
25,261,347
25,262,536
25,275,193
25,280,773
25,282,689
25,283,232
25,286,268
25,287,272
25,289,488
25,300,624
25,303,307
25,305,305
25,312,390
25,315,604
25,316,417
25,317,282
25,319,295
25,320,161
25,326,227
25,327,475
25,328,186
25,331,213
25,338,300
25,339,204
25,344,241
25,346,292
25,347,381
25,348,211
25,350,226
25,357,677
25,358,377
25,360,724
25,361,476
25,362,290
25,365,269
25,366,557
25,367,445
25,373,242
25,374,364
25,376,246
25,381,158
25,383,436
25,384,186
25,385,435
25,386,206
25,387,716
25,388,158
25,390,317
25,391,373
25,392,220
25,394,603
25,395,222
25,397,152
25,400,222
25,401,286
25,402,206
25,403,828
25,404,176
25,406,165
25,408,224
25,419,999
25,421,245
25,422,764
25,425,559
25,429,702
25,430,609
25,431,598
25,432,478
25,433,350
25,434,231
25,435,254
25,437,235
25,440,196
25,442,384
25,443,235
25,445,267
25,450,178
25,452,170
25,453,701
25,454,599
25,455,446
25,457,172
25,463,181
25,467,259
25,468,187
25,469,189
25,472,336
25,473,157
25,476,224
25,477,248
25,478,260
25,480,459
25,481,603
25,483,693
25,484,182
25,485,368
25,486,282
25,487,477
25,489,218
25,490,201
25,492,155
25,503,210
25,504,267
25,508,251
25,509,412
25,511,248
25,512,434
25,518,999
25,519,152
25,522,271
25,524,250
25,525,176
25,532,175
25,533,207
25,536,237
25,540,329
25,542,175
25,544,220
25,548,258
25,550,448
25,552,307
25,556,239
25,558,272
25,562,313
25,564,231
25,566,906
25,567,699
25,569,528
25,572,156
25,574,208
25,575,192
25,576,281
25,578,229
25,580,432
25,581,413
25,583,232
25,588,810
25,589,159
25,596,225
25,600,155
25,604,234
25,606,522
25,607,213
25,609,506
25,610,396
25,612,470
25,613,347
25,614,319
25,617,367
25,618,323
25,619,328
25,621,173
25,623,185
25,624,159
25,626,436
25,627,169
25,632,191
25,635,429
25,636,234
25,638,730
25,640,617
25,642,337
25,643,323
25,644,303
25,645,351
25,646,239
25,648,243
25,649,206
25,652,172
25,656,579
25,657,567
25,659,222
25,661,245
25,662,192
25,667,212
25,672,159
25,674,161
25,675,167
25,678,167
25,679,155
25,682,248
25,683,178
25,688,574
25,703,194
25,710,435
25,714,161
25,715,221
25,716,523
25,719,231
25,733,537
25,734,443
25,735,659
25,736,624
25,737,587
25,738,186
25,739,328
25,740,997
25,741,223
25,742,303
25,745,294
25,746,189
25,747,165
25,750,272
25,753,214
25,755,287
25,756,561
25,758,531
25,759,178
25,764,637
25,770,510
25,771,586
25,773,157
25,774,200
25,776,286
25,779,233
25,781,297
25,782,204
25,785,229
25,786,166
25,787,527
25,789,491
25,792,628
25,794,189
25,795,420
25,796,258
25,798,451
25,800,684
25,804,406
25,811,161
25,818,221
25,820,393
25,834,189
25,877,388
25,940,155
25,981,174
26,27,935
26,28,739
26,29,984
26,31,210
26,56,228
26,57,201
26,63,158
26,93,353
26,94,349
26,98,220
26,100,471
26,102,478
26,122,165
26,123,292
26,124,344
26,125,174
26,126,322
26,127,292
26,136,171
26,141,176
26,153,197
26,154,171
26,170,245
26,186,165
26,232,503
26,234,182
26,241,242
26,252,298
26,253,726
26,259,222
26,289,296
26,315,155
26,333,196
26,334,152
26,350,188
26,357,175
26,375,242
26,397,192
26,404,201
26,443,390
26,445,154
26,455,192
26,473,660
26,494,267
26,500,385
26,535,184
26,549,233
26,555,153
26,566,940
26,582,152
26,597,182
26,619,174
26,649,367
26,650,240
26,739,178
26,740,212
26,779,159
26,790,190
26,791,190
26,817,200
26,822,182
26,835,328
26,943,267
27,28,999
27,29,975
27,46,241
27,50,323
27,53,350
27,92,151
27,93,408
27,94,464
27,95,291
27,96,462
27,98,183
27,99,184
27,100,350
27,101,189
27,102,340
27,103,292
27,104,167
27,105,201
27,107,168
27,124,421
27,125,207
27,126,433
27,141,151
27,190,365
27,232,374
27,234,328
27,252,158
27,289,255
27,300,224
27,305,188
27,332,833
27,333,270
27,353,164
27,354,182
27,357,186
27,373,323
27,387,262
27,397,267
27,400,196
27,404,232
27,405,270
27,419,180
27,425,162
27,436,151
27,442,261
27,443,396
27,455,159
27,456,497
27,462,209
27,465,267
27,472,152
27,500,387
27,518,160
27,523,363
27,554,279
27,555,152
27,566,956
27,571,346
27,573,220
27,598,265
27,609,157
27,619,179
27,649,429
27,650,288
27,715,241
27,736,230
27,739,166
27,740,163
27,770,185
27,772,249
27,822,298
27,835,256
27,898,220
27,943,311
28,29,877
28,31,162
28,33,586
28,40,421
28,46,333
28,48,241
28,53,283
28,54,418
28,63,186
28,83,177
28,85,187
28,92,221
28,93,467
28,94,482
28,95,287
28,96,554
28,97,407
28,98,288
28,100,501
28,101,266
28,102,555
28,103,231
28,104,227
28,105,225
28,107,255
28,110,209
28,113,155
28,122,252
28,123,224
28,124,531
28,125,279
28,126,498
28,127,299
28,128,253
28,141,233
28,153,202
28,197,159
28,229,239
28,232,950
28,234,380
28,241,280
28,252,394
28,253,221
28,254,151
28,259,154
28,280,166
28,289,362
28,298,174
28,300,316
28,305,189
28,312,247
28,313,195
28,315,189
28,327,234
28,332,246
28,333,369
28,353,313
28,354,177
28,357,290
28,365,180
28,369,256
28,370,178
28,373,444
28,375,218
28,384,174
28,388,169
28,397,304
28,400,264
28,404,256
28,405,152
28,419,182
28,436,233
28,439,173
28,440,177
28,442,395
28,443,384
28,450,193
28,455,222
28,456,458
28,461,172
28,462,267
28,463,224
28,465,283
28,468,151
28,472,482
28,478,154
28,483,461
28,486,173
28,492,434
28,495,211
28,500,464
28,509,152
28,518,249
28,523,519
28,533,161
28,538,162
28,540,418
28,551,193
28,552,203
28,554,310
28,555,240
28,558,151
28,559,197
28,560,367
28,562,562
28,566,960
28,567,183
28,569,166
28,571,349
28,575,172
28,576,245
28,577,208
28,578,205
28,581,290
28,598,210
28,600,220
28,601,435
28,606,361
28,608,183
28,609,303
28,610,253
28,618,199
28,619,496
28,623,153
28,626,220
28,627,179
28,640,203
28,645,288
28,646,236
28,649,497
28,650,248
28,656,173
28,710,161
28,713,221
28,715,327
28,725,190
28,734,167
28,736,323
28,739,517
28,740,272
28,741,170
28,744,206
28,745,155
28,766,294
28,770,225
28,782,335
28,785,172
28,793,157
28,800,154
28,822,226
28,834,169
28,835,273
28,898,239
28,943,343
28,968,257
28,969,227
29,30,151
29,42,555
29,43,295
29,44,308
29,46,166
29,48,153
29,50,240
29,53,212
29,54,224
29,81,212
29,82,203
29,83,456
29,84,199
29,85,424
29,86,239
29,92,336
29,93,593
29,94,473
29,95,154
29,96,331
29,97,371
29,98,211
29,100,438
29,101,195
29,102,342
29,104,320
29,105,346
29,107,311
29,111,182
29,114,212
29,122,161
29,123,163
29,124,361
29,125,174
29,126,312
29,128,204
29,129,289
29,132,224
29,133,369
29,136,182
29,140,152
29,141,171
29,150,195
29,153,299
29,154,333
29,172,174
29,179,150
29,182,189
29,190,340
29,197,338
29,201,404
29,216,175
29,217,157
29,229,324
29,230,397
29,232,380
29,233,181
29,234,547
29,236,161
29,247,185
29,259,287
29,260,181
29,261,217
29,262,423
29,276,150
29,278,150
29,280,289
29,282,400
29,286,172
29,289,362
29,293,200
29,294,212
29,299,150
29,300,472
29,303,188
29,305,220
29,307,181
29,312,315
29,315,376
29,316,204
29,317,196
29,319,180
29,320,178
29,325,196
29,327,302
29,328,165
29,331,215
29,333,371
29,348,189
29,350,204
29,357,354
29,360,298
29,362,174
29,364,241
29,366,294
29,367,334
29,368,270
29,369,175
29,370,165
29,373,279
29,381,377
29,385,163
29,387,292
29,388,248
29,389,210
29,390,194
29,391,251
29,394,317
29,395,194
29,397,240
29,400,213
29,402,156
29,403,367
29,404,248
29,410,156
29,419,286
29,421,181
29,422,179
29,429,370
29,430,184
29,431,246
29,432,194
29,435,169
29,442,359
29,443,277
29,448,419
29,450,459
29,453,225
29,454,215
29,455,167
29,456,194
29,462,360
29,463,177
29,465,157
29,468,211
29,469,161
29,472,287
29,473,264
29,477,259
29,478,202
29,480,162
29,481,282
29,483,631
29,484,354
29,485,270
29,487,229
29,489,442
29,490,161
29,492,194
29,500,175
29,512,220
29,515,210
29,518,308
29,523,378
29,524,276
29,526,280
29,527,223
29,533,216
29,534,160
29,538,551
29,540,208
29,548,174
29,549,264
29,550,163
29,552,290
29,554,292
29,555,220
29,558,475
29,564,192
29,565,190
29,566,959
29,567,660
29,568,157
29,569,379
29,575,238
29,576,154
29,578,170
29,580,245
29,581,542
29,583,187
29,588,444
29,600,233
29,604,198
29,606,500
29,609,370
29,610,224
29,612,236
29,613,274
29,618,197
29,619,334
29,623,249
29,626,345
29,631,293
29,634,152
29,635,296
29,638,477
29,640,254
29,642,155
29,644,156
29,645,218
29,648,352
29,656,302
29,657,185
29,664,161
29,665,161
29,666,166
29,667,270
29,669,152
29,710,172
29,715,241
29,716,179
29,719,183
29,734,180
29,735,321
29,736,542
29,737,471
29,738,154
29,739,316
29,740,433
29,741,203
29,742,271
29,758,409
29,759,165
29,761,388
29,764,170
29,766,322
29,770,679
29,771,293
29,773,166
29,774,251
29,777,153
29,785,298
29,786,270
29,787,169
29,788,349
29,789,177
29,790,235
29,791,235
29,792,578
29,794,274
29,795,189
29,796,225
29,799,244
29,800,251
29,804,190
29,809,448
29,811,204
29,814,438
29,835,461
29,898,426
29,921,181
30,32,948
30,35,452
30,36,531
30,37,208
30,40,977
30,41,276
30,42,337
30,43,219
30,44,417
30,241,220
30,280,165
30,300,161
30,312,257
30,366,195
30,367,169
30,369,212
30,379,418
30,395,390
30,407,296
30,408,219
30,411,243
30,421,157
30,426,182
30,434,165
30,440,307
30,468,246
30,471,170
30,477,205
30,483,159
30,490,157
30,491,158
30,494,205
30,495,160
30,500,158
30,528,150
30,558,159
30,559,280
30,564,178
30,567,193
30,594,169
30,600,337
30,609,201
30,610,323
30,619,275
30,638,357
30,710,180
30,716,191
30,717,151
30,734,194
30,736,479
30,737,600
30,740,249
30,741,183
30,758,299
30,771,203
30,785,194
30,801,223
30,809,242
30,810,744
30,811,853
30,814,239
30,880,197
30,982,178
31,35,191
31,36,159
31,37,206
31,40,176
31,42,155
31,46,205
31,48,306
31,54,183
31,72,154
31,76,155
31,85,202
31,88,218
31,92,312
31,93,274
31,94,342
31,96,305
31,100,151
31,104,229
31,105,281
31,107,229
31,108,186
31,110,161
31,111,150
31,125,271
31,126,157
31,141,161
31,184,183
31,204,263
31,300,181
31,313,188
31,314,231
31,333,243
31,348,204
31,349,203
31,350,165
31,353,360
31,354,330
31,358,605
31,362,241
31,363,209
31,377,460
31,384,208
31,399,183
31,439,152
31,442,268
31,443,255
31,447,169
31,462,180
31,463,162
31,464,233
31,465,162
31,477,384
31,486,197
31,518,341
31,534,213
31,535,213
31,551,382
31,555,302
31,556,228
31,566,156
31,609,277
31,626,169
31,627,210
31,638,185
31,647,208
31,715,433
31,738,246
31,764,208
31,769,154
31,785,165
31,793,183
31,809,323
31,810,160
31,811,167
31,814,330
31,835,292
31,836,297
31,839,176
31,877,209
31,883,208
31,899,441
31,962,227
32,35,359
32,36,256
32,37,195
32,38,167
32,40,965
32,41,150
32,42,159
32,60,178
32,61,158
32,108,154
32,111,156
32,426,182
32,463,217
32,468,176
32,469,214
32,471,186
32,477,198
32,494,166
32,600,179
32,609,478
32,610,337
32,619,199
32,638,474
32,650,160
32,729,171
32,736,175
32,737,198
32,743,168
32,758,507
32,793,239
32,801,157
32,809,229
32,810,582
32,811,692
32,813,159
32,814,266
32,943,180
32,974,277
33,34,387
33,43,155
33,50,319
33,70,363
33,75,213
33,76,174
33,83,163
33,91,246
33,130,611
33,132,153
33,133,202
33,135,190
33,136,277
33,137,229
33,138,201
33,139,702
33,140,815
33,141,358
33,143,723
33,144,486
33,145,416
33,146,418
33,147,711
33,148,480
33,149,626
33,150,480
33,151,577
33,152,748
33,153,984
33,154,987
33,155,181
33,156,337
33,158,188
33,159,168
33,163,207
33,170,984
33,171,778
33,172,384
33,173,309
33,175,216
33,178,324
33,180,220
33,181,213
33,182,248
33,186,180
33,190,244
33,221,548
33,226,324
33,227,343
33,229,175
33,233,178
33,237,210
33,238,246
33,239,484
33,240,430
33,249,396
33,250,167
33,262,196
33,263,547
33,264,636
33,265,371
33,266,581
33,267,784
33,268,211
33,269,174
33,270,234
33,271,189
33,272,427
33,273,375
33,274,177
33,280,267
33,282,250
33,290,169
33,300,354
33,312,156
33,315,175
33,317,359
33,318,154
33,319,250
33,338,304
33,339,257
33,342,208
33,346,979
33,355,340
33,356,242
33,360,367
33,363,206
33,366,167
33,373,720
33,383,208
33,384,157
33,393,448
33,406,237
33,413,325
33,416,168
33,417,348
33,419,183
33,439,407
33,445,174
33,448,474
33,449,166
33,452,228
33,453,256
33,454,157
33,473,168
33,480,169
33,483,191
33,501,267
33,537,206
33,540,973
33,541,174
33,544,165
33,549,902
33,566,233
33,567,194
33,570,286
33,580,533
33,586,169
33,591,342
33,592,241
33,597,164
33,626,220
33,632,260
33,640,186
33,647,153
33,673,204
33,674,193
33,740,226
33,757,249
33,809,155
33,811,223
33,838,194
33,843,673
33,847,169
33,855,160
33,860,185
33,865,167
33,877,281
33,880,152
33,930,161
33,932,185
33,964,213
34,40,268
34,52,166
34,139,247
34,149,274
34,167,264
34,171,433
34,172,183
34,233,153
34,270,383
34,300,167
34,301,158
34,318,197
34,407,192
34,439,468
34,448,475
34,468,252
34,469,153
34,471,193
34,472,170
34,486,194
34,515,165
34,537,180
34,540,206
34,570,195
34,710,192
34,716,168
34,736,225
34,811,222
34,855,213
35,36,464
35,37,281
35,40,489
35,41,303
35,72,172
35,106,159
35,216,195
35,392,178
35,609,240
35,628,166
35,652,163
35,772,210
35,802,337
35,803,156
35,810,457
35,811,787
35,812,325
35,896,200
36,40,666
36,50,201
36,83,206
36,85,159
36,86,157
36,213,187
36,215,206
36,216,200
36,229,260
36,230,185
36,280,203
36,300,536
36,303,220
36,312,252
36,315,432
36,316,306
36,323,186
36,327,595
36,344,163
36,357,290
36,358,154
36,367,220
36,387,159
36,388,199
36,390,168
36,391,161
36,392,217
36,404,157
36,419,481
36,421,181
36,472,254
36,481,203
36,483,453
36,485,173
36,490,153
36,492,459
36,509,165
36,510,153
36,518,187
36,539,183
36,544,538
36,552,299
36,567,298
36,569,225
36,572,203
36,576,156
36,578,195
36,580,191
36,581,177
36,606,220
36,609,591
36,610,247
36,612,181
36,613,183
36,618,243
36,619,276
36,626,268
36,638,224
36,640,369
36,645,165
36,652,156
36,656,621
36,667,152
36,702,165
36,736,219
36,737,174
36,740,413
36,758,256
36,770,254
36,771,305
36,777,244
36,782,204
36,783,152
36,785,204
36,786,190
36,789,205
36,792,195
36,794,471
36,802,299
36,803,156
36,810,758
36,811,563
36,812,170
36,813,164
36,915,162
36,981,195
37,38,297
37,40,238
37,41,173
37,42,384
37,43,353
37,44,188
37,49,187
37,87,233
37,95,205
37,103,186
37,123,321
37,127,170
37,168,159
37,246,153
37,247,165
37,248,153
37,298,153
37,327,222
37,443,232
37,450,205
37,456,386
37,559,153
37,560,160
37,561,153
37,583,262
37,598,153
37,599,151
37,600,178
37,603,153
37,621,206
37,629,438
37,716,506
37,736,154
37,738,163
37,810,266
37,811,341
37,812,561
37,813,213
37,817,151
37,896,222
37,934,160
38,39,300
38,40,177
38,42,272
38,65,152
38,128,163
38,129,195
38,153,238
38,154,238
38,209,214
38,216,256
38,222,150
38,231,174
38,241,190
38,254,161
38,255,161
38,256,250
38,257,209
38,258,183
38,303,247
38,308,251
38,312,228
38,323,263
38,324,249
38,331,192
38,358,176
38,364,396
38,375,191
38,429,164
38,436,464
38,450,166
38,458,362
38,518,186
38,524,256
38,525,220
38,571,154
38,574,151
38,579,151
38,609,203
38,610,372
38,619,229
38,640,176
38,736,204
38,740,214
38,742,211
38,761,182
38,772,150
38,780,150
38,781,150
38,782,348
38,786,169
38,794,535
38,795,247
38,796,192
38,811,175
38,813,609
38,827,152
38,828,152
38,897,182
39,42,224
39,43,307
39,44,263
39,46,160
39,53,206
39,95,156
39,103,156
39,108,163
39,110,163
39,111,163
39,118,654
39,123,219
39,124,153
39,126,150
39,127,221
39,129,366
39,153,161
39,154,180
39,179,384
39,216,187
39,222,246
39,230,249
39,241,246
39,252,252
39,280,225
39,286,882
39,289,209
39,308,207
39,331,222
39,332,317
39,352,153
39,353,170
39,354,180
39,362,174
39,367,161
39,375,241
39,405,354
39,406,169
39,456,206
39,478,155
39,499,382
39,518,267
39,524,226
39,525,193
39,539,352
39,551,890
39,558,179
39,571,195
39,580,169
39,583,159
39,607,163
39,609,193
39,619,219
39,632,165
39,635,237
39,640,177
39,648,333
39,650,152
39,711,201
39,712,201
39,713,297
39,723,240
39,724,240
39,725,240
39,726,375
39,727,375
39,729,337
39,739,208
39,742,410
39,746,890
39,747,353
39,769,163
39,794,323
39,795,320
39,796,191
39,797,418
39,820,231
39,836,166
39,837,163
39,839,163
39,840,165
39,943,152
39,962,226
39,967,240
39,968,667
39,969,684
39,972,346
39,975,337
39,977,478
40,41,365
40,42,339
40,43,240
40,44,326
40,63,160
40,104,264
40,108,155
40,111,157
40,189,163
40,312,175
40,330,176
40,426,165
40,440,189
40,465,156
40,468,191
40,471,170
40,472,440
40,494,168
40,509,318
40,510,204
40,545,150
40,572,235
40,600,263
40,609,158
40,610,321
40,619,253
40,638,501
40,667,516
40,716,355
40,717,231
40,723,204
40,729,165
40,736,319
40,737,266
40,740,157
40,741,213
40,758,267
40,801,185
40,809,272
40,810,742
40,811,881
40,813,230
40,814,287
40,820,153
40,854,165
40,957,267
40,972,155
40,979,179
41,42,604
41,43,649
41,44,632
41,46,235
41,96,164
41,121,175
41,125,159
41,233,219
41,318,154
41,325,453
41,364,171
41,405,188
41,419,165
41,445,187
41,446,183
41,458,232
41,610,155
41,636,195
41,736,374
41,740,432
41,761,171
41,782,159
41,810,218
41,811,318
41,812,300
41,842,175
41,897,171
41,959,323
42,43,942
42,44,953
42,46,177
42,49,544
42,50,233
42,55,247
42,83,250
42,85,320
42,88,232
42,92,483
42,100,158
42,102,150
42,117,905
42,119,911
42,124,239
42,129,191
42,133,192
42,150,168
42,168,401
42,169,400
42,190,187
42,194,157
42,211,360
42,212,157
42,216,179
42,217,202
42,229,298
42,233,154
42,260,249
42,261,339
42,280,276
42,282,195
42,283,220
42,286,204
42,289,179
42,300,290
42,303,224
42,306,570
42,307,464
42,312,561
42,315,254
42,316,170
42,325,159
42,327,156
42,328,221
42,332,203
42,337,783
42,357,333
42,360,209
42,366,322
42,367,237
42,385,249
42,386,162
42,387,358
42,388,235
42,389,158
42,390,236
42,391,189
42,392,213
42,393,450
42,394,414
42,419,154
42,422,309
42,429,246
42,440,208
42,446,170
42,448,417
42,453,164
42,454,286
42,463,160
42,472,167
42,477,164
42,481,277
42,483,289
42,490,169
42,505,901
42,509,164
42,512,203
42,518,782
42,524,197
42,525,214
42,533,233
42,540,164
42,552,181
42,554,338
42,558,205
42,559,461
42,564,186
42,567,300
42,569,287
42,576,258
42,578,164
42,580,412
42,588,161
42,600,679
42,606,202
42,609,400
42,610,165
42,612,235
42,614,333
42,616,162
42,618,272
42,619,557
42,638,272
42,640,229
42,645,276
42,646,159
42,648,170
42,656,487
42,715,261
42,736,999
42,737,290
42,739,155
42,740,591
42,741,175
42,742,243
42,756,155
42,758,287
42,764,393
42,770,224
42,771,428
42,773,164
42,785,239
42,786,155
42,789,236
42,792,222
42,800,367
42,809,237
42,811,751
42,813,296
42,816,163
42,834,154
42,975,403
43,44,954
43,46,161
43,49,231
43,50,207
43,55,184
43,83,184
43,85,263
43,88,191
43,92,329
43,117,902
43,119,929
43,129,173
43,190,199
43,211,240
43,217,187
43,229,183
43,249,161
43,261,349
43,280,231
43,283,168
43,286,196
43,300,201
43,303,172
43,306,255
43,307,255
43,312,201
43,315,173
43,325,514
43,328,175
43,332,173
43,350,303
43,355,416
43,357,269
43,366,186
43,367,163
43,385,154
43,386,205
43,387,240
43,392,164
43,393,314
43,394,318
43,417,246
43,429,190
43,448,176
43,451,319
43,454,182
43,481,216
43,483,224
43,505,901
43,518,261
43,524,187
43,525,214
43,533,277
43,554,198
43,558,159
43,559,406
43,567,204
43,569,239
43,576,433
43,591,349
43,592,606
43,600,614
43,606,172
43,609,347
43,612,221
43,616,160
43,618,272
43,619,323
43,638,191
43,640,156
43,645,183
43,646,152
43,656,204
43,715,312
43,736,999
43,737,187
43,740,353
43,742,300
43,758,209
43,770,167
43,771,172
43,785,173
43,795,217
43,800,220
43,809,168
43,811,625
43,813,181
43,932,537
44,46,154
44,49,251
44,50,189
44,53,163
44,55,172
44,63,501
44,83,215
44,85,315
44,92,352
44,117,919
44,119,906
44,136,169
44,150,418
44,168,401
44,169,400
44,190,153
44,211,230
44,216,161
44,217,189
44,229,226
44,260,359
44,261,648
44,280,240
44,283,161
44,286,182
44,300,217
44,303,183
44,306,617
44,307,262
44,312,254
44,315,222
44,325,167
44,328,189
44,338,157
44,350,315
44,357,261
44,366,198
44,367,212
44,375,191
44,385,170
44,387,292
44,389,150
44,390,194
44,391,151
44,393,201
44,394,384
44,422,165
44,429,161
44,440,285
44,448,197
44,454,234
44,463,165
44,481,211
44,483,240
44,490,150
44,504,371
44,505,901
44,518,228
44,524,159
44,533,228
44,558,155
44,559,504
44,565,477
44,567,246
44,569,240
44,576,776
44,580,167
44,600,764
44,606,168
44,609,532
44,612,200
44,614,191
44,616,447
44,618,290
44,619,347
44,638,228
44,640,175
44,646,387
44,648,196
44,656,248
44,715,228
44,736,999
44,737,179
44,738,150
44,739,163
44,740,336
44,741,175
44,742,223
44,758,218
44,764,150
44,770,183
44,771,153
44,785,150
44,792,181
44,800,221
44,809,156
44,811,698
44,836,203
45,46,179
45,48,250
45,49,999
45,50,212
45,53,167
45,55,999
45,56,999
45,57,999
45,85,326
45,86,302
45,88,249
45,92,313
45,107,175
45,121,244
45,125,273
45,128,928
45,212,233
45,216,193
45,226,214
45,227,178
45,228,194
45,229,151
45,242,270
45,244,240
45,254,196
45,260,166
45,261,354
45,281,170
45,283,221
45,284,170
45,300,181
45,303,209
45,312,151
45,315,202
45,316,220
45,333,171
45,357,967
45,358,157
45,360,158
45,386,181
45,388,154
45,406,499
45,419,237
45,425,311
45,440,224
45,462,339
45,463,331
45,465,164
45,467,151
45,481,317
45,483,163
45,509,263
45,518,401
45,533,187
45,536,154
45,552,682
45,556,237
45,569,157
45,575,200
45,583,908
45,609,664
45,610,160
45,611,171
45,612,169
45,614,246
45,615,161
45,616,197
45,617,178
45,619,193
45,622,174
45,625,165
45,633,233
45,640,200
45,642,171
45,643,178
45,644,204
45,645,225
45,646,188
45,656,189
45,715,270
45,719,207
45,723,205
45,736,278
45,740,451
45,741,175
45,759,227
45,761,166
45,771,174
45,782,459
45,789,279
45,796,447
45,813,162
45,816,997
45,817,999
45,836,159
45,837,164
45,842,251
45,937,181
45,964,286
46,48,671
46,49,166
46,50,199
46,53,491
46,54,263
46,55,190
46,56,151
46,83,186
46,85,462
46,86,274
46,87,297
46,88,464
46,92,437
46,93,827
46,94,829
46,96,260
46,97,193
46,98,230
46,100,360
46,102,290
46,104,408
46,105,451
46,107,676
46,108,223
46,110,236
46,111,318
46,123,164
46,124,371
46,125,463
46,126,280
46,128,588
46,129,284
46,141,465
46,224,397
46,228,204
46,232,316
46,233,155
46,241,162
46,252,212
46,283,200
46,289,329
46,300,218
46,312,189
46,313,520
46,314,312
46,317,162
46,331,229
46,332,424
46,333,544
46,350,201
46,352,184
46,353,271
46,354,297
46,357,249
46,362,208
46,363,210
46,367,275
46,369,414
46,375,162
46,384,202
46,397,154
46,400,267
46,404,218
46,405,190
46,442,954
46,453,165
46,455,191
46,456,259
46,462,531
46,463,431
46,464,665
46,465,435
46,476,180
46,480,180
46,481,159
46,482,156
46,483,183
46,494,203
46,495,185
46,502,192
46,518,443
46,523,163
46,524,191
46,533,300
46,534,247
46,535,254
46,551,171
46,555,960
46,556,255
46,567,163
46,571,508
46,580,158
46,581,275
46,607,815
46,609,556
46,610,176
46,611,155
46,619,270
46,626,198
46,634,151
46,635,331
46,640,247
46,647,202
46,650,201
46,658,169
46,714,170
46,715,770
46,719,195
46,736,557
46,738,511
46,739,281
46,740,349
46,742,324
46,746,197
46,747,182
46,764,191
46,769,201
46,770,158
46,771,152
46,786,230
46,794,262
46,795,242
46,796,253
46,804,272
46,809,152
46,811,229
46,817,235
46,820,213
46,834,242
46,835,178
46,836,271
46,837,207
46,838,234
46,839,207
46,840,215
46,877,191
46,883,284
46,899,203
46,943,185
46,962,223
46,969,157
47,50,473
47,51,757
47,54,920
47,64,583
47,66,540
47,67,617
47,68,563
47,69,567
47,70,775
47,71,568
47,72,555
47,73,555
47,74,585
47,75,593
47,76,567
47,77,560
47,78,544
47,79,560
47,80,366
47,83,446
47,85,213
47,90,190
47,110,278
47,114,193
47,117,230
47,119,183
47,130,193
47,133,241
47,136,237
47,147,192
47,149,321
47,150,431
47,151,153
47,152,327
47,153,184
47,154,164
47,159,160
47,161,185
47,162,220
47,166,169
47,173,187
47,175,158
47,181,243
47,182,218
47,186,177
47,189,590
47,190,301
47,191,257
47,192,305
47,193,292
47,194,329
47,197,166
47,198,309
47,199,334
47,200,319
47,201,323
47,202,274
47,203,246
47,204,336
47,205,215
47,206,284
47,207,180
47,208,167
47,213,215
47,219,256
47,229,211
47,240,202
47,251,185
47,263,198
47,265,193
47,266,153
47,270,158
47,271,468
47,280,156
47,300,215
47,312,174
47,315,176
47,339,181
47,346,352
47,347,301
47,348,156
47,358,550
47,361,166
47,367,160
47,419,278
47,424,388
47,435,177
47,445,216
47,450,199
47,452,203
47,456,155
47,459,380
47,467,158
47,481,167
47,483,401
47,501,167
47,504,183
47,507,177
47,513,156
47,518,151
47,533,203
47,540,154
47,543,208
47,547,169
47,558,699
47,561,186
47,566,154
47,567,402
47,569,233
47,575,228
47,577,675
47,580,207
47,581,170
47,596,165
47,598,172
47,604,240
47,606,234
47,609,200
47,612,212
47,614,193
47,616,242
47,617,416
47,619,169
47,633,150
47,638,161
47,645,203
47,650,206
47,656,212
47,679,165
47,680,375
47,709,909
47,736,236
47,737,218
47,740,286
47,742,400
47,755,228
47,756,302
47,759,205
47,770,243
47,771,207
47,776,150
47,778,287
47,783,153
47,789,634
47,792,247
47,802,176
47,815,788
47,824,559
47,825,540
47,826,540
47,827,540
47,828,540
47,829,559
47,830,552
47,831,608
47,832,552
47,852,155
47,867,166
47,921,192
47,934,177
47,940,258
47,943,205
47,982,151
48,49,252
48,50,183
48,53,278
48,55,292
48,56,175
48,57,155
48,83,276
48,84,158
48,85,745
48,86,416
48,87,400
48,88,770
48,92,820
48,93,169
48,94,161
48,96,184
48,97,216
48,100,225
48,104,276
48,105,379
48,107,277
48,108,155
48,110,171
48,111,165
48,112,180
48,114,243
48,118,159
48,120,171
48,122,195
48,124,475
48,125,583
48,126,190
48,128,488
48,136,351
48,141,235
48,151,192
48,154,150
48,169,166
48,200,196
48,223,220
48,227,233
48,228,620
48,229,187
48,230,340
48,232,318
48,233,177
48,241,183
48,244,173
48,248,151
48,261,159
48,280,194
48,281,173
48,283,209
48,285,446
48,289,196
48,299,180
48,300,317
48,307,168
48,312,172
48,313,284
48,315,231
48,316,153
48,317,184
48,318,193
48,320,170
48,332,310
48,333,324
48,337,155
48,347,151
48,353,412
48,354,458
48,357,263
48,362,169
48,363,219
48,367,273
48,370,207
48,373,171
48,375,176
48,377,213
48,382,159
48,383,225
48,395,172
48,397,224
48,400,257
48,414,150
48,428,218
48,432,164
48,438,187
48,442,492
48,461,272
48,462,679
48,463,975
48,464,476
48,465,564
48,466,217
48,467,208
48,468,363
48,469,237
48,470,316
48,471,203
48,472,259
48,478,211
48,481,158
48,483,287
48,489,211
48,495,426
48,499,162
48,516,163
48,518,190
48,524,188
48,527,151
48,533,630
48,534,223
48,535,322
48,542,228
48,543,311
48,554,169
48,555,428
48,556,245
48,567,282
48,569,304
48,571,242
48,575,169
48,580,198
48,583,173
48,584,156
48,606,309
48,607,217
48,609,331
48,610,254
48,612,273
48,613,501
48,618,151
48,619,270
48,621,210
48,622,326
48,626,203
48,633,178
48,634,326
48,635,505
48,638,203
48,640,241
48,645,151
48,649,158
48,656,161
48,658,335
48,661,181
48,667,195
48,669,171
48,702,176
48,710,168
48,711,225
48,714,690
48,715,981
48,719,279
48,726,271
48,727,175
48,736,302
48,737,156
48,738,320
48,739,193
48,740,333
48,755,154
48,764,251
48,769,155
48,770,166
48,771,178
48,783,169
48,786,166
48,788,164
48,789,219
48,792,198
48,804,159
48,806,220
48,809,195
48,816,301
48,820,179
48,826,158
48,827,181
48,836,275
48,837,155
48,839,155
48,840,174
48,877,204
48,883,155
48,899,346
48,900,184
48,921,154
48,962,703
48,977,171
48,983,201
49,50,374
49,53,241
49,54,153
49,55,984
49,56,999
49,57,997
49,83,187
49,84,197
49,85,532
49,86,244
49,88,217
49,92,396
49,97,151
49,104,171
49,119,172
49,121,633
49,125,209
49,128,938
49,129,539
49,136,269
49,140,172
49,145,182
49,151,190
49,186,159
49,198,165
49,200,203
49,205,261
49,209,179
49,211,356
49,212,286
49,216,510
49,222,182
49,228,197
49,229,219
49,237,547
49,242,161
49,244,174
49,249,244
49,254,176
49,260,266
49,261,252
49,280,230
49,283,183
49,285,185
49,289,249
49,300,232
49,303,287
49,306,186
49,307,419
49,312,208
49,315,289
49,316,198
49,330,197
49,332,184
49,342,544
49,357,972
49,362,164
49,364,229
49,365,190
49,367,183
49,380,225
49,386,159
49,388,159
49,400,235
49,406,552
49,414,167
49,417,171
49,419,370
49,420,526
49,425,230
49,429,165
49,446,197
49,448,351
49,453,162
49,454,432
49,458,427
49,462,252
49,463,445
49,472,197
49,481,221
49,483,284
49,503,161
49,504,155
49,506,201
49,507,204
49,509,231
49,518,565
49,524,196
49,533,259
49,541,471
49,552,873
49,562,163
49,563,255
49,567,270
49,568,207
49,569,329
49,573,193
49,574,173
49,575,164
49,578,243
49,580,223
49,583,953
49,604,302
49,606,190
49,609,764
49,610,461
49,611,176
49,612,186
49,613,160
49,614,295
49,617,181
49,618,197
49,619,242
49,626,228
49,634,185
49,635,345
49,640,311
49,642,192
49,643,165
49,644,245
49,645,281
49,646,197
49,656,256
49,661,221
49,702,219
49,712,301
49,715,406
49,719,507
49,736,404
49,737,173
49,740,246
49,741,200
49,742,270
49,750,154
49,755,154
49,761,170
49,770,180
49,771,364
49,772,159
49,773,206
49,776,182
49,778,159
49,781,200
49,782,151
49,789,270
49,792,169
49,794,165
49,795,165
49,796,236
49,805,255
49,816,999
49,817,999
49,842,242
49,897,176
49,899,535
49,937,155
49,941,255
49,981,245
50,51,512
50,53,194
50,54,205
50,55,319
50,56,168
50,57,154
50,59,202
50,64,167
50,70,433
50,71,357
50,72,167
50,73,192
50,75,202
50,76,206
50,77,200
50,78,183
50,79,185
50,83,629
50,84,283
50,85,672
50,86,593
50,88,158
50,89,530
50,90,183
50,91,436
50,92,593
50,100,289
50,102,182
50,105,161
50,114,237
50,117,757
50,118,543
50,119,803
50,121,367
50,128,338
50,129,769
50,130,449
50,132,311
50,133,300
50,134,166
50,136,924
50,137,413
50,138,296
50,139,305
50,140,448
50,141,607
50,142,292
50,143,220
50,144,231
50,145,224
50,146,220
50,147,250
50,149,367
50,150,554
50,151,432
50,152,522
50,153,454
50,154,488
50,155,202
50,158,177
50,159,165
50,161,152
50,162,166
50,163,214
50,164,175
50,165,174
50,170,248
50,171,528
50,172,477
50,173,307
50,175,185
50,177,197
50,178,293
50,179,153
50,180,665
50,181,746
50,182,821
50,183,517
50,184,529
50,185,270
50,186,278
50,189,213
50,190,464
50,191,212
50,192,223
50,193,173
50,194,401
50,195,658
50,196,301
50,197,185
50,198,276
50,199,306
50,200,365
50,201,432
50,202,565
50,203,393
50,204,161
50,205,159
50,206,224
50,208,193
50,209,228
50,210,245
50,211,433
50,212,268
50,213,620
50,214,521
50,215,433
50,216,735
50,217,225
50,218,255
50,220,179
50,222,208
50,223,199
50,224,516
50,225,463
50,226,202
50,227,193
50,228,437
50,229,998
50,230,468
50,231,571
50,233,169
50,236,254
50,237,181
50,238,151
50,239,579
50,240,621
50,241,151
50,242,201
50,244,183
50,248,196
50,250,492
50,251,269
50,253,236
50,254,165
50,260,459
50,261,480
50,262,267
50,263,464
50,264,201
50,265,402
50,266,270
50,267,343
50,269,182
50,270,165
50,272,218
50,274,235
50,276,154
50,280,757
50,281,322
50,282,746
50,283,720
50,284,177
50,285,431
50,286,464
50,287,158
50,288,189
50,289,379
50,290,257
50,291,157
50,294,175
50,295,227
50,297,201
50,300,608
50,303,433
50,306,414
50,307,244
50,309,256
50,310,193
50,312,576
50,315,682
50,316,484
50,321,181
50,324,183
50,325,261
50,326,329
50,327,234
50,328,407
50,331,353
50,337,180
50,338,540
50,339,771
50,340,156
50,341,183
50,342,364
50,343,161
50,344,355
50,346,353
50,347,178
50,348,165
50,350,166
50,357,624
50,358,224
50,359,170
50,360,376
50,361,287
50,362,469
50,363,382
50,364,162
50,365,193
50,366,534
50,367,541
50,371,228
50,373,163
50,374,171
50,375,199
50,382,151
50,383,336
50,384,318
50,385,172
50,386,455
50,387,367
50,388,459
50,389,264
50,390,336
50,391,382
50,392,316
50,393,257
50,394,279
50,400,307
50,401,521
50,403,300
50,404,152
50,406,452
50,407,171
50,408,183
50,413,388
50,414,165
50,416,284
50,419,891
50,421,626
50,422,234
50,425,363
50,428,170
50,429,364
50,430,197
50,431,266
50,432,186
50,433,178
50,434,273
50,435,263
50,437,188
50,440,213
50,441,223
50,442,188
50,445,673
50,448,507
50,449,169
50,450,233
50,452,660
50,453,216
50,454,175
50,455,162
50,462,211
50,463,268
50,467,291
50,468,181
50,469,179
50,472,433
50,476,207
50,477,222
50,478,279
50,480,212
50,481,987
50,483,681
50,484,314
50,485,380
50,487,183
50,489,263
50,490,288
50,491,159
50,492,478
50,497,219
50,501,448
50,503,313
50,504,254
50,505,758
50,507,191
50,508,347
50,509,762
50,511,264
50,512,371
50,516,160
50,517,183
50,518,423
50,524,475
50,525,624
50,526,301
50,527,254
50,533,317
50,536,173
50,537,271
50,539,239
50,540,593
50,541,228
50,542,155
50,544,306
50,547,210
50,550,521
50,551,158
50,552,413
50,554,203
50,558,261
50,564,212
50,565,200
50,566,439
50,567,672
50,568,361
50,569,773
50,570,220
50,572,789
50,573,947
50,574,986
50,575,841
50,576,959
50,577,487
50,578,701
50,579,708
50,580,998
50,581,479
50,582,315
50,583,246
50,585,309
50,586,318
50,587,220
50,588,351
50,589,194
50,591,221
50,594,223
50,595,455
50,596,374
50,597,181
50,600,155
50,604,509
50,606,749
50,609,998
50,610,638
50,611,883
50,612,583
50,613,399
50,614,962
50,616,239
50,617,609
50,618,949
50,619,789
50,622,159
50,624,320
50,625,272
50,626,375
50,627,150
50,631,224
50,632,224
50,635,270
50,638,529
50,640,544
50,642,514
50,643,452
50,644,620
50,645,706
50,646,417
50,647,183
50,648,316
50,652,223
50,656,925
50,657,257
50,661,558
50,662,557
50,663,293
50,664,246
50,665,200
50,667,786
50,668,262
50,672,173
50,673,173
50,674,224
50,675,235
50,678,213
50,680,175
50,681,177
50,682,248
50,685,183
50,686,188
50,687,154
50,688,155
50,690,247
50,691,262
50,710,304
50,715,305
50,716,371
50,718,153
50,719,622
50,721,167
50,722,165
50,733,150
50,734,307
50,735,321
50,736,833
50,737,511
50,738,185
50,739,194
50,740,965
50,741,578
50,742,877
50,743,185
50,745,188
50,747,231
50,750,167
50,751,181
50,755,213
50,756,260
50,757,424
50,758,420
50,760,190
50,763,267
50,770,563
50,771,628
50,772,290
50,773,368
50,774,739
50,776,467
50,777,314
50,778,470
50,779,228
50,780,164
50,782,278
50,783,283
50,785,398
50,786,691
50,788,258
50,789,988
50,790,192
50,792,480
50,794,500
50,795,320
50,796,442
50,798,158
50,800,209
50,802,210
50,803,222
50,811,163
50,815,680
50,816,176
50,817,188
50,843,154
50,849,380
50,867,245
50,877,292
50,927,212
50,928,303
50,947,181
50,948,151
50,981,222
50,983,237
51,53,165
51,54,923
51,60,283
51,64,549
51,66,540
51,67,621
51,68,579
51,69,578
51,70,661
51,71,626
51,72,555
51,73,570
51,74,587
51,75,576
51,76,680
51,77,560
51,78,551
51,79,554
51,80,366
51,83,199
51,85,165
51,90,155
51,114,233
51,117,158
51,119,252
51,130,165
51,131,187
51,132,153
51,133,269
51,136,203
51,144,216
51,145,285
51,146,155
51,147,176
51,149,494
51,150,745
51,151,277
51,152,178
51,153,181
51,163,178
51,172,342
51,175,226
51,177,158
51,181,202
51,182,198
51,189,707
51,190,200
51,191,543
51,192,570
51,193,294
51,194,591
51,195,682
51,196,425
51,197,520
51,198,564
51,199,383
51,200,631
51,201,349
51,202,546
51,203,498
51,204,537
51,205,534
51,206,185
51,207,173
51,208,166
51,211,153
51,213,209
51,214,172
51,215,160
51,216,474
51,219,255
51,239,161
51,240,180
51,241,348
51,251,152
51,265,186
51,270,166
51,280,165
51,281,214
51,300,173
51,312,206
51,315,157
51,331,191
51,346,164
51,347,269
51,357,158
51,358,603
51,360,169
51,361,169
51,366,180
51,388,177
51,391,238
51,392,174
51,394,257
51,419,610
51,422,442
51,434,151
51,435,152
51,445,207
51,452,192
51,455,344
51,456,155
51,461,166
51,478,176
51,481,208
51,483,263
51,492,277
51,501,180
51,504,165
51,537,176
51,556,234
51,558,696
51,567,225
51,569,158
51,573,160
51,581,163
51,583,242
51,585,228
51,594,365
51,604,187
51,609,224
51,614,419
51,617,522
51,618,165
51,619,183
51,622,328
51,633,183
51,645,173
51,649,165
51,650,193
51,652,150
51,656,175
51,661,296
51,703,222
51,709,932
51,716,160
51,736,192
51,737,210
51,740,269
51,755,561
51,756,471
51,759,214
51,770,169
51,771,640
51,776,573
51,783,615
51,787,228
51,789,410
51,802,361
51,815,781
51,824,559
51,825,540
51,826,540
51,827,540
51,828,540
51,829,559
51,830,583
51,831,600
51,832,558
51,852,153
51,877,168
51,940,258
51,943,193
52,54,262
52,91,158
52,92,181
52,95,214
52,96,154
52,168,182
52,169,301
52,172,675
52,181,222
52,182,204
52,216,364
52,247,163
52,308,179
52,331,292
52,337,174
52,344,398
52,350,435
52,358,565
52,365,165
52,377,718
52,401,191
52,404,202
52,405,458
52,413,313
52,418,196
52,419,337
52,420,181
52,428,197
52,450,167
52,455,190
52,468,234
52,480,278
52,482,264
52,500,349
52,505,321
52,506,258
52,518,195
52,545,180
52,555,190
52,595,300
52,609,153
52,610,178
52,618,171
52,619,196
52,626,330
52,627,333
52,646,180
52,648,150
52,667,192
52,710,159
52,712,194
52,713,164
52,730,219
52,771,177
52,782,206
52,797,223
52,809,305
52,818,160
52,915,156
52,943,233
52,969,198
52,980,342
53,54,319
53,55,258
53,56,272
53,57,261
53,85,311
53,87,201
53,88,175
53,92,258
53,93,265
53,94,221
53,95,153
53,96,511
53,97,172
53,98,156
53,100,358
53,102,362
53,104,220
53,105,298
53,107,244
53,108,211
53,110,247
53,111,211
53,112,165
53,114,189
53,118,199
53,124,245
53,125,296
53,126,157
53,128,236
53,129,180
53,141,252
53,169,185
53,195,209
53,197,155
53,203,240
53,209,154
53,228,161
53,230,177
53,232,499
53,241,186
53,247,165
53,252,245
53,280,227
53,285,442
53,289,297
53,299,163
53,300,527
53,305,173
53,312,207
53,313,211
53,317,218
53,318,170
53,320,241
53,327,152
53,332,523
53,333,270
53,346,187
53,350,254
53,352,199
53,353,202
53,354,396
53,357,317
53,367,184
53,368,158
53,369,181
53,370,170
53,373,159
53,375,192
53,377,190
53,388,247
53,395,276
53,397,200
53,400,487
53,401,150
53,404,200
53,405,205
53,410,168
53,429,191
53,439,173
53,442,360
53,447,270
53,458,154
53,462,312
53,463,382
53,464,379
53,465,350
53,478,150
53,480,286
53,481,212
53,482,217
53,483,189
53,492,186
53,500,155
53,518,345
53,523,187
53,524,473
53,532,174
53,533,455
53,535,153
53,551,168
53,554,171
53,555,372
53,556,161
53,559,164
53,569,222
53,571,604
53,581,315
53,600,178
53,607,169
53,608,174
53,609,307
53,610,157
53,614,167
53,619,359
53,623,196
53,626,183
53,627,167
53,634,268
53,638,206
53,640,199
53,645,151
53,707,173
53,708,184
53,710,163
53,715,509
53,719,153
53,723,150
53,724,160
53,725,175
53,736,713
53,738,167
53,739,260
53,740,331
53,742,191
53,746,279
53,747,170
53,756,183
53,759,203
53,767,216
53,769,216
53,770,163
53,771,164
53,782,238
53,785,297
53,787,152
53,789,240
53,790,371
53,791,371
53,804,223
53,809,166
53,811,161
53,813,166
53,817,313
53,820,180
53,836,271
53,837,205
53,839,215
53,840,249
53,899,242
53,967,156
53,969,150
54,55,198
54,57,157
54,85,209
54,94,158
54,97,305
54,100,192
54,104,317
54,105,330
54,107,319
54,108,299
54,110,299
54,111,322
54,115,158
54,116,158
54,122,605
54,123,227
54,124,204
54,125,182
54,126,209
54,127,185
54,128,221
54,140,154
54,141,229
54,152,183
54,153,237
54,154,198
54,171,218
54,186,612
54,190,655
54,191,909
54,192,921
54,193,909
54,194,915
54,195,920
54,196,914
54,197,937
54,198,918
54,199,924
54,200,924
54,201,367
54,202,914
54,203,925
54,204,905
54,205,907
54,206,177
54,208,150
54,217,473
54,218,607
54,223,288
54,232,178
54,234,167
54,236,330
54,244,171
54,252,234
54,259,986
54,289,444
54,300,246
54,312,188
54,315,198
54,317,181
54,318,188
54,319,181
54,320,342
54,332,182
54,333,363
54,339,156
54,341,158
54,344,216
54,346,237
54,349,151
54,350,368
54,352,158
54,357,214
54,358,203
54,360,177
54,365,221
54,369,240
54,377,150
54,383,290
54,400,169
54,403,326
54,404,360
54,405,385
54,419,241
54,426,182
54,430,424
54,442,322
54,450,992
54,455,495
54,456,679
54,478,247
54,480,164
54,481,219
54,483,270
54,485,157
54,487,163
54,494,298
54,495,358
54,500,626
54,501,171
54,518,187
54,524,199
54,533,168
54,536,181
54,551,153
54,555,275
54,558,970
54,562,184
54,566,214
54,567,319
54,569,166
54,571,389
54,580,164
54,581,158
54,583,187
54,589,733
54,593,684
54,597,161
54,608,157
54,609,225
54,610,213
54,613,168
54,614,157
54,619,161
54,626,300
54,627,206
54,640,196
54,645,170
54,648,775
54,649,526
54,650,519
54,667,201
54,669,188
54,672,268
54,673,244
54,674,220
54,675,176
54,676,174
54,677,152
54,678,166
54,679,208
54,680,290
54,681,266
54,682,324
54,683,292
54,709,582
54,710,262
54,715,171
54,726,213
54,727,202
54,732,188
54,734,200
54,736,317
54,737,153
54,739,263
54,740,306
54,746,204
54,764,159
54,769,413
54,770,266
54,782,172
54,789,177
54,790,325
54,791,321
54,804,180
54,813,337
54,817,200
54,818,176
54,822,157
54,836,320
54,837,309
54,838,204
54,839,309
54,840,299
54,841,158
54,943,635
54,948,291
54,964,405
54,968,183
54,969,188
54,970,151
54,972,179
55,56,998
55,57,997
55,67,182
55,83,170
55,85,510
55,86,258
55,88,249
55,92,398
55,99,380
55,100,273
55,119,151
55,121,276
55,125,195
55,128,932
55,129,173
55,136,238
55,144,152
55,171,151
55,194,177
55,197,169
55,199,156
55,209,468
55,211,245
55,212,199
55,216,538
55,222,182
55,229,243
55,242,160
55,244,189
55,260,166
55,280,217
55,283,390
55,300,191
55,303,178
55,307,176
55,315,208
55,337,227
55,341,306
55,357,973
55,364,218
55,367,189
55,382,166
55,388,220
55,400,233
55,406,548
55,419,374
55,429,154
55,434,189
55,446,163
55,448,181
55,454,241
55,458,182
55,462,198
55,463,331
55,465,180
55,481,206
55,483,238
55,505,172
55,506,172
55,508,191
55,509,189
55,518,532
55,524,360
55,533,290
55,552,695
55,562,163
55,563,256
55,567,219
55,568,178
55,569,278
55,580,256
55,583,907
55,609,645
55,610,205
55,614,202
55,615,177
55,617,180
55,618,178
55,619,188
55,634,158
55,640,271
55,642,233
55,643,173
55,644,236
55,645,187
55,646,156
55,656,434
55,661,186
55,715,363
55,719,238
55,736,370
55,737,155
55,740,257
55,741,180
55,742,187
55,761,169
55,772,153
55,780,159
55,781,198
55,782,552
55,789,304
55,792,191
55,796,187
55,805,255
55,816,999
55,817,999
55,842,214
55,897,187
55,937,153
55,941,255
55,981,242
56,57,946
56,63,173
56,67,293
56,70,379
56,71,208
56,85,239
56,86,307
56,90,162
56,92,246
56,100,265
56,103,216
56,104,154
56,105,152
56,121,283
56,124,170
56,126,170
56,128,932
56,131,503
56,133,200
56,144,204
56,146,169
56,151,208
56,163,311
56,168,159
56,169,166
56,181,216
56,189,189
56,203,188
56,211,175
56,228,417
56,241,250
56,242,232
56,244,208
56,259,324
56,275,545
56,277,324
56,289,405
56,290,228
56,308,297
56,310,252
56,317,158
56,318,228
56,320,228
56,333,176
56,334,207
56,335,283
56,336,370
56,340,351
56,354,156
56,357,922
56,360,204
56,375,250
56,380,221
56,388,180
56,400,156
56,404,175
56,405,157
56,406,522
56,419,270
56,425,151
56,434,181
56,435,175
56,442,197
56,446,237
56,450,187
56,456,822
56,458,237
56,461,267
56,462,228
56,463,211
56,481,164
56,500,550
56,504,197
56,518,253
56,533,273
56,551,189
56,552,572
56,558,715
56,562,160
56,563,229
56,572,217
56,574,158
56,583,905
56,590,273
56,609,574
56,610,213
56,614,196
56,616,153
56,626,204
56,633,428
56,636,272
56,637,308
56,642,153
56,645,217
56,648,294
56,649,436
56,650,196
56,661,230
56,667,154
56,688,254
56,695,408
56,696,416
56,697,302
56,703,444
56,711,635
56,715,175
56,717,459
56,719,157
56,728,175
56,733,204
56,734,195
56,736,175
56,739,398
56,740,328
56,746,170
56,753,169
56,755,184
56,756,481
56,778,178
56,782,505
56,789,208
56,797,217
56,804,180
56,813,154
56,816,999
56,817,979
56,818,296
56,831,393
56,842,291
56,941,173
56,943,195
56,953,263
56,962,245
56,973,177
56,977,158
57,63,437
57,73,176
57,85,204
57,86,283
57,92,176
57,121,316
57,124,170
57,126,170
57,128,928
57,144,163
57,148,198
57,189,567
57,241,250
57,259,324
57,289,393
57,292,156
57,308,293
57,320,154
57,354,223
57,357,924
57,375,250
57,400,157
57,404,175
57,405,155
57,406,499
57,419,200
57,434,175
57,435,175
57,442,154
57,446,239
57,450,187
57,451,231
57,456,824
57,458,322
57,461,152
57,462,154
57,463,162
57,464,208
57,500,550
57,518,236
57,533,342
57,551,151
57,552,531
57,558,715
57,583,901
57,609,534
57,610,194
57,626,160
57,643,158
57,648,274
57,649,436
57,650,195
57,658,179
57,662,159
57,715,163
57,719,268
57,728,170
57,739,393
57,740,263
57,746,178
57,754,296
57,755,175
57,778,197
57,782,508
57,797,217
57,813,154
57,816,999
57,817,957
57,818,291
57,824,206
57,830,175
57,842,262
57,941,257
57,943,195
57,962,245
57,973,170
57,977,157
57,984,183
59,83,284
59,85,247
59,86,332
59,104,502
59,105,154
59,129,509
59,135,165
59,136,153
59,224,213
59,225,204
59,228,197
59,229,210
59,231,264
59,280,483
59,281,172
59,282,390
59,285,161
59,286,261
59,300,156
59,312,240
59,315,175
59,321,174
59,328,540
59,331,151
59,362,329
59,363,153
59,366,258
59,367,234
59,387,179
59,389,375
59,391,324
59,392,184
59,407,230
59,408,378
59,429,185
59,432,200
59,440,173
59,467,280
59,472,211
59,478,159
59,481,186
59,483,167
59,485,231
59,490,150
59,492,230
59,512,182
59,524,330
59,525,339
59,534,186
59,546,159
59,548,179
59,550,169
59,553,249
59,558,166
59,567,179
59,569,186
59,572,265
59,580,229
59,595,266
59,596,433
59,604,420
59,609,526
59,612,292
59,618,290
59,619,418
59,630,163
59,638,240
59,645,477
59,652,158
59,656,276
59,665,351
59,722,308
59,734,206
59,736,188
59,737,222
59,740,329
59,741,201
59,742,212
59,758,252
59,770,154
59,771,163
59,773,186
59,774,345
59,778,157
59,785,190
59,786,297
59,796,157
59,880,183
60,83,151
60,124,166
60,150,314
60,300,185
60,312,367
60,318,356
60,356,165
60,364,303
60,367,177
60,397,305
60,399,310
60,401,212
60,405,236
60,419,321
60,426,312
60,448,303
60,458,303
60,468,178
60,483,424
60,499,150
60,514,371
60,528,189
60,548,379
60,591,159
60,592,325
60,594,364
60,610,188
60,619,194
60,667,280
60,715,173
60,723,290
60,771,277
60,821,912
60,823,294
60,862,193
60,979,196
60,983,155
61,81,229
61,85,353
61,92,243
61,95,245
61,103,154
61,152,152
61,172,263
61,175,204
61,231,154
61,263,177
61,300,208
61,313,210
61,317,273
61,318,221
61,319,276
61,338,191
61,376,414
61,384,276
61,401,380
61,404,165
61,449,152
61,492,187
61,565,173
61,570,379
61,647,191
61,650,162
61,724,216
61,732,204
61,769,164
61,775,187
61,778,166
61,810,202
61,821,177
61,823,410
61,858,173
61,922,169
61,929,196
61,973,179
61,974,228
61,976,161
62,130,291
62,132,277
62,133,337
62,150,169
62,157,193
62,183,315
62,274,164
62,286,168
62,360,871
62,381,167
62,383,201
62,402,170
62,487,262
62,575,150
62,594,826
62,681,164
62,698,164
62,745,222
62,778,169
62,810,255
62,822,950
62,877,227
62,947,155
62,959,417
62,979,156
62,981,161
63,97,163
63,122,205
63,124,310
63,126,370
63,136,175
63,145,202
63,233,150
63,295,173
63,303,155
63,306,179
63,332,228
63,347,164
63,405,217
63,419,175
63,455,157
63,460,154
63,465,170
63,555,170
63,590,154
63,597,161
63,614,155
63,649,244
63,653,172
63,697,211
63,709,216
63,717,154
63,736,177
63,769,295
63,809,361
63,814,262
63,815,164
63,818,404
63,908,167
63,922,900
63,940,164
64,65,795
64,66,741
64,67,912
64,68,824
64,69,708
64,70,797
64,71,867
64,72,779
64,73,774
64,74,951
64,75,873
64,76,912
64,77,661
64,78,674
64,79,801
64,80,474
64,119,215
64,121,650
64,130,186
64,138,225
64,140,178
64,150,181
64,152,236
64,155,342
64,156,161
64,158,227
64,160,287
64,162,257
64,163,333
64,164,311
64,165,351
64,172,271
64,173,174
64,176,188
64,177,177
64,179,320
64,180,894
64,181,880
64,182,893
64,183,817
64,184,795
64,185,845
64,189,731
64,213,194
64,214,443
64,240,162
64,249,312
64,250,995
64,251,747
64,263,268
64,265,258
64,266,177
64,270,175
64,272,748
64,273,559
64,276,344
64,277,249
64,278,255
64,279,279
64,289,222
64,290,179
64,291,196
64,293,231
64,294,327
64,295,399
64,296,707
64,297,706
64,304,157
64,309,300
64,322,236
64,334,265
64,335,317
64,336,177
64,339,203
64,340,362
64,341,301
64,345,281
64,346,290
64,355,162
64,356,263
64,358,723
64,416,256
64,419,347
64,445,999
64,452,999
64,501,357
64,505,189
64,566,220
64,573,319
64,582,180
64,584,162
64,585,975
64,586,984
64,587,261
64,594,159
64,597,222
64,601,180
64,654,215
64,655,176
64,685,244
64,687,221
64,690,252
64,691,240
64,693,351
64,699,279
64,700,156
64,718,298
64,740,155
64,751,253
64,752,208
64,756,384
64,757,160
64,760,163
64,771,175
64,789,465
64,791,158
64,824,962
64,825,756
64,826,734
64,827,801
64,828,748
64,829,791
64,830,847
64,831,813
64,832,867
64,842,650
64,846,161
64,849,852
64,862,541
64,863,540
64,864,540
64,865,203
64,867,584
64,933,256
64,937,161
64,954,670
64,957,156
64,959,495
64,971,762
64,981,152
65,66,191
65,67,711
65,68,311
65,69,406
65,70,232
65,71,672
65,72,158
65,73,263
65,74,391
65,75,619
65,76,205
65,77,363
65,78,302
65,79,325
65,80,237
65,119,440
65,121,697
65,138,241
65,151,181
65,155,156
65,162,245
65,164,248
65,165,187
65,179,190
65,180,751
65,181,733
65,182,748
65,183,747
65,184,751
65,185,743
65,198,224
65,212,236
65,243,180
65,249,282
65,250,907
65,251,591
65,263,152
65,270,150
65,272,723
65,273,562
65,276,189
65,277,241
65,279,276
65,293,154
65,296,587
65,297,599
65,309,212
65,322,165
65,325,163
65,329,234
65,334,155
65,335,284
65,336,294
65,339,156
65,340,245
65,341,242
65,345,173
65,355,165
65,361,170
65,419,186
65,445,655
65,446,180
65,452,828
65,458,195
65,460,183
65,474,151
65,505,536
65,521,204
65,585,864
65,586,830
65,597,231
65,653,200
65,687,187
65,691,192
65,692,206
65,699,316
65,702,202
65,750,228
65,754,167
65,766,185
65,815,174
65,824,918
65,825,814
65,826,844
65,827,751
65,828,800
65,829,318
65,830,810
65,831,179
65,832,309
65,842,697
65,849,724
65,854,188
65,862,553
65,863,543
65,864,545
65,867,459
65,870,220
65,907,183
65,933,212
65,953,176
65,955,167
65,956,213
65,957,190
65,958,192
65,959,208
66,67,916
66,68,624
66,69,756
66,70,901
66,71,901
66,72,902
66,73,927
66,74,949
66,75,570
66,76,566
66,77,560
66,78,540
66,79,754
66,80,360
66,121,650
66,157,204
66,189,747
66,292,188
66,343,163
66,351,342
66,358,721
66,378,195
66,515,204
66,664,200
66,717,165
66,747,161
66,754,486
66,824,754
66,825,908
66,826,915
66,827,933
66,828,912
66,829,901
66,830,651
66,831,852
66,832,909
66,842,650
66,870,203
66,871,254
67,68,741
67,69,810
67,70,998
67,71,999
67,72,987
67,73,999
67,74,983
67,75,991
67,76,951
67,77,990
67,78,768
67,79,919
67,80,547
67,83,166
67,90,429
67,91,249
67,121,665
67,131,633
67,132,164
67,138,216
67,139,189
67,141,164
67,145,215
67,146,194
67,147,193
67,148,160
67,149,187
67,152,244
67,155,283
67,156,164
67,157,179
67,159,220
67,162,233
67,163,253
67,164,154
67,165,259
67,166,283
67,171,340
67,172,168
67,173,158
67,176,217
67,179,507
67,180,446
67,181,266
67,182,225
67,189,929
67,191,188
67,193,159
67,197,261
67,198,168
67,199,199
67,213,225
67,215,162
67,220,185
67,240,159
67,242,463
67,243,253
67,244,238
67,249,229
67,250,409
67,251,233
67,263,195
67,265,158
67,270,253
67,272,171
67,275,855
67,276,509
67,277,679
67,278,481
67,279,487
67,287,216
67,290,710
67,291,506
67,292,493
67,293,575
67,294,538
67,295,229
67,296,236
67,306,158
67,309,519
67,310,640
67,322,311
67,329,175
67,330,174
67,334,632
67,335,712
67,336,517
67,339,231
67,340,300
67,341,314
67,345,265
67,355,196
67,356,246
67,358,721
67,361,399
67,362,162
67,374,164
67,379,186
67,382,242
67,407,233
67,409,173
67,417,176
67,419,309
67,445,178
67,452,359
67,454,170
67,460,257
67,474,264
67,490,454
67,501,266
67,505,419
67,521,222
67,537,167
67,547,192
67,575,273
67,582,166
67,584,233
67,585,290
67,586,268
67,587,311
67,590,562
67,596,165
67,597,178
67,598,158
67,619,185
67,628,166
67,633,632
67,636,728
67,637,526
67,653,275
67,654,302
67,674,276
67,685,348
67,686,212
67,687,346
67,688,334
67,690,304
67,691,376
67,692,316
67,693,197
67,694,285
67,695,482
67,696,479
67,697,700
67,698,199
67,699,177
67,701,218
67,703,575
67,705,177
67,707,268
67,708,316
67,717,610
67,718,307
67,733,167
67,734,270
67,750,287
67,751,314
67,752,173
67,753,297
67,754,265
67,755,296
67,756,529
67,757,167
67,760,273
67,780,185
67,814,163
67,824,998
67,825,978
67,826,972
67,827,965
67,828,965
67,829,928
67,830,999
67,831,995
67,832,995
67,842,660
67,846,226
67,849,215
67,854,350
67,867,305
67,870,240
67,871,167
67,908,202
67,932,243
67,933,277
67,940,180
67,944,255
67,951,337
67,952,202
67,953,646
67,955,189
67,956,184
67,957,219
67,958,195
67,959,236
67,960,177
68,69,779
68,70,982
68,71,971
68,72,854
68,73,861
68,74,960
68,75,931
68,76,982
68,77,970
68,78,877
68,79,820
68,80,579
68,90,341
68,113,201
68,121,660
68,129,165
68,131,345
68,138,194
68,145,221
68,148,171
68,149,315
68,150,294
68,155,296
68,157,217
68,163,282
68,164,260
68,165,259
68,166,150
68,172,195
68,173,154
68,179,491
68,180,177
68,181,195
68,182,162
68,183,207
68,184,185
68,185,169
68,186,185
68,189,611
68,191,161
68,213,334
68,214,158
68,215,170
68,242,262
68,244,240
68,249,218
68,250,274
68,251,198
68,270,171
68,275,578
68,276,570
68,277,323
68,278,397
68,279,474
68,287,200
68,290,477
68,291,412
68,292,396
68,293,569
68,294,460
68,295,182
68,296,255
68,297,198
68,306,181
68,309,229
68,310,256
68,322,235
68,334,290
68,335,286
68,336,430
68,340,314
68,341,243
68,345,304
68,355,174
68,356,293
68,358,552
68,361,301
68,382,199
68,407,155
68,416,216
68,417,151
68,419,153
68,423,380
68,452,248
68,460,248
68,490,160
68,501,177
68,503,222
68,505,165
68,521,265
68,524,181
68,537,154
68,568,353
68,575,177
68,582,164
68,584,248
68,585,194
68,586,151
68,587,163
68,590,316
68,602,170
68,609,372
68,628,253
68,633,206
68,636,307
68,653,280
68,654,168
68,655,199
68,685,249
68,686,165
68,687,277
68,688,223
68,690,253
68,691,267
68,692,176
68,693,250
68,695,231
68,697,249
68,698,182
68,699,152
68,700,211
68,702,342
68,703,269
68,707,175
68,708,253
68,717,228
68,718,243
68,733,180
68,734,189
68,742,151
68,750,415
68,751,343
68,752,217
68,753,323
68,755,321
68,756,367
68,760,207
68,814,161
68,815,335
68,824,981
68,825,670
68,826,837
68,827,837
68,828,746
68,829,661
68,830,947
68,831,990
68,832,869
68,842,670
68,849,225
68,854,314
68,862,179
68,864,166
68,867,228
68,870,265
68,871,158
68,908,166
68,922,377
68,933,282
68,944,232
68,955,233
68,957,169
68,958,165
68,959,173
68,960,222
69,70,871
69,71,876
69,72,783
69,73,755
69,74,888
69,75,874
69,76,936
69,77,896
69,78,744
69,79,822
69,80,529
69,90,262
69,117,206
69,121,663
69,131,167
69,138,171
69,144,152
69,146,182
69,152,206
69,155,274
69,157,217
69,158,260
69,159,296
69,160,155
69,161,211
69,162,239
69,163,308
69,164,240
69,165,305
69,166,208
69,172,165
69,173,220
69,176,219
69,177,156
69,179,563
69,180,174
69,181,220
69,182,245
69,183,176
69,185,155
69,189,587
69,213,398
69,221,179
69,249,236
69,250,280
69,251,226
69,263,155
69,270,187
69,275,418
69,276,487
69,277,192
69,278,391
69,279,465
69,287,158
69,290,404
69,291,332
69,292,362
69,293,352
69,294,490
69,295,258
69,296,197
69,309,245
69,310,168
69,322,198
69,330,219
69,334,188
69,335,221
69,336,283
69,339,158
69,340,312
69,341,276
69,345,287
69,346,167
69,355,159
69,356,238
69,358,540
69,361,508
69,406,188
69,419,174
69,445,194
69,452,260
69,460,245
69,468,266
69,474,258
69,501,194
69,505,208
69,521,191
69,582,184
69,584,268
69,585,257
69,586,219
69,591,180
69,597,298
69,601,158
69,653,249
69,674,176
69,685,229
69,687,262
69,688,185
69,690,225
69,691,263
69,692,274
69,693,276
69,698,183
69,699,169
69,701,175
69,705,243
69,706,161
69,707,318
69,708,235
69,718,260
69,750,159
69,751,277
69,752,174
69,753,258
69,754,518
69,755,178
69,756,223
69,780,200
69,814,353
69,815,194
69,824,941
69,825,583
69,826,681
69,827,678
69,828,647
69,829,656
69,830,926
69,831,939
69,832,890
69,842,663
69,846,186
69,865,152
69,867,231
69,870,177
69,932,159
69,940,174
69,950,154
69,954,175
69,955,217
69,957,215
69,959,418
69,977,201
69,978,174
70,71,981
70,72,978
70,73,982
70,74,970
70,75,756
70,76,952
70,77,653
70,78,846
70,79,917
70,80,736
70,85,216
70,90,783
70,91,425
70,92,255
70,113,166
70,117,916
70,119,953
70,121,747
70,130,461
70,131,891
70,132,296
70,133,306
70,136,237
70,137,232
70,138,286
70,139,215
70,140,352
70,143,254
70,144,321
70,145,284
70,146,340
70,147,223
70,148,154
70,149,483
70,150,937
70,151,164
70,152,508
70,153,197
70,154,265
70,155,280
70,156,205
70,157,161
70,158,233
70,159,211
70,160,176
70,161,215
70,162,250
70,163,336
70,166,184
70,171,222
70,172,239
70,173,918
70,175,167
70,176,325
70,177,234
70,179,319
70,180,308
70,181,534
70,182,443
70,183,240
70,184,321
70,185,177
70,186,270
70,189,945
70,190,175
70,191,510
70,193,217
70,194,159
70,195,277
70,198,172
70,199,221
70,201,213
70,211,163
70,213,547
70,214,428
70,215,533
70,220,381
70,229,199
70,233,163
70,235,168
70,236,219
70,237,210
70,239,235
70,240,282
70,242,590
70,243,277
70,244,436
70,246,162
70,249,205
70,250,356
70,251,354
70,263,316
70,264,191
70,265,937
70,266,284
70,267,335
70,269,156
70,270,366
70,271,450
70,272,191
70,273,180
70,274,916
70,275,592
70,276,289
70,277,880
70,278,265
70,279,273
70,280,229
70,282,194
70,287,635
70,290,281
70,291,210
70,292,272
70,293,207
70,294,240
70,295,271
70,296,249
70,297,241
70,300,323
70,306,160
70,309,726
70,310,806
70,312,205
70,315,232
70,316,176
70,321,169
70,322,594
70,329,202
70,330,300
70,334,744
70,335,792
70,336,819
70,338,169
70,339,312
70,340,485
70,341,483
70,344,174
70,345,415
70,346,417
70,355,251
70,357,204
70,358,856
70,360,343
70,361,918
70,365,156
70,366,289
70,367,174
70,379,180
70,380,168
70,382,321
70,383,246
70,387,156
70,390,173
70,391,182
70,400,243
70,406,245
70,409,381
70,413,167
70,416,198
70,417,232
70,419,999
70,420,301
70,427,160
70,429,169
70,445,650
70,451,207
70,452,478
70,454,210
70,467,189
70,474,261
70,475,262
70,476,229
70,478,191
70,481,342
70,483,451
70,490,231
70,501,336
70,504,191
70,505,916
70,511,204
70,512,228
70,517,393
70,519,811
70,520,732
70,521,670
70,522,490
70,524,151
70,537,910
70,540,315
70,544,181
70,563,182
70,566,924
70,567,189
70,569,170
70,572,162
70,580,255
70,582,303
70,583,181
70,585,241
70,586,306
70,587,365
70,590,763
70,591,233
70,594,150
70,596,170
70,597,300
70,609,195
70,614,254
70,615,184
70,616,176
70,617,244
70,619,202
70,624,155
70,628,369
70,632,150
70,633,594
70,636,692
70,637,570
70,640,191
70,642,241
70,643,214
70,644,194
70,645,244
70,648,170
70,652,313
70,655,189
70,656,187
70,667,193
70,668,254
70,672,249
70,673,240
70,674,201
70,675,210
70,677,195
70,678,197
70,682,169
70,685,557
70,686,482
70,687,641
70,688,710
70,689,318
70,690,693
70,691,564
70,692,299
70,693,210
70,694,328
70,695,803
70,696,886
70,697,801
70,698,642
70,699,208
70,701,244
70,702,472
70,703,791
70,704,345
70,705,303
70,706,276
70,707,422
70,708,363
70,711,151
70,717,853
70,718,496
70,733,232
70,734,598
70,736,179
70,737,256
70,740,342
70,748,240
70,749,275
70,750,416
70,751,472
70,752,310
70,753,503
70,754,409
70,755,684
70,756,981
70,757,201
70,760,222
70,771,344
70,773,150
70,776,191
70,789,299
70,795,378
70,797,338
70,805,154
70,815,249
70,824,950
70,825,910
70,826,953
70,827,923
70,828,920
70,829,984
70,830,988
70,831,999
70,832,997
70,842,678
70,843,197
70,846,176
70,849,159
70,854,548
70,861,176
70,865,366
70,867,352
70,870,351
70,871,175
70,877,150
70,906,695
70,907,669
70,908,406
70,929,163
70,933,311
70,937,160
70,941,257
70,950,208
70,951,541
70,952,299
70,953,578
70,954,217
70,955,166
70,956,310
70,957,201
70,958,197
70,959,199
70,960,294
70,966,315
70,981,153
71,72,980
71,73,975
71,74,965
71,75,772
71,76,673
71,77,787
71,78,852
71,79,856
71,80,654
71,85,179
71,90,515
71,91,309
71,92,225
71,106,195
71,117,933
71,119,917
71,120,255
71,121,684
71,130,225
71,131,485
71,132,227
71,133,175
71,137,465
71,138,505
71,139,305
71,140,286
71,144,239
71,145,219
71,146,189
71,147,169
71,149,348
71,150,269
71,152,302
71,153,215
71,154,167
71,155,179
71,157,240
71,159,155
71,163,265
71,165,183
71,170,225
71,171,164
71,173,921
71,176,170
71,177,219
71,179,480
71,180,233
71,181,515
71,182,324
71,183,193
71,184,179
71,185,151
71,186,235
71,189,865
71,190,165
71,198,187
71,200,158
71,202,341
71,205,292
71,213,753
71,214,349
71,215,642
71,220,293
71,221,323
71,235,241
71,236,258
71,240,176
71,242,531
71,243,184
71,244,483
71,246,172
71,249,156
71,250,403
71,251,290
71,263,216
71,264,182
71,265,916
71,266,154
71,267,241
71,269,196
71,270,197
71,274,908
71,275,348
71,276,270
71,277,628
71,278,212
71,279,226
71,285,294
71,287,833
71,290,224
71,291,218
71,292,219
71,293,228
71,294,230
71,295,221
71,296,208
71,297,159
71,300,223
71,309,518
71,310,533
71,315,182
71,316,160
71,322,506
71,329,186
71,330,222
71,334,584
71,335,296
71,336,297
71,339,200
71,340,409
71,341,459
71,345,352
71,356,150
71,358,720
71,360,389
71,361,848
71,366,170
71,378,223
71,381,215
71,382,754
71,383,322
71,384,323
71,400,332
71,406,203
71,409,154
71,416,210
71,419,990
71,445,327
71,452,507
71,467,162
71,474,169
71,475,161
71,481,258
71,501,432
71,503,170
71,504,305
71,505,943
71,509,151
71,511,160
71,512,163
71,519,737
71,520,720
71,521,813
71,522,430
71,534,178
71,537,905
71,540,310
71,550,150
71,563,182
71,566,918
71,580,168
71,582,272
71,583,165
71,585,320
71,586,269
71,587,400
71,590,806
71,594,186
71,597,238
71,609,167
71,614,230
71,617,182
71,628,408
71,632,200
71,633,227
71,636,347
71,637,356
71,640,170
71,642,161
71,643,160
71,644,161
71,645,160
71,647,242
71,648,157
71,654,157
71,655,591
71,665,164
71,668,213
71,672,248
71,673,237
71,674,184
71,677,173
71,678,185
71,685,266
71,686,257
71,687,481
71,688,502
71,689,307
71,690,448
71,691,273
71,692,204
71,693,175
71,694,194
71,695,328
71,696,166
71,697,226
71,698,195
71,699,159
71,701,217
71,702,199
71,703,494
71,704,392
71,705,273
71,706,276
71,707,298
71,708,257
71,717,410
71,718,286
71,726,232
71,734,321
71,740,208
71,745,153
71,748,211
71,749,281
71,750,467
71,751,491
71,752,829
71,753,447
71,754,331
71,755,517
71,756,944
71,757,456
71,771,249
71,789,170
71,805,154
71,815,155
71,824,995
71,825,957
71,826,986
71,827,977
71,828,966
71,829,971
71,830,990
71,831,997
71,832,997
71,842,680
71,854,390
71,855,230
71,865,197
71,867,234
71,870,335
71,871,185
71,877,695
71,906,733
71,907,667
71,908,348
71,929,200
71,930,222
71,931,211
71,933,209
71,937,160
71,941,244
71,947,189
71,950,240
71,951,369
71,952,435
71,953,165
71,954,421
71,956,505
71,957,186
71,958,184
71,959,203
71,960,207
71,966,205
72,73,988
72,74,965
72,75,630
72,76,634
72,77,636
72,78,737
72,79,849
72,80,663
72,88,166
72,90,229
72,91,225
72,92,158
72,106,422
72,108,260
72,117,902
72,119,926
72,121,672
72,130,153
72,131,256
72,132,195
72,133,160
72,144,251
72,145,365
72,149,260
72,150,218
72,153,594
72,154,492
72,160,187
72,167,264
72,173,905
72,179,180
72,180,174
72,181,194
72,182,160
72,189,822
72,207,313
72,208,704
72,213,310
72,214,185
72,215,311
72,219,154
72,220,214
72,235,277
72,242,167
72,244,167
72,250,165
72,265,900
72,267,275
72,274,900
72,275,247
72,276,195
72,277,513
72,278,161
72,279,181
72,287,268
72,290,202
72,291,233
72,292,251
72,293,228
72,294,200
72,295,165
72,296,153
72,309,320
72,310,424
72,322,191
72,334,455
72,336,213
72,340,240
72,341,288
72,345,267
72,355,150
72,358,725
72,361,781
72,380,195
72,417,196
72,419,897
72,443,152
72,445,537
72,448,265
72,475,158
72,481,190
72,505,908
72,517,158
72,519,712
72,520,683
72,521,470
72,522,200
72,537,902
72,563,177
72,582,189
72,585,155
72,586,218
72,587,198
72,590,231
72,614,160
72,617,160
72,628,270
72,636,201
72,637,197
72,642,171
72,643,167
72,644,160
72,645,160
72,648,158
72,650,195
72,668,315
72,672,283
72,673,272
72,674,171
72,675,162
72,677,255
72,685,348
72,686,307
72,687,219
72,688,246
72,689,257
72,690,214
72,691,278
72,692,152
72,693,176
72,699,191
72,701,193
72,702,158
72,703,227
72,704,203
72,706,583
72,708,165
72,748,168
72,749,194
72,750,352
72,751,403
72,752,374
72,753,342
72,754,264
72,755,307
72,756,379
72,760,190
72,771,194
72,773,159
72,776,189
72,796,260
72,805,154
72,824,932
72,825,927
72,826,930
72,827,919
72,828,920
72,829,980
72,830,886
72,831,973
72,832,973
72,842,672
72,849,173
72,852,466
72,853,307
72,854,203
72,867,190
72,870,211
72,906,664
72,907,660
72,908,211
72,930,263
72,931,206
72,933,176
72,934,152
72,937,167
72,941,244
72,950,159
72,951,201
72,952,377
72,954,193
72,955,168
72,956,171
72,957,202
72,958,228
72,959,166
72,960,231
72,966,163
73,74,968
73,75,638
73,76,639
73,77,637
73,78,829
73,79,843
73,80,650
73,90,323
73,91,321
73,92,198
73,117,902
73,119,919
73,121,672
73,130,193
73,131,414
73,132,232
73,133,208
73,140,357
73,144,273
73,145,265
73,146,242
73,149,267
73,150,258
73,152,166
73,172,153
73,173,905
73,176,221
73,177,163
73,179,212
73,180,207
73,181,187
73,182,166
73,183,192
73,186,186
73,189,997
73,208,157
73,213,414
73,214,300
73,215,387
73,220,246
73,233,184
73,235,312
73,242,331
73,243,204
73,244,249
73,246,163
73,265,909
73,267,169
73,269,157
73,270,159
73,273,163
73,274,902
73,275,299
73,276,233
73,277,603
73,278,178
73,279,192
73,287,291
73,290,196
73,291,203
73,292,488
73,294,218
73,295,164
73,296,157
73,298,205
73,300,169
73,309,577
73,310,339
73,322,198
73,330,242
73,334,489
73,336,298
73,340,364
73,341,386
73,345,298
73,356,200
73,358,918
73,360,232
73,361,791
73,382,171
73,406,162
73,409,224
73,417,154
73,419,990
73,436,649
73,445,159
73,451,286
73,452,155
73,462,236
73,474,190
73,481,212
73,505,908
73,510,295
73,512,170
73,519,680
73,520,679
73,521,263
73,522,275
73,537,900
73,542,176
73,563,269
73,566,165
73,582,170
73,583,249
73,585,158
73,587,513
73,590,385
73,614,160
73,615,162
73,617,160
73,628,237
73,636,198
73,637,269
73,642,160
73,643,202
73,644,185
73,645,193
73,655,153
73,668,213
73,672,215
73,673,214
73,674,224
73,682,242
73,685,439
73,686,563
73,687,328
73,688,284
73,689,225
73,690,386
73,691,330
73,692,161
73,693,170
73,694,317
73,695,155
73,697,788
73,699,197
73,700,167
73,701,174
73,702,202
73,703,379
73,704,281
73,705,212
73,706,326
73,707,192
73,708,180
73,717,813
73,740,165
73,748,168
73,749,197
73,750,383
73,751,383
73,752,268
73,753,361
73,754,693
73,755,461
73,756,801
73,765,317
73,769,290
73,771,217
73,805,154
73,824,997
73,825,916
73,826,918
73,827,913
73,828,920
73,829,959
73,830,995
73,831,987
73,832,963
73,842,672
73,854,514
73,870,161
73,871,161
73,906,660
73,907,666
73,908,293
73,929,158
73,933,193
73,937,168
73,941,610
73,950,170
73,951,179
73,952,276
73,954,189
73,956,248
73,957,523
73,958,505
73,959,217
73,960,195
73,966,428
74,75,885
74,76,995
74,77,816
74,78,739
74,79,861
74,80,561
74,90,218
74,117,171
74,119,173
74,121,675
74,131,187
74,138,216
74,155,772
74,156,208
74,157,203
74,158,326
74,159,252
74,160,339
74,161,258
74,162,390
74,163,534
74,164,799
74,165,555
74,166,167
74,172,193
74,179,693
74,181,540
74,182,287
74,183,200
74,184,173
74,185,164
74,189,785
74,191,167
74,192,157
74,193,338
74,213,354
74,214,178
74,216,157
74,236,219
74,240,390
74,242,174
74,244,158
74,249,377
74,250,314
74,251,234
74,264,157
74,265,174
74,275,391
74,276,708
74,277,495
74,278,431
74,279,589
74,290,403
74,291,372
74,292,469
74,293,350
74,294,470
74,295,260
74,309,320
74,310,431
74,322,314
74,330,293
74,334,334
74,335,307
74,336,258
74,339,239
74,340,727
74,341,777
74,345,370
74,356,361
74,358,732
74,361,438
74,406,166
74,409,213
74,416,377
74,419,463
74,443,167
74,445,164
74,451,264
74,452,450
74,505,324
74,509,192
74,520,299
74,521,228
74,522,183
74,572,161
74,582,217
74,585,273
74,586,226
74,587,169
74,591,163
74,597,269
74,628,356
74,632,225
74,654,300
74,655,801
74,685,550
74,687,336
74,688,378
74,690,355
74,691,216
74,692,232
74,693,481
74,699,362
74,700,155
74,701,251
74,702,185
74,706,186
74,707,244
74,708,167
74,717,193
74,748,185
74,750,221
74,751,411
74,752,201
74,753,205
74,754,528
74,755,274
74,756,498
74,771,386
74,772,563
74,815,204
74,824,935
74,825,958
74,826,934
74,827,936
74,828,940
74,829,961
74,830,577
74,831,891
74,832,964
74,842,675
74,846,272
74,849,244
74,867,255
74,873,256
74,908,199
74,933,310
74,940,214
74,947,158
74,951,151
74,954,157
74,955,187
74,957,186
74,958,197
74,959,152
74,960,270
74,981,278
75,76,945
75,77,956
75,78,853
75,79,772
75,80,666
75,89,152
75,90,260
75,91,519
75,113,168
75,117,197
75,119,193
75,130,166
75,131,432
75,134,182
75,137,601
75,138,536
75,139,287
75,140,219
75,141,307
75,143,332
75,144,318
75,145,242
75,146,302
75,147,290
75,148,274
75,149,214
75,150,250
75,152,535
75,153,178
75,154,168
75,155,451
75,156,264
75,157,225
75,158,234
75,159,311
75,160,306
75,161,240
75,162,352
75,163,321
75,164,352
75,165,350
75,166,221
75,167,186
75,171,316
75,172,390
75,173,304
75,175,201
75,176,178
75,177,407
75,178,258
75,179,358
75,180,399
75,181,469
75,182,444
75,183,328
75,184,249
75,185,173
75,186,278
75,189,744
75,198,159
75,213,351
75,214,222
75,215,310
75,217,159
75,220,297
75,221,348
75,226,154
75,233,192
75,236,231
75,238,223
75,239,267
75,240,369
75,242,384
75,243,218
75,244,331
75,249,440
75,250,404
75,251,328
75,263,307
75,264,256
75,265,331
75,266,161
75,267,207
75,268,168
75,269,196
75,270,605
75,271,194
75,272,305
75,274,188
75,275,250
75,276,338
75,277,581
75,278,304
75,279,337
75,287,308
75,290,269
75,291,307
75,292,231
75,293,152
75,294,328
75,295,329
75,296,318
75,297,332
75,300,226
75,309,556
75,310,437
75,322,589
75,329,219
75,330,260
75,333,197
75,334,609
75,335,400
75,336,310
75,338,225
75,339,321
75,340,594
75,341,578
75,344,429
75,345,478
75,355,202
75,356,294
75,358,540
75,360,150
75,361,552
75,406,218
75,409,267
75,413,275
75,416,210
75,417,168
75,419,978
75,427,152
75,431,355
75,445,358
75,451,169
75,452,488
75,460,215
75,467,151
75,474,313
75,475,267
75,481,255
75,483,164
75,501,484
75,504,697
75,505,351
75,511,197
75,515,163
75,519,264
75,520,308
75,521,254
75,522,315
75,537,906
75,540,272
75,541,309
75,563,190
75,566,190
75,567,155
75,569,157
75,580,226
75,582,392
75,584,264
75,585,391
75,586,290
75,587,412
75,590,306
75,591,163
75,594,259
75,596,213
75,597,354
75,601,186
75,614,213
75,615,223
75,617,160
75,628,382
75,636,233
75,637,222
75,642,210
75,643,201
75,644,182
75,645,177
75,653,217
75,654,261
75,655,226
75,664,351
75,672,255
75,673,309
75,674,365
75,675,218
75,677,159
75,678,199
75,685,605
75,686,409
75,687,443
75,688,346
75,689,316
75,690,507
75,691,622
75,692,433
75,693,392
75,694,409
75,695,200
75,699,330
75,701,230
75,702,208
75,703,313
75,704,271
75,705,221
75,706,190
75,707,367
75,708,225
75,717,159
75,718,345
75,726,332
75,731,165
75,740,205
75,748,191
75,749,274
75,750,300
75,751,470
75,752,476
75,753,371
75,754,199
75,755,276
75,756,466
75,757,220
75,760,316
75,771,239
75,776,171
75,779,152
75,780,152
75,789,228
75,805,161
75,815,281
75,824,875
75,825,688
75,826,822
75,827,787
75,828,692
75,829,820
75,830,982
75,831,911
75,832,998
75,843,258
75,846,195
75,849,252
75,854,319
75,860,154
75,865,358
75,867,368
75,870,285
75,873,189
75,906,226
75,908,387
75,930,168
75,931,181
75,933,460
75,937,168
75,940,150
75,941,272
75,950,162
75,951,574
75,952,327
75,954,293
75,955,259
75,956,180
75,957,232
75,958,190
75,959,349
75,960,247
75,965,241
75,966,238
76,77,950
76,78,778
76,79,762
76,80,675
76,89,164
76,90,282
76,91,570
76,117,919
76,119,915
76,130,261
76,131,360
76,133,191
76,137,307
76,138,377
76,139,329
76,140,308
76,141,284
76,143,204
76,144,308
76,145,221
76,146,300
76,147,241
76,148,260
76,149,242
76,150,213
76,152,301
76,154,159
76,155,550
76,156,263
76,157,211
76,158,316
76,159,297
76,160,447
76,161,344
76,162,326
76,163,661
76,164,471
76,165,501
76,166,250
76,171,229
76,172,242
76,173,258
76,175,172
76,176,224
76,177,241
76,179,386
76,180,339
76,181,504
76,182,458
76,183,295
76,184,287
76,185,215
76,186,183
76,189,946
76,190,168
76,213,566
76,214,256
76,215,293
76,216,231
76,220,251
76,221,162
76,233,196
76,236,225
76,238,166
76,239,281
76,240,311
76,242,388
76,243,326
76,244,362
76,245,203
76,249,379
76,250,581
76,251,319
76,263,226
76,264,222
76,265,307
76,266,182
76,267,179
76,269,243
76,270,241
76,271,199
76,272,264
76,274,164
76,275,246
76,276,467
76,277,675
76,278,281
76,279,342
76,280,178
76,286,232
76,287,361
76,290,213
76,291,234
76,292,245
76,293,164
76,294,271
76,295,289
76,296,267
76,297,316
76,300,290
76,304,177
76,309,453
76,310,599
76,312,190
76,315,406
76,322,417
76,329,213
76,330,271
76,333,162
76,334,582
76,335,370
76,336,277
76,338,258
76,339,268
76,340,734
76,341,892
76,345,551
76,346,177
76,350,336
76,356,375
76,357,166
76,358,540
76,360,192
76,361,593
76,365,155
76,366,179
76,382,242
76,400,186
76,402,198
76,406,379
76,407,182
76,409,271
76,413,217
76,416,331
76,419,977
76,445,327
76,451,158
76,452,504
76,453,176
76,460,210
76,474,326
76,475,187
76,481,475
76,483,179
76,497,176
76,501,335
76,505,980
76,511,175
76,512,163
76,519,237
76,520,272
76,521,333
76,522,408
76,525,165
76,537,224
76,540,254
76,541,164
76,544,167
76,563,190
76,566,250
76,567,158
76,569,168
76,580,227
76,582,434
76,583,176
76,584,177
76,585,386
76,586,312
76,587,496
76,590,308
76,592,192
76,594,182
76,596,198
76,597,414
76,598,166
76,599,172
76,601,186
76,609,184
76,614,195
76,615,171
76,617,160
76,626,177
76,628,296
76,632,160
76,633,157
76,636,217
76,637,225
76,642,203
76,643,174
76,644,177
76,645,177
76,648,186
76,653,195
76,654,174
76,655,396
76,672,171
76,673,226
76,674,299
76,675,196
76,678,172
76,685,603
76,686,351
76,687,374
76,688,393
76,689,269
76,690,565
76,691,533
76,692,399
76,693,724
76,694,366
76,695,200
76,696,175
76,697,232
76,699,202
76,701,315
76,702,178
76,703,344
76,704,254
76,705,218
76,706,166
76,707,246
76,708,235
76,717,306
76,718,239
76,740,473
76,748,202
76,749,234
76,750,325
76,751,466
76,752,457
76,753,384
76,754,308
76,755,309
76,756,472
76,757,173
76,760,266
76,771,202
76,772,169
76,780,161
76,785,171
76,789,177
76,805,154
76,815,260
76,824,886
76,825,815
76,826,662
76,827,663
76,828,673
76,829,932
76,830,919
76,831,955
76,832,853
76,843,201
76,846,248
76,849,229
76,854,236
76,855,245
76,865,378
76,867,330
76,870,506
76,873,150
76,906,197
76,907,200
76,908,384
76,922,156
76,929,161
76,933,445
76,937,166
76,941,257
76,950,197
76,951,394
76,952,232
76,954,257
76,955,189
76,957,180
76,958,241
76,959,239
76,960,207
76,965,182
76,966,181
76,981,153
77,78,863
77,79,747
77,80,690
77,90,264
77,91,304
77,117,225
77,119,152
77,130,337
77,131,280
77,137,290
77,138,358
77,139,162
77,141,458
77,144,259
77,145,162
77,146,232
77,147,168
77,148,202
77,150,166
77,152,235
77,155,384
77,156,291
77,157,189
77,158,217
77,159,247
77,160,308
77,161,258
77,162,402
77,163,338
77,164,286
77,165,349
77,166,259
77,171,198
77,172,297
77,173,241
77,175,222
77,176,203
77,177,175
77,178,471
77,179,365
77,180,348
77,181,392
77,182,417
77,183,268
77,184,276
77,185,163
77,189,734
77,213,323
77,214,225
77,215,286
77,220,235
77,233,173
77,236,167
77,238,156
77,239,155
77,240,256
77,242,356
77,243,189
77,244,382
77,249,193
77,250,341
77,251,246
77,263,153
77,264,238
77,265,227
77,267,173
77,272,161
77,275,202
77,276,316
77,277,578
77,278,274
77,279,340
77,287,247
77,290,180
77,291,210
77,292,170
77,293,167
77,294,234
77,295,295
77,296,325
77,297,222
77,300,156
77,309,492
77,310,390
77,322,284
77,329,223
77,330,339
77,334,567
77,335,357
77,336,361
77,339,227
77,340,491
77,341,469
77,345,490
77,356,303
77,358,540
77,361,503
77,381,153
77,382,200
77,406,150
77,409,241
77,413,267
77,416,190
77,419,971
77,445,213
77,452,325
77,460,200
77,474,271
77,481,204
77,501,325
77,505,298
77,507,159
77,511,168
77,519,190
77,521,257
77,522,375
77,563,190
77,582,360
77,583,158
77,584,204
77,585,309
77,586,243
77,587,379
77,590,258
77,597,283
77,601,183
77,614,160
77,615,265
77,617,160
77,628,380
77,636,267
77,637,167
77,642,178
77,643,160
77,644,160
77,645,161
77,653,221
77,655,211
77,672,219
77,673,160
77,674,252
77,677,191
77,685,504
77,686,372
77,687,359
77,688,272
77,689,275
77,690,494
77,691,511
77,692,410
77,693,354
77,694,272
77,699,246
77,700,305
77,701,176
77,702,224
77,703,224
77,704,201
77,705,211
77,707,203
77,708,261
77,717,151
77,718,329
77,731,204
77,748,226
77,749,263
77,750,270
77,751,401
77,752,389
77,753,364
77,754,275
77,755,258
77,756,518
77,757,172
77,771,173
77,805,155
77,815,193
77,824,856
77,825,690
77,826,933
77,827,796
77,828,659
77,829,809
77,830,882
77,831,833
77,832,982
77,843,211
77,845,191
77,846,207
77,847,219
77,849,237
77,854,170
77,865,225
77,867,301
77,870,293
77,873,194
77,908,333
77,929,498
77,931,194
77,932,232
77,933,344
77,937,166
77,941,252
77,947,172
77,950,161
77,951,416
77,952,241
77,954,296
77,955,215
77,956,219
77,957,343
77,958,302
77,959,304
77,960,192
77,965,210
78,79,944
78,80,963
78,83,202
78,90,441
78,91,390
78,113,168
78,117,197
78,119,429
78,130,163
78,131,479
78,137,714
78,138,168
78,143,236
78,144,181
78,145,228
78,146,227
78,150,167
78,152,169
78,155,294
78,156,286
78,157,224
78,158,232
78,159,197
78,160,185
78,161,187
78,162,165
78,163,264
78,164,305
78,165,313
78,166,200
78,171,249
78,172,197
78,173,229
78,176,223
78,177,203
78,178,171
78,179,721
78,180,250
78,181,284
78,182,292
78,183,259
78,184,202
78,186,175
78,189,709
78,193,152
78,211,323
78,213,397
78,214,237
78,215,279
78,220,240
78,224,177
78,239,164
78,240,228
78,242,360
78,243,186
78,244,285
78,249,292
78,250,267
78,251,624
78,263,173
78,265,206
78,266,184
78,269,203
78,270,234
78,272,179
78,275,716
78,276,726
78,277,722
78,278,706
78,279,719
78,280,245
78,282,922
78,287,344
78,290,692
78,291,681
78,292,701
78,293,686
78,294,695
78,295,262
78,296,586
78,297,616
78,298,240
78,300,187
78,309,529
78,310,602
78,312,227
78,322,462
78,329,179
78,330,203
78,334,714
78,335,677
78,336,683
78,338,179
78,339,201
78,340,474
78,341,478
78,345,392
78,356,260
78,358,540
78,361,558
78,365,217
78,378,554
78,379,585
78,380,556
78,381,556
78,388,507
78,406,179
78,409,280
78,416,188
78,419,980
78,439,353
78,440,245
78,445,160
78,452,272
78,460,217
78,474,286
78,475,168
78,476,216
78,481,153
78,501,228
78,503,157
78,505,303
78,519,189
78,520,216
78,521,426
78,522,354
78,524,173
78,525,172
78,540,154
78,541,161
78,550,204
78,553,159
78,566,916
78,580,255
78,582,243
78,585,260
78,586,241
78,587,377
78,590,403
78,591,171
78,592,165
78,597,233
78,609,272
78,619,217
78,628,320
78,633,206
78,636,334
78,637,676
78,654,192
78,655,459
78,672,255
78,673,241
78,674,212
78,677,158
78,685,506
78,686,355
78,687,524
78,688,485
78,689,324
78,690,494
78,691,335
78,692,445
78,693,281
78,694,402
78,695,357
78,696,224
78,697,242
78,698,308
78,699,200
78,701,265
78,702,241
78,703,435
78,704,262
78,705,209
78,707,284
78,708,282
78,715,157
78,717,444
78,718,479
78,733,164
78,734,367
78,740,213
78,741,156
78,749,154
78,750,204
78,751,357
78,752,378
78,753,350
78,754,252
78,755,360
78,756,598
78,785,159
78,786,192
78,803,190
78,815,483
78,824,780
78,825,697
78,826,819
78,827,789
78,828,669
78,829,704
78,830,779
78,831,766
78,832,825
78,846,167
78,849,151
78,854,490
78,865,205
78,867,471
78,870,371
78,871,208
78,908,340
78,931,192
78,933,512
78,940,337
78,947,178
78,950,186
78,951,284
78,952,289
78,954,251
78,955,166
78,956,233
78,957,233
78,958,230
78,959,257
78,966,289
79,80,979
79,90,382
79,91,584
79,117,261
79,119,160
79,130,169
79,131,484
79,132,204
79,137,474
79,138,153
79,143,195
79,144,226
79,145,185
79,146,200
79,147,155
79,148,162
79,149,184
79,150,159
79,152,216
79,155,707
79,157,159
79,159,163
79,160,224
79,162,172
79,163,671
79,164,585
79,165,736
79,166,200
79,171,153
79,172,189
79,173,275
79,176,219
79,178,169
79,179,707
79,180,235
79,181,297
79,182,275
79,183,262
79,184,245
79,185,180
79,189,833
79,193,162
79,198,166
79,202,276
79,205,273
79,213,371
79,214,197
79,215,310
79,220,315
79,221,275
79,236,224
79,237,188
79,240,238
79,242,361
79,243,315
79,244,308
79,249,349
79,250,230
79,251,606
79,263,216
79,264,168
79,265,209
79,266,159
79,269,166
79,270,235
79,272,194
79,275,701
79,276,715
79,277,748
79,278,704
79,279,712
79,280,236
79,282,914
79,287,402
79,290,713
79,291,693
79,292,689
79,293,689
79,294,712
79,295,204
79,296,619
79,297,636
79,298,226
79,300,210
79,309,494
79,310,605
79,322,400
79,329,164
79,334,681
79,335,721
79,336,692
79,338,171
79,339,191
79,340,305
79,341,467
79,345,434
79,356,276
79,358,728
79,360,294
79,361,572
79,378,627
79,379,635
79,380,586
79,381,616
79,382,603
79,383,298
79,384,220
79,393,177
79,402,175
79,409,190
79,416,237
79,419,957
79,439,208
79,452,252
79,454,189
79,460,208
79,474,273
79,475,258
79,476,238
79,481,193
79,490,151
79,501,245
79,505,297
79,519,225
79,520,175
79,521,484
79,522,335
79,540,172
79,550,170
79,566,920
79,580,237
79,582,246
79,585,202
79,586,199
79,587,365
79,590,706
79,594,170
79,597,555
79,628,328
79,632,162
79,633,209
79,636,361
79,637,677
79,647,205
79,653,174
79,655,894
79,656,315
79,672,252
79,673,284
79,674,369
79,675,211
79,677,294
79,678,178
79,685,482
79,686,199
79,687,481
79,688,448
79,689,270
79,690,269
79,691,271
79,692,193
79,693,220
79,694,205
79,695,320
79,696,191
79,697,200
79,698,179
79,699,223
79,701,345
79,702,218
79,703,412
79,704,290
79,705,192
79,706,164
79,707,281
79,708,156
79,717,450
79,718,382
79,734,295
79,740,214
79,745,152
79,748,160
79,749,195
79,750,238
79,751,348
79,752,713
79,753,296
79,754,244
79,755,382
79,756,540
79,778,206
79,785,169
79,802,155
79,815,401
79,824,817
79,825,818
79,826,829
79,827,798
79,828,791
79,829,828
79,830,761
79,831,856
79,832,891
79,843,231
79,846,198
79,849,345
79,854,450
79,867,509
79,870,312
79,871,208
79,877,581
79,908,319
79,933,251
79,937,271
79,940,156
79,947,262
79,951,212
79,952,308
79,953,177
79,954,265
79,955,218
79,956,193
79,957,314
79,958,255
79,959,243
79,960,207
79,966,186
79,968,189
80,90,197
80,91,435
80,113,150
80,117,196
80,131,344
80,137,189
80,155,150
80,164,298
80,165,209
80,171,157
80,176,186
80,177,178
80,179,699
80,180,316
80,181,237
80,182,545
80,183,248
80,184,197
80,189,544
80,213,232
80,215,217
80,220,203
80,240,190
80,242,186
80,244,238
80,249,219
80,250,179
80,251,575
80,265,168
80,272,179
80,275,685
80,276,796
80,277,662
80,278,694
80,279,795
80,282,911
80,287,321
80,290,689
80,291,677
80,292,682
80,293,662
80,294,685
80,296,591
80,297,576
80,298,295
80,306,163
80,309,487
80,310,480
80,322,255
80,329,166
80,330,172
80,334,597
80,335,619
80,336,670
80,339,166
80,340,376
80,341,453
80,345,341
80,356,170
80,358,360
80,361,452
80,378,555
80,379,558
80,380,585
80,381,554
80,409,178
80,413,165
80,419,940
80,439,208
80,445,181
80,452,203
80,474,229
80,475,184
80,505,263
80,521,326
80,522,248
80,540,188
80,541,158
80,566,919
80,582,167
80,585,197
80,590,233
80,597,153
80,628,242
80,632,169
80,636,212
80,637,616
80,655,176
80,672,215
80,673,239
80,674,213
80,676,167
80,685,512
80,686,227
80,687,442
80,688,353
80,689,355
80,690,256
80,691,347
80,692,317
80,693,275
80,694,240
80,699,255
80,701,213
80,702,246
80,703,223
80,704,192
80,705,152
80,707,233
80,708,157
80,717,185
80,718,325
80,750,155
80,751,265
80,752,240
80,753,156
80,754,161
80,755,151
80,756,372
80,815,317
80,824,434
80,825,513
80,826,443
80,827,512
80,828,478
80,829,547
80,830,607
80,831,778
80,832,532
80,854,314
80,865,186
80,867,441
80,870,229
80,873,186
80,908,201
80,933,227
80,947,151
80,951,187
80,952,339
80,954,216
80,956,196
80,957,202
80,958,165
80,959,275
80,960,235
80,965,150
80,966,167
81,83,209
81,85,158
81,100,171
81,105,190
81,113,179
81,114,161
81,133,194
81,165,150
81,179,167
81,187,213
81,188,277
81,223,186
81,229,152
81,230,242
81,248,168
81,249,172
81,262,159
81,276,151
81,280,238
81,300,476
81,303,216
81,312,683
81,315,256
81,316,222
81,333,172
81,338,158
81,340,177
81,357,168
81,366,156
81,367,295
81,387,270
81,389,228
81,390,194
81,391,199
81,394,185
81,404,515
81,429,288
81,433,190
81,443,203
81,444,378
81,455,554
81,456,353
81,461,180
81,468,155
81,472,251
81,477,189
81,478,263
81,483,362
81,484,197
81,489,496
81,492,150
81,495,155
81,500,433
81,516,169
81,518,159
81,524,183
81,525,167
81,526,280
81,527,283
81,536,232
81,537,237
81,543,190
81,556,163
81,565,231
81,567,341
81,569,198
81,581,328
81,588,286
81,594,280
81,600,373
81,606,280
81,609,317
81,618,157
81,619,220
81,623,213
81,631,165
81,638,331
81,640,159
81,656,282
81,667,158
81,681,164
81,696,187
81,735,204
81,736,222
81,737,207
81,740,222
81,758,254
81,767,247
81,770,327
81,771,365
81,772,245
81,777,211
81,783,151
81,785,549
81,786,217
81,788,224
81,792,315
81,799,783
81,800,191
81,833,424
81,851,155
81,922,400
81,983,252
82,83,241
82,100,187
82,105,181
82,133,150
82,155,171
82,179,167
82,187,226
82,188,293
82,233,150
82,248,155
82,249,159
82,276,165
82,279,165
82,280,305
82,286,177
82,289,249
82,300,537
82,303,307
82,312,721
82,315,293
82,316,258
82,328,224
82,338,187
82,339,258
82,340,176
82,357,206
82,365,160
82,366,150
82,367,330
82,373,162
82,387,340
82,388,194
82,390,173
82,391,263
82,392,177
82,394,223
82,404,729
82,424,153
82,443,199
82,448,268
82,452,504
82,454,243
82,455,608
82,456,375
82,461,188
82,469,208
82,472,271
82,477,210
82,478,293
82,483,321
82,487,193
82,489,207
82,492,165
82,500,686
82,512,155
82,518,173
82,524,206
82,525,167
82,537,248
82,565,274
82,567,222
82,569,214
82,581,378
82,588,260
82,594,416
82,600,483
82,606,154
82,609,377
82,618,216
82,619,249
82,623,199
82,638,257
82,640,169
82,652,201
82,656,311
82,667,213
82,735,197
82,736,194
82,737,184
82,740,271
82,758,248
82,766,155
82,770,347
82,771,388
82,772,346
82,783,247
82,785,635
82,786,285
82,788,250
82,792,243
82,799,817
82,800,194
82,803,191
82,851,270
82,943,254
82,981,183
83,84,946
83,85,735
83,86,661
83,87,272
83,88,540
83,89,205
83,91,605
83,92,729
83,93,162
83,97,264
83,100,541
83,102,321
83,104,269
83,105,407
83,107,340
83,113,945
83,114,973
83,117,323
83,118,304
83,119,626
83,128,463
83,129,310
83,130,308
83,131,216
83,132,574
83,133,576
83,134,279
83,135,207
83,136,675
83,139,155
83,140,319
83,143,463
83,144,184
83,145,166
83,146,286
83,147,228
83,148,175
83,149,289
83,150,452
83,151,243
83,152,285
83,153,496
83,154,466
83,155,430
83,156,171
83,157,162
83,162,165
83,163,151
83,170,154
83,171,288
83,172,326
83,173,161
83,175,467
83,176,218
83,177,288
83,178,284
83,180,162
83,181,504
83,182,271
83,186,290
83,188,351
83,190,374
83,194,164
83,195,274
83,199,213
83,200,177
83,201,349
83,211,399
83,212,447
83,213,193
83,215,193
83,216,387
83,217,173
83,218,205
83,222,287
83,223,305
83,224,517
83,228,489
83,229,866
83,230,756
83,231,212
83,232,200
83,233,594
83,234,220
83,235,316
83,236,199
83,237,285
83,239,202
83,240,310
83,241,290
83,243,187
83,245,194
83,246,214
83,247,267
83,248,217
83,250,169
83,252,199
83,253,181
83,259,418
83,260,613
83,261,615
83,262,641
83,263,205
83,265,288
83,266,164
83,267,150
83,270,274
83,272,178
83,274,366
83,275,196
83,276,151
83,278,153
83,280,674
83,282,530
83,283,194
83,285,527
83,286,423
83,287,213
83,288,303
83,289,522
83,290,203
83,291,161
83,294,234
83,299,198
83,300,772
83,303,502
83,305,286
83,311,152
83,312,836
83,313,176
83,315,865
83,316,726
83,317,336
83,319,300
83,320,237
83,321,579
83,325,468
83,326,753
83,327,430
83,328,587
83,331,238
83,333,222
83,337,954
83,338,347
83,339,301
83,342,262
83,343,183
83,346,307
83,347,158
83,348,924
83,349,181
83,351,278
83,352,516
83,357,575
83,358,170
83,359,294
83,360,583
83,361,167
83,362,597
83,363,390
83,364,154
83,365,508
83,366,790
83,367,621
83,368,196
83,370,217
83,371,153
83,374,672
83,375,191
83,376,199
83,377,222
83,379,172
83,381,175
83,383,502
83,384,289
83,385,357
83,386,295
83,387,511
83,388,428
83,389,231
83,390,582
83,391,431
83,392,326
83,393,281
83,394,469
83,395,176
83,397,184
83,400,224
83,401,284
83,403,704
83,404,357
83,406,294
83,407,286
83,408,570
83,411,154
83,413,438
83,414,327
83,415,335
83,419,411
83,421,571
83,422,327
83,423,173
83,424,245
83,425,231
83,428,190
83,429,698
83,430,372
83,431,426
83,432,398
83,433,263
83,434,251
83,435,293
83,437,226
83,440,602
83,441,182
83,442,354
83,445,269
83,448,577
83,450,474
83,452,179
83,453,336
83,454,370
83,455,489
83,457,208
83,463,227
83,466,178
83,467,962
83,468,479
83,469,231
83,470,426
83,471,190
83,472,532
83,473,164
83,477,552
83,478,410
83,480,438
83,481,855
83,482,200
83,483,916
83,484,618
83,485,652
83,486,308
83,487,612
83,489,457
83,490,562
83,492,337
83,493,279
83,495,204
83,501,190
83,503,355
83,504,271
83,505,214
83,507,168
83,508,244
83,509,602
83,510,372
83,511,318
83,512,441
83,515,237
83,516,324
83,517,271
83,518,470
83,524,394
83,525,270
83,526,374
83,527,343
83,532,157
83,533,222
83,534,161
83,536,944
83,537,228
83,538,160
83,539,209
83,540,413
83,541,169
83,542,159
83,543,320
83,544,357
83,546,177
83,547,712
83,548,292
83,549,168
83,550,246
83,552,435
83,553,160
83,554,417
83,555,153
83,556,500
83,557,748
83,558,432
83,559,183
83,561,260
83,562,242
83,564,356
83,565,408
83,566,515
83,567,974
83,568,457
83,569,842
83,572,396
83,573,235
83,574,353
83,575,567
83,576,275
83,578,292
83,580,819
83,581,607
83,582,169
83,583,257
83,588,758
83,589,186
83,591,225
83,595,264
83,596,802
83,600,335
83,603,150
83,604,895
83,606,787
83,607,198
83,608,326
83,609,974
83,610,411
83,611,222
83,612,856
83,613,631
83,614,780
83,616,226
83,617,311
83,618,664
83,619,715
83,620,370
83,622,192
83,623,299
83,624,254
83,626,523
83,627,174
83,631,398
83,632,223
83,634,159
83,635,396
83,638,815
83,640,734
83,642,467
83,643,452
83,644,454
83,645,774
83,646,354
83,648,384
83,651,222
83,652,316
83,656,745
83,657,418
83,659,210
83,660,160
83,661,248
83,666,168
83,667,278
83,668,181
83,669,188
83,670,194
83,672,168
83,674,227
83,675,200
83,678,245
83,679,371
83,682,221
83,686,179
83,710,363
83,714,275
83,715,364
83,716,410
83,717,206
83,719,173
83,733,171
83,734,470
83,735,581
83,736,831
83,737,688
83,738,160
83,739,406
83,740,775
83,741,678
83,742,504
83,744,169
83,745,286
83,747,235
83,757,222
83,758,764
83,759,455
83,764,988
83,766,183
83,770,816
83,771,778
83,772,306
83,773,238
83,774,407
83,775,153
83,776,290
83,777,200
83,778,372
83,779,214
83,781,331
83,782,204
83,783,331
83,785,828
83,786,279
83,787,290
83,788,435
83,789,573
83,792,867
83,794,166
83,795,180
83,796,246
83,798,309
83,800,377
83,801,184
83,802,235
83,803,228
83,804,175
83,811,193
83,833,251
83,843,448
83,855,168
83,861,150
83,880,257
83,921,724
83,928,181
83,937,161
83,981,246
83,983,173
84,85,689
84,86,269
84,87,195
84,88,268
84,91,349
84,92,373
84,100,220
84,104,255
84,105,320
84,107,267
84,113,949
84,114,970
84,117,168
84,118,151
84,119,468
84,128,276
84,130,354
84,131,342
84,132,224
84,133,379
84,134,198
84,136,556
84,140,252
84,143,326
84,144,232
84,145,228
84,146,273
84,147,519
84,148,494
84,149,243
84,150,354
84,151,237
84,152,193
84,153,364
84,154,335
84,155,188
84,162,170
84,172,207
84,175,179
84,176,258
84,177,322
84,178,171
84,186,199
84,190,225
84,195,155
84,199,198
84,201,227
84,211,191
84,217,171
84,218,212
84,222,159
84,223,653
84,228,452
84,229,377
84,230,325
84,233,418
84,237,401
84,239,210
84,240,212
84,245,178
84,247,178
84,260,170
84,261,215
84,262,355
84,265,239
84,266,156
84,267,155
84,270,274
84,272,154
84,274,173
84,275,373
84,280,453
84,282,344
84,285,555
84,286,170
84,288,230
84,289,271
84,290,151
84,300,616
84,303,186
84,305,307
84,312,406
84,315,547
84,316,229
84,317,195
84,320,432
84,321,482
84,325,228
84,326,714
84,327,280
84,328,474
84,333,223
84,337,956
84,342,162
84,346,212
84,348,797
84,349,151
84,351,564
84,352,442
84,357,183
84,360,330
84,362,303
84,364,199
84,365,263
84,366,261
84,367,348
84,374,753
84,377,174
84,383,427
84,385,183
84,387,286
84,390,190
84,391,184
84,392,448
84,394,239
84,403,293
84,404,409
84,407,154
84,408,501
84,412,250
84,414,179
84,415,384
84,419,217
84,421,175
84,429,394
84,430,235
84,431,335
84,432,278
84,433,163
84,434,163
84,435,220
84,437,182
84,442,270
84,448,188
84,453,209
84,454,239
84,455,405
84,457,220
84,467,914
84,468,246
84,472,225
84,477,402
84,478,253
84,480,336
84,481,336
84,482,192
84,483,561
84,484,385
84,485,158
84,486,203
84,487,226
84,489,269
84,490,174
84,492,160
84,503,168
84,509,261
84,510,152
84,511,193
84,512,179
84,515,227
84,516,457
84,517,484
84,518,370
84,524,151
84,526,154
84,527,431
84,536,946
84,543,229
84,547,633
84,548,577
84,551,884
84,556,866
84,557,759
84,558,258
84,561,155
84,564,189
84,566,287
84,567,748
84,568,330
84,569,418
84,575,206
84,580,375
84,581,278
84,588,294
84,595,167
84,596,700
84,604,751
84,606,450
84,607,181
84,608,175
84,609,323
84,610,155
84,612,324
84,613,526
84,614,301
84,618,242
84,619,263
84,620,709
84,623,258
84,626,324
84,627,198
84,631,200
84,633,150
84,635,211
84,638,454
84,640,379
84,642,166
84,643,180
84,644,281
84,645,522
84,648,213
84,652,157
84,656,517
84,657,287
84,659,415
84,672,284
84,678,479
84,679,480
84,710,239
84,715,196
84,716,318
84,734,209
84,735,301
84,736,297
84,737,393
84,739,224
84,740,415
84,741,241
84,745,185
84,747,880
84,758,311
84,759,542
84,761,300
84,764,973
84,767,177
84,770,394
84,771,317
84,773,156
84,774,151
84,777,176
84,783,159
84,785,260
84,787,345
84,788,215
84,789,228
84,792,441
84,802,171
84,833,161
84,843,493
84,921,229
84,960,172
85,86,715
85,87,377
85,88,588
85,89,702
85,90,156
85,91,649
85,92,647
85,97,153
85,98,152
85,100,626
85,102,428
85,104,309
85,105,399
85,107,326
85,109,246
85,110,176
85,112,203
85,113,412
85,114,509
85,117,309
85,118,283
85,119,808
85,125,163
85,126,177
85,128,661
85,129,784
85,130,262
85,131,222
85,132,583
85,133,674
85,135,408
85,136,661
85,140,223
85,141,261
85,142,153
85,144,209
85,145,233
85,146,224
85,147,308
85,148,186
85,149,384
85,150,486
85,151,695
85,152,285
85,153,374
85,154,405
85,171,479
85,172,232
85,173,189
85,180,189
85,182,243
85,186,494
85,189,198
85,190,352
85,195,250
85,198,152
85,200,314
85,201,347
85,210,169
85,211,547
85,212,215
85,213,213
85,215,208
85,216,418
85,217,276
85,218,265
85,222,234
85,223,221
85,224,191
85,226,980
85,227,963
85,228,999
85,229,849
85,230,590
85,231,848
85,232,297
85,233,237
85,234,218
85,235,187
85,237,154
85,239,168
85,240,403
85,241,203
85,242,748
85,244,641
85,245,246
85,247,187
85,248,217
85,250,155
85,252,181
85,253,368
85,260,390
85,261,547
85,262,486
85,263,189
85,265,223
85,266,169
85,267,152
85,270,181
85,272,183
85,274,183
85,275,231
85,280,794
85,281,227
85,282,542
85,283,898
85,284,508
85,285,998
85,286,517
85,287,235
85,288,432
85,289,410
85,298,188
85,299,177
85,300,682
85,303,633
85,305,210
85,306,382
85,307,253
85,311,171
85,312,843
85,313,232
85,314,202
85,315,694
85,316,484
85,317,571
85,319,571
85,320,440
85,321,220
85,325,301
85,326,269
85,327,395
85,328,251
85,331,687
85,332,165
85,337,189
85,338,422
85,339,333
85,344,527
85,346,294
85,347,241
85,348,360
85,349,234
85,350,193
85,351,306
85,352,379
85,353,172
85,354,391
85,357,964
85,358,251
85,359,212
85,360,608
85,361,155
85,362,518
85,363,325
85,364,224
85,365,273
85,366,684
85,367,633
85,368,169
85,369,184
85,371,289
85,372,173
85,374,309
85,375,184
85,376,203
85,377,290
85,379,161
85,381,159
85,383,229
85,384,373
85,385,228
85,386,292
85,387,644
85,388,671
85,389,239
85,390,634
85,391,439
85,392,388
85,393,587
85,394,607
85,397,173
85,400,599
85,401,217
85,403,481
85,406,311
85,407,286
85,408,279
85,410,163
85,411,201
85,413,513
85,414,370
85,415,300
85,419,423
85,421,547
85,422,594
85,425,273
85,428,153
85,429,544
85,430,376
85,431,409
85,432,278
85,433,236
85,434,259
85,435,238
85,437,472
85,440,850
85,441,329
85,442,396
85,445,204
85,448,509
85,449,216
85,450,231
85,452,189
85,453,441
85,454,347
85,455,188
85,457,158
85,458,168
85,461,259
85,462,548
85,463,806
85,464,232
85,465,324
85,466,165
85,467,382
85,468,287
85,469,227
85,470,150
85,471,175
85,472,507
85,476,241
85,477,504
85,478,333
85,480,573
85,481,670
85,482,245
85,483,807
85,484,374
85,485,432
85,486,298
85,487,420
85,489,449
85,490,595
85,492,360
85,493,186
85,495,198
85,501,196
85,503,275
85,504,529
85,507,218
85,508,335
85,509,505
85,511,392
85,512,445
85,513,216
85,514,197
85,515,225
85,516,216
85,517,228
85,518,695
85,522,156
85,524,446
85,525,381
85,526,324
85,527,283
85,532,485
85,533,651
85,534,304
85,535,202
85,536,583
85,537,227
85,540,428
85,543,221
85,544,231
85,547,204
85,548,194
85,549,214
85,550,353
85,551,189
85,552,451
85,553,204
85,554,228
85,555,223
85,556,290
85,557,191
85,558,517
85,562,180
85,564,301
85,565,248
85,566,372
85,567,858
85,568,269
85,569,972
85,570,232
85,571,332
85,572,601
85,574,667
85,575,432
85,576,424
85,577,209
85,578,431
85,579,166
85,580,612
85,581,484
85,583,318
85,588,635
85,589,160
85,595,367
85,596,361
85,600,205
85,604,398
85,606,738
85,607,232
85,608,280
85,609,949
85,610,481
85,611,192
85,612,618
85,613,518
85,614,736
85,617,638
85,618,633
85,619,588
85,620,224
85,621,383
85,622,363
85,623,250
85,624,160
85,626,511
85,627,192
85,631,223
85,632,289
85,634,366
85,635,820
85,638,765
85,640,596
85,642,355
85,643,329
85,644,328
85,645,484
85,646,357
85,648,424
85,652,337
85,656,649
85,657,274
85,658,629
85,661,376
85,662,155
85,663,485
85,664,155
85,665,484
85,667,283
85,670,217
85,671,203
85,676,182
85,678,191
85,682,157
85,688,191
85,703,434
85,710,623
85,712,176
85,713,165
85,714,493
85,715,860
85,716,335
85,719,921
85,722,197
85,733,272
85,734,325
85,735,478
85,736,854
85,737,922
85,738,258
85,739,276
85,740,790
85,741,448
85,742,857
85,743,470
85,744,217
85,745,334
85,747,368
85,754,175
85,755,242
85,756,263
85,757,204
85,758,511
85,759,262
85,763,801
85,764,362
85,765,220
85,770,671
85,771,736
85,772,175
85,773,268
85,774,665
85,776,324
85,777,267
85,778,200
85,779,172
85,781,159
85,782,280
85,783,500
85,785,495
85,786,354
85,787,454
85,788,351
85,789,634
85,792,731
85,794,217
85,795,965
85,796,290
85,798,150
85,800,369
85,801,199
85,802,385
85,803,311
85,804,546
85,806,202
85,811,175
85,816,303
85,817,194
85,838,298
85,843,195
85,874,201
85,877,261
85,880,199
85,899,244
85,900,223
85,921,177
85,928,174
85,949,152
85,981,305
85,983,225
86,87,227
86,88,421
86,89,381
86,91,307
86,92,887
86,100,379
86,102,193
86,104,207
86,105,280
86,107,229
86,109,222
86,110,246
86,113,196
86,114,277
86,118,201
86,119,532
86,128,426
86,129,651
86,132,269
86,133,316
86,135,151
86,136,157
86,149,404
86,150,262
86,151,548
86,152,170
86,153,160
86,154,162
86,171,201
86,181,433
86,182,679
86,189,401
86,201,156
86,202,163
86,216,216
86,218,167
86,222,316
86,224,154
86,225,167
86,226,948
86,227,891
86,228,995
86,229,654
86,230,304
86,231,478
86,242,345
86,244,179
86,247,351
86,260,196
86,261,363
86,262,204
86,280,214
86,281,477
86,282,177
86,283,516
86,284,436
86,285,724
86,289,204
86,300,425
86,303,213
86,306,151
86,312,604
86,313,154
86,315,407
86,316,275
86,317,202
86,319,183
86,321,158
86,326,248
86,327,175
86,328,196
86,331,436
86,337,173
86,338,179
86,348,236
86,352,184
86,353,191
86,357,418
86,358,361
86,360,341
86,362,250
86,365,151
86,366,290
86,367,315
86,371,175
86,374,393
86,376,179
86,377,154
86,383,179
86,384,201
86,386,414
86,387,249
86,388,243
86,390,180
86,391,219
86,392,166
86,394,237
86,400,311
86,403,246
86,411,156
86,413,214
86,419,240
86,421,191
86,422,177
86,425,339
86,429,276
86,430,189
86,431,220
86,440,469
86,441,226
86,442,182
86,452,173
86,461,204
86,462,511
86,463,616
86,464,185
86,465,378
86,467,512
86,468,166
86,471,197
86,472,231
86,476,264
86,477,246
86,478,183
86,480,272
86,481,424
86,483,563
86,484,190
86,485,196
86,489,176
86,490,170
86,492,196
86,504,195
86,508,196
86,509,284
86,511,183
86,512,261
86,518,530
86,522,257
86,524,189
86,525,165
86,532,281
86,533,702
86,534,390
86,535,228
86,536,153
86,540,184
86,552,234
86,555,179
86,556,222
86,566,406
86,567,561
86,568,350
86,569,719
86,572,172
86,574,168
86,575,241
86,576,226
86,578,235
86,580,335
86,581,221
86,588,362
86,595,286
86,596,227
86,601,240
86,604,305
86,606,428
86,607,162
86,609,400
86,610,275
86,612,354
86,613,281
86,614,216
86,617,280
86,618,446
86,619,626
86,621,398
86,622,154
86,626,323
86,633,166
86,634,186
86,635,678
86,638,585
86,640,383
86,642,195
86,643,169
86,644,182
86,645,251
86,646,172
86,648,209
86,656,395
86,657,424
86,658,287
86,661,176
86,662,288
86,667,167
86,710,303
86,714,273
86,715,527
86,716,177
86,719,775
86,734,194
86,735,241
86,736,510
86,737,424
86,738,165
86,740,603
86,741,450
86,742,756
86,743,206
86,745,212
86,747,191
86,758,253
86,763,220
86,764,464
86,770,411
86,771,318
86,774,260
86,778,192
86,782,176
86,785,331
86,786,155
86,787,248
86,788,243
86,789,439
86,791,249
86,792,447
86,795,618
86,798,166
86,800,212
86,803,179
86,804,310
86,816,250
86,817,212
86,877,152
86,883,162
86,899,268
87,88,374
87,89,178
87,92,743
87,100,260
87,101,179
87,102,202
87,111,150
87,114,427
87,124,187
87,125,305
87,128,456
87,141,154
87,173,209
87,178,217
87,221,221
87,228,435
87,252,155
87,285,405
87,289,196
87,300,286
87,303,163
87,313,406
87,314,222
87,348,196
87,349,202
87,353,176
87,354,232
87,397,371
87,400,206
87,404,165
87,454,396
87,461,186
87,462,251
87,463,337
87,464,216
87,466,265
87,467,313
87,480,156
87,482,179
87,483,244
87,502,833
87,533,164
87,555,285
87,556,268
87,567,220
87,581,175
87,604,158
87,606,158
87,609,164
87,621,173
87,622,342
87,626,171
87,635,277
87,658,251
87,715,624
87,719,212
87,720,187
87,738,348
87,739,168
87,740,177
87,760,282
87,764,228
87,766,186
87,786,234
87,838,350
87,845,371
87,928,203
88,92,585
88,100,155
88,101,152
88,104,295
88,105,291
88,107,286
88,108,154
88,110,210
88,111,210
88,114,465
88,122,156
88,124,270
88,125,506
88,126,253
88,128,510
88,136,444
88,141,276
88,154,191
88,173,177
88,213,272
88,215,271
88,216,204
88,227,273
88,228,202
88,229,187
88,232,306
88,241,157
88,244,220
88,280,205
88,289,302
88,300,246
88,303,216
88,312,203
88,313,255
88,315,314
88,316,177
88,332,243
88,333,318
88,344,372
88,346,195
88,348,154
88,352,220
88,353,257
88,354,252
88,357,273
88,362,160
88,363,206
88,367,162
88,375,167
88,376,185
88,384,170
88,397,156
88,403,153
88,428,190
88,429,184
88,442,351
88,455,221
88,461,201
88,462,583
88,463,954
88,464,365
88,465,343
88,467,243
88,472,180
88,478,267
88,481,165
88,483,248
88,485,226
88,502,164
88,518,235
88,533,266
88,535,177
88,537,171
88,552,286
88,554,684
88,555,441
88,556,193
88,567,240
88,569,217
88,571,261
88,575,251
88,576,256
88,578,158
88,583,218
88,586,311
88,596,164
88,600,161
88,606,209
88,608,242
88,609,550
88,610,401
88,611,335
88,613,255
88,614,157
88,619,291
88,622,429
88,626,195
88,633,173
88,634,280
88,635,332
88,640,309
88,648,205
88,656,225
88,658,201
88,667,248
88,710,313
88,714,654
88,715,969
88,719,150
88,726,228
88,727,186
88,729,150
88,736,330
88,738,332
88,739,337
88,740,297
88,741,212
88,764,205
88,769,155
88,770,205
88,771,194
88,782,163
88,784,218
88,785,156
88,789,204
88,794,155
88,806,193
88,813,150
88,814,158
88,816,352
88,834,437
88,836,231
88,837,161
88,839,155
88,840,173
88,899,358
88,953,785
88,962,682
88,973,196
88,977,169
89,91,405
89,92,435
89,100,181
89,107,172
89,118,175
89,124,325
89,126,325
89,132,445
89,141,167
89,142,258
89,147,189
89,149,311
89,150,379
89,151,203
89,171,319
89,173,161
89,177,204
89,186,160
89,190,197
89,213,194
89,215,215
89,223,220
89,229,188
89,230,204
89,233,198
89,237,227
89,239,217
89,242,299
89,244,425
89,261,155
89,265,161
89,266,269
89,270,194
89,271,205
89,274,201
89,280,155
89,288,498
89,300,329
89,312,163
89,315,201
89,317,290
89,319,284
89,320,193
89,321,151
89,326,254
89,348,161
89,357,218
89,360,297
89,378,165
89,380,260
89,381,165
89,400,450
89,413,270
89,415,431
89,421,189
89,427,204
89,429,151
89,463,153
89,467,177
89,475,164
89,480,273
89,481,306
89,483,302
89,493,228
89,501,187
89,508,207
89,513,241
89,515,418
89,540,157
89,550,195
89,567,347
89,569,155
89,570,235
89,580,188
89,596,205
89,604,247
89,606,323
89,613,211
89,632,496
89,634,150
89,635,173
89,637,184
89,638,161
89,656,155
89,658,155
89,665,175
89,671,153
89,673,173
89,679,433
89,710,506
89,714,273
89,715,185
89,736,273
89,740,366
89,759,293
89,770,181
89,771,210
89,777,507
89,789,359
89,792,194
89,793,360
89,804,345
89,948,151
89,979,330
90,91,193
90,98,173
90,101,218
90,117,180
90,119,321
90,121,203
90,129,171
90,130,154
90,131,449
90,132,194
90,133,189
90,134,198
90,138,188
90,140,167
90,143,163
90,144,272
90,145,235
90,146,280
90,149,333
90,150,231
90,162,169
90,179,284
90,181,200
90,182,219
90,183,151
90,189,402
90,191,220
90,193,269
90,194,150
90,198,196
90,199,254
90,213,511
90,214,358
90,215,489
90,233,178
90,235,380
90,236,352
90,242,343
90,243,317
90,244,444
90,247,389
90,248,215
90,250,194
90,263,173
90,264,154
90,265,204
90,269,198
90,270,251
90,275,580
90,276,280
90,277,285
90,278,281
90,279,252
90,287,227
90,290,310
90,292,267
90,293,330
90,294,237
90,298,159
90,300,175
90,309,381
90,310,460
90,312,180
90,315,161
90,322,409
90,334,315
90,335,229
90,336,299
90,339,186
90,340,185
90,341,207
90,345,234
90,350,165
90,360,193
90,361,332
90,378,151
90,381,200
90,382,459
90,383,209
90,384,294
90,400,162
90,402,356
90,406,237
90,419,436
90,421,158
90,422,189
90,452,231
90,453,172
90,454,164
90,476,447
90,481,211
90,483,219
90,497,162
90,498,218
90,504,206
90,515,183
90,518,323
90,521,361
90,522,240
90,527,202
90,542,462
90,564,324
90,566,226
90,567,159
90,582,196
90,585,245
90,590,385
90,594,164
90,596,231
90,597,150
90,600,168
90,606,234
90,617,156
90,624,190
90,626,150
90,628,197
90,632,320
90,633,288
90,636,305
90,637,244
90,638,161
90,643,154
90,644,158
90,645,197
90,648,191
90,656,183
90,685,247
90,686,224
90,687,390
90,688,412
90,690,272
90,691,233
90,695,406
90,696,224
90,697,279
90,698,219
90,703,474
90,707,208
90,708,197
90,717,515
90,718,243
90,733,232
90,734,377
90,736,216
90,737,179
90,740,242
90,748,268
90,749,325
90,750,775
90,751,709
90,752,366
90,753,529
90,754,383
90,755,819
90,756,837
90,757,158
90,770,160
90,793,155
90,824,150
90,825,190
90,830,335
90,831,406
90,832,229
90,854,412
90,870,249
90,871,170
90,877,176
90,908,191
90,929,183
90,933,171
90,953,185
90,956,164
90,957,240
90,958,164
90,979,154
91,92,718
91,100,180
91,114,245
91,118,223
91,119,222
91,130,349
91,131,375
91,132,256
91,133,295
91,134,583
91,136,461
91,137,237
91,140,202
91,141,202
91,143,183
91,144,183
91,147,231
91,149,245
91,150,385
91,151,353
91,152,366
91,153,248
91,154,237
91,155,220
91,156,350
91,157,162
91,163,185
91,165,195
91,166,175
91,171,532
91,172,718
91,173,222
91,175,364
91,176,217
91,177,229
91,178,735
91,179,362
91,180,286
91,181,301
91,182,435
91,184,156
91,186,327
91,189,305
91,190,287
91,195,202
91,213,445
91,214,241
91,215,446
91,218,161
91,220,634
91,223,248
91,229,358
91,230,303
91,233,354
91,236,421
91,237,827
91,238,331
91,239,376
91,240,740
91,242,234
91,243,233
91,244,262
91,250,296
91,251,155
91,262,469
91,263,184
91,265,432
91,266,183
91,267,151
91,269,269
91,270,153
91,271,217
91,272,482
91,273,224
91,274,293
91,275,369
91,276,489
91,277,159
91,278,491
91,279,494
91,280,293
91,282,250
91,286,177
91,287,400
91,289,175
91,290,806
91,291,697
91,292,335
91,293,235
91,294,769
91,295,250
91,300,543
91,303,179
91,309,313
91,310,320
91,312,495
91,315,426
91,316,246
91,322,215
91,326,384
91,335,238
91,338,670
91,339,513
91,340,464
91,341,373
91,342,289
91,343,625
91,344,288
91,345,345
91,346,418
91,347,317
91,348,181
91,355,170
91,356,170
91,357,379
91,360,258
91,361,408
91,362,252
91,366,201
91,367,372
91,374,292
91,378,291
91,379,227
91,380,322
91,381,305
91,383,201
91,387,249
91,391,257
91,393,230
91,394,169
91,400,203
91,403,202
91,406,190
91,409,241
91,413,781
91,414,599
91,415,219
91,417,158
91,419,998
91,421,305
91,422,424
91,427,524
91,429,326
91,430,167
91,431,191
91,445,277
91,452,314
91,453,263
91,454,292
91,467,205
91,468,169
91,472,177
91,474,679
91,475,624
91,476,263
91,478,191
91,480,155
91,481,558
91,483,592
91,484,163
91,485,228
91,487,183
91,489,160
91,501,653
91,503,169
91,504,950
91,505,420
91,508,414
91,509,213
91,513,259
91,515,247
91,516,206
91,518,183
91,519,234
91,521,239
91,522,341
91,526,368
91,527,198
91,540,595
91,541,292
91,542,419
91,544,513
91,550,222
91,552,196
91,562,161
91,564,371
91,566,482
91,567,621
91,569,557
91,570,434
91,572,222
91,575,506
91,580,599
91,581,276
91,582,379
91,583,310
91,585,152
91,587,271
91,588,506
91,589,262
91,590,233
91,596,354
91,597,196
91,604,398
91,606,505
91,609,258
91,610,163
91,612,234
91,613,226
91,614,363
91,617,208
91,618,165
91,619,165
91,626,151
91,628,272
91,632,268
91,635,188
91,636,280
91,637,747
91,638,329
91,640,356
91,642,272
91,643,263
91,644,262
91,645,297
91,648,219
91,655,161
91,656,306
91,662,448
91,666,199
91,670,237
91,671,152
91,672,456
91,673,671
91,674,897
91,675,445
91,676,396
91,677,201
91,678,380
91,679,376
91,680,277
91,681,183
91,682,446
91,683,256
91,684,188
91,685,520
91,686,398
91,687,385
91,688,241
91,689,216
91,690,387
91,691,314
91,692,168
91,694,268
91,695,185
91,703,314
91,704,280
91,707,456
91,708,483
91,710,195
91,716,169
91,717,169
91,718,178
91,733,338
91,734,294
91,735,159
91,736,261
91,737,343
91,740,679
91,748,156
91,749,223
91,751,183
91,753,161
91,754,161
91,755,204
91,756,224
91,757,207
91,758,246
91,760,255
91,770,372
91,771,934
91,776,151
91,785,196
91,788,199
91,789,250
91,792,452
91,798,637
91,799,511
91,843,175
91,845,151
91,849,216
91,854,234
91,855,326
91,870,341
91,871,175
91,906,227
91,908,269
91,932,196
91,933,198
91,948,165
91,951,249
91,952,269
91,958,156
91,959,328
92,97,160
92,100,702
92,102,483
92,104,202
92,105,294
92,107,242
92,109,223
92,110,168
92,112,486
92,113,193
92,114,403
92,117,233
92,118,560
92,119,524
92,125,237
92,126,202
92,128,856
92,129,236
92,130,221
92,131,159
92,132,349
92,133,539
92,135,287
92,136,521
92,140,181
92,141,219
92,143,150
92,144,216
92,145,203
92,146,224
92,147,207
92,148,197
92,149,324
92,150,366
92,151,739
92,152,231
92,153,269
92,154,255
92,171,392
92,172,219
92,181,161
92,182,562
92,186,330
92,190,247
92,195,202
92,200,186
92,201,177
92,211,173
92,213,168
92,216,277
92,217,166
92,218,273
92,226,932
92,227,889
92,228,999
92,229,979
92,230,465
92,231,165
92,232,265
92,233,175
92,234,173
92,239,152
92,240,272
92,242,259
92,244,233
92,252,193
92,259,297
92,260,287
92,261,409
92,262,321
92,263,196
92,266,157
92,275,326
92,280,618
92,281,532
92,282,435
92,283,641
92,284,439
92,285,909
92,286,156
92,288,319
92,289,364
92,298,191
92,299,172
92,300,751
92,303,289
92,305,212
92,306,403
92,307,234
92,311,157
92,312,431
92,313,261
92,314,162
92,315,572
92,316,362
92,317,553
92,319,552
92,320,329
92,325,206
92,327,277
92,328,461
92,331,200
92,332,209
92,335,249
92,338,208
92,339,207
92,344,183
92,346,231
92,348,285
92,352,195
92,353,330
92,354,305
92,357,680
92,358,169
92,359,307
92,360,481
92,362,368
92,363,298
92,365,250
92,366,351
92,367,370
92,368,206
92,369,233
92,370,174
92,371,362
92,372,168
92,373,176
92,374,218
92,376,213
92,377,548
92,383,211
92,384,334
92,387,298
92,388,207
92,390,205
92,391,253
92,392,295
92,394,246
92,397,154
92,400,594
92,401,187
92,403,612
92,406,183
92,408,174
92,413,514
92,414,377
92,415,203
92,419,595
92,421,209
92,422,208
92,425,219
92,429,420
92,430,312
92,431,332
92,432,223
92,433,196
92,434,258
92,435,189
92,437,156
92,440,222
92,441,380
92,442,379
92,443,157
92,447,200
92,448,155
92,450,152
92,452,169
92,453,219
92,454,358
92,461,483
92,462,859
92,463,920
92,464,397
92,465,715
92,466,224
92,467,445
92,469,151
92,471,154
92,472,296
92,476,171
92,477,237
92,478,324
92,480,407
92,481,510
92,482,202
92,483,810
92,484,277
92,485,289
92,486,253
92,487,272
92,489,208
92,490,189
92,492,196
92,494,170
92,495,182
92,501,206
92,503,459
92,504,259
92,507,206
92,508,269
92,509,420
92,511,275
92,512,336
92,513,152
92,514,201
92,516,347
92,518,811
92,524,370
92,525,314
92,526,219
92,527,163
92,532,349
92,533,740
92,534,297
92,535,187
92,536,258
92,540,494
92,544,178
92,550,209
92,551,173
92,552,378
92,555,336
92,556,209
92,557,173
92,558,156
92,562,150
92,566,243
92,567,711
92,568,202
92,569,581
92,570,167
92,571,324
92,572,191
92,574,266
92,575,330
92,576,394
92,577,193
92,578,442
92,580,481
92,581,347
92,583,201
92,588,567
92,595,180
92,596,178
92,604,225
92,606,634
92,607,309
92,608,151
92,609,541
92,610,438
92,612,511
92,613,406
92,614,298
92,617,263
92,618,454
92,619,651
92,621,537
92,622,330
92,626,479
92,627,176
92,631,156
92,632,172
92,634,496
92,635,877
92,638,470
92,640,529
92,642,255
92,643,263
92,644,246
92,645,361
92,646,253
92,648,356
92,652,185
92,656,649
92,657,230
92,658,580
92,661,523
92,663,260
92,665,176
92,667,215
92,710,478
92,712,175
92,714,461
92,715,784
92,716,290
92,719,891
92,733,298
92,734,226
92,735,374
92,736,761
92,737,565
92,738,324
92,739,591
92,740,700
92,741,306
92,742,322
92,743,180
92,744,264
92,745,309
92,747,336
92,755,281
92,756,271
92,758,531
92,759,195
92,763,204
92,764,298
92,765,336
92,766,196
92,767,195
92,768,213
92,770,574
92,771,608
92,773,172
92,774,403
92,776,227
92,777,191
92,778,170
92,782,267
92,785,312
92,786,277
92,787,420
92,788,256
92,789,498
92,792,616
92,794,158
92,795,648
92,796,266
92,798,181
92,800,180
92,802,177
92,803,548
92,804,453
92,809,231
92,814,206
92,816,305
92,817,207
92,836,186
92,838,320
92,842,280
92,843,196
92,877,227
92,881,152
92,899,394
92,900,267
92,947,166
92,968,429
92,981,246
93,94,939
93,96,997
93,97,611
93,100,929
93,101,179
93,102,935
93,104,400
93,105,400
93,107,400
93,115,155
93,116,153
93,118,180
93,124,934
93,125,254
93,126,931
93,128,152
93,132,157
93,133,187
93,135,161
93,144,174
93,153,206
93,154,188
93,170,460
93,232,221
93,234,852
93,259,258
93,289,158
93,300,225
93,305,150
93,317,166
93,318,233
93,319,183
93,327,376
93,332,227
93,333,525
93,354,211
93,360,187
93,368,362
93,369,228
93,371,239
93,373,350
93,395,321
93,396,199
93,397,223
93,400,438
93,402,157
93,410,169
93,442,942
93,443,204
93,447,152
93,456,185
93,473,286
93,478,164
93,494,179
93,500,418
93,523,157
93,549,195
93,566,290
93,607,910
93,608,156
93,622,165
93,634,198
93,649,222
93,715,297
93,739,158
93,744,169
93,765,174
93,766,180
93,769,164
93,790,303
93,791,303
93,799,160
93,804,171
93,809,251
93,814,229
93,835,213
93,836,178
93,837,193
93,898,456
93,900,198
94,96,584
94,97,245
94,98,219
94,100,427
94,101,183
94,102,356
94,104,436
94,105,438
94,107,476
94,115,168
94,116,166
94,122,513
94,124,445
94,125,298
94,126,454
94,137,211
94,141,174
94,144,162
94,153,512
94,154,475
94,155,169
94,156,178
94,157,163
94,160,198
94,161,159
94,162,238
94,163,225
94,164,237
94,165,189
94,167,233
94,170,499
94,181,164
94,182,209
94,198,169
94,232,630
94,234,178
94,244,176
94,249,195
94,250,199
94,254,187
94,272,160
94,279,219
94,289,177
94,300,185
94,313,169
94,317,163
94,318,155
94,332,456
94,333,994
94,346,270
94,354,224
94,356,167
94,373,188
94,397,223
94,400,159
94,406,210
94,410,155
94,413,151
94,419,179
94,426,210
94,442,945
94,443,225
94,451,151
94,452,190
94,455,154
94,472,183
94,473,413
94,480,376
94,486,161
94,494,241
94,500,399
94,540,220
94,549,342
94,554,181
94,555,315
94,558,156
94,561,192
94,571,402
94,582,239
94,585,169
94,597,421
94,598,168
94,607,905
94,649,467
94,711,234
94,715,313
94,739,159
94,751,177
94,752,151
94,757,178
94,760,233
94,790,304
94,791,303
94,800,191
94,809,329
94,814,289
94,841,166
94,845,213
94,846,212
94,847,217
94,869,159
94,934,164
95,96,602
95,98,234
95,100,169
95,102,286
95,103,910
95,123,980
95,126,194
95,127,942
95,128,410
95,129,173
95,141,165
95,168,172
95,169,168
95,182,160
95,232,238
95,241,336
95,252,175
95,253,216
95,259,157
95,289,221
95,294,177
95,300,276
95,308,188
95,312,179
95,332,195
95,338,161
95,357,170
95,375,298
95,404,227
95,405,201
95,418,162
95,419,175
95,434,188
95,455,212
95,456,226
95,483,174
95,500,412
95,518,388
95,524,154
95,551,272
95,555,199
95,569,150
95,571,285
95,576,282
95,577,251
95,609,276
95,610,498
95,619,226
95,625,202
95,626,205
95,629,235
95,640,272
95,648,196
95,650,285
95,739,242
95,742,150
95,746,183
95,759,160
95,770,180
95,774,161
95,782,229
95,784,355
95,789,170
95,793,156
95,797,193
95,809,181
95,813,296
95,834,236
95,927,255
95,943,315
95,968,155
96,97,497
96,100,957
96,102,954
96,103,602
96,104,461
96,105,458
96,106,226
96,107,458
96,108,318
96,110,302
96,111,299
96,118,190
96,122,170
96,123,154
96,124,390
96,125,196
96,126,365
96,127,154
96,133,152
96,135,275
96,141,184
96,144,208
96,145,174
96,170,244
96,187,155
96,232,424
96,234,246
96,235,259
96,243,226
96,259,153
96,280,154
96,289,168
96,292,165
96,299,180
96,300,404
96,305,549
96,311,199
96,320,214
96,327,757
96,332,841
96,333,601
96,350,206
96,354,162
96,365,268
96,368,475
96,369,381
96,370,427
96,371,249
96,373,478
96,384,173
96,388,338
96,395,704
96,396,431
96,397,364
96,400,323
96,402,234
96,403,264
96,405,156
96,410,312
96,442,496
96,447,389
96,456,255
96,457,174
96,462,176
96,464,197
96,465,208
96,473,294
96,478,162
96,486,211
96,494,151
96,495,187
96,500,805
96,518,166
96,523,186
96,533,251
96,536,173
96,540,157
96,549,294
96,551,158
96,555,309
96,558,288
96,566,234
96,571,215
96,583,181
96,598,179
96,607,249
96,619,173
96,632,187
96,634,459
96,707,524
96,708,524
96,725,238
96,727,360
96,739,155
96,745,155
96,746,231
96,765,325
96,766,169
96,768,297
96,769,299
96,787,207
96,790,209
96,791,209
96,797,208
96,806,436
96,809,231
96,811,164
96,813,169
96,835,478
96,836,356
96,837,342
96,839,299
96,840,332
96,898,150
96,899,156
96,922,615
97,100,532
97,101,333
97,102,548
97,104,249
97,105,263
97,107,399
97,122,230
97,124,280
97,125,150
97,128,228
97,130,218
97,153,278
97,154,300
97,170,420
97,181,158
97,182,158
97,232,270
97,235,180
97,236,185
97,241,260
97,259,153
97,289,169
97,300,256
97,305,228
97,327,294
97,332,307
97,333,227
97,346,296
97,350,170
97,352,181
97,368,408
97,369,230
97,370,212
97,373,427
97,375,212
97,393,189
97,395,402
97,396,349
97,400,216
97,402,198
97,403,181
97,410,223
97,436,261
97,442,312
97,450,344
97,455,165
97,478,159
97,482,250
97,483,310
97,484,151
97,493,168
97,494,866
97,495,281
97,513,534
97,523,198
97,540,269
97,543,342
97,554,196
97,556,247
97,567,385
97,569,165
97,571,179
97,581,216
97,598,165
97,606,212
97,607,303
97,608,224
97,613,200
97,634,159
97,653,204
97,658,197
97,660,213
97,668,271
97,710,150
97,736,179
97,739,160
97,766,172
97,770,429
97,783,156
97,790,203
97,791,242
97,792,203
97,799,224
97,822,159
97,834,179
97,835,247
97,921,207
97,984,200
98,99,346
98,101,528
98,102,308
98,104,191
98,105,191
98,107,197
98,124,284
98,126,244
98,130,185
98,140,189
98,143,210
98,181,241
98,182,246
98,183,175
98,184,192
98,232,162
98,235,200
98,236,255
98,239,194
98,251,177
98,252,215
98,255,193
98,266,183
98,289,163
98,300,224
98,310,164
98,315,160
98,320,153
98,332,222
98,333,209
98,357,295
98,365,172
98,382,233
98,400,386
98,406,207
98,427,584
98,442,217
98,465,191
98,466,203
98,478,217
98,487,175
98,500,186
98,523,203
98,554,521
98,562,179
98,564,156
98,567,158
98,575,223
98,576,312
98,577,168
98,580,187
98,582,187
98,589,230
98,597,279
98,609,159
98,619,289
98,623,179
98,658,208
98,711,188
98,712,195
98,715,196
98,739,248
98,740,185
98,746,189
98,752,158
98,753,160
98,767,169
98,770,158
98,804,310
98,813,179
98,835,164
98,849,242
98,929,231
99,101,485
99,152,156
99,221,219
99,233,164
99,236,162
99,241,186
99,266,156
99,283,340
99,341,344
99,357,627
99,358,334
99,380,189
99,400,218
99,427,200
99,439,164
99,444,152
99,466,245
99,476,270
99,494,210
99,554,284
99,583,177
99,589,162
99,597,199
99,621,195
99,635,159
99,654,211
99,664,156
99,711,182
99,712,198
99,740,438
99,762,347
99,767,214
99,804,189
99,899,166
99,929,166
99,940,183
100,102,921
100,103,165
100,104,213
100,105,285
100,107,213
100,108,272
100,110,265
100,111,272
100,114,184
100,118,463
100,122,165
100,124,485
100,125,189
100,126,526
100,128,805
100,129,152
100,131,223
100,132,273
100,133,720
100,135,553
100,136,310
100,141,160
100,150,154
100,151,200
100,153,356
100,154,347
100,170,218
100,171,200
100,190,183
100,201,211
100,210,204
100,211,253
100,216,260
100,223,193
100,228,249
100,229,546
100,230,396
100,231,200
100,232,981
100,233,618
100,234,172
100,241,172
100,244,218
100,252,204
100,259,318
100,260,248
100,261,300
100,262,661
100,280,440
100,282,237
100,283,197
100,286,276
100,288,199
100,289,678
100,298,165
100,299,422
100,300,928
100,303,408
100,305,918
100,307,212
100,311,427
100,312,479
100,313,219
100,314,161
100,315,699
100,316,455
100,317,568
100,318,230
100,319,589
100,320,548
100,325,222
100,327,388
100,328,316
100,332,859
100,333,343
100,338,203
100,342,186
100,346,225
100,348,196
100,350,347
100,352,153
100,353,286
100,354,316
100,357,476
100,360,587
100,362,285
100,365,309
100,366,286
100,367,370
100,368,161
100,369,179
100,371,384
100,373,298
100,375,150
100,376,220
100,377,305
100,383,356
100,384,232
100,385,201
100,386,181
100,387,365
100,388,369
100,389,300
100,390,317
100,391,400
100,392,222
100,393,376
100,394,351
100,395,539
100,397,209
100,400,452
100,401,432
100,403,548
100,404,264
100,406,276
100,408,180
100,409,199
100,410,167
100,411,167
100,413,192
100,419,237
100,421,261
100,422,167
100,426,183
100,429,315
100,430,183
100,431,224
100,437,655
100,438,183
100,440,257
100,442,465
100,444,193
100,447,203
100,448,173
100,449,420
100,450,458
100,453,167
100,454,236
100,455,225
100,457,248
100,462,369
100,463,448
100,464,255
100,465,197
100,472,482
100,473,400
100,477,243
100,478,394
100,480,302
100,481,401
100,482,230
100,483,791
100,484,369
100,485,515
100,486,366
100,487,673
100,489,269
100,490,246
100,492,293
100,494,174
100,500,383
100,509,349
100,512,359
100,514,176
100,518,361
100,523,378
100,524,215
100,526,270
100,527,175
100,532,415
100,533,327
100,536,364
100,539,187
100,540,236
100,544,190
100,548,224
100,549,357
100,552,374
100,554,221
100,555,226
100,558,279
100,562,220
100,565,512
100,566,218
100,567,774
100,569,457
100,571,407
100,575,161
100,576,270
100,578,336
100,580,291
100,581,637
100,583,253
100,588,577
100,600,166
100,604,159
100,606,605
100,607,247
100,609,507
100,610,447
100,612,458
100,613,425
100,614,202
100,618,394
100,619,357
100,621,343
100,623,259
100,626,309
100,632,156
100,634,606
100,635,376
100,638,460
100,640,600
100,642,228
100,643,155
100,644,152
100,645,225
100,646,201
100,648,324
100,649,251
100,656,603
100,657,352
100,658,325
100,661,150
100,667,236
100,669,399
100,710,598
100,714,481
100,715,563
100,716,379
100,719,207
100,733,670
100,735,535
100,736,456
100,737,607
100,738,206
100,739,343
100,740,608
100,741,204
100,742,190
100,744,156
100,745,166
100,757,171
100,758,387
100,765,455
100,766,238
100,767,153
100,768,324
100,769,440
100,770,707
100,771,286
100,774,183
100,777,223
100,782,240
100,785,447
100,787,402
100,788,321
100,789,362
100,792,641
100,799,206
100,800,221
100,803,287
100,804,611
100,811,156
100,816,221
100,817,245
100,820,182
100,834,183
100,835,192
100,836,278
100,837,275
100,838,184
100,839,264
100,840,264
100,849,155
100,899,153
100,900,229
100,915,163
100,922,502
100,943,228
100,981,234
101,102,184
101,124,267
101,125,151
101,126,294
101,130,201
101,139,160
101,140,168
101,143,209
101,148,204
101,153,205
101,154,253
101,163,175
101,170,332
101,234,167
101,235,182
101,236,191
101,244,159
101,306,182
101,307,167
101,320,265
101,321,173
101,328,155
101,346,192
101,357,292
101,362,171
101,373,184
101,374,179
101,382,254
101,387,171
101,400,236
101,404,154
101,406,152
101,427,238
101,453,176
101,461,361
101,466,422
101,476,162
101,478,258
101,494,296
101,500,263
101,523,171
101,554,542
101,567,167
101,589,160
101,593,191
101,597,300
101,610,160
101,619,200
101,626,221
101,633,151
101,634,152
101,635,173
101,648,163
101,649,190
101,736,172
101,740,192
101,753,191
101,765,152
101,766,303
101,767,324
101,804,169
101,813,374
101,874,155
101,898,238
101,929,195
101,968,166
102,103,160
102,104,218
102,105,234
102,107,213
102,108,446
102,110,264
102,111,303
102,118,256
102,122,196
102,124,539
102,125,182
102,126,586
102,128,606
102,133,512
102,135,298
102,136,165
102,153,194
102,154,189
102,170,171
102,211,206
102,216,179
102,229,349
102,230,202
102,232,984
102,233,413
102,241,156
102,244,153
102,252,197
102,259,166
102,261,159
102,262,436
102,280,281
102,289,562
102,299,242
102,300,892
102,303,268
102,305,850
102,311,249
102,312,318
102,313,163
102,315,491
102,316,262
102,317,419
102,319,411
102,320,356
102,327,213
102,328,180
102,332,856
102,333,285
102,346,158
102,350,312
102,353,262
102,354,218
102,357,315
102,360,380
102,362,173
102,365,182
102,367,213
102,373,289
102,377,177
102,383,212
102,387,186
102,388,202
102,389,175
102,390,165
102,391,201
102,393,159
102,394,179
102,395,353
102,397,162
102,400,324
102,401,236
102,403,360
102,404,227
102,406,185
102,426,190
102,429,170
102,437,423
102,442,336
102,443,162
102,444,153
102,449,271
102,450,298
102,457,159
102,462,311
102,463,260
102,464,150
102,465,189
102,472,326
102,473,217
102,478,226
102,480,205
102,481,235
102,483,612
102,484,179
102,485,270
102,486,203
102,487,428
102,492,150
102,494,212
102,500,355
102,509,173
102,512,155
102,518,228
102,523,285
102,524,152
102,532,224
102,533,248
102,536,209
102,540,202
102,549,205
102,552,191
102,554,252
102,555,226
102,558,157
102,565,317
102,567,585
102,569,268
102,571,304
102,576,210
102,578,158
102,581,459
102,583,173
102,588,224
102,606,394
102,607,195
102,609,354
102,610,285
102,612,277
102,613,213
102,618,252
102,619,252
102,621,204
102,626,179
102,634,358
102,635,224
102,638,291
102,640,457
102,648,195
102,649,276
102,656,409
102,657,224
102,658,188
102,667,162
102,669,366
102,710,381
102,714,306
102,715,430
102,716,225
102,733,483
102,735,189
102,736,298
102,737,400
102,739,252
102,740,482
102,741,164
102,757,157
102,758,238
102,765,269
102,768,189
102,769,360
102,770,507
102,771,158
102,782,151
102,785,264
102,787,205
102,788,151
102,789,212
102,792,418
102,804,380
102,820,182
102,834,178
102,835,191
102,836,268
102,837,266
102,839,264
102,840,264
102,849,155
102,922,390
102,943,172
103,123,863
103,125,193
103,126,185
103,127,918
103,128,196
103,141,165
103,241,278
103,252,163
103,254,181
103,256,233
103,289,201
103,308,165
103,333,167
103,353,233
103,375,283
103,404,154
103,405,202
103,418,155
103,442,201
103,443,195
103,456,221
103,489,340
103,500,358
103,518,173
103,551,262
103,555,255
103,571,285
103,610,187
103,640,235
103,650,233
103,739,196
103,746,192
103,782,166
103,797,186
103,813,428
103,817,154
103,834,276
103,836,251
103,915,172
103,927,348
103,943,302
103,968,155
104,105,915
104,106,944
104,107,903
104,108,964
104,109,466
104,110,956
104,111,949
104,113,169
104,124,384
104,125,375
104,126,357
104,128,189
104,136,193
104,141,336
104,153,335
104,154,331
104,170,293
104,190,454
104,224,642
104,225,636
104,226,316
104,227,270
104,228,406
104,230,242
104,231,638
104,232,307
104,235,177
104,241,211
104,248,220
104,262,200
104,280,233
104,288,224
104,289,273
104,300,317
104,307,190
104,315,172
104,317,162
104,318,161
104,319,161
104,328,150
104,332,340
104,333,267
104,346,276
104,349,252
104,350,340
104,352,255
104,353,236
104,354,200
104,362,271
104,363,261
104,366,260
104,367,164
104,368,188
104,369,152
104,370,186
104,373,195
104,375,188
104,377,191
104,383,152
104,384,253
104,387,248
104,390,215
104,391,231
104,392,257
104,393,163
104,394,173
104,397,315
104,398,306
104,402,244
104,403,287
104,404,172
104,407,155
104,422,242
104,438,160
104,441,184
104,442,598
104,446,179
104,447,233
104,448,339
104,449,206
104,450,151
104,453,165
104,455,196
104,456,180
104,458,187
104,462,165
104,465,170
104,467,172
104,473,342
104,480,234
104,481,193
104,482,510
104,483,215
104,490,275
104,494,195
104,500,379
104,512,364
104,518,162
104,523,159
104,524,182
104,532,298
104,534,991
104,535,988
104,542,161
104,543,159
104,546,159
104,549,365
104,551,159
104,553,226
104,555,338
104,556,233
104,558,161
104,562,157
104,564,230
104,566,250
104,567,240
104,568,159
104,569,237
104,571,183
104,580,198
104,581,414
104,583,169
104,585,223
104,588,191
104,595,257
104,606,153
104,607,938
104,608,250
104,609,185
104,612,159
104,618,158
104,619,229
104,623,161
104,626,202
104,628,362
104,630,159
104,635,154
104,640,156
104,647,183
104,648,283
104,652,234
104,657,176
104,666,200
104,707,222
104,708,207
104,715,211
104,734,192
104,736,191
104,737,274
104,738,180
104,739,256
104,740,204
104,746,159
104,748,378
104,749,222
104,750,310
104,751,398
104,752,379
104,753,220
104,754,362
104,755,395
104,759,150
104,763,159
104,764,232
104,769,278
104,770,255
104,786,172
104,788,429
104,792,242
104,800,150
104,804,282
104,809,256
104,811,154
104,814,240
104,820,159
104,835,400
104,836,932
104,837,437
104,838,478
104,839,446
104,840,942
104,877,221
104,883,983
104,899,213
104,935,350
104,940,191
104,962,226
105,106,945
105,107,903
105,108,969
105,109,494
105,110,951
105,111,951
105,112,173
105,113,183
105,118,260
105,124,382
105,125,395
105,126,357
105,128,263
105,129,176
105,136,243
105,139,387
105,140,325
105,141,336
105,152,300
105,153,467
105,154,445
105,156,182
105,170,468
105,211,367
105,216,272
105,222,193
105,224,534
105,225,505
105,226,282
105,227,266
105,228,353
105,229,317
105,231,547
105,232,310
105,233,160
105,241,307
105,244,158
105,247,158
105,250,169
105,252,168
105,253,168
105,260,161
105,261,167
105,262,234
105,267,392
105,280,533
105,282,258
105,286,397
105,288,229
105,289,350
105,300,445
105,303,385
105,306,189
105,307,198
105,312,582
105,313,245
105,314,209
105,315,411
105,316,226
105,317,196
105,318,174
105,319,174
105,328,499
105,332,341
105,333,275
105,338,191
105,346,369
105,349,280
105,350,391
105,352,419
105,353,248
105,354,239
105,357,312
105,362,373
105,363,275
105,365,369
105,366,510
105,367,577
105,368,470
105,369,184
105,370,186
105,371,195
105,375,207
105,377,380
105,382,156
105,383,171
105,384,296
105,385,151
105,386,152
105,387,312
105,388,318
105,389,152
105,390,273
105,391,516
105,392,249
105,393,155
105,394,238
105,397,315
105,400,171
105,403,330
105,404,263
105,407,184
105,408,293
105,419,169
105,422,326
105,434,172
105,437,171
105,438,177
105,440,210
105,441,159
105,442,360
105,444,225
105,446,153
105,447,273
105,448,286
105,449,200
105,455,235
105,456,178
105,458,177
105,462,210
105,463,188
105,464,154
105,465,177
105,467,185
105,468,343
105,469,264
105,470,197
105,471,252
105,472,432
105,473,353
105,477,216
105,478,592
105,480,417
105,481,374
105,482,437
105,483,311
105,485,153
105,486,293
105,489,216
105,490,273
105,491,168
105,492,210
105,494,208
105,500,366
105,509,152
105,511,155
105,512,400
105,518,362
105,523,183
105,524,313
105,525,161
105,529,249
105,532,363
105,533,297
105,534,968
105,535,964
105,536,275
105,537,170
105,540,365
105,542,210
105,543,161
105,544,202
105,546,169
105,549,392
105,551,180
105,552,185
105,553,157
105,554,226
105,555,353
105,556,249
105,558,286
105,562,206
105,564,360
105,565,204
105,566,165
105,567,321
105,568,219
105,569,406
105,571,248
105,575,178
105,580,278
105,581,428
105,583,180
105,587,315
105,588,199
105,594,198
105,595,306
105,600,290
105,604,178
105,606,201
105,607,951
105,608,441
105,609,541
105,610,255
105,612,270
105,614,190
105,618,471
105,619,592
105,623,394
105,626,298
105,630,164
105,631,250
105,635,203
105,638,408
105,640,382
105,647,199
105,648,309
105,652,210
105,656,457
105,657,151
105,658,163
105,666,200
105,667,177
105,705,169
105,707,207
105,708,207
105,710,300
105,715,358
105,734,185
105,736,451
105,737,396
105,738,244
105,739,348
105,740,575
105,741,290
105,742,236
105,744,218
105,746,199
105,748,162
105,749,159
105,751,150
105,758,335
105,759,164
105,764,220
105,769,279
105,770,281
105,771,410
105,772,191
105,774,167
105,776,154
105,782,235
105,783,164
105,785,611
105,786,183
105,787,161
105,788,202
105,789,394
105,792,290
105,796,186
105,799,209
105,800,165
105,802,168
105,804,282
105,809,258
105,810,176
105,811,156
105,814,241
105,820,211
105,835,400
105,836,963
105,837,405
105,838,499
105,839,403
105,840,937
105,877,221
105,880,186
105,883,953
105,899,204
105,900,267
105,947,159
105,962,253
105,982,165
106,107,956
106,108,936
106,109,975
106,110,276
106,111,938
106,202,181
106,207,323
106,208,447
106,219,215
106,224,275
106,225,304
106,226,194
106,227,212
106,228,199
106,231,277
106,286,194
106,300,160
106,313,214
106,348,383
106,352,424
106,361,160
106,362,162
106,363,273
106,372,389
106,377,156
106,383,367
106,384,336
106,398,307
106,399,310
106,448,348
106,482,283
106,532,382
106,534,546
106,535,422
106,539,317
106,555,150
106,585,351
106,607,910
106,608,308
106,626,181
106,628,451
106,635,197
106,647,191
106,650,150
106,706,370
106,717,166
106,726,157
106,727,158
106,829,355
106,836,292
106,837,279
106,838,309
106,839,316
106,840,493
106,852,429
106,853,273
106,877,170
106,883,434
106,947,319
107,108,987
107,109,505
107,110,961
107,111,956
107,112,185
107,124,357
107,125,366
107,126,357
107,128,207
107,141,336
107,143,176
107,152,222
107,153,358
107,154,392
107,170,282
107,211,153
107,224,637
107,225,613
107,226,385
107,227,334
107,228,388
107,229,190
107,231,601
107,232,344
107,241,228
107,242,170
107,244,231
107,253,152
107,262,200
107,280,336
107,286,234
107,289,301
107,300,272
107,303,154
107,307,177
107,312,508
107,315,223
107,317,172
107,318,162
107,319,161
107,328,319
107,332,341
107,333,297
107,346,493
107,349,254
107,350,353
107,352,353
107,353,237
107,354,206
107,362,247
107,363,276
107,365,223
107,366,246
107,367,297
107,375,170
107,377,208
107,383,152
107,384,255
107,386,164
107,388,160
107,391,235
107,397,315
107,400,354
107,403,434
107,404,181
107,407,156
107,408,163
107,440,249
107,441,174
107,447,240
107,448,263
107,449,200
107,455,179
107,456,159
107,458,166
107,462,166
107,464,162
107,465,170
107,468,232
107,469,193
107,470,155
107,471,165
107,472,194
107,473,315
107,477,176
107,478,262
107,480,362
107,481,189
107,482,447
107,483,177
107,486,180
107,490,216
107,494,178
107,495,394
107,500,358
107,512,185
107,518,223
107,523,159
107,524,161
107,528,154
107,529,316
107,532,320
107,534,974
107,535,973
107,540,200
107,542,192
107,543,159
107,546,221
107,549,334
107,551,160
107,555,336
107,556,233
107,558,184
107,562,161
107,564,251
107,565,338
107,566,165
107,567,216
107,568,160
107,569,292
107,571,198
107,580,178
107,581,365
107,595,158
107,607,952
107,608,383
107,609,288
107,612,193
107,618,248
107,619,314
107,623,202
107,626,199
107,630,168
107,638,193
107,640,267
107,647,183
107,648,247
107,650,156
107,652,152
107,656,197
107,657,166
107,666,200
107,705,158
107,707,207
107,708,207
107,710,160
107,715,312
107,736,271
107,737,202
107,738,180
107,739,297
107,740,277
107,741,164
107,746,184
107,759,158
107,764,230
107,769,299
107,770,172
107,771,210
107,772,198
107,785,328
107,789,273
107,792,190
107,802,156
107,804,282
107,809,262
107,814,241
107,820,195
107,834,163
107,835,400
107,836,942
107,837,438
107,838,422
107,839,414
107,840,940
107,877,251
107,883,966
107,899,190
107,943,162
107,962,225
108,109,987
108,110,583
108,111,903
108,125,229
108,128,290
108,141,269
108,207,788
108,208,739
108,219,677
108,224,154
108,231,178
108,248,599
108,267,159
108,289,292
108,320,178
108,321,270
108,333,278
108,346,180
108,350,295
108,352,215
108,353,166
108,354,164
108,362,227
108,363,252
108,372,193
108,373,224
108,377,202
108,384,338
108,404,290
108,441,169
108,442,287
108,447,194
108,455,205
108,480,236
108,482,388
108,495,194
108,500,232
108,518,176
108,523,243
108,529,205
108,532,276
108,533,151
108,534,943
108,535,437
108,540,211
108,542,165
108,543,207
108,546,168
108,555,256
108,556,223
108,564,199
108,568,169
108,569,169
108,571,219
108,574,201
108,575,184
108,579,195
108,580,184
108,581,299
108,607,914
108,608,194
108,609,188
108,612,169
108,622,172
108,630,199
108,647,226
108,650,895
108,706,472
108,709,165
108,715,398
108,720,177
108,738,256
108,739,292
108,747,289
108,752,188
108,764,231
108,809,157
108,813,196
108,820,302
108,829,179
108,836,306
108,837,168
108,838,934
108,839,175
108,840,788
108,852,371
108,853,329
108,877,211
108,883,381
108,900,233
108,928,189
108,962,197
109,110,950
109,111,965
109,141,236
109,207,554
109,208,674
109,219,433
109,224,462
109,225,480
109,226,243
109,227,206
109,228,287
109,231,480
109,248,272
109,300,272
109,368,150
109,377,474
109,390,238
109,407,179
109,448,209
109,452,179
109,453,150
109,482,177
109,483,157
109,490,161
109,532,576
109,534,972
109,535,681
109,607,157
109,621,213
109,622,161
109,634,173
109,635,152
109,650,808
109,706,176
109,714,161
109,737,191
109,836,922
109,837,440
109,838,949
109,839,464
109,840,958
109,852,251
109,853,152
109,883,445
110,111,729
110,125,229
110,128,261
110,141,256
110,224,474
110,225,428
110,226,237
110,227,192
110,228,223
110,231,393
110,289,292
110,308,150
110,313,191
110,320,186
110,333,292
110,346,157
110,349,172
110,350,294
110,352,332
110,353,165
110,362,315
110,363,212
110,373,224
110,377,181
110,384,263
110,390,186
110,404,302
110,440,171
110,441,168
110,442,335
110,447,213
110,455,205
110,480,249
110,482,295
110,483,159
110,500,232
110,523,157
110,528,152
110,529,536
110,532,279
110,533,165
110,534,972
110,535,652
110,540,197
110,542,159
110,543,163
110,546,219
110,555,256
110,556,211
110,564,168
110,567,151
110,568,187
110,569,194
110,571,219
110,574,182
110,575,287
110,579,182
110,580,206
110,581,299
110,602,186
110,607,910
110,608,243
110,609,203
110,612,171
110,616,281
110,619,176
110,620,172
110,626,176
110,627,163
110,630,163
110,635,176
110,647,211
110,652,376
110,657,158
110,710,167
110,715,419
110,738,328
110,739,314
110,747,289
110,764,217
110,770,165
110,771,168
110,813,195
110,817,165
110,820,255
110,836,934
110,837,328
110,838,936
110,839,656
110,840,353
110,843,151
110,877,211
110,883,572
110,928,189
110,962,234
110,974,153
111,112,188
111,119,174
111,124,163
111,125,230
111,128,389
111,141,292
111,207,282
111,222,155
111,224,274
111,225,267
111,226,215
111,227,189
111,231,248
111,234,159
111,289,298
111,308,164
111,313,353
111,314,207
111,320,178
111,321,265
111,333,287
111,337,178
111,344,153
111,346,348
111,349,240
111,350,343
111,352,293
111,353,167
111,354,162
111,362,227
111,363,211
111,372,202
111,373,218
111,375,160
111,377,220
111,384,281
111,404,330
111,405,171
111,426,154
111,428,272
111,434,150
111,435,152
111,441,169
111,442,286
111,447,196
111,448,174
111,451,157
111,455,217
111,456,150
111,480,312
111,482,433
111,500,246
111,502,169
111,506,152
111,518,185
111,523,169
111,532,318
111,533,151
111,534,952
111,535,539
111,540,211
111,542,165
111,543,199
111,546,165
111,555,274
111,556,223
111,559,162
111,564,200
111,565,481
111,568,179
111,569,176
111,571,224
111,574,209
111,575,184
111,579,195
111,580,184
111,581,299
111,602,264
111,607,914
111,608,243
111,612,169
111,619,206
111,622,186
111,626,164
111,630,199
111,647,226
111,706,187
111,715,520
111,738,478
111,739,296
111,747,301
111,764,231
111,799,167
111,809,150
111,813,196
111,820,294
111,836,477
111,837,171
111,838,928
111,839,196
111,840,747
111,877,211
111,883,399
111,928,184
111,962,196
111,972,153
111,982,158
112,113,592
112,122,234
112,125,179
112,128,196
112,133,257
112,135,555
112,153,228
112,154,180
112,155,179
112,164,163
112,170,202
112,171,177
112,209,155
112,214,296
112,226,514
112,228,538
112,229,252
112,244,176
112,253,183
112,254,183
112,256,165
112,262,186
112,263,150
112,280,451
112,286,338
112,296,163
112,299,419
112,300,590
112,305,194
112,307,158
112,311,401
112,313,182
112,314,154
112,318,152
112,320,152
112,327,181
112,328,235
112,334,154
112,336,208
112,338,154
112,339,225
112,348,311
112,349,180
112,350,508
112,352,151
112,357,179
112,363,159
112,365,168
112,366,173
112,367,202
112,368,267
112,369,273
112,370,243
112,388,151
112,390,167
112,392,413
112,394,204
112,395,225
112,396,247
112,406,238
112,411,163
112,421,280
112,422,168
112,437,574
112,438,428
112,440,164
112,444,182
112,467,161
112,468,270
112,469,238
112,470,157
112,471,186
112,480,165
112,483,220
112,487,185
112,489,452
112,490,241
112,501,185
112,508,157
112,511,185
112,518,162
112,530,908
112,531,766
112,532,298
112,533,251
112,536,240
112,537,179
112,542,247
112,544,305
112,553,231
112,558,192
112,559,187
112,562,274
112,564,182
112,565,171
112,567,212
112,569,151
112,575,154
112,578,177
112,580,242
112,588,172
112,594,219
112,597,249
112,607,157
112,608,175
112,609,173
112,610,176
112,621,207
112,622,231
112,623,165
112,625,414
112,626,396
112,635,515
112,638,190
112,656,173
112,659,231
112,660,173
112,669,173
112,707,241
112,710,161
112,714,165
112,715,233
112,738,183
112,740,260
112,751,248
112,758,174
112,771,318
112,772,156
112,773,166
112,776,282
112,777,155
112,779,166
112,780,200
112,781,163
112,782,206
112,783,166
112,785,150
112,787,516
112,789,176
112,792,185
112,794,420
112,799,155
112,802,417
112,809,154
112,813,152
112,815,155
112,818,239
112,820,212
112,838,152
112,846,150
112,851,276
112,853,195
112,873,150
112,921,270
112,933,175
112,940,177
112,965,178
112,982,166
112,983,365
112,984,166
113,114,332
113,126,179
113,133,198
113,135,255
113,136,198
113,141,192
113,153,182
113,155,197
113,160,165
113,162,154
113,164,222
113,171,229
113,177,154
113,180,154
113,181,167
113,182,165
113,186,216
113,190,175
113,206,224
113,228,170
113,229,196
113,280,205
113,282,186
113,296,159
113,299,723
113,300,429
113,305,173
113,311,394
113,312,269
113,315,158
113,321,400
113,326,327
113,327,209
113,334,198
113,336,171
113,337,946
113,339,193
113,340,152
113,348,316
113,351,611
113,352,944
113,360,190
113,363,253
113,365,218
113,366,180
113,367,165
113,368,204
113,369,188
113,370,203
113,374,402
113,383,210
113,384,205
113,390,266
113,391,193
113,395,240
113,396,205
113,398,182
113,401,200
113,406,201
113,415,292
113,422,174
113,437,560
113,438,307
113,440,220
113,444,206
113,457,154
113,467,571
113,468,223
113,477,205
113,480,215
113,481,203
113,483,328
113,489,173
113,490,390
113,511,169
113,515,256
113,517,888
113,518,351
113,529,182
113,530,764
113,531,554
113,532,357
113,533,223
113,535,297
113,536,991
113,544,284
113,547,268
113,556,550
113,562,325
113,565,207
113,567,323
113,569,159
113,580,479
113,581,158
113,588,288
113,596,383
113,597,283
113,601,219
113,602,171
113,604,388
113,606,206
113,608,179
113,609,177
113,620,431
113,626,170
113,638,199
113,667,329
113,685,170
113,691,167
113,698,163
113,699,161
113,716,169
113,734,164
113,735,157
113,737,195
113,740,235
113,744,183
113,751,179
113,752,151
113,756,212
113,759,374
113,763,186
113,764,956
113,770,241
113,787,150
113,792,263
113,846,161
113,865,177
113,873,163
113,933,220
113,959,155
113,965,177
114,117,202
114,128,260
114,132,347
114,133,263
114,136,211
114,150,277
114,153,235
114,154,257
114,191,388
114,195,232
114,223,234
114,229,326
114,230,482
114,233,150
114,245,211
114,247,157
114,260,210
114,261,234
114,262,442
114,280,252
114,282,154
114,288,169
114,289,264
114,300,270
114,303,181
114,312,270
114,315,339
114,316,211
114,317,302
114,318,195
114,319,244
114,320,187
114,321,163
114,325,187
114,326,418
114,337,339
114,348,810
114,349,279
114,351,304
114,352,372
114,357,207
114,360,172
114,362,278
114,365,183
114,366,196
114,367,202
114,374,337
114,384,168
114,387,210
114,389,204
114,390,166
114,391,161
114,394,170
114,401,167
114,402,162
114,403,301
114,412,150
114,415,782
114,419,189
114,421,179
114,422,153
114,429,508
114,430,154
114,431,317
114,432,405
114,433,485
114,435,291
114,448,212
114,450,157
114,454,151
114,467,925
114,468,243
114,470,171
114,471,396
114,472,249
114,478,290
114,480,262
114,481,340
114,482,182
114,483,625
114,484,215
114,485,220
114,486,151
114,487,157
114,489,324
114,492,605
114,493,164
114,498,222
114,503,253
114,509,223
114,515,687
114,516,423
114,517,260
114,518,240
114,524,199
114,526,193
114,527,334
114,530,222
114,536,322
114,543,274
114,547,262
114,548,169
114,549,449
114,552,185
114,554,361
114,556,537
114,557,752
114,558,406
114,561,189
114,564,230
114,565,161
114,566,204
114,567,621
114,568,377
114,569,449
114,575,210
114,580,277
114,581,309
114,583,210
114,588,303
114,596,399
114,604,451
114,606,451
114,608,266
114,609,342
114,610,201
114,612,420
114,613,382
114,614,247
114,618,264
114,619,228
114,620,986
114,626,378
114,631,278
114,635,282
114,638,478
114,640,435
114,644,183
114,645,316
114,651,257
114,656,347
114,657,215
114,661,325
114,666,215
114,672,191
114,681,224
114,697,196
114,703,223
114,710,238
114,714,179
114,715,247
114,716,185
114,722,257
114,724,174
114,735,256
114,736,314
114,737,359
114,740,417
114,741,228
114,758,653
114,759,992
114,764,436
114,767,390
114,770,414
114,771,308
114,773,210
114,774,177
114,776,192
114,777,310
114,783,341
114,785,200
114,788,216
114,789,264
114,792,426
114,834,181
114,982,362
114,983,568
115,116,492
115,118,164
115,280,169
115,300,211
115,313,213
115,330,162
115,371,166
115,419,158
115,559,172
115,610,156
115,621,204
115,699,157
115,806,268
115,835,151
116,226,162
116,382,151
116,398,167
116,504,167
116,520,223
116,581,152
116,610,156
116,664,216
116,665,204
116,668,229
116,694,168
116,699,211
116,700,306
116,749,203
116,806,282
116,835,151
116,841,596
117,119,963
117,121,914
117,130,162
117,132,220
117,133,290
117,136,230
117,137,154
117,138,178
117,139,256
117,140,917
117,144,202
117,146,192
117,147,554
117,148,543
117,149,193
117,150,174
117,152,419
117,155,187
117,158,155
117,163,170
117,165,196
117,176,155
117,181,208
117,182,182
117,190,154
117,192,163
117,195,150
117,210,629
117,211,551
117,212,216
117,213,937
117,214,917
117,215,923
117,216,303
117,223,153
117,228,184
117,229,390
117,230,284
117,241,412
117,245,316
117,248,325
117,250,520
117,260,647
117,261,680
117,265,181
117,266,425
117,269,189
117,280,244
117,286,731
117,287,917
117,295,156
117,300,332
117,303,212
117,312,579
117,315,931
117,316,226
117,323,292
117,327,191
117,331,152
117,339,153
117,345,158
117,352,268
117,357,937
117,358,199
117,360,309
117,361,392
117,364,161
117,366,190
117,367,244
117,375,163
117,378,487
117,381,435
117,383,165
117,386,908
117,387,152
117,388,909
117,389,187
117,391,151
117,401,191
117,403,204
117,406,419
117,407,156
117,408,768
117,413,228
117,414,217
117,419,549
117,421,242
117,422,165
117,425,728
117,429,408
117,430,218
117,431,975
117,432,922
117,433,926
117,434,213
117,435,430
117,440,163
117,445,163
117,446,180
117,448,922
117,450,153
117,452,486
117,467,738
117,472,205
117,476,911
117,477,183
117,478,197
117,480,394
117,481,949
117,483,423
117,484,255
117,485,207
117,489,183
117,492,422
117,501,441
117,503,966
117,504,463
117,505,946
117,507,915
117,508,570
117,509,261
117,511,333
117,516,157
117,518,299
117,521,907
117,522,910
117,524,208
117,526,263
117,527,240
117,540,160
117,566,150
117,567,349
117,568,328
117,569,463
117,572,354
117,574,670
117,576,676
117,580,930
117,581,220
117,582,165
117,583,170
117,585,468
117,586,432
117,587,154
117,588,402
117,595,250
117,596,211
117,604,176
117,606,380
117,609,542
117,612,342
117,613,243
117,614,928
117,618,313
117,619,341
117,626,161
117,628,194
117,629,188
117,631,152
117,632,344
117,635,193
117,638,317
117,640,297
117,644,151
117,645,206
117,646,202
117,650,186
117,656,605
117,661,515
117,662,168
117,663,218
117,672,189
117,681,164
117,684,278
117,686,150
117,688,319
117,690,315
117,708,170
117,710,241
117,716,174
117,718,161
117,722,301
117,734,202
117,735,209
117,736,249
117,737,496
117,740,470
117,741,229
117,742,195
117,750,195
117,751,229
117,753,266
117,758,205
117,763,172
117,770,258
117,771,215
117,773,468
117,774,228
117,776,262
117,777,775
117,783,947
117,787,154
117,788,160
117,789,488
117,790,158
117,791,158
117,792,270
117,804,189
117,815,715
117,825,202
117,839,202
117,842,915
117,843,531
117,867,178
117,908,909
117,933,150
117,943,303
117,979,903
117,983,229
118,119,161
118,128,386
118,131,456
118,132,158
118,133,256
118,135,255
118,136,278
118,139,388
118,140,394
118,150,179
118,151,229
118,153,214
118,154,222
118,172,198
118,182,230
118,190,300
118,210,158
118,211,172
118,212,158
118,223,223
118,224,201
118,225,155
118,226,688
118,227,418
118,228,999
118,229,376
118,230,306
118,231,192
118,233,424
118,237,195
118,261,185
118,262,205
118,270,201
118,280,318
118,281,396
118,282,232
118,283,165
118,285,576
118,286,209
118,288,325
118,289,165
118,298,267
118,299,205
118,300,484
118,305,313
118,311,219
118,312,374
118,313,159
118,315,301
118,316,187
118,319,196
118,325,150
118,327,242
118,328,288
118,337,191
118,342,158
118,346,271
118,352,222
118,357,233
118,359,488
118,360,213
118,362,364
118,363,291
118,365,371
118,366,175
118,367,256
118,369,150
118,371,400
118,372,200
118,373,194
118,377,435
118,383,178
118,384,420
118,387,200
118,390,186
118,391,151
118,395,216
118,396,184
118,398,185
118,400,337
118,403,228
118,410,286
118,411,220
118,419,172
118,421,174
118,428,162
118,429,177
118,441,395
118,447,403
118,449,151
118,454,154
118,457,830
118,461,208
118,462,193
118,463,307
118,466,206
118,472,160
118,477,175
118,478,842
118,479,161
118,480,231
118,481,355
118,482,234
118,483,442
118,484,183
118,486,359
118,487,200
118,508,177
118,509,225
118,510,323
118,512,264
118,514,321
118,518,570
118,524,153
118,532,153
118,533,221
118,534,353
118,535,220
118,536,488
118,549,160
118,550,269
118,567,479
118,569,372
118,575,389
118,577,172
118,580,264
118,581,192
118,583,283
118,588,209
118,604,157
118,606,442
118,607,229
118,608,197
118,609,518
118,610,199
118,612,208
118,613,193
118,617,153
118,618,273
118,619,264
118,621,365
118,622,188
118,626,189
118,631,337
118,634,839
118,635,429
118,638,255
118,640,246
118,645,160
118,647,236
118,648,175
118,656,273
118,657,277
118,658,266
118,659,154
118,668,571
118,669,151
118,710,183
118,713,584
118,714,199
118,715,391
118,716,181
118,719,179
118,720,438
118,735,197
118,736,346
118,737,287
118,738,336
118,739,317
118,740,463
118,741,161
118,742,181
118,744,550
118,745,256
118,758,228
118,763,351
118,764,249
118,765,852
118,766,330
118,767,487
118,768,811
118,769,230
118,770,316
118,771,315
118,774,233
118,778,185
118,785,258
118,787,236
118,789,224
118,792,427
118,803,426
118,809,161
118,849,178
118,877,208
118,900,436
118,947,153
118,962,192
119,120,306
119,121,928
119,129,157
119,130,188
119,131,158
119,132,292
119,133,267
119,136,258
119,140,913
119,144,186
119,145,224
119,146,176
119,147,535
119,148,533
119,149,255
119,150,339
119,152,263
119,153,151
119,154,159
119,163,343
119,171,167
119,172,485
119,175,172
119,176,301
119,178,186
119,180,610
119,181,677
119,182,747
119,189,158
119,191,169
119,195,204
119,199,192
119,201,181
119,203,243
119,207,155
119,208,399
119,209,180
119,210,201
119,211,640
119,212,251
119,213,937
119,214,919
119,215,934
119,216,474
119,217,160
119,222,187
119,223,178
119,224,524
119,227,152
119,228,206
119,229,570
119,230,335
119,231,499
119,239,167
119,240,155
119,241,451
119,242,169
119,244,192
119,245,206
119,250,605
119,260,633
119,261,418
119,262,210
119,263,160
119,265,199
119,275,207
119,280,433
119,282,233
119,285,160
119,286,254
119,287,918
119,289,180
119,290,158
119,295,235
119,300,468
119,303,323
119,307,162
119,309,189
119,312,932
119,315,948
119,316,334
119,325,166
119,327,222
119,328,547
119,338,200
119,339,181
119,340,157
119,348,165
119,357,969
119,358,538
119,360,276
119,361,242
119,362,200
119,364,196
119,366,403
119,367,479
119,374,314
119,375,195
119,376,213
119,382,342
119,383,224
119,384,178
119,386,917
119,387,408
119,388,937
119,390,222
119,391,912
119,392,466
119,393,551
119,394,164
119,401,216
119,403,245
119,406,448
119,407,620
119,408,723
119,413,178
119,419,730
119,421,208
119,422,519
119,425,943
119,429,390
119,430,262
119,431,969
119,432,528
119,433,510
119,434,448
119,435,334
119,440,199
119,445,957
119,448,152
119,450,150
119,452,706
119,453,223
119,454,220
119,467,858
119,468,234
119,469,236
119,472,335
119,476,916
119,477,292
119,478,541
119,480,212
119,481,956
119,483,676
119,484,220
119,485,277
119,487,183
119,490,186
119,491,589
119,492,366
119,501,454
119,503,967
119,504,765
119,505,984
119,506,165
119,507,455
119,508,639
119,509,314
119,511,192
119,512,246
119,518,390
119,521,907
119,522,912
119,524,208
119,526,215
119,527,179
119,533,151
119,538,159
119,540,307
119,544,197
119,548,174
119,550,177
119,552,254
119,558,166
119,564,180
119,566,222
119,567,459
119,568,190
119,569,716
119,572,303
119,574,708
119,575,158
119,576,687
119,578,153
119,580,946
119,581,286
119,583,320
119,585,528
119,586,490
119,588,406
119,595,281
119,596,239
119,604,176
119,606,445
119,609,700
119,610,207
119,611,161
119,612,713
119,613,241
119,614,931
119,617,495
119,618,460
119,619,516
119,626,213
119,632,423
119,634,155
119,635,239
119,637,157
119,638,458
119,640,348
119,642,187
119,643,171
119,644,183
119,645,517
119,646,226
119,650,213
119,652,151
119,656,695
119,661,352
119,662,196
119,663,245
119,667,183
119,688,165
119,690,154
119,691,337
119,696,388
119,703,195
119,710,298
119,715,155
119,716,209
119,721,157
119,722,213
119,734,525
119,735,230
119,736,620
119,737,422
119,740,164
119,741,325
119,742,237
119,748,150
119,750,191
119,751,168
119,753,191
119,755,269
119,756,243
119,757,250
119,758,384
119,760,232
119,766,169
119,770,390
119,771,867
119,773,206
119,774,241
119,776,514
119,777,156
119,779,150
119,782,192
119,783,914
119,785,483
119,788,173
119,789,637
119,790,186
119,791,157
119,792,319
119,796,602
119,809,159
119,811,196
119,815,801
119,824,234
119,826,461
119,829,155
119,842,920
119,843,542
119,849,400
119,880,154
119,896,200
119,908,907
119,943,233
119,979,900
119,981,168
119,982,422
120,150,332
120,177,390
120,210,211
120,229,183
120,261,233
120,300,182
120,312,342
120,314,151
120,315,166
120,354,624
120,357,297
120,358,164
120,376,165
120,383,286
120,386,203
120,388,160
120,419,163
120,435,224
120,451,161
120,481,346
120,483,187
120,492,232
120,501,171
120,503,169
120,507,261
120,508,267
120,509,357
120,558,184
120,569,185
120,580,151
120,581,355
120,609,230
120,614,400
120,619,153
120,622,167
120,642,388
120,644,166
120,645,178
120,714,707
120,736,154
120,737,165
120,740,345
120,770,249
120,771,683
120,773,451
120,775,158
120,776,278
120,779,234
120,788,155
120,836,222
120,951,159
120,962,686
121,122,160
121,128,220
121,129,273
121,136,288
121,145,153
121,152,915
121,168,244
121,169,266
121,180,162
121,181,262
121,182,201
121,189,292
121,209,470
121,211,212
121,212,193
121,213,410
121,216,533
121,222,166
121,229,410
121,230,173
121,232,158
121,241,195
121,250,271
121,252,184
121,253,177
121,255,377
121,257,160
121,260,651
121,261,782
121,280,431
121,284,203
121,286,353
121,300,250
121,303,255
121,308,200
121,312,575
121,315,380
121,316,201
121,331,442
121,337,337
121,338,237
121,339,275
121,350,211
121,357,428
121,358,394
121,361,156
121,364,223
121,367,520
121,376,311
121,382,210
121,386,787
121,388,647
121,392,167
121,404,210
121,405,206
121,406,684
121,408,379
121,419,432
121,425,266
121,426,181
121,434,475
121,435,211
121,441,165
121,445,302
121,446,275
121,452,227
121,455,183
121,456,233
121,458,283
121,472,258
121,481,971
121,483,259
121,484,163
121,492,268
121,499,177
121,500,244
121,501,198
121,503,478
121,504,217
121,505,914
121,506,913
121,507,159
121,508,922
121,509,243
121,518,510
121,524,250
121,525,178
121,526,203
121,527,157
121,537,253
121,543,151
121,546,162
121,552,484
121,553,181
121,563,173
121,567,199
121,568,210
121,569,931
121,573,159
121,574,199
121,575,281
121,579,154
121,580,308
121,581,168
121,606,221
121,609,833
121,610,320
121,611,208
121,612,312
121,614,974
121,615,198
121,616,304
121,617,559
121,618,262
121,619,779
121,624,385
121,626,380
121,630,151
121,640,183
121,642,269
121,643,277
121,644,263
121,645,325
121,646,174
121,648,171
121,649,289
121,656,962
121,657,158
121,661,240
121,662,215
121,672,198
121,675,186
121,676,186
121,677,186
121,678,186
121,722,163
121,726,166
121,729,208
121,730,151
121,731,169
121,736,298
121,737,176
121,739,173
121,740,980
121,741,172
121,742,279
121,744,448
121,748,178
121,749,154
121,750,198
121,751,173
121,753,193
121,754,154
121,755,214
121,756,944
121,771,822
121,773,611
121,774,187
121,776,627
121,779,215
121,782,534
121,783,612
121,785,301
121,789,897
121,790,174
121,794,381
121,796,163
121,797,467
121,805,649
121,809,259
121,811,187
121,814,241
121,815,246
121,816,168
121,817,338
121,824,650
121,825,650
121,826,650
121,827,697
121,828,697
121,829,663
121,830,668
121,831,668
121,832,668
121,840,194
121,842,986
121,897,153
121,928,154
121,937,246
121,941,173
121,954,365
121,955,379
121,962,158
121,970,171
121,972,319
121,975,188
121,982,580
122,124,213
122,126,237
122,150,175
122,153,152
122,161,199
122,170,373
122,241,171
122,299,179
122,308,787
122,331,158
122,338,224
122,350,182
122,352,204
122,359,196
122,373,292
122,375,171
122,404,216
122,405,162
122,419,150
122,420,158
122,443,208
122,447,226
122,455,287
122,472,159
122,480,535
122,481,157
122,482,184
122,491,216
122,494,168
122,495,177
122,499,525
122,500,280
122,504,177
122,555,152
122,567,256
122,568,152
122,578,151
122,581,490
122,587,154
122,607,928
122,608,200
122,609,242
122,611,171
122,612,175
122,614,196
122,624,260
122,626,355
122,627,188
122,643,177
122,644,161
122,669,242
122,707,257
122,708,258
122,718,267
122,723,219
122,724,240
122,725,219
122,726,366
122,727,309
122,738,171
122,740,210
122,770,168
122,777,171
122,789,191
122,790,163
122,820,377
122,834,158
122,842,178
122,922,190
122,947,335
122,962,198
122,967,246
122,968,150
122,977,358
123,124,276
123,126,195
123,127,935
123,128,215
123,204,542
123,209,273
123,229,208
123,232,225
123,241,437
123,252,378
123,253,159
123,255,190
123,256,163
123,259,164
123,281,450
123,300,208
123,308,502
123,312,289
123,313,277
123,314,253
123,320,154
123,332,237
123,350,151
123,357,241
123,375,410
123,397,157
123,404,491
123,405,201
123,425,178
123,445,220
123,455,312
123,456,418
123,500,669
123,518,291
123,524,163
123,551,213
123,558,161
123,568,214
123,576,298
123,578,177
123,581,221
123,609,255
123,610,276
123,619,244
123,629,295
123,635,166
123,640,159
123,648,173
123,649,441
123,650,270
123,709,182
123,726,240
123,740,233
123,746,155
123,773,152
123,782,379
123,797,461
123,811,154
123,813,167
123,817,159
123,818,252
123,834,158
123,838,201
123,839,161
123,943,377
123,947,241
124,125,410
124,126,907
124,127,244
124,128,193
124,136,163
124,141,227
124,170,183
124,209,162
124,211,178
124,214,156
124,229,162
124,232,473
124,241,330
124,252,371
124,253,210
124,255,166
124,256,161
124,280,165
124,289,519
124,300,190
124,307,548
124,308,313
124,312,264
124,315,179
124,332,273
124,333,427
124,339,155
124,350,183
124,352,206
124,354,263
124,357,377
124,362,234
124,363,224
124,364,165
124,365,213
124,373,316
124,375,264
124,384,262
124,388,184
124,391,161
124,397,482
124,402,150
124,404,630
124,405,328
124,442,396
124,445,171
124,447,152
124,448,152
124,455,338
124,456,454
124,462,179
124,463,388
124,464,154
124,480,196
124,482,236
124,492,150
124,494,175
124,495,177
124,500,416
124,518,266
124,523,330
124,524,197
124,533,233
124,534,253
124,535,268
124,540,181
124,551,180
124,554,379
124,555,264
124,556,229
124,571,274
124,581,192
124,608,199
124,609,275
124,618,173
124,619,558
124,622,155
124,623,181
124,635,378
124,638,178
124,640,163
124,647,261
124,649,416
124,656,173
124,669,187
124,697,232
124,715,291
124,736,388
124,738,285
124,739,505
124,740,257
124,746,174
124,747,252
124,759,195
124,764,230
124,785,184
124,786,207
124,792,298
124,809,616
124,814,608
124,817,172
124,834,175
124,835,331
124,877,239
124,883,232
124,928,364
124,943,200
124,962,177
124,973,151
124,979,324
125,126,522
125,127,234
125,128,229
125,136,437
125,141,525
125,232,155
125,244,234
125,289,333
125,312,159
125,313,174
125,314,184
125,332,312
125,333,562
125,349,217
125,350,342
125,352,186
125,353,655
125,354,270
125,362,235
125,363,194
125,372,407
125,373,274
125,384,194
125,400,185
125,442,474
125,447,197
125,461,242
125,462,615
125,463,467
125,464,293
125,465,372
125,478,256
125,480,168
125,495,163
125,500,244
125,533,349
125,534,197
125,535,194
125,555,968
125,556,194
125,566,197
125,571,187
125,583,231
125,607,173
125,608,160
125,622,199
125,633,247
125,634,304
125,640,194
125,647,203
125,649,164
125,711,198
125,715,584
125,738,308
125,739,311
125,746,170
125,764,199
125,769,236
125,783,163
125,790,387
125,791,282
125,809,220
125,817,253
125,820,328
125,834,150
125,836,291
125,837,240
125,838,214
125,839,236
125,840,229
125,877,194
125,883,194
125,899,333
125,962,324
125,980,195
126,127,359
126,136,305
126,141,244
126,170,207
126,209,203
126,226,291
126,232,395
126,241,261
126,252,356
126,255,158
126,256,172
126,259,159
126,289,507
126,300,153
126,307,543
126,308,286
126,332,358
126,333,407
126,350,180
126,352,159
126,353,447
126,354,262
126,357,453
126,358,170
126,362,234
126,363,237
126,373,289
126,375,248
126,384,262
126,397,448
126,404,538
126,405,338
126,413,240
126,436,166
126,442,401
126,455,272
126,456,371
126,462,342
126,463,260
126,464,297
126,465,223
126,480,168
126,482,154
126,494,169
126,500,365
126,518,263
126,523,252
126,533,292
126,534,241
126,535,241
126,540,181
126,549,183
126,551,231
126,554,349
126,555,356
126,556,224
126,571,233
126,581,153
126,594,248
126,608,206
126,609,204
126,619,414
126,623,182
126,640,222
126,647,261
126,649,408
126,650,249
126,669,188
126,697,232
126,715,323
126,732,158
126,736,278
126,738,235
126,739,491
126,740,254
126,746,305
126,747,429
126,759,184
126,764,224
126,809,616
126,813,238
126,814,688
126,817,199
126,834,363
126,835,340
126,836,156
126,837,177
126,839,169
126,877,224
126,883,232
126,943,191
126,962,201
126,973,153
126,979,274
126,980,256
127,128,185
127,209,175
127,232,170
127,241,410
127,252,378
127,255,184
127,256,163
127,259,184
127,303,266
127,308,464
127,312,224
127,313,298
127,314,299
127,320,154
127,332,353
127,344,167
127,350,219
127,353,205
127,357,152
127,375,436
127,397,157
127,404,454
127,405,222
127,442,204
127,445,207
127,455,316
127,456,415
127,462,223
127,465,150
127,494,237
127,499,220
127,500,458
127,509,151
127,518,316
127,551,293
127,555,150
127,556,207
127,558,150
127,576,157
127,579,179
127,609,238
127,625,163
127,629,206
127,635,166
127,640,152
127,646,166
127,648,150
127,649,389
127,650,276
127,712,157
127,728,170
127,746,174
127,747,287
127,782,185
127,789,162
127,797,357
127,813,384
127,814,216
127,817,166
127,818,229
127,834,252
127,838,229
127,943,318
127,967,157
127,973,246
127,975,193
127,980,240
128,129,291
128,130,210
128,131,177
128,132,342
128,133,806
128,135,197
128,136,260
128,140,164
128,141,397
128,143,151
128,144,151
128,146,154
128,149,241
128,150,469
128,151,221
128,152,199
128,153,273
128,154,264
128,160,231
128,168,200
128,169,244
128,171,225
128,189,157
128,190,152
128,195,167
128,201,263
128,211,172
128,215,152
128,216,195
128,223,248
128,228,559
128,229,423
128,230,265
128,232,419
128,233,514
128,234,238
128,240,160
128,241,403
128,244,176
128,260,234
128,261,214
128,262,305
128,280,441
128,282,268
128,283,270
128,285,451
128,286,321
128,288,218
128,289,299
128,300,734
128,301,281
128,303,320
128,304,217
128,305,234
128,307,160
128,308,265
128,312,397
128,313,967
128,314,886
128,315,507
128,316,280
128,317,627
128,319,625
128,320,387
128,327,298
128,328,236
128,329,150
128,331,190
128,332,169
128,333,201
128,338,188
128,339,161
128,342,164
128,344,459
128,346,185
128,347,155
128,348,298
128,350,161
128,352,178
128,353,211
128,357,492
128,358,263
128,360,548
128,362,472
128,363,424
128,366,269
128,367,364
128,371,263
128,372,293
128,374,293
128,375,404
128,376,244
128,377,285
128,383,215
128,384,429
128,386,197
128,387,324
128,388,266
128,389,193
128,390,242
128,391,228
128,392,199
128,393,150
128,394,239
128,395,179
128,397,462
128,398,200
128,400,323
128,401,158
128,403,313
128,404,379
128,406,199
128,413,153
128,419,397
128,421,205
128,422,213
128,429,309
128,430,321
128,431,294
128,432,204
128,434,196
128,435,316
128,440,167
128,442,269
128,447,154
128,448,193
128,450,199
128,453,158
128,454,204
128,455,432
128,461,155
128,462,404
128,463,600
128,465,201
128,467,244
128,468,186
128,469,181
128,472,334
128,476,216
128,477,188
128,478,458
128,480,277
128,481,452
128,483,572
128,484,157
128,485,303
128,486,150
128,487,332
128,490,193
128,492,213
128,494,187
128,500,439
128,502,655
128,508,186
128,509,284
128,510,373
128,512,204
128,518,383
128,523,164
128,524,237
128,533,349
128,534,254
128,535,229
128,536,153
128,537,168
128,539,200
128,550,167
128,552,338
128,554,247
128,555,780
128,556,320
128,557,173
128,558,183
128,562,177
128,564,171
128,565,261
128,566,338
128,567,543
128,569,411
128,571,277
128,575,220
128,576,202
128,578,356
128,580,290
128,581,284
128,583,326
128,588,418
128,597,162
128,604,162
128,606,386
128,608,202
128,609,479
128,610,428
128,612,302
128,613,286
128,614,306
128,615,163
128,616,217
128,617,272
128,618,327
128,619,397
128,621,918
128,622,692
128,623,151
128,626,253
128,632,164
128,634,560
128,635,866
128,638,432
128,640,560
128,642,232
128,643,222
128,644,237
128,645,287
128,647,246
128,648,261
128,649,233
128,650,317
128,652,156
128,656,419
128,657,277
128,658,569
128,661,193
128,665,160
128,667,369
128,679,175
128,705,213
128,710,397
128,714,469
128,715,820
128,716,350
128,719,286
128,720,197
128,733,173
128,734,175
128,735,349
128,736,451
128,737,371
128,738,948
128,739,205
128,740,643
128,741,256
128,742,273
128,745,180
128,750,195
128,754,213
128,755,159
128,758,308
128,759,183
128,764,425
128,765,651
128,766,294
128,767,430
128,768,396
128,769,349
128,770,416
128,771,355
128,773,194
128,774,258
128,776,233
128,782,269
128,785,341
128,787,409
128,789,601
128,792,470
128,794,161
128,795,182
128,796,213
128,800,182
128,802,154
128,803,271
128,804,275
128,806,223
128,813,176
128,816,921
128,817,932
128,818,150
128,834,190
128,836,255
128,837,261
128,838,359
128,839,263
128,840,282
128,843,160
128,877,246
128,883,154
128,899,307
128,937,165
128,943,388
128,962,185
128,981,167
129,130,159
129,133,230
129,136,862
129,150,199
129,152,159
129,153,361
129,154,362
129,169,209
129,171,175
129,172,500
129,179,381
129,180,179
129,181,250
129,182,310
129,195,221
129,201,181
129,209,406
129,210,343
129,211,257
129,216,525
129,222,231
129,224,349
129,226,669
129,227,678
129,228,730
129,229,846
129,230,238
129,231,653
129,241,512
129,250,593
129,252,199
129,253,186
129,255,185
129,257,171
129,260,303
129,261,293
129,262,163
129,280,903
129,281,171
129,282,290
129,283,186
129,284,279
129,285,514
129,286,592
129,288,175
129,289,160
129,300,433
129,303,882
129,306,685
129,307,684
129,308,292
129,312,531
129,315,483
129,316,336
129,328,306
129,331,612
129,337,233
129,338,234
129,339,274
129,344,204
129,346,246
129,350,155
129,357,405
129,358,175
129,360,218
129,361,162
129,362,250
129,364,201
129,365,248
129,366,288
129,367,325
129,375,692
129,383,155
129,386,218
129,387,209
129,388,387
129,389,204
129,390,201
129,391,251
129,392,213
129,394,154
129,401,161
129,404,273
129,406,221
129,407,301
129,408,150
129,418,159
129,419,291
129,420,197
129,421,182
129,422,361
129,425,385
129,429,195
129,431,170
129,434,195
129,440,154
129,441,204
129,445,290
129,446,155
129,448,175
129,452,278
129,455,210
129,458,186
129,468,155
129,472,360
129,478,266
129,481,432
129,483,477
129,485,304
129,487,285
129,489,191
129,490,209
129,492,322
129,495,315
129,500,282
129,503,226
129,504,171
129,508,192
129,509,421
129,511,160
129,512,203
129,518,614
129,524,999
129,525,970
129,526,158
129,538,639
129,539,325
129,540,182
129,552,293
129,559,369
129,564,154
129,565,175
129,566,282
129,567,419
129,568,211
129,569,803
129,572,482
129,574,612
129,575,331
129,578,169
129,579,271
129,580,784
129,581,319
129,583,253
129,588,209
129,595,288
129,604,170
129,606,312
129,609,990
129,610,295
129,611,273
129,612,595
129,613,189
129,614,308
129,616,202
129,617,194
129,618,661
129,619,838
129,626,258
129,629,214
129,635,172
129,638,363
129,640,364
129,642,241
129,643,241
129,644,242
129,645,279
129,646,159
129,648,266
129,649,222
129,652,185
129,656,456
129,661,178
129,710,191
129,715,162
129,716,159
129,734,207
129,735,177
129,736,781
129,737,359
129,738,293
129,740,558
129,741,620
129,742,999
129,743,859
129,745,169
129,758,277
129,762,155
129,763,176
129,770,392
129,771,343
129,773,221
129,774,404
129,775,157
129,776,195
129,777,171
129,778,152
129,782,294
129,783,155
129,784,175
129,785,353
129,786,994
129,789,428
129,790,211
129,792,325
129,794,421
129,795,906
129,796,741
129,802,152
129,858,162
129,915,199
129,928,199
129,943,216
130,131,397
130,132,177
130,133,407
130,136,696
130,137,324
130,138,542
130,139,886
130,140,431
130,141,257
130,142,501
130,143,343
130,144,439
130,145,525
130,146,450
130,147,716
130,148,599
130,149,398
130,150,469
130,151,258
130,152,910
130,153,868
130,154,942
130,155,401
130,156,595
130,157,303
130,158,534
130,159,386
130,160,598
130,161,275
130,162,379
130,163,455
130,164,163
130,165,309
130,166,341
130,170,756
130,171,520
130,172,695
130,173,914
130,175,515
130,176,268
130,177,327
130,178,396
130,179,261
130,180,334
130,181,460
130,182,542
130,183,322
130,184,243
130,185,158
130,186,231
130,190,365
130,194,196
130,195,203
130,197,376
130,201,229
130,202,186
130,218,272
130,220,245
130,221,583
130,228,158
130,229,190
130,230,213
130,233,213
130,235,178
130,236,251
130,237,523
130,238,921
130,239,932
130,240,968
130,244,189
130,248,214
130,249,687
130,250,278
130,251,410
130,252,154
130,262,157
130,263,763
130,264,643
130,265,961
130,266,787
130,267,978
130,268,465
130,269,645
130,270,683
130,272,726
130,273,664
130,274,872
130,275,328
130,276,346
130,278,239
130,279,234
130,280,404
130,282,388
130,286,178
130,290,230
130,291,153
130,293,155
130,294,351
130,295,317
130,296,352
130,297,419
130,300,389
130,307,150
130,312,166
130,315,211
130,322,154
130,328,171
130,337,308
130,338,276
130,339,512
130,340,197
130,342,202
130,343,209
130,344,452
130,346,943
130,355,374
130,356,536
130,357,201
130,360,190
130,362,279
130,365,164
130,366,202
130,367,200
130,373,292
130,383,382
130,384,165
130,400,185
130,402,162
130,406,271
130,408,741
130,413,489
130,414,161
130,416,506
130,417,557
130,419,259
130,427,290
130,437,437
130,442,763
130,445,349
130,451,322
130,452,386
130,453,224
130,454,170
130,460,158
130,461,294
130,463,165
130,466,292
130,467,163
130,473,183
130,475,212
130,476,161
130,478,441
130,479,294
130,481,247
130,483,400
130,486,243
130,490,169
130,501,383
130,510,198
130,512,187
130,514,152
130,518,167
130,524,256
130,525,200
130,540,656
130,541,322
130,544,725
130,548,216
130,550,235
130,554,159
130,564,177
130,566,326
130,567,667
130,569,183
130,570,205
130,572,167
130,580,519
130,581,267
130,582,268
130,583,233
130,585,257
130,586,279
130,587,230
130,589,213
130,591,623
130,592,269
130,593,232
130,596,177
130,597,441
130,606,220
130,609,159
130,614,178
130,618,180
130,632,173
130,633,187
130,638,191
130,645,194
130,648,173
130,656,209
130,664,258
130,665,190
130,667,356
130,668,395
130,678,188
130,688,292
130,690,178
130,691,197
130,694,435
130,695,226
130,696,179
130,703,179
130,716,172
130,737,196
130,740,329
130,742,175
130,745,386
130,747,406
130,757,173
130,759,157
130,760,200
130,764,179
130,765,209
130,766,156
130,767,222
130,769,156
130,770,301
130,771,227
130,776,184
130,782,323
130,786,204
130,787,218
130,789,289
130,791,183
130,792,231
130,793,151
130,804,206
130,815,193
130,831,167
130,843,656
130,845,164
130,846,330
130,847,177
130,849,244
130,855,493
130,860,600
130,861,226
130,862,429
130,863,368
130,864,507
130,865,623
130,867,350
130,929,165
130,930,164
130,931,150
130,932,279
130,933,176
130,947,204
130,959,369
130,964,669
131,132,220
131,133,348
131,136,264
131,139,217
131,140,322
131,143,310
131,144,311
131,145,265
131,146,319
131,147,252
131,148,228
131,149,421
131,150,375
131,151,187
131,152,311
131,153,290
131,154,274
131,155,178
131,159,162
131,162,245
131,163,182
131,165,183
131,172,269
131,173,421
131,177,309
131,179,560
131,180,198
131,181,253
131,182,275
131,183,169
131,189,353
131,190,335
131,195,231
131,199,212
131,201,210
131,213,200
131,215,234
131,218,365
131,220,539
131,229,167
131,233,315
131,235,220
131,236,224
131,237,342
131,238,199
131,239,265
131,240,427
131,241,164
131,242,600
131,243,503
131,244,485
131,246,152
131,249,228
131,250,175
131,251,197
131,252,152
131,263,211
131,265,432
131,266,276
131,267,210
131,268,240
131,269,167
131,270,263
131,271,194
131,272,244
131,274,452
131,275,978
131,276,515
131,277,673
131,278,428
131,279,503
131,280,269
131,282,181
131,285,276
131,286,201
131,287,559
131,290,623
131,291,353
131,292,746
131,293,251
131,294,511
131,295,196
131,296,172
131,297,185
131,300,433
131,303,174
131,309,798
131,310,855
131,311,153
131,312,231
131,315,254
131,317,152
131,319,155
131,322,605
131,329,883
131,330,624
131,334,613
131,335,654
131,336,834
131,337,196
131,338,231
131,339,184
131,340,664
131,341,641
131,344,722
131,345,537
131,346,264
131,357,202
131,358,165
131,360,280
131,361,629
131,362,165
131,365,154
131,366,196
131,375,190
131,379,180
131,380,201
131,381,154
131,382,247
131,383,159
131,387,250
131,388,204
131,389,376
131,390,151
131,391,177
131,393,222
131,394,849
131,402,175
131,406,226
131,409,253
131,413,195
131,419,689
131,427,631
131,429,153
131,445,182
131,448,194
131,452,154
131,461,210
131,468,241
131,472,173
131,473,273
131,474,292
131,475,311
131,476,217
131,478,410
131,479,556
131,481,186
131,483,515
131,487,276
131,492,218
131,501,179
131,510,211
131,518,958
131,519,394
131,520,179
131,521,525
131,522,500
131,524,169
131,541,413
131,542,420
131,566,151
131,567,222
131,569,162
131,578,157
131,580,161
131,582,190
131,583,520
131,587,325
131,590,791
131,597,197
131,600,190
131,609,276
131,610,180
131,618,160
131,619,261
131,628,441
131,632,189
131,633,604
131,634,288
131,636,625
131,637,536
131,640,197
131,647,165
131,653,183
131,655,216
131,656,213
131,667,408
131,673,172
131,674,195
131,685,816
131,686,805
131,687,713
131,688,865
131,689,553
131,690,688
131,691,685
131,692,391
131,693,401
131,694,764
131,695,994
131,696,998
131,697,950
131,698,857
131,699,517
131,700,202
131,701,153
131,703,983
131,704,752
131,705,338
131,706,287
131,707,694
131,708,691
131,710,186
131,717,930
131,718,580
131,733,211
131,734,528
131,736,202
131,740,373
131,741,155
131,742,193
131,753,178
131,755,455
131,756,746
131,764,157
131,765,254
131,768,192
131,771,560
131,777,193
131,782,618
131,785,236
131,789,233
131,796,199
131,797,317
131,826,230
131,827,195
131,830,267
131,831,773
131,832,201
131,843,305
131,846,203
131,850,309
131,854,603
131,860,179
131,861,160
131,865,326
131,867,243
131,870,611
131,871,331
131,907,175
131,908,503
131,933,281
131,950,243
131,951,455
131,952,424
131,953,830
131,954,291
131,955,286
131,956,246
131,957,291
131,958,341
131,959,324
131,960,338
131,966,267
132,133,974
132,134,520
132,136,291
132,137,188
132,138,170
132,143,163
132,144,564
132,145,563
132,146,770
132,147,192
132,148,195
132,149,544
132,150,873
132,151,177
132,152,559
132,153,208
132,154,205
132,171,608
132,172,673
132,173,430
132,175,515
132,176,649
132,177,452
132,178,451
132,180,415
132,186,220
132,190,172
132,192,163
132,201,293
132,213,257
132,215,243
132,217,227
132,223,418
132,229,400
132,230,205
132,233,154
132,234,260
132,235,383
132,237,621
132,243,308
132,261,199
132,262,251
132,263,161
132,264,225
132,265,446
132,266,474
132,270,517
132,274,746
132,275,186
132,280,376
132,282,248
132,286,238
132,300,665
132,305,920
132,309,197
132,310,256
132,312,682
132,315,370
132,316,165
132,321,783
132,322,157
132,326,524
132,327,360
132,328,161
132,338,181
132,339,173
132,346,217
132,347,353
132,357,325
132,360,969
132,361,521
132,362,159
132,363,156
132,365,154
132,366,298
132,367,360
132,369,176
132,378,246
132,379,288
132,380,175
132,381,240
132,382,456
132,383,664
132,384,300
132,386,349
132,387,587
132,390,249
132,391,172
132,394,336
132,395,169
132,400,185
132,401,175
132,402,381
132,403,355
132,407,150
132,408,241
132,413,600
132,415,420
132,419,653
132,421,204
132,422,226
132,427,421
132,429,730
132,430,479
132,431,507
132,432,360
132,433,230
132,434,177
132,437,201
132,440,157
132,447,383
132,453,542
132,454,586
132,455,194
132,457,187
132,468,539
132,472,158
132,476,231
132,477,236
132,478,175
132,479,212
132,480,254
132,481,650
132,483,578
132,485,203
132,486,155
132,487,996
132,489,192
132,490,228
132,501,477
132,503,151
132,509,501
132,512,222
132,515,406
132,518,167
132,519,243
132,524,158
132,526,198
132,533,215
132,540,393
132,547,157
132,548,196
132,550,556
132,562,157
132,566,405
132,567,568
132,569,404
132,570,538
132,580,372
132,581,305
132,588,522
132,590,268
132,596,294
132,604,200
132,606,397
132,609,311
132,610,212
132,612,292
132,613,246
132,614,430
132,617,152
132,618,211
132,619,198
132,623,614
132,626,195
132,632,511
132,635,234
132,636,260
132,637,164
132,638,447
132,640,203
132,642,200
132,643,201
132,644,202
132,645,248
132,647,340
132,655,173
132,656,353
132,657,231
132,661,153
132,670,401
132,671,586
132,672,362
132,678,386
132,679,424
132,680,408
132,682,431
132,688,173
132,692,361
132,695,205
132,698,187
132,702,362
132,703,177
132,710,447
132,716,423
132,733,398
132,734,324
132,735,334
132,736,422
132,737,596
132,740,670
132,745,418
132,750,164
132,752,479
132,753,389
132,755,223
132,756,254
132,758,430
132,764,465
132,770,392
132,771,704
132,777,532
132,785,219
132,786,168
132,787,336
132,789,253
132,792,584
132,798,975
132,800,282
132,804,386
132,815,154
132,831,225
132,843,637
132,850,409
132,853,360
132,861,452
132,864,219
132,870,228
132,877,871
132,949,405
132,965,416
133,134,874
133,135,370
133,136,631
133,137,173
133,140,231
133,143,228
133,144,392
133,145,388
133,146,428
133,147,429
133,148,299
133,149,605
133,150,552
133,151,389
133,152,362
133,153,472
133,154,503
133,170,193
133,171,400
133,172,280
133,173,183
133,175,173
133,178,296
133,186,290
133,187,181
133,188,306
133,189,197
133,190,197
133,191,152
133,195,242
133,198,163
133,199,197
133,201,571
133,202,150
133,213,158
133,215,151
133,216,179
133,218,187
133,223,641
133,224,153
133,225,161
133,229,469
133,230,380
133,231,196
133,232,220
133,233,771
133,234,371
133,235,388
133,236,198
133,237,177
133,239,222
133,240,293
133,242,265
133,243,311
133,244,216
133,246,194
133,247,223
133,248,159
133,249,151
133,252,157
133,259,219
133,261,233
133,262,562
133,263,211
133,265,280
133,266,203
133,267,318
133,270,229
133,274,166
133,275,354
133,280,507
133,282,299
133,286,334
133,287,161
133,289,325
133,290,155
133,294,177
133,299,198
133,300,912
133,303,387
133,305,640
133,309,157
133,310,207
133,311,189
133,312,419
133,315,463
133,316,320
133,317,675
133,319,679
133,320,588
133,325,155
133,327,614
133,328,231
133,338,242
133,339,157
133,342,281
133,346,665
133,347,386
133,348,243
133,356,207
133,357,436
133,360,987
133,361,184
133,362,317
133,365,245
133,366,545
133,367,389
133,368,195
133,369,273
133,373,220
133,374,195
133,375,202
133,376,160
133,377,341
133,378,254
133,379,296
133,381,308
133,382,173
133,383,891
133,384,277
133,385,257
133,387,521
133,388,225
133,390,465
133,391,337
133,392,289
133,393,296
133,394,390
133,395,444
133,396,198
133,400,291
133,401,446
133,402,456
133,403,724
133,404,152
133,406,361
133,407,165
133,408,317
133,410,157
133,413,172
133,415,183
133,419,760
133,421,305
133,422,367
133,423,161
133,426,196
133,429,508
133,430,510
133,431,430
133,432,274
133,433,178
133,434,187
133,435,220
133,437,377
133,440,220
133,442,553
133,444,157
133,448,544
133,449,336
133,450,347
133,453,456
133,454,530
133,455,294
133,457,360
133,461,172
133,463,169
133,466,168
133,468,163
133,472,272
133,473,176
133,476,258
133,477,342
133,478,343
133,480,481
133,481,447
133,483,720
133,484,265
133,485,309
133,486,369
133,487,956
133,489,225
133,490,211
133,492,213
133,509,254
133,510,349
133,511,183
133,512,369
133,518,509
133,519,423
133,522,161
133,524,364
133,526,330
133,527,223
133,532,193
133,533,153
133,536,256
133,537,256
133,540,336
133,543,171
133,544,159
133,548,420
133,549,177
133,550,247
133,552,183
133,556,174
133,557,375
133,558,215
133,562,267
133,564,166
133,565,340
133,566,443
133,567,692
133,569,476
133,578,150
133,580,450
133,581,505
133,583,324
133,588,580
133,590,182
133,596,208
133,604,206
133,606,528
133,607,151
133,609,426
133,610,546
133,612,301
133,613,336
133,614,535
133,618,226
133,619,267
133,620,229
133,621,263
133,622,285
133,623,816
133,626,321
133,631,212
133,632,276
133,634,158
133,635,304
133,637,151
133,638,733
133,640,420
133,642,256
133,643,292
133,644,291
133,645,571
133,647,168
133,648,197
133,652,336
133,655,206
133,656,403
133,657,453
133,658,232
133,659,290
133,667,260
133,679,290
133,682,151
133,688,235
133,695,230
133,696,167
133,703,269
133,710,874
133,711,349
133,714,379
133,716,676
133,717,184
133,720,184
133,733,810
133,734,378
133,735,774
133,736,493
133,737,674
133,740,627
133,741,207
133,742,185
133,745,447
133,755,281
133,756,373
133,758,483
133,759,239
133,764,550
133,765,335
133,766,342
133,767,234
133,768,198
133,769,201
133,770,583
133,771,376
133,777,245
133,785,401
133,787,480
133,788,264
133,789,322
133,792,625
133,793,241
133,798,917
133,799,201
133,800,334
133,802,159
133,803,217
133,804,780
133,811,158
133,831,174
133,843,296
133,874,152
133,877,867
133,984,362
134,144,410
134,147,555
134,149,543
134,150,238
134,151,171
134,152,223
134,169,155
134,171,561
134,172,527
134,175,675
134,176,692
134,177,198
134,190,306
134,194,159
134,217,154
134,229,175
134,230,166
134,237,381
134,239,150
134,240,152
134,246,185
134,265,417
134,267,426
134,269,437
134,270,261
134,271,301
134,274,432
134,300,522
134,305,909
134,312,184
134,321,218
134,326,221
134,327,278
134,342,155
134,346,167
134,351,323
134,360,507
134,366,154
134,367,493
134,374,169
134,383,154
134,387,165
134,395,151
134,402,169
134,415,438
134,419,156
134,422,165
134,427,439
134,437,221
134,451,172
134,453,519
134,454,469
134,467,184
134,474,152
134,477,191
134,481,509
134,483,311
134,487,523
134,515,404
134,517,184
134,550,512
134,566,163
134,567,382
134,569,179
134,570,536
134,580,154
134,588,221
134,595,273
134,596,244
134,604,173
134,606,211
134,609,287
134,623,169
134,632,455
134,638,198
134,657,151
134,671,396
134,682,403
134,710,178
134,716,347
134,735,176
134,737,205
134,740,213
134,755,188
134,758,177
134,759,203
134,770,188
134,771,534
134,777,512
134,792,291
134,798,969
134,815,189
134,847,202
134,850,400
134,861,166
134,877,213
134,965,419
135,136,226
135,138,378
135,171,246
135,188,411
135,200,356
135,201,299
135,229,187
135,233,281
135,240,175
135,262,189
135,280,729
135,281,188
135,282,759
135,283,175
135,285,392
135,286,697
135,299,305
135,300,996
135,302,229
135,305,311
135,306,194
135,307,302
135,311,273
135,312,213
135,315,197
135,327,372
135,328,527
135,346,398
135,352,334
135,357,222
135,360,382
135,362,769
135,363,496
135,365,204
135,366,173
135,367,681
135,368,187
135,371,228
135,372,416
135,382,234
135,383,236
135,384,616
135,395,483
135,398,548
135,399,224
135,400,171
135,406,177
135,410,223
135,411,508
135,421,248
135,428,239
135,437,414
135,438,191
135,440,669
135,445,477
135,447,201
135,449,306
135,457,293
135,467,229
135,480,241
135,481,190
135,483,461
135,486,193
135,510,306
135,512,188
135,518,170
135,532,404
135,550,433
135,565,669
135,567,362
135,569,154
135,580,155
135,588,220
135,608,178
135,609,239
135,618,162
135,621,202
135,625,243
135,638,202
135,640,185
135,647,338
135,656,218
135,665,192
135,710,252
135,716,284
135,733,192
135,735,203
135,736,163
135,737,167
135,738,172
135,740,355
135,744,259
135,745,290
135,748,206
135,749,206
135,750,206
135,751,212
135,752,213
135,753,206
135,754,211
135,755,206
135,763,190
135,764,167
135,765,157
135,770,175
135,771,183
135,785,308
135,787,304
135,792,245
135,804,174
135,877,218
136,137,200
136,139,167
136,140,393
136,141,196
136,143,350
136,144,163
136,145,198
136,146,199
136,147,473
136,148,189
136,149,303
136,150,727
136,151,305
136,152,496
136,153,409
136,154,555
136,155,227
136,156,293
136,160,212
136,162,180
136,163,207
136,165,154
136,168,334
136,170,161
136,171,507
136,172,571
136,173,294
136,175,244
136,177,184
136,178,168
136,180,209
136,181,260
136,182,359
136,189,182
136,190,190
136,195,306
136,201,156
136,207,165
136,209,385
136,210,252
136,211,315
136,213,201
136,215,241
136,216,316
136,222,166
136,224,152
136,226,614
136,227,315
136,228,538
136,229,961
136,230,397
136,231,521
136,233,184
136,235,150
136,236,155
136,237,183
136,238,183
136,239,293
136,240,615
136,241,200
136,243,150
136,245,152
136,248,213
136,250,218
136,251,215
136,256,172
136,260,253
136,261,340
136,262,298
136,263,333
136,265,447
136,266,335
136,267,434
136,270,209
136,272,266
136,274,208
136,280,896
136,281,357
136,282,371
136,283,544
136,285,998
136,286,795
136,287,156
136,289,192
136,295,153
136,297,177
136,299,223
136,300,608
136,301,191
136,303,333
136,304,244
136,305,152
136,306,309
136,307,334
136,311,212
136,312,870
136,315,617
136,316,399
136,324,175
136,325,165
136,327,163
136,328,733
136,331,264
136,333,164
136,337,997
136,338,229
136,339,905
136,346,558
136,347,169
136,348,169
136,352,238
136,357,380
136,358,215
136,359,324
136,360,455
136,361,177
136,362,348
136,363,469
136,364,383
136,365,236
136,366,305
136,367,334
136,371,228
136,372,211
136,373,186
136,375,162
136,378,223
136,379,368
136,381,262
136,382,559
136,383,929
136,384,389
136,385,186
136,386,414
136,387,315
136,388,515
136,389,501
136,390,231
136,391,537
136,392,268
136,393,176
136,394,249
136,397,165
136,398,191
136,400,204
136,401,352
136,402,197
136,403,227
136,404,150
136,406,269
136,407,347
136,408,232
136,413,322
136,415,201
136,419,312
136,420,228
136,421,454
136,428,245
136,429,215
136,434,177
136,435,196
136,437,195
136,438,307
136,440,218
136,441,176
136,442,211
136,445,287
136,447,200
136,448,316
136,450,365
136,452,302
136,455,524
136,463,185
136,467,166
136,468,383
136,469,174
136,472,292
136,475,354
136,476,169
136,477,176
136,478,558
136,480,151
136,481,430
136,483,745
136,484,482
136,485,451
136,486,205
136,487,253
136,489,239
136,490,205
136,492,300
136,501,242
136,503,180
136,504,470
136,508,366
136,509,540
136,510,215
136,511,238
136,512,242
136,517,166
136,518,999
136,523,205
136,524,622
136,525,457
136,526,259
136,527,252
136,533,281
136,536,167
136,537,192
136,539,247
136,540,410
136,543,152
136,544,195
136,547,187
136,550,229
136,552,178
136,559,155
136,562,169
136,565,217
136,566,183
136,567,602
136,568,456
136,569,878
136,570,234
136,572,452
136,573,155
136,574,261
136,575,360
136,576,167
136,578,160
136,580,961
136,581,622
136,582,178
136,583,259
136,585,219
136,586,202
136,588,499
136,591,168
136,595,277
136,596,228
136,604,206
136,606,474
136,609,936
136,610,530
136,611,227
136,612,449
136,613,315
136,614,366
136,617,192
136,618,407
136,619,655
136,622,235
136,623,227
136,624,164
136,626,238
136,627,305
136,631,188
136,632,320
136,635,247
136,638,402
136,640,289
136,642,216
136,643,216
136,644,209
136,645,582
136,646,189
136,647,344
136,648,305
136,652,268
136,656,767
136,661,638
136,665,176
136,667,434
136,678,150
136,684,176
136,703,177
136,710,256
136,715,266
136,716,195
136,719,583
136,734,195
136,735,230
136,736,852
136,737,396
136,738,374
136,740,791
136,741,335
136,742,929
136,743,368
136,744,184
136,745,816
136,746,175
136,750,234
136,752,176
136,753,152
136,756,216
136,757,160
136,758,260
136,759,167
136,763,414
136,769,218
136,770,491
136,771,447
136,773,466
136,774,835
136,775,152
136,776,468
136,777,188
136,778,304
136,782,757
136,783,191
136,785,365
136,786,358
136,788,242
136,789,411
136,791,154
136,792,396
136,794,215
136,795,243
136,796,824
136,802,188
136,803,189
136,804,210
136,811,322
136,816,170
136,842,179
136,843,206
136,847,414
136,849,199
136,867,178
136,877,434
136,906,165
136,928,170
136,943,206
136,983,176
137,138,999
137,139,201
137,140,337
137,141,187
137,142,174
137,144,204
137,145,254
137,146,174
137,147,216
137,148,174
137,149,205
137,150,386
137,152,466
137,153,257
137,154,212
137,155,873
137,156,772
137,157,754
137,158,737
137,159,848
137,160,700
137,161,871
137,162,702
137,163,733
137,164,866
137,165,879
137,166,706
137,167,655
137,170,169
137,171,785
137,172,398
137,173,328
137,175,372
137,176,239
137,177,262
137,178,222
137,179,256
137,180,495
137,181,442
137,182,481
137,183,318
137,184,459
137,186,293
137,190,260
137,192,177
137,213,486
137,220,181
137,229,165
137,230,451
137,233,172
137,236,322
137,237,159
137,238,241
137,239,273
137,240,469
137,242,912
137,244,156
137,248,162
137,249,200
137,250,514
137,251,296
137,252,158
137,253,174
137,263,342
137,264,163
137,265,340
137,266,214
137,267,229
137,268,183
137,269,244
137,270,201
137,271,258
137,272,325
137,273,201
137,274,243
137,276,262
137,279,311
137,280,231
137,282,181
137,287,238
137,290,192
137,291,171
137,294,210
137,295,333
137,296,210
137,297,154
137,300,321
137,306,279
137,307,246
137,309,213
137,312,179
137,315,178
137,322,953
137,333,347
137,336,185
137,338,177
137,339,535
137,340,224
137,341,266
137,344,159
137,345,181
137,346,205
137,356,239
137,357,159
137,358,180
137,361,206
137,366,158
137,367,202
137,406,295
137,413,373
137,414,153
137,416,159
137,419,339
137,427,194
137,444,161
137,445,654
137,449,175
137,452,606
137,460,221
137,481,199
137,483,220
137,492,156
137,501,486
137,505,296
137,521,243
137,522,256
137,537,243
137,540,311
137,541,255
137,544,185
137,566,165
137,567,204
137,570,286
137,574,547
137,576,554
137,577,771
137,579,667
137,580,350
137,582,447
137,584,192
137,585,402
137,586,397
137,587,960
137,590,910
137,591,199
137,597,578
137,601,179
137,602,155
137,609,183
137,619,181
137,632,904
137,636,158
137,640,158
137,654,203
137,661,441
137,662,166
137,663,166
137,673,176
137,674,166
137,685,273
137,687,187
137,690,165
137,691,242
137,693,200
137,694,183
137,699,152
137,717,512
137,718,593
137,731,198
137,740,240
137,751,189
137,757,338
137,760,184
137,770,151
137,771,581
137,776,218
137,789,159
137,827,176
137,843,181
137,845,687
137,846,744
137,847,682
137,849,183
137,854,525
137,855,170
137,860,179
137,861,183
137,865,281
137,867,273
137,870,158
137,873,167
137,908,263
137,933,940
137,954,156
137,965,160
138,139,200
138,140,531
138,141,244
138,142,171
138,144,287
138,145,293
138,146,337
138,147,267
138,148,200
138,149,193
138,150,316
138,152,593
138,154,196
138,155,901
138,156,890
138,157,804
138,158,812
138,159,835
138,160,770
138,161,884
138,162,817
138,163,925
138,164,815
138,165,830
138,166,774
138,167,754
138,170,571
138,171,721
138,172,248
138,173,439
138,175,319
138,176,337
138,177,333
138,179,409
138,180,418
138,181,491
138,182,741
138,183,259
138,184,237
138,185,198
138,186,231
138,190,331
138,191,158
138,192,179
138,193,187
138,194,395
138,213,432
138,214,445
138,227,387
138,233,165
138,236,230
138,238,405
138,239,297
138,240,403
138,242,910
138,244,174
138,249,707
138,250,547
138,251,342
138,263,597
138,264,306
138,265,363
138,266,290
138,267,326
138,269,244
138,270,257
138,271,294
138,272,166
138,274,243
138,276,409
138,277,194
138,278,206
138,279,372
138,280,153
138,287,209
138,294,186
138,295,350
138,296,289
138,297,234
138,300,177
138,306,257
138,307,277
138,309,162
138,317,278
138,322,959
138,331,150
138,333,248
138,334,175
138,335,196
138,338,189
138,339,512
138,340,359
138,341,213
138,345,275
138,355,572
138,356,698
138,361,259
138,367,172
138,393,365
138,406,297
138,408,319
138,413,260
138,414,158
138,416,767
138,417,581
138,419,161
138,445,279
138,451,221
138,452,545
138,460,271
138,479,152
138,501,443
138,503,186
138,505,289
138,521,227
138,522,238
138,540,199
138,541,224
138,544,166
138,548,388
138,570,227
138,576,311
138,580,160
138,582,401
138,584,317
138,585,472
138,586,507
138,587,962
138,590,911
138,591,660
138,592,568
138,594,186
138,596,153
138,597,623
138,601,450
138,609,155
138,619,152
138,632,819
138,653,255
138,654,344
138,661,184
138,662,189
138,663,166
138,681,191
138,685,246
138,687,235
138,690,254
138,691,304
138,692,301
138,701,184
138,717,540
138,718,628
138,731,230
138,740,395
138,751,316
138,752,209
138,753,168
138,757,308
138,760,218
138,770,158
138,771,540
138,815,211
138,816,155
138,825,205
138,827,254
138,828,160
138,843,271
138,845,852
138,846,786
138,847,719
138,849,303
138,854,543
138,855,193
138,860,223
138,861,237
138,865,423
138,867,345
138,873,193
138,908,270
138,931,222
138,932,467
138,933,946
138,940,171
138,944,155
138,951,176
138,965,284
139,140,966
139,141,225
139,142,604
139,143,815
139,144,363
139,145,307
139,146,348
139,147,374
139,149,253
139,150,259
139,152,814
139,153,792
139,154,793
139,156,203
139,166,186
139,167,288
139,170,967
139,171,449
139,172,323
139,173,610
139,176,163
139,177,185
139,178,161
139,180,294
139,181,301
139,182,313
139,183,169
139,184,218
139,190,308
139,194,239
139,213,175
139,221,904
139,229,165
139,232,188
139,233,311
139,237,218
139,238,416
139,239,548
139,240,616
139,242,171
139,244,273
139,249,295
139,250,246
139,251,188
139,263,580
139,264,516
139,265,587
139,266,548
139,267,475
139,268,178
139,269,399
139,270,163
139,271,163
139,272,386
139,273,396
139,274,546
139,280,177
139,282,160
139,286,380
139,300,347
139,315,265
139,328,396
139,338,321
139,339,309
139,342,181
139,343,199
139,344,463
139,346,672
139,351,150
139,355,253
139,356,198
139,366,212
139,367,156
139,371,323
139,373,384
139,391,157
139,393,251
139,400,203
139,406,330
139,407,165
139,413,282
139,416,160
139,417,209
139,419,207
139,427,185
139,442,223
139,445,535
139,448,201
139,452,356
139,460,151
139,464,546
139,480,210
139,481,189
139,483,222
139,501,298
139,502,218
139,503,302
139,524,162
139,536,310
139,540,966
139,541,295
139,544,193
139,550,167
139,566,236
139,567,258
139,570,210
139,580,317
139,585,228
139,586,194
139,587,693
139,589,538
139,592,166
139,597,484
139,609,161
139,619,157
139,626,200
139,640,203
139,648,187
139,656,220
139,664,154
139,668,164
139,685,150
139,740,286
139,757,347
139,760,425
139,770,158
139,778,203
139,782,503
139,789,237
139,804,161
139,815,159
139,831,155
139,843,292
139,855,304
139,860,342
139,862,193
139,863,235
139,864,244
139,865,349
139,930,162
139,932,300
139,944,212
139,964,932
140,141,344
140,142,601
140,143,391
140,144,392
140,145,526
140,146,399
140,147,832
140,148,558
140,149,630
140,150,393
140,151,154
140,152,999
140,153,882
140,154,890
140,155,514
140,156,392
140,157,295
140,158,225
140,159,213
140,160,481
140,161,191
140,162,514
140,163,319
140,164,228
140,165,268
140,166,254
140,167,178
140,170,862
140,171,476
140,172,704
140,173,622
140,175,463
140,176,228
140,177,314
140,178,264
140,179,207
140,180,564
140,181,460
140,182,553
140,183,285
140,184,295
140,186,249
140,190,537
140,194,284
140,195,183
140,213,204
140,215,189
140,221,563
140,229,241
140,230,161
140,233,182
140,235,157
140,236,200
140,237,271
140,238,456
140,239,748
140,240,792
140,242,160
140,243,151
140,244,164
140,248,173
140,249,620
140,250,405
140,251,355
140,252,154
140,262,153
140,263,906
140,264,840
140,265,708
140,266,784
140,267,960
140,268,205
140,269,365
140,270,487
140,271,214
140,272,428
140,273,405
140,274,555
140,275,204
140,276,237
140,279,455
140,280,323
140,281,151
140,282,337
140,286,170
140,289,234
140,292,157
140,294,161
140,295,260
140,296,335
140,297,263
140,300,400
140,309,156
140,312,181
140,315,379
140,316,179
140,338,213
140,339,424
140,340,507
140,341,179
140,342,212
140,343,161
140,344,687
140,346,917
140,355,333
140,356,608
140,357,219
140,360,150
140,361,165
140,362,213
140,365,176
140,366,278
140,367,243
140,372,379
140,373,293
140,377,151
140,383,226
140,393,222
140,403,175
140,406,517
140,413,482
140,416,501
140,417,509
140,419,565
140,427,292
140,428,328
140,429,162
140,442,280
140,445,440
140,448,181
140,450,168
140,451,250
140,452,480
140,461,169
140,466,158
140,468,157
140,474,168
140,475,231
140,478,273
140,480,161
140,481,277
140,483,323
140,486,236
140,501,485
140,503,181
140,505,905
140,512,201
140,522,238
140,524,199
140,536,178
140,537,341
140,540,950
140,541,352
140,544,285
140,550,346
140,552,179
140,554,229
140,566,367
140,567,391
140,569,189
140,570,211
140,576,345
140,580,530
140,581,251
140,582,232
140,583,497
140,585,257
140,586,207
140,587,674
140,589,159
140,591,569
140,592,307
140,606,220
140,609,202
140,610,190
140,613,154
140,619,175
140,626,264
140,640,350
140,648,196
140,653,168
140,654,194
140,656,330
140,665,159
140,668,174
140,685,238
140,686,164
140,690,676
140,691,176
140,736,159
140,740,407
140,742,153
140,745,204
140,748,200
140,749,214
140,757,392
140,759,165
140,760,260
140,761,337
140,766,181
140,770,234
140,771,195
140,776,190
140,778,195
140,782,482
140,787,222
140,789,385
140,792,212
140,804,176
140,815,172
140,823,175
140,831,173
140,843,797
140,846,193
140,847,568
140,849,238
140,855,210
140,860,403
140,861,200
140,864,157
140,865,381
140,867,321
140,932,405
140,944,192
140,964,521
140,965,173
140,981,151
141,143,189
141,147,176
141,149,192
141,150,292
141,151,233
141,152,388
141,153,240
141,154,224
141,155,363
141,157,163
141,160,269
141,162,216
141,163,177
141,164,282
141,165,255
141,170,179
141,171,889
141,172,300
141,173,397
141,175,203
141,177,274
141,178,485
141,179,237
141,180,272
141,181,235
141,182,181
141,183,152
141,186,191
141,191,187
141,192,171
141,221,167
141,232,191
141,238,170
141,239,265
141,240,353
141,244,327
141,249,269
141,250,325
141,252,165
141,263,357
141,264,196
141,265,276
141,266,212
141,267,214
141,269,166
141,272,207
141,273,165
141,274,179
141,276,163
141,280,263
141,282,220
141,289,245
141,295,228
141,296,167
141,300,225
141,309,166
141,313,237
141,314,298
141,320,157
141,322,270
141,332,161
141,333,353
141,335,177
141,336,199
141,338,168
141,339,358
141,341,295
141,344,324
141,350,223
141,352,177
141,353,360
141,355,175
141,356,150
141,357,227
141,361,214
141,362,270
141,363,175
141,383,191
141,394,162
141,397,154
141,400,253
141,405,177
141,406,182
141,413,343
141,416,204
141,417,176
141,419,212
141,427,389
141,442,351
141,445,198
141,447,177
141,452,330
141,456,189
141,462,335
141,463,215
141,464,315
141,474,177
141,478,165
141,480,177
141,481,203
141,482,177
141,483,203
141,500,183
141,501,242
141,505,171
141,535,217
141,540,498
141,541,312
141,544,171
141,562,154
141,566,311
141,567,216
141,570,502
141,571,210
141,580,507
141,581,292
141,582,217
141,585,203
141,586,207
141,591,171
141,592,259
141,596,166
141,597,371
141,601,254
141,608,177
141,610,150
141,615,189
141,626,190
141,634,165
141,642,158
141,648,186
141,649,196
141,650,155
141,654,196
141,685,196
141,691,273
141,692,296
141,707,263
141,708,210
141,710,271
141,714,211
141,715,294
141,718,195
141,731,179
141,733,160
141,738,440
141,739,234
141,740,224
141,745,225
141,746,208
141,751,275
141,752,284
141,757,162
141,764,218
141,769,256
141,772,157
141,789,220
141,799,168
141,809,153
141,815,176
141,818,163
141,825,257
141,827,153
141,834,262
141,836,256
141,837,256
141,838,174
141,839,256
141,840,300
141,845,155
141,846,280
141,860,241
141,865,356
141,867,152
141,873,309
141,899,157
141,932,186
141,933,319
141,943,155
141,944,155
141,947,212
141,958,278
141,965,275
141,969,210
141,977,192
142,143,450
142,147,153
142,152,150
142,153,500
142,154,475
142,156,177
142,163,206
142,170,381
142,172,256
142,180,259
142,181,156
142,182,221
142,194,226
142,198,323
142,217,413
142,240,181
142,265,169
142,272,209
142,273,165
142,274,171
142,286,455
142,295,155
142,300,192
142,344,288
142,346,357
142,373,182
142,413,155
142,446,162
142,448,299
142,452,179
142,455,169
142,483,188
142,496,761
142,501,211
142,513,442
142,540,301
142,567,150
142,570,172
142,580,267
142,581,211
142,583,458
142,585,264
142,596,155
142,630,170
142,632,446
142,653,152
142,710,253
142,740,216
142,770,159
142,771,517
142,774,204
142,785,206
142,789,174
142,964,212
143,144,533
143,145,567
143,146,530
143,147,802
143,148,606
143,149,467
143,150,471
143,151,342
143,152,632
143,153,685
143,154,738
143,155,327
143,156,294
143,157,248
143,158,201
143,159,227
143,160,260
143,162,196
143,163,240
143,164,180
143,165,213
143,166,227
143,167,201
143,170,526
143,171,380
143,172,520
143,173,625
143,175,397
143,176,273
143,177,339
143,178,270
143,179,176
143,180,197
143,181,268
143,182,383
143,183,204
143,184,216
143,186,175
143,190,301
143,201,157
143,218,347
143,221,623
143,235,242
143,236,239
143,237,249
143,238,520
143,239,626
143,240,788
143,242,152
143,243,157
143,249,404
143,250,196
143,251,260
143,252,154
143,263,514
143,264,506
143,265,675
143,266,521
143,267,645
143,268,246
143,269,366
143,270,573
143,272,399
143,273,406
143,274,556
143,275,244
143,276,212
143,278,193
143,279,183
143,280,345
143,282,440
143,290,177
143,291,240
143,294,241
143,295,294
143,296,221
143,297,476
143,300,239
143,326,199
143,338,187
143,339,550
143,340,159
143,342,211
143,344,294
143,345,163
143,346,696
143,355,234
143,360,305
143,362,175
143,377,201
143,383,242
143,393,177
143,402,385
143,406,186
143,413,298
143,416,326
143,417,205
143,419,196
143,427,270
143,445,198
143,448,160
143,451,198
143,452,445
143,460,447
143,461,246
143,466,233
143,478,278
143,480,182
143,483,181
143,487,413
143,501,597
143,540,771
143,541,250
143,544,166
143,566,232
143,567,201
143,570,224
143,580,307
143,581,195
143,582,222
143,585,156
143,586,230
143,587,189
143,589,157
143,591,195
143,592,207
143,596,169
143,654,629
143,669,398
143,678,152
143,690,168
143,700,174
143,709,252
143,740,197
143,745,375
143,759,229
143,760,167
143,765,208
143,766,162
143,767,187
143,768,167
143,799,214
143,804,840
143,830,392
143,843,718
143,846,151
143,849,189
143,855,191
143,860,467
143,861,232
143,865,371
143,867,281
143,873,164
143,929,302
143,944,209
143,964,521
144,145,957
144,146,909
144,147,500
144,148,454
144,149,242
144,150,517
144,151,278
144,152,396
144,153,361
144,154,410
144,155,283
144,156,316
144,157,178
144,159,191
144,161,221
144,162,324
144,163,231
144,165,251
144,166,204
144,167,515
144,170,188
144,171,305
144,172,226
144,173,478
144,175,206
144,176,209
144,177,219
144,178,204
144,180,271
144,181,278
144,182,322
144,183,234
144,186,153
144,189,497
144,191,164
144,193,260
144,194,181
144,195,154
144,198,239
144,199,202
144,201,338
144,213,212
144,214,205
144,215,225
144,220,158
144,221,231
144,235,221
144,237,301
144,239,167
144,240,230
144,249,414
144,250,282
144,251,217
144,263,436
144,264,180
144,265,491
144,266,186
144,267,200
144,269,159
144,270,214
144,272,289
144,273,402
144,274,263
144,275,196
144,280,202
144,282,167
144,286,186
144,293,213
144,294,158
144,295,592
144,296,315
144,297,165
144,300,172
144,310,170
144,312,188
144,315,155
144,321,196
144,322,179
144,326,231
144,344,195
144,346,398
144,354,202
144,355,168
144,356,225
144,360,193
144,361,175
144,373,179
144,383,185
144,398,192
144,402,197
144,408,348
144,415,432
144,416,307
144,417,174
144,419,289
144,422,436
144,451,206
144,452,288
144,453,282
144,454,208
144,467,153
144,476,203
144,481,233
144,483,175
144,501,279
144,505,194
144,515,446
144,521,196
144,540,296
144,548,415
144,550,164
144,565,153
144,566,272
144,575,382
144,580,201
144,585,247
144,586,288
144,590,196
144,591,185
144,592,167
144,594,150
144,596,234
144,597,334
144,661,206
144,672,273
144,674,175
144,677,233
144,679,196
144,690,168
144,695,209
144,703,158
144,707,192
144,718,166
144,734,162
144,740,226
144,755,229
144,756,262
144,777,513
144,787,160
144,815,209
144,826,156
144,829,150
144,831,184
144,842,174
144,843,280
144,854,213
144,861,201
144,862,158
144,864,158
144,867,261
144,873,164
144,908,160
144,932,164
144,959,224
145,146,949
145,147,264
145,148,420
145,149,449
145,150,254
145,151,251
145,152,217
145,153,360
145,154,345
145,155,349
145,156,254
145,157,264
145,158,239
145,159,312
145,160,207
145,161,173
145,162,299
145,163,161
145,164,183
145,165,293
145,166,196
145,167,207
145,170,281
145,171,276
145,172,213
145,173,191
145,175,196
145,176,190
145,177,238
145,178,167
145,180,331
145,181,196
145,182,229
145,183,228
145,184,256
145,186,225
145,190,156
145,194,159
145,195,161
145,198,211
145,201,214
145,208,150
145,212,153
145,213,159
145,220,175
145,229,180
145,235,259
145,237,202
145,239,195
145,240,181
145,242,152
145,243,169
145,244,154
145,249,458
145,250,278
145,251,168
145,261,365
145,263,302
145,264,186
145,265,204
145,266,232
145,267,447
145,269,155
145,270,218
145,271,181
145,272,435
145,273,415
145,274,188
145,275,232
145,277,172
145,280,169
145,293,174
145,306,214
145,310,162
145,312,224
145,322,225
145,326,176
145,336,215
145,344,157
145,346,256
145,355,397
145,356,244
145,360,213
145,361,188
145,373,182
145,380,213
145,382,202
145,383,195
145,387,157
145,402,153
145,415,432
145,416,303
145,417,385
145,419,246
145,427,157
145,445,166
145,451,219
145,452,272
145,453,377
145,454,271
145,460,255
145,481,217
145,483,181
145,501,262
145,511,162
145,515,432
145,516,220
145,519,230
145,521,191
145,537,252
145,540,325
145,550,171
145,566,160
145,570,164
145,575,161
145,580,204
145,585,238
145,586,223
145,590,293
145,591,182
145,592,240
145,594,178
145,596,185
145,597,247
145,632,217
145,633,182
145,636,205
145,654,230
145,668,298
145,674,166
145,677,197
145,682,201
145,695,222
145,703,158
145,733,195
145,734,161
145,736,172
145,737,174
145,740,393
145,755,160
145,756,253
145,771,180
145,777,513
145,815,160
145,831,177
145,843,515
145,846,300
145,852,285
145,854,226
145,861,191
145,867,192
145,908,212
145,931,193
145,932,199
145,933,152
145,954,177
145,959,164
145,965,150
145,966,179
146,147,523
146,148,514
146,149,253
146,150,293
146,151,281
146,152,481
146,153,351
146,154,387
146,155,313
146,156,351
146,157,204
146,158,181
146,159,337
146,160,212
146,161,254
146,162,328
146,163,238
146,164,260
146,165,281
146,166,318
146,167,346
146,170,233
146,171,292
146,172,237
146,173,200
146,175,216
146,176,219
146,177,225
146,178,163
146,180,273
146,181,320
146,182,313
146,183,201
146,184,364
146,186,194
146,189,506
146,194,162
146,198,216
146,201,298
146,213,215
146,214,187
146,215,208
146,220,156
146,221,197
146,225,280
146,237,275
146,238,150
146,239,184
146,240,236
146,242,153
146,244,165
146,249,511
146,250,296
146,251,234
146,261,170
146,263,448
146,264,187
146,265,494
146,266,257
146,267,452
146,269,179
146,270,246
146,271,173
146,272,410
146,273,392
146,274,206
146,275,264
146,280,213
146,282,155
146,286,153
146,293,176
146,295,618
146,296,271
146,297,153
146,300,202
146,309,154
146,310,150
146,312,183
146,315,170
146,321,243
146,322,183
146,326,243
146,346,396
146,354,160
146,355,243
146,356,303
146,360,214
146,361,163
146,373,182
146,374,176
146,382,160
146,383,200
146,387,154
146,395,172
146,415,441
146,416,300
146,417,374
146,419,259
146,422,345
146,427,151
146,445,187
146,451,273
146,452,319
146,453,285
146,454,238
146,460,267
146,467,155
146,473,176
146,478,343
146,481,412
146,483,219
146,501,244
146,505,196
146,511,171
146,515,451
146,517,198
146,519,498
146,521,236
146,522,170
146,540,284
146,548,343
146,553,179
146,565,161
146,566,242
146,567,161
146,570,185
146,575,194
146,580,187
146,585,237
146,586,304
146,590,191
146,591,442
146,592,235
146,594,166
146,596,252
146,597,345
146,609,150
146,614,331
146,626,164
146,633,162
146,636,180
146,673,161
146,674,180
146,677,178
146,682,223
146,695,155
146,696,154
146,717,161
146,718,162
146,734,200
146,737,168
146,740,399
146,755,173
146,756,235
146,777,513
146,789,163
146,798,176
146,815,157
146,826,182
146,831,223
146,840,158
146,843,461
146,845,205
146,846,237
146,850,158
146,852,161
146,854,266
146,861,233
146,864,153
146,867,292
146,873,193
146,906,354
146,908,183
146,931,192
146,932,193
146,954,169
146,959,208
146,965,150
146,966,241
147,148,658
147,149,303
147,150,279
147,151,202
147,152,196
147,153,433
147,154,619
147,155,262
147,156,345
147,157,270
147,159,299
147,160,230
147,161,228
147,162,342
147,163,286
147,164,291
147,165,324
147,166,249
147,170,205
147,171,292
147,172,672
147,173,412
147,175,186
147,176,419
147,177,410
147,178,179
147,180,231
147,181,232
147,182,252
147,183,151
147,184,161
147,186,239
147,189,175
147,190,159
147,191,167
147,195,238
147,218,191
147,221,205
147,223,569
147,236,238
147,239,214
147,240,204
147,242,246
147,243,187
147,244,230
147,249,407
147,250,272
147,251,278
147,263,432
147,264,310
147,265,248
147,266,175
147,267,248
147,269,150
147,270,360
147,271,184
147,272,468
147,273,455
147,274,212
147,275,180
147,279,602
147,280,380
147,286,307
147,290,154
147,295,231
147,296,253
147,297,186
147,300,155
147,321,193
147,322,192
147,326,212
147,339,254
147,340,181
147,344,184
147,346,720
147,355,266
147,356,257
147,360,163
147,374,252
147,383,208
147,390,208
147,392,329
147,400,321
147,402,175
147,413,321
147,416,256
147,417,235
147,419,176
147,445,151
147,451,242
147,452,231
147,454,206
147,460,256
147,475,175
147,478,212
147,481,186
147,483,239
147,501,514
147,503,543
147,504,530
147,505,517
147,507,525
147,514,178
147,516,455
147,522,653
147,540,353
147,547,177
147,548,155
147,549,162
147,562,164
147,567,169
147,570,239
147,580,225
147,584,193
147,585,150
147,586,297
147,587,166
147,588,152
147,591,273
147,592,186
147,596,365
147,597,318
147,609,163
147,631,433
147,632,172
147,654,174
147,658,174
147,659,214
147,665,252
147,679,358
147,681,461
147,682,184
147,688,357
147,694,169
147,703,236
147,740,220
147,756,177
147,771,547
147,789,206
147,798,562
147,815,623
147,831,170
147,843,781
147,846,203
147,849,195
147,861,187
147,862,546
147,863,237
147,864,323
147,867,299
147,880,170
147,931,150
147,932,166
147,948,219
147,949,160
148,149,284
148,150,241
148,151,202
148,152,451
148,153,193
148,154,240
148,155,176
148,156,208
148,157,154
148,159,211
148,162,260
148,163,154
148,164,176
148,165,245
148,166,170
148,171,202
148,172,164
148,173,211
148,175,209
148,176,177
148,177,170
148,180,192
148,182,202
148,186,225
148,189,162
148,190,217
148,202,183
148,204,172
148,217,205
148,218,205
148,223,208
148,238,173
148,239,217
148,240,162
148,242,172
148,249,262
148,250,167
148,251,165
148,263,430
148,264,241
148,265,170
148,266,158
148,270,387
148,271,246
148,272,266
148,273,237
148,274,193
148,275,160
148,286,358
148,295,181
148,296,177
148,312,175
148,321,174
148,326,239
148,340,166
148,344,211
148,346,311
148,355,186
148,356,234
148,374,150
148,390,157
148,402,168
148,413,213
148,414,226
148,415,151
148,416,251
148,417,167
148,427,165
148,450,155
148,451,197
148,452,152
148,460,298
148,481,188
148,483,211
148,487,179
148,501,206
148,503,528
148,504,513
148,505,524
148,507,519
148,540,196
148,548,150
148,567,171
148,570,246
148,580,167
148,585,179
148,591,184
148,592,171
148,596,247
148,604,167
148,632,177
148,653,157
148,658,151
148,664,445
148,665,164
148,667,200
148,672,193
148,677,175
148,679,197
148,682,196
148,683,271
148,695,168
148,699,204
148,737,155
148,740,211
148,750,191
148,770,150
148,771,518
148,798,264
148,815,526
148,817,154
148,829,230
148,831,157
148,843,496
148,849,163
148,860,154
148,861,157
148,862,191
148,864,163
148,867,183
148,948,153
148,965,154
149,150,956
149,151,907
149,152,167
149,153,345
149,154,401
149,155,219
149,156,228
149,157,152
149,159,152
149,160,151
149,162,158
149,170,186
149,171,315
149,172,242
149,173,456
149,175,285
149,176,363
149,177,220
149,180,167
149,181,411
149,182,181
149,184,150
149,186,429
149,189,155
149,190,237
149,193,165
149,195,406
149,196,174
149,197,159
149,198,206
149,199,309
149,200,261
149,201,277
149,213,155
149,217,435
149,218,183
149,221,170
149,223,334
149,229,205
149,235,204
149,236,174
149,237,244
149,242,242
149,243,182
149,244,151
149,249,282
149,250,213
149,251,173
149,265,172
149,266,181
149,267,672
149,270,237
149,271,172
149,272,409
149,273,431
149,274,492
149,275,381
149,280,504
149,282,221
149,286,162
149,290,214
149,294,174
149,295,240
149,297,168
149,300,309
149,307,204
149,309,216
149,310,276
149,312,280
149,315,210
149,321,189
149,322,275
149,326,201
149,339,154
149,346,400
149,347,240
149,355,359
149,356,169
149,357,153
149,360,747
149,361,202
149,366,161
149,367,194
149,374,169
149,378,284
149,379,312
149,380,262
149,381,282
149,383,393
149,384,196
149,387,183
149,390,191
149,394,155
149,402,373
149,403,187
149,407,190
149,410,175
149,413,191
149,416,160
149,417,316
149,419,300
149,422,159
149,429,166
149,442,189
149,445,953
149,451,166
149,452,241
149,453,182
149,454,175
149,463,160
149,476,199
149,478,221
149,479,196
149,481,298
149,483,348
149,487,189
149,490,175
149,501,322
149,504,163
149,510,392
149,515,479
149,516,195
149,519,543
149,521,160
149,522,584
149,528,153
149,540,394
149,548,150
149,550,215
149,566,199
149,567,258
149,570,241
149,580,266
149,581,159
149,583,260
149,586,187
149,587,469
149,588,247
149,590,236
149,591,189
149,592,154
149,596,283
149,606,167
149,609,167
149,626,165
149,632,220
149,634,397
149,638,259
149,640,156
149,645,202
149,656,169
149,658,154
149,668,266
149,675,297
149,679,321
149,682,154
149,687,169
149,688,274
149,690,169
149,695,338
149,696,197
149,703,333
149,711,300
149,714,180
149,717,224
149,719,150
149,733,383
149,734,293
149,736,210
149,737,242
149,740,403
149,750,229
149,752,196
149,755,446
149,756,528
149,758,175
149,759,180
149,765,272
149,769,204
149,770,204
149,771,617
149,782,153
149,785,153
149,787,179
149,789,238
149,792,190
149,798,154
149,815,190
149,831,284
149,843,378
149,854,221
149,861,169
149,867,169
149,877,390
149,931,178
149,949,160
150,151,940
150,152,206
150,153,358
150,154,402
150,155,266
150,156,163
150,157,184
150,163,155
150,170,249
150,171,797
150,172,743
150,173,641
150,175,501
150,176,248
150,177,274
150,178,494
150,180,188
150,181,506
150,182,503
150,183,181
150,186,660
150,189,163
150,190,514
150,191,219
150,192,200
150,193,193
150,195,783
150,196,298
150,197,194
150,198,240
150,199,345
150,200,278
150,201,377
150,203,264
150,210,177
150,211,153
150,213,208
150,215,202
150,217,446
150,218,228
150,220,159
150,223,463
150,228,195
150,229,333
150,230,274
150,233,213
150,235,199
150,236,192
150,237,494
150,239,154
150,240,359
150,242,228
150,243,189
150,245,158
150,247,184
150,249,291
150,250,251
150,251,183
150,261,176
150,262,198
150,263,174
150,265,203
150,266,483
150,267,477
150,270,640
150,271,250
150,272,350
150,273,270
150,274,226
150,275,377
150,280,347
150,282,256
150,285,181
150,286,345
150,287,185
150,288,175
150,290,218
150,294,238
150,295,173
150,300,432
150,305,189
150,307,208
150,310,159
150,312,625
150,315,297
150,317,419
150,319,394
150,321,283
150,322,657
150,325,202
150,326,704
150,327,168
150,328,197
150,338,451
150,339,222
150,340,151
150,346,511
150,347,215
150,351,245
150,355,179
150,356,200
150,357,278
150,360,507
150,361,232
150,362,212
150,365,322
150,366,233
150,367,499
150,373,197
150,374,282
150,378,471
150,379,525
150,380,297
150,381,307
150,383,349
150,384,151
150,386,225
150,387,291
150,388,163
150,390,257
150,391,215
150,393,171
150,394,201
150,402,491
150,403,181
150,406,185
150,407,181
150,408,195
150,410,150
150,413,490
150,414,168
150,415,207
150,416,190
150,419,453
150,421,557
150,422,218
150,427,152
150,429,196
150,431,153
150,440,181
150,442,424
150,445,795
150,448,155
150,451,221
150,452,706
150,453,216
150,454,181
150,455,180
150,460,177
150,463,179
150,467,180
150,468,200
150,472,181
150,476,202
150,478,227
150,479,364
150,480,278
150,481,506
150,483,718
150,485,158
150,486,266
150,487,195
150,489,235
150,490,164
150,493,152
150,501,618
150,509,201
150,510,246
150,511,187
150,512,167
150,513,270
150,515,500
150,516,195
150,517,258
150,518,248
150,519,477
150,526,164
150,533,186
150,537,447
150,540,493
150,541,157
150,547,294
150,548,183
150,550,153
150,552,183
150,562,163
150,566,308
150,567,503
150,569,320
150,570,255
150,572,197
150,575,176
150,576,152
150,580,369
150,581,321
150,583,668
150,585,194
150,586,183
150,587,521
150,588,354
150,590,590
150,591,215
150,596,383
150,597,186
150,604,301
150,606,392
150,609,532
150,610,173
150,612,538
150,613,229
150,614,251
150,618,241
150,619,280
150,620,353
150,626,168
150,631,190
150,632,326
150,638,403
150,640,243
150,642,212
150,643,188
150,644,182
150,645,294
150,648,183
150,656,294
150,657,160
150,658,257
150,672,156
150,674,209
150,675,167
150,678,165
150,679,408
150,680,211
150,681,239
150,682,275
150,685,478
150,688,199
150,695,264
150,703,266
150,705,343
150,710,221
150,715,185
150,716,178
150,717,234
150,719,191
150,733,248
150,734,286
150,735,243
150,736,393
150,737,385
150,740,669
150,741,215
150,745,173
150,755,349
150,756,644
150,758,250
150,759,297
150,765,179
150,767,181
150,769,223
150,770,428
150,771,955
150,772,167
150,773,191
150,774,160
150,776,185
150,778,163
150,779,451
150,782,159
150,783,420
150,785,822
150,787,202
150,788,173
150,789,324
150,792,352
150,798,296
150,815,449
150,831,401
150,843,575
150,854,200
150,867,183
150,877,347
150,931,218
150,932,180
150,933,203
150,948,259
150,949,163
150,959,254
150,983,177
151,152,357
151,153,242
151,154,328
151,159,160
151,165,152
151,166,171
151,171,450
151,173,430
151,178,179
151,180,173
151,183,169
151,186,158
151,189,165
151,192,223
151,195,318
151,196,192
151,197,177
151,199,204
151,200,326
151,201,401
151,203,170
151,217,427
151,229,193
151,238,173
151,239,469
151,242,181
151,266,152
151,270,167
151,272,188
151,280,247
151,282,210
151,283,228
151,300,374
151,306,220
151,307,206
151,315,314
151,326,300
151,339,165
151,346,326
151,347,270
151,357,227
151,360,323
151,362,151
151,365,162
151,366,184
151,378,162
151,383,274
151,387,162
151,390,224
151,391,169
151,392,162
151,394,253
151,400,177
151,402,200
151,403,167
151,416,180
151,419,207
151,454,178
151,462,347
151,463,372
151,465,181
151,476,151
151,481,271
151,483,374
151,490,344
151,515,430
151,518,153
151,533,313
151,540,498
151,541,164
151,566,441
151,567,326
151,570,207
151,574,248
151,575,394
151,580,220
151,588,249
151,596,290
151,604,152
151,606,227
151,609,169
151,622,236
151,632,184
151,635,199
151,638,198
151,640,232
151,644,251
151,645,160
151,648,199
151,658,536
151,672,155
151,673,176
151,674,310
151,676,246
151,703,233
151,710,248
151,714,251
151,715,426
151,716,371
151,719,390
151,733,245
151,734,156
151,735,163
151,736,221
151,737,256
151,740,404
151,756,336
151,770,203
151,771,894
151,787,189
151,789,213
151,792,315
151,804,167
151,843,247
151,850,155
151,855,299
151,877,210
151,949,178
152,153,647
152,154,736
152,155,487
152,156,609
152,157,384
152,158,371
152,159,386
152,160,402
152,161,365
152,162,465
152,163,394
152,164,297
152,165,425
152,166,407
152,167,288
152,170,606
152,171,833
152,172,556
152,173,548
152,175,272
152,176,391
152,177,242
152,178,200
152,179,218
152,180,592
152,181,618
152,182,637
152,183,361
152,184,345
152,185,179
152,186,585
152,189,176
152,190,997
152,191,167
152,192,287
152,194,536
152,195,214
152,197,164
152,198,161
152,201,173
152,208,160
152,213,224
152,215,189
152,218,188
152,221,394
152,223,186
152,224,537
152,225,539
152,226,443
152,227,597
152,229,255
152,231,369
152,233,165
152,237,476
152,238,525
152,239,543
152,240,560
152,242,154
152,249,633
152,250,497
152,251,418
152,263,630
152,264,595
152,265,799
152,266,451
152,267,816
152,268,249
152,269,486
152,270,439
152,271,404
152,272,627
152,273,576
152,274,226
152,275,221
152,276,240
152,279,426
152,280,593
152,282,311
152,286,230
152,291,172
152,294,215
152,295,370
152,296,451
152,297,376
152,300,360
152,307,372
152,309,459
152,310,203
152,312,508
152,315,256
152,321,175
152,322,623
152,326,178
152,328,161
152,333,219
152,336,347
152,338,456
152,339,480
152,340,228
152,341,243
152,344,736
152,346,924
152,349,153
152,355,526
152,356,649
152,357,255
152,360,202
152,361,196
152,362,232
152,365,304
152,366,199
152,367,220
152,368,206
152,373,173
152,383,217
152,384,160
152,387,205
152,390,409
152,391,394
152,393,372
152,406,350
152,407,349
152,408,404
152,413,990
152,414,269
152,416,583
152,417,498
152,419,756
152,427,471
152,429,173
152,442,630
152,445,478
152,448,223
152,450,265
152,451,327
152,452,615
152,460,278
152,474,178
152,478,392
152,481,353
152,483,356
152,486,244
152,490,162
152,501,627
152,503,221
152,505,295
152,510,173
152,513,160
152,518,159
152,522,177
152,524,222
152,525,179
152,537,193
152,540,841
152,541,707
152,544,543
152,547,208
152,550,150
152,566,212
152,567,321
152,569,201
152,570,671
152,575,151
152,580,565
152,581,177
152,582,184
152,584,331
152,585,325
152,586,311
152,587,835
152,589,220
152,590,467
152,591,572
152,592,436
152,594,191
152,596,266
152,597,394
152,601,241
152,606,195
152,609,267
152,610,223
152,614,187
152,618,181
152,619,204
152,626,209
152,632,242
152,638,185
152,640,186
152,645,154
152,648,161
152,653,259
152,654,182
152,656,222
152,658,163
152,671,375
152,673,168
152,679,212
152,685,254
152,686,161
152,690,222
152,691,275
152,699,216
152,700,188
152,702,159
152,705,214
152,718,196
152,734,163
152,736,225
152,737,213
152,740,677
152,742,177
152,749,189
152,751,219
152,753,216
152,755,153
152,757,249
152,760,246
152,769,177
152,770,220
152,771,274
152,776,204
152,778,170
152,785,167
152,786,215
152,787,175
152,789,458
152,792,186
152,798,157
152,815,463
152,823,331
152,826,344
152,831,351
152,842,913
152,843,492
152,845,251
152,846,432
152,847,173
152,849,335
152,850,229
152,855,350
152,860,210
152,861,186
152,862,321
152,863,201
152,864,181
152,865,376
152,867,459
152,873,259
152,877,178
152,930,222
152,931,206
152,932,394
152,933,356
152,947,176
152,951,262
152,956,199
152,959,256
152,964,164
152,965,356
153,154,965
153,155,516
153,156,230
153,157,215
153,158,183
153,159,192
153,160,187
153,161,177
153,162,437
153,163,162
153,165,167
153,170,987
153,171,389
153,172,398
153,173,800
153,175,212
153,177,255
153,178,524
153,179,161
153,180,258
153,181,352
153,182,416
153,183,213
153,184,202
153,185,201
153,186,309
153,190,474
153,194,152
153,195,271
153,201,230
153,213,188
153,215,189
153,218,207
153,221,474
153,223,218
153,227,153
153,229,321
153,230,179
153,232,175
153,233,337
153,234,188
153,236,190
153,237,306
153,238,779
153,239,802
153,240,735
153,244,196
153,246,235
153,247,212
153,248,247
153,249,502
153,250,276
153,251,197
153,261,155
153,262,312
153,263,590
153,264,491
153,265,687
153,266,691
153,267,785
153,268,278
153,269,428
153,270,434
153,272,464
153,273,436
153,274,532
153,276,163
153,280,368
153,281,167
153,282,285
153,283,212
153,286,292
153,289,453
153,295,211
153,296,175
153,297,198
153,298,188
153,300,434
153,303,205
153,305,179
153,308,400
153,312,223
153,315,444
153,316,254
153,317,305
153,319,310
153,320,240
153,328,199
153,331,250
153,333,453
153,338,238
153,339,472
153,342,236
153,343,210
153,344,447
153,346,996
153,349,198
153,350,833
153,352,196
153,354,209
153,356,198
153,357,287
153,360,312
153,362,264
153,365,228
153,366,269
153,367,212
153,371,179
153,373,402
153,377,184
153,383,289
153,384,187
153,387,221
153,391,152
153,392,174
153,393,160
153,394,399
153,397,207
153,400,156
153,401,186
153,403,602
153,406,528
153,413,372
153,414,161
153,419,327
153,422,171
153,429,471
153,430,465
153,431,195
153,433,157
153,437,218
153,438,184
153,442,975
153,443,165
153,445,355
153,447,261
153,448,487
153,449,168
153,450,199
153,452,328
153,455,183
153,461,157
153,466,180
153,467,153
153,469,157
153,472,185
153,473,971
153,478,357
153,479,183
153,480,477
153,481,318
153,482,457
153,483,422
153,486,278
153,487,276
153,489,175
153,494,162
153,501,412
153,509,203
153,511,220
153,514,452
153,518,269
153,524,283
153,525,176
153,532,181
153,533,518
153,534,161
153,535,154
153,536,232
153,537,269
153,540,792
153,541,498
153,544,323
153,549,974
153,551,339
153,552,197
153,554,190
153,555,154
153,559,199
153,560,166
153,561,193
153,562,245
153,566,384
153,567,454
153,569,280
153,570,169
153,580,326
153,581,276
153,582,230
153,585,168
153,586,262
153,587,179
153,588,280
153,591,164
153,593,158
153,594,178
153,597,405
153,598,198
153,599,195
153,600,175
153,603,162
153,606,275
153,607,969
153,608,203
153,609,347
153,610,292
153,612,207
153,613,189
153,614,212
153,618,205
153,619,223
153,623,166
153,626,415
153,634,222
153,635,169
153,638,224
153,640,489
153,645,172
153,648,151
153,652,176
153,656,455
153,668,416
153,669,233
153,678,158
153,682,162
153,710,255
153,714,153
153,715,251
153,716,175
153,734,226
153,735,255
153,736,270
153,737,284
153,738,162
153,739,230
153,740,418
153,742,387
153,745,211
153,751,318
153,756,171
153,757,169
153,758,159
153,760,219
153,764,192
153,765,208
153,766,195
153,767,218
153,768,172
153,769,192
153,770,304
153,771,206
153,776,199
153,782,211
153,786,162
153,787,272
153,789,439
153,792,243
153,794,301
153,795,237
153,796,321
153,802,171
153,804,177
153,809,162
153,813,171
153,815,196
153,820,150
153,835,188
153,838,318
153,843,341
153,846,218
153,849,217
153,855,346
153,860,378
153,862,232
153,863,227
153,864,281
153,865,361
153,867,212
153,870,193
153,934,193
153,935,155
153,940,184
153,964,375
153,965,161
153,981,166
154,155,270
154,156,430
154,157,266
154,158,202
154,159,165
154,160,219
154,161,178
154,162,291
154,163,296
154,164,157
154,165,167
154,167,163
154,170,986
154,171,446
154,172,513
154,173,691
154,175,274
154,177,240
154,178,485
154,180,254
154,181,370
154,182,447
154,183,242
154,184,223
154,185,182
154,186,244
154,190,336
154,195,248
154,201,194
154,215,173
154,218,175
154,221,506
154,229,301
154,232,154
154,233,330
154,234,203
154,236,150
154,237,269
154,238,603
154,239,734
154,240,861
154,246,249
154,247,234
154,248,258
154,249,393
154,250,212
154,251,252
154,261,163
154,262,291
154,263,628
154,264,610
154,265,786
154,266,640
154,267,892
154,268,268
154,269,475
154,270,300
154,272,554
154,273,512
154,274,604
154,280,401
154,282,335
154,283,199
154,286,362
154,289,445
154,295,248
154,296,241
154,297,227
154,298,157
154,300,406
154,303,209
154,305,163
154,308,400
154,312,261
154,313,161
154,315,387
154,316,244
154,317,315
154,319,335
154,320,253
154,328,217
154,331,265
154,333,443
154,338,238
154,339,456
154,342,202
154,343,151
154,344,418
154,346,996
154,348,155
154,349,402
154,350,844
154,352,244
154,354,171
154,355,307
154,356,236
154,357,300
154,360,318
154,362,304
154,365,215
154,366,264
154,367,199
154,371,166
154,372,171
154,373,406
154,377,222
154,379,180
154,383,380
154,384,224
154,387,204
154,392,164
154,393,167
154,397,199
154,399,150
154,401,157
154,403,605
154,406,392
154,407,402
154,413,349
154,414,162
154,416,165
154,417,291
154,419,313
154,422,180
154,429,467
154,430,480
154,431,201
154,442,982
154,445,327
154,447,216
154,448,506
154,449,159
154,450,196
154,451,221
154,452,318
154,453,182
154,455,187
154,466,152
154,468,200
154,469,205
154,472,170
154,473,970
154,478,388
154,479,161
154,480,491
154,481,291
154,482,435
154,483,409
154,486,221
154,487,265
154,494,224
154,495,216
154,501,352
154,509,196
154,511,181
154,513,161
154,514,453
154,518,461
154,524,327
154,525,217
154,532,150
154,533,529
154,534,161
154,536,177
154,537,203
154,540,785
154,541,387
154,544,203
154,549,959
154,550,181
154,552,179
154,554,160
154,559,199
154,560,200
154,561,189
154,562,167
154,565,228
154,566,374
154,567,446
154,569,286
154,570,191
154,571,159
154,580,362
154,581,267
154,582,174
154,585,184
154,586,310
154,587,177
154,588,275
154,591,371
154,592,201
154,594,199
154,597,300
154,598,192
154,600,175
154,603,175
154,606,249
154,607,947
154,608,208
154,609,349
154,610,274
154,612,196
154,613,179
154,614,197
154,618,221
154,619,234
154,623,165
154,626,344
154,634,229
154,635,186
154,638,248
154,640,445
154,645,174
154,648,449
154,656,562
154,664,182
154,668,492
154,669,253
154,678,155
154,710,522
154,714,155
154,715,274
154,716,191
154,733,150
154,734,209
154,735,247
154,736,329
154,737,341
154,738,218
154,739,274
154,740,420
154,742,418
154,745,281
154,758,167
154,760,179
154,764,150
154,765,204
154,766,177
154,767,226
154,769,397
154,770,300
154,771,226
154,776,189
154,782,191
154,785,164
154,786,217
154,787,242
154,789,416
154,792,244
154,794,322
154,795,234
154,796,324
154,804,187
154,813,151
154,815,244
154,820,184
154,835,188
154,838,342
154,843,363
154,845,213
154,846,269
154,847,189
154,849,216
154,855,358
154,860,412
154,862,212
154,863,245
154,864,263
154,865,407
154,867,246
154,932,158
154,934,194
154,964,406
155,156,854
155,157,610
155,158,659
155,159,749
155,160,818
155,161,970
155,162,996
155,163,993
155,164,792
155,165,998
155,166,832
155,167,867
155,171,374
155,172,389
155,173,447
155,175,367
155,176,620
155,177,521
155,178,191
155,179,692
155,180,528
155,181,734
155,182,619
155,183,519
155,184,382
155,185,219
155,186,290
155,190,250
155,192,165
155,193,151
155,194,162
155,217,207
155,218,202
155,236,540
155,237,159
155,238,285
155,239,417
155,240,483
155,241,172
155,244,233
155,248,176
155,249,412
155,250,641
155,251,454
155,263,535
155,264,483
155,265,560
155,266,380
155,267,355
155,268,151
155,269,264
155,270,615
155,271,241
155,272,198
155,273,211
155,274,195
155,275,337
155,276,817
155,277,765
155,278,253
155,279,600
155,280,200
155,285,156
155,287,172
155,290,163
155,291,226
155,294,275
155,295,674
155,296,472
155,297,311
155,306,255
155,307,254
155,309,330
155,310,256
155,312,224
155,322,320
155,329,172
155,330,185
155,333,305
155,334,351
155,335,343
155,336,225
155,338,160
155,339,398
155,340,656
155,341,537
155,345,598
155,346,319
155,355,268
155,356,412
155,361,333
155,406,242
155,409,227
155,413,275
155,415,162
155,416,385
155,417,259
155,419,168
155,442,201
155,443,158
155,445,340
155,451,251
155,452,634
155,454,151
155,460,373
155,474,186
155,478,167
155,483,217
155,490,278
155,501,576
155,503,300
155,504,183
155,505,452
155,509,237
155,511,180
155,518,275
155,521,269
155,522,307
155,540,170
155,541,330
155,544,170
155,570,452
155,580,202
155,582,858
155,584,215
155,585,562
155,586,577
155,587,323
155,591,285
155,592,303
155,594,195
155,597,657
155,601,320
155,609,175
155,614,180
155,615,154
155,628,170
155,632,274
155,653,199
155,654,283
155,655,876
155,661,179
155,664,153
155,673,168
155,674,160
155,685,540
155,686,185
155,687,262
155,688,205
155,689,174
155,690,385
155,691,623
155,692,527
155,693,429
155,694,233
155,699,256
155,700,185
155,701,232
155,702,240
155,703,161
155,705,185
155,706,193
155,707,277
155,708,173
155,718,219
155,731,315
155,751,443
155,752,419
155,753,216
155,756,191
155,757,230
155,760,316
155,780,194
155,798,179
155,815,259
155,825,503
155,827,202
155,828,186
155,831,154
155,843,262
155,845,760
155,846,811
155,847,710
155,849,515
155,855,176
155,860,321
155,861,350
155,865,462
155,867,478
155,870,156
155,873,267
155,899,197
155,908,303
155,929,522
155,930,177
155,931,195
155,932,260
155,933,524
155,944,458
155,947,271
155,950,169
155,951,203
155,954,343
155,955,198
155,958,153
155,959,204
155,960,239
155,965,314
156,157,622
156,158,782
156,159,655
156,160,724
156,161,917
156,162,812
156,163,829
156,164,720
156,165,793
156,166,693
156,167,719
156,170,199
156,171,384
156,172,595
156,173,360
156,175,435
156,176,360
156,177,425
156,179,402
156,180,388
156,181,508
156,182,490
156,183,386
156,184,316
156,185,170
156,186,207
156,190,167
156,194,169
156,236,245
156,238,374
156,239,406
156,240,366
156,241,349
156,247,248
156,249,361
156,250,555
156,251,415
156,263,500
156,264,336
156,265,512
156,266,357
156,267,562
156,269,372
156,270,812
156,271,204
156,272,201
156,273,223
156,274,240
156,276,479
156,277,188
156,278,193
156,279,409
156,287,159
156,290,191
156,291,168
156,294,206
156,295,459
156,296,390
156,297,314
156,306,165
156,307,186
156,309,279
156,310,220
156,312,245
156,322,170
156,330,276
156,333,325
156,334,221
156,335,245
156,336,213
156,339,311
156,340,284
156,341,244
156,345,276
156,346,511
156,355,371
156,356,319
156,361,206
156,406,250
156,413,343
156,416,395
156,417,309
156,442,512
156,445,215
156,451,244
156,452,488
156,454,187
156,460,206
156,478,165
156,479,164
156,483,187
156,501,414
156,521,232
156,522,258
156,540,402
156,541,254
156,570,358
156,582,402
156,584,232
156,585,520
156,586,551
156,587,329
156,591,401
156,592,311
156,594,153
156,597,515
156,628,196
156,653,239
156,654,271
156,665,201
156,673,160
156,685,230
156,687,151
156,690,198
156,691,264
156,692,284
156,699,179
156,700,155
156,701,165
156,702,185
156,707,214
156,731,182
156,734,210
156,751,178
156,752,162
156,756,173
156,757,183
156,780,191
156,798,172
156,815,227
156,818,159
156,825,284
156,826,227
156,831,218
156,832,201
156,843,256
156,845,776
156,846,809
156,847,685
156,849,375
156,855,234
156,860,191
156,861,209
156,863,229
156,864,203
156,865,294
156,867,435
156,873,170
156,908,265
156,930,262
156,931,268
156,932,276
156,933,353
156,944,176
156,950,160
156,951,251
156,954,221
156,956,186
156,960,216
157,158,598
157,159,851
157,160,600
157,161,767
157,162,770
157,163,855
157,164,695
157,165,762
157,166,735
157,167,771
157,171,154
157,172,355
157,173,547
157,175,281
157,176,259
157,177,242
157,179,258
157,180,314
157,181,377
157,182,433
157,183,285
157,184,240
157,185,189
157,186,272
157,190,223
157,217,171
157,218,166
157,236,192
157,238,187
157,239,303
157,240,301
157,244,173
157,249,276
157,250,622
157,251,520
157,263,431
157,264,320
157,265,377
157,266,352
157,267,339
157,269,278
157,270,248
157,271,201
157,276,324
157,277,198
157,279,240
157,280,192
157,287,159
157,292,159
157,295,402
157,296,303
157,297,268
157,306,216
157,307,230
157,309,187
157,330,218
157,333,242
157,335,167
157,339,228
157,340,289
157,341,499
157,345,216
157,346,224
157,355,212
157,356,281
157,380,221
157,406,152
157,415,183
157,416,289
157,417,213
157,429,217
157,450,236
157,451,221
157,452,584
157,460,202
157,475,172
157,483,183
157,501,342
157,502,498
157,520,166
157,521,252
157,522,277
157,541,242
157,570,276
157,582,343
157,584,243
157,585,536
157,586,673
157,587,193
157,591,244
157,592,246
157,594,635
157,597,419
157,614,156
157,615,157
157,632,152
157,648,156
157,652,313
157,653,219
157,654,367
157,661,189
157,685,222
157,686,243
157,689,153
157,690,189
157,691,289
157,692,210
157,693,275
157,699,185
157,700,300
157,701,160
157,702,304
157,708,164
157,740,156
157,751,218
157,752,181
157,753,196
157,756,152
157,780,152
157,798,159
157,815,205
157,827,210
157,830,222
157,843,286
157,845,626
157,846,752
157,847,682
157,849,370
157,861,161
157,863,190
157,865,157
157,867,496
157,873,206
157,899,182
157,908,276
157,930,228
157,931,194
157,932,223
157,933,189
157,944,150
157,952,212
157,954,276
157,956,160
157,957,194
157,958,276
157,959,199
157,960,223
158,159,653
158,160,620
158,161,930
158,162,756
158,163,969
158,164,973
158,165,929
158,166,609
158,167,688
158,170,179
158,171,226
158,172,274
158,173,297
158,175,317
158,176,298
158,177,426
158,179,301
158,180,329
158,181,482
158,182,463
158,183,373
158,184,238
158,185,226
158,186,198
158,190,197
158,191,184
158,192,212
158,213,217
158,221,307
158,236,218
158,239,190
158,240,258
158,249,247
158,250,532
158,251,398
158,263,467
158,264,400
158,265,446
158,266,271
158,267,286
158,269,180
158,270,286
158,271,252
158,276,263
158,277,177
158,279,206
158,287,159
158,295,340
158,296,297
158,297,263
158,306,187
158,307,207
158,309,313
158,310,209
158,322,163
158,330,175
158,333,218
158,334,341
158,335,264
158,339,283
158,340,260
158,341,241
158,345,280
158,346,167
158,355,291
158,356,293
158,361,166
158,407,165
158,413,164
158,416,258
158,417,229
158,427,176
158,445,195
158,452,477
158,460,187
158,465,226
158,501,392
158,505,397
158,511,154
158,521,295
158,522,240
158,541,160
158,570,290
158,582,405
158,584,197
158,585,468
158,586,473
158,587,347
158,588,153
158,591,257
158,592,341
158,597,616
158,601,196
158,653,179
158,654,192
158,685,206
158,687,235
158,690,210
158,691,277
158,692,309
158,693,176
158,694,160
158,699,268
158,700,198
158,702,195
158,705,224
158,707,157
158,708,164
158,718,197
158,731,225
158,751,281
158,752,231
158,753,162
158,757,159
158,760,187
158,780,190
158,791,321
158,815,229
158,825,370
158,826,216
158,827,196
158,831,181
158,832,150
158,845,597
158,846,794
158,847,674
158,849,248
158,860,212
158,861,266
158,863,170
158,865,426
158,867,401
158,873,193
158,908,252
158,930,155
158,932,202
158,933,335
158,954,271
158,959,179
158,960,281
158,965,191
159,160,659
159,161,834
159,162,788
159,163,808
159,164,747
159,165,776
159,166,766
159,167,689
159,171,296
159,172,256
159,173,498
159,175,271
159,176,383
159,177,470
159,178,171
159,179,415
159,180,375
159,181,512
159,182,490
159,183,401
159,184,292
159,185,282
159,186,231
159,190,215
159,191,240
159,217,171
159,236,253
159,238,167
159,239,328
159,240,384
159,249,378
159,250,498
159,251,408
159,263,484
159,264,466
159,265,454
159,266,295
159,267,283
159,269,158
159,270,264
159,271,288
159,272,202
159,276,553
159,277,282
159,278,196
159,279,325
159,287,159
159,293,197
159,294,232
159,295,393
159,296,371
159,297,321
159,306,259
159,307,263
159,309,254
159,310,157
159,322,221
159,330,159
159,333,231
159,334,267
159,335,242
159,336,171
159,339,526
159,340,350
159,341,452
159,345,337
159,346,173
159,355,211
159,356,307
159,361,207
159,406,152
159,413,191
159,416,301
159,417,216
159,427,184
159,445,257
159,451,235
159,452,552
159,460,185
159,474,201
159,501,492
159,505,310
159,520,250
159,521,268
159,522,253
159,541,274
159,570,355
159,580,186
159,582,423
159,584,414
159,585,530
159,586,574
159,587,328
159,591,294
159,592,350
159,597,880
159,601,194
159,614,206
159,615,213
159,628,222
159,653,161
159,654,241
159,685,242
159,686,152
159,687,196
159,688,249
159,690,195
159,691,274
159,692,358
159,693,255
159,694,209
159,699,460
159,700,296
159,701,207
159,702,327
159,705,157
159,707,212
159,708,184
159,718,225
159,731,244
159,751,315
159,752,242
159,753,163
159,757,192
159,760,192
159,815,264
159,825,297
159,827,294
159,830,431
159,831,299
159,832,272
159,843,253
159,845,592
159,846,766
159,847,685
159,849,387
159,860,252
159,861,353
159,863,153
159,865,275
159,867,389
159,870,218
159,873,267
159,908,335
159,930,175
159,931,229
159,932,253
159,933,303
159,944,173
159,951,216
159,954,454
159,955,200
159,959,302
159,960,202
159,965,177
160,161,725
160,162,793
160,163,809
160,164,801
160,165,686
160,166,587
160,167,687
160,171,203
160,172,360
160,173,277
160,175,507
160,176,316
160,177,442
160,179,421
160,180,413
160,181,399
160,182,342
160,183,487
160,186,196
160,190,168
160,191,180
160,193,191
160,211,272
160,213,322
160,221,154
160,238,209
160,239,417
160,240,319
160,244,176
160,248,152
160,249,326
160,250,432
160,251,239
160,263,436
160,264,379
160,265,431
160,266,316
160,267,330
160,270,536
160,271,246
160,274,185
160,276,586
160,277,575
160,279,275
160,280,162
160,287,159
160,295,310
160,296,284
160,297,174
160,306,194
160,307,193
160,309,385
160,310,211
160,312,304
160,330,250
160,333,240
160,334,222
160,335,257
160,339,256
160,340,356
160,341,394
160,345,307
160,346,497
160,355,284
160,356,339
160,361,290
160,367,156
160,383,189
160,388,226
160,406,155
160,407,272
160,409,173
160,413,189
160,416,304
160,417,270
160,427,183
160,442,431
160,445,209
160,451,201
160,452,380
160,460,188
160,469,156
160,474,214
160,477,158
160,490,164
160,501,414
160,505,223
160,511,156
160,521,215
160,522,232
160,541,255
160,544,154
160,548,165
160,570,238
160,582,363
160,584,229
160,585,355
160,586,297
160,588,179
160,591,356
160,592,330
160,597,749
160,601,345
160,609,272
160,628,172
160,632,154
160,653,186
160,654,216
160,655,618
160,661,244
160,673,218
160,685,363
160,687,164
160,690,214
160,691,395
160,692,277
160,693,176
160,699,244
160,700,155
160,701,171
160,702,213
160,707,202
160,718,191
160,731,286
160,740,189
160,750,259
160,751,323
160,752,356
160,756,151
160,757,162
160,785,157
160,815,179
160,825,406
160,826,186
160,827,170
160,830,163
160,832,195
160,845,591
160,846,710
160,847,707
160,849,156
160,860,249
160,861,222
160,865,466
160,867,265
160,873,260
160,908,279
160,930,277
160,931,240
160,932,313
160,933,398
160,944,172
160,951,196
160,954,271
160,959,422
160,960,218
160,965,272
161,162,950
161,163,950
161,164,720
161,165,870
161,166,772
161,167,599
161,170,151
161,171,200
161,172,270
161,173,332
161,175,235
161,176,222
161,177,389
161,179,415
161,180,360
161,181,482
161,182,480
161,183,388
161,184,315
161,185,159
161,191,155
161,193,170
161,213,330
161,236,197
161,238,212
161,239,356
161,240,329
161,249,337
161,250,521
161,251,440
161,263,324
161,264,265
161,265,379
161,266,278
161,267,271
161,270,261
161,271,262
161,273,162
161,276,427
161,277,253
161,278,233
161,279,341
161,294,207
161,295,343
161,296,361
161,297,274
161,309,368
161,310,196
161,322,157
161,330,259
161,333,344
161,334,168
161,335,157
161,336,183
161,339,643
161,340,382
161,341,242
161,345,316
161,346,151
161,353,371
161,355,255
161,356,271
161,361,170
161,393,349
161,409,404
161,413,170
161,416,266
161,417,247
161,427,150
161,442,225
161,445,253
161,451,209
161,452,438
161,460,220
161,501,638
161,521,157
161,522,167
161,540,307
161,541,247
161,570,285
161,582,387
161,584,209
161,585,399
161,586,443
161,587,267
161,591,319
161,592,268
161,597,531
161,601,258
161,653,196
161,654,257
161,664,152
161,685,285
161,686,183
161,687,184
161,690,314
161,691,277
161,692,251
161,694,154
161,701,217
161,708,179
161,718,157
161,731,181
161,751,269
161,752,202
161,753,204
161,757,208
161,760,228
161,780,207
161,782,366
161,784,179
161,815,161
161,830,379
161,831,193
161,832,152
161,843,236
161,845,817
161,846,900
161,847,614
161,849,345
161,860,166
161,861,303
161,865,311
161,867,425
161,873,197
161,908,176
161,930,205
161,931,244
161,932,257
161,933,170
161,944,154
161,947,181
161,951,219
161,954,156
161,955,166
161,960,162
161,965,176
162,163,969
162,164,688
162,165,989
162,166,763
162,167,585
162,170,162
162,171,265
162,172,444
162,173,343
162,175,346
162,176,316
162,177,450
162,178,199
162,179,550
162,180,468
162,181,550
162,182,589
162,183,387
162,184,296
162,185,271
162,186,250
162,190,155
162,191,213
162,192,204
162,193,195
162,197,202
162,213,181
162,218,179
162,221,183
162,236,174
162,238,221
162,239,323
162,240,434
162,241,355
162,244,209
162,249,586
162,250,568
162,251,367
162,263,620
162,264,333
162,265,655
162,266,608
162,267,608
162,269,251
162,270,278
162,271,226
162,272,187
162,273,154
162,274,211
162,276,615
162,277,571
162,278,274
162,279,338
162,290,173
162,293,154
162,294,230
162,295,394
162,296,536
162,297,374
162,304,185
162,306,156
162,307,163
162,309,402
162,310,251
162,322,276
162,330,286
162,333,825
162,334,270
162,336,206
162,339,306
162,340,372
162,341,422
162,345,399
162,346,370
162,355,263
162,356,330
162,361,264
162,365,284
162,383,183
162,406,198
162,409,231
162,413,196
162,416,328
162,417,238
162,427,153
162,438,151
162,442,421
162,445,226
162,451,229
162,452,478
162,460,226
162,474,200
162,501,544
162,504,172
162,505,245
162,511,156
162,521,180
162,522,185
162,541,277
162,544,155
162,570,211
162,582,421
162,584,258
162,585,434
162,586,472
162,587,201
162,591,306
162,592,261
162,596,355
162,597,577
162,601,313
162,609,235
162,615,156
162,653,225
162,654,272
162,655,478
162,664,174
162,685,399
162,687,253
162,688,202
162,690,312
162,691,388
162,692,288
162,693,183
162,701,161
162,707,223
162,718,199
162,731,236
162,740,158
162,751,410
162,752,312
162,753,213
162,756,187
162,757,224
162,760,229
162,761,236
162,780,198
162,798,176
162,815,283
162,825,348
162,827,216
162,830,293
162,831,257
162,832,177
162,843,294
162,845,695
162,846,820
162,847,635
162,849,340
162,854,229
162,855,192
162,860,342
162,861,276
162,865,533
162,867,404
162,870,172
162,873,228
162,880,172
162,908,243
162,930,238
162,931,194
162,932,242
162,933,420
162,940,203
162,944,206
162,947,163
162,951,291
162,952,186
162,954,194
162,956,159
162,958,164
162,959,216
162,960,295
162,965,277
162,966,157
162,978,167
162,981,155
163,164,959
163,165,990
163,166,774
163,167,606
163,170,230
163,171,253
163,172,236
163,173,296
163,175,246
163,176,277
163,177,241
163,179,624
163,180,347
163,181,540
163,182,579
163,183,264
163,184,333
163,185,204
163,186,188
163,190,229
163,217,172
163,236,303
163,238,247
163,239,341
163,240,532
163,244,290
163,249,442
163,250,685
163,251,653
163,263,374
163,264,306
163,265,412
163,266,335
163,267,417
163,269,195
163,270,285
163,271,266
163,272,168
163,274,175
163,276,654
163,277,476
163,278,248
163,279,574
163,290,186
163,291,186
163,293,180
163,294,341
163,295,423
163,296,375
163,297,290
163,304,177
163,309,297
163,310,202
163,322,244
163,329,224
163,330,238
163,333,391
163,334,164
163,335,476
163,339,229
163,340,620
163,341,339
163,345,433
163,346,309
163,355,282
163,356,555
163,361,341
163,366,168
163,383,196
163,406,225
163,408,154
163,409,179
163,413,167
163,416,352
163,417,334
163,419,411
163,445,265
163,451,179
163,452,562
163,460,206
163,481,165
163,501,410
163,505,192
163,521,244
163,522,212
163,540,158
163,541,207
163,570,231
163,582,495
163,584,222
163,585,462
163,586,452
163,587,255
163,591,282
163,592,255
163,594,361
163,597,530
163,601,179
163,609,198
163,628,212
163,632,167
163,653,361
163,654,220
163,655,691
163,661,153
163,685,395
163,686,199
163,687,169
163,688,160
163,690,438
163,691,294
163,692,222
163,693,200
163,701,232
163,703,156
163,706,154
163,707,216
163,708,186
163,740,185
163,751,344
163,752,196
163,753,220
163,756,289
163,757,233
163,760,219
163,786,349
163,815,200
163,825,299
163,830,236
163,831,272
163,832,165
163,843,246
163,845,814
163,846,777
163,847,616
163,849,273
163,860,215
163,861,173
163,865,239
163,867,639
163,870,169
163,908,275
163,930,220
163,931,240
163,932,244
163,933,168
163,944,168
163,947,210
163,951,233
163,960,280
164,165,768
164,166,695
164,167,608
164,171,284
164,172,199
164,173,276
164,175,151
164,176,277
164,177,506
164,178,160
164,179,544
164,180,554
164,181,453
164,182,401
164,183,502
164,184,366
164,186,287
164,190,219
164,191,164
164,192,266
164,194,150
164,198,242
164,213,459
164,236,209
164,238,169
164,239,294
164,240,349
164,244,270
164,248,229
164,249,438
164,250,523
164,251,256
164,263,388
164,264,315
164,265,342
164,266,198
164,267,191
164,268,184
164,269,218
164,270,155
164,271,317
164,276,729
164,277,786
164,278,194
164,279,392
164,287,154
164,292,172
164,294,653
164,295,365
164,296,285
164,297,326
164,299,163
164,309,404
164,310,275
164,322,331
164,330,164
164,333,205
164,334,246
164,335,212
164,336,349
164,339,475
164,340,529
164,341,494
164,345,456
164,355,235
164,356,391
164,361,222
164,380,248
164,406,205
164,409,198
164,416,331
164,417,273
164,438,162
164,445,214
164,451,222
164,452,434
164,474,244
164,501,476
164,503,243
164,504,172
164,505,435
164,508,585
164,540,190
164,541,476
164,570,174
164,578,240
164,580,216
164,582,577
164,584,196
164,585,397
164,586,489
164,587,305
164,591,251
164,592,281
164,594,196
164,597,932
164,601,343
164,602,195
164,615,267
164,628,245
164,632,350
164,653,173
164,654,229
164,655,776
164,673,182
164,685,388
164,687,187
164,690,247
164,691,490
164,692,383
164,693,308
164,694,216
164,699,240
164,701,173
164,705,259
164,707,199
164,708,499
164,718,448
164,731,306
164,751,361
164,752,401
164,756,165
164,757,178
164,760,186
164,780,185
164,815,292
164,825,466
164,826,181
164,827,241
164,829,216
164,832,166
164,843,176
164,845,687
164,846,769
164,847,577
164,849,279
164,854,167
164,860,247
164,861,210
164,863,233
164,865,433
164,867,384
164,873,390
164,908,243
164,930,207
164,931,206
164,932,236
164,933,564
164,944,177
164,952,156
164,954,271
164,959,176
164,960,177
164,965,522
164,966,189
165,166,732
165,167,789
165,171,234
165,172,342
165,173,375
165,175,315
165,176,364
165,177,460
165,179,774
165,180,587
165,181,586
165,182,567
165,183,385
165,184,349
165,185,154
165,186,316
165,190,201
165,191,155
165,192,150
165,193,152
165,194,190
165,218,221
165,227,161
165,236,340
165,238,242
165,239,389
165,240,430
165,244,319
165,248,161
165,249,522
165,250,623
165,251,397
165,263,508
165,264,648
165,265,503
165,266,363
165,267,350
165,268,163
165,269,223
165,270,351
165,271,267
165,272,283
165,273,470
165,274,198
165,276,952
165,277,947
165,278,387
165,279,726
165,287,159
165,291,161
165,292,211
165,294,864
165,295,456
165,296,431
165,297,351
165,304,211
165,306,193
165,307,191
165,309,309
165,310,231
165,322,194
165,330,232
165,333,296
165,334,627
165,335,403
165,336,220
165,339,341
165,340,709
165,341,498
165,345,663
165,346,255
165,355,243
165,356,500
165,361,285
165,406,232
165,409,266
165,413,238
165,416,437
165,417,230
165,419,152
165,427,160
165,445,363
165,451,220
165,452,521
165,453,152
165,454,232
165,460,197
165,463,325
165,474,227
165,479,232
165,497,157
165,501,491
165,505,222
165,521,198
165,522,272
165,533,181
165,541,318
165,544,183
165,570,255
165,580,183
165,582,539
165,584,296
165,585,486
165,586,491
165,587,268
165,591,294
165,592,281
165,594,212
165,597,724
165,601,361
165,628,306
165,632,208
165,653,224
165,654,317
165,655,892
165,685,476
165,687,196
165,690,396
165,691,456
165,692,442
165,693,210
165,699,263
165,700,151
165,701,261
165,702,194
165,705,174
165,706,182
165,707,288
165,708,220
165,718,303
165,731,276
165,740,212
165,750,193
165,751,334
165,752,394
165,756,156
165,757,195
165,760,265
165,761,240
165,776,163
165,780,179
165,825,489
165,827,203
165,828,174
165,830,238
165,831,191
165,835,164
165,843,350
165,845,580
165,846,868
165,847,681
165,849,333
165,855,240
165,860,311
165,861,273
165,862,155
165,863,172
165,865,482
165,867,434
165,870,212
165,873,349
165,908,252
165,930,201
165,931,206
165,932,254
165,933,518
165,944,179
165,947,231
165,951,235
165,954,250
165,959,277
165,965,269
165,966,169
166,167,776
166,171,204
166,172,276
166,173,278
166,175,303
166,176,305
166,177,226
166,179,264
166,180,253
166,181,459
166,182,393
166,183,316
166,184,213
166,185,187
166,186,264
166,213,153
166,218,187
166,235,152
166,236,233
166,238,248
166,239,285
166,240,221
166,249,261
166,250,324
166,251,362
166,263,401
166,264,453
166,265,401
166,266,285
166,267,253
166,269,158
166,270,448
166,271,156
166,276,288
166,279,218
166,287,159
166,291,190
166,295,373
166,296,439
166,297,250
166,306,156
166,307,214
166,309,154
166,330,253
166,333,263
166,335,202
166,339,261
166,340,299
166,341,223
166,345,322
166,346,185
166,355,266
166,356,413
166,361,210
166,407,209
166,417,241
166,445,181
166,452,334
166,454,232
166,460,166
166,501,381
166,521,192
166,522,191
166,570,308
166,582,303
166,584,165
166,585,349
166,586,355
166,587,152
166,591,313
166,592,173
166,597,449
166,609,161
166,628,314
166,632,214
166,653,181
166,654,173
166,690,231
166,691,178
166,692,189
166,693,198
166,694,173
166,701,154
166,707,169
166,708,236
166,718,171
166,825,223
166,829,166
166,831,163
166,843,156
166,845,569
166,846,592
166,847,673
166,849,276
166,861,276
166,863,172
166,865,296
166,867,390
166,870,217
166,908,265
166,932,224
166,933,193
166,951,271
166,954,150
166,957,219
166,958,210
167,172,225
167,173,295
167,175,204
167,176,270
167,178,237
167,181,275
167,182,280
167,183,199
167,184,322
167,186,204
167,190,154
167,217,200
167,239,212
167,240,279
167,249,164
167,250,255
167,251,184
167,263,285
167,264,234
167,265,194
167,266,415
167,267,201
167,270,159
167,271,279
167,272,176
167,274,242
167,295,241
167,296,391
167,297,300
167,309,199
167,322,246
167,333,206
167,335,152
167,336,207
167,341,177
167,346,161
167,355,151
167,399,168
167,416,170
167,417,194
167,451,232
167,452,182
167,460,180
167,498,156
167,501,205
167,505,241
167,540,454
167,570,269
167,575,375
167,582,161
167,584,275
167,585,273
167,586,455
167,592,209
167,594,171
167,596,170
167,597,375
167,653,164
167,678,164
167,686,181
167,693,204
167,699,185
167,700,168
167,752,222
167,794,210
167,796,163
167,806,213
167,815,228
167,826,282
167,827,221
167,843,245
167,845,747
167,846,720
167,847,604
167,849,309
167,861,270
167,863,187
167,865,227
167,867,262
167,873,194
167,930,205
167,932,245
167,933,214
167,947,156
167,959,160
167,960,237
168,169,999
168,222,152
168,229,247
168,232,160
168,241,395
168,253,341
168,255,173
168,260,157
168,289,193
168,300,175
168,303,175
168,307,261
168,308,172
168,312,217
168,313,171
168,315,246
168,337,199
168,346,166
168,350,244
168,357,182
168,358,153
168,364,255
168,365,214
168,375,346
168,404,229
168,406,361
168,418,502
168,420,311
168,421,413
168,439,152
168,455,161
168,456,161
168,458,163
168,459,228
168,469,156
168,472,238
168,478,198
168,480,166
168,483,503
168,485,169
168,486,176
168,499,184
168,518,619
168,523,157
168,536,166
168,537,758
168,539,515
168,552,163
168,567,162
168,568,560
168,569,540
168,571,219
168,583,433
168,609,542
168,610,245
168,612,544
168,616,425
168,618,497
168,619,327
168,626,728
168,627,272
168,640,181
168,656,181
168,667,260
168,712,179
168,729,196
168,736,481
168,739,365
168,740,278
168,741,482
168,746,194
168,755,166
168,770,553
168,773,182
168,782,342
168,784,169
168,789,450
168,796,197
168,817,216
168,834,252
168,842,296
168,915,191
168,943,153
168,968,178
168,972,153
168,977,190
168,980,184
169,229,183
169,232,165
169,260,155
169,289,163
169,312,243
169,313,157
169,315,181
169,337,163
169,346,151
169,350,212
169,364,183
169,404,302
169,405,205
169,418,443
169,421,405
169,442,183
169,455,289
169,468,154
169,469,157
169,470,166
169,472,154
169,483,455
169,499,150
169,518,412
169,537,676
169,539,393
169,545,256
169,552,214
169,568,448
169,569,587
169,583,462
169,609,486
169,610,280
169,612,513
169,616,421
169,618,421
169,619,224
169,626,795
169,640,195
169,650,165
169,667,223
169,712,198
169,730,227
169,732,151
169,736,448
169,739,265
169,740,154
169,741,406
169,742,193
169,746,184
169,782,356
169,789,448
169,795,174
169,796,161
169,797,214
169,799,199
169,842,158
169,915,277
169,943,234
169,970,195
169,971,178
169,972,177
169,977,229
169,980,154
169,982,173
170,171,352
170,172,179
170,173,324
170,180,170
170,181,152
170,182,201
170,190,212
170,206,151
170,221,541
170,229,179
170,232,931
170,233,161
170,235,210
170,236,151
170,237,171
170,238,393
170,239,507
170,240,537
170,244,201
170,248,173
170,249,547
170,263,676
170,264,486
170,265,385
170,266,435
170,267,428
170,268,178
170,269,296
170,271,163
170,272,342
170,273,214
170,274,354
170,286,361
170,289,287
170,300,312
170,305,249
170,315,183
170,319,150
170,327,279
170,333,385
170,339,449
170,346,981
170,349,220
170,350,153
170,354,188
170,355,506
170,356,502
170,360,265
170,363,387
170,366,223
170,367,166
170,368,171
170,369,151
170,373,983
170,384,390
170,393,206
170,395,153
170,397,151
170,400,280
170,402,163
170,406,233
170,410,280
170,416,522
170,417,470
170,419,310
170,431,190
170,433,190
170,434,168
170,435,168
170,442,392
170,445,163
170,447,152
170,448,962
170,449,918
170,450,220
170,452,163
170,455,255
170,457,256
170,460,167
170,473,972
170,477,209
170,478,180
170,480,251
170,481,261
170,482,153
170,483,185
170,487,332
170,488,181
170,494,262
170,503,165
170,504,150
170,507,150
170,513,154
170,534,150
170,540,995
170,544,154
170,549,904
170,554,151
170,557,167
170,563,173
170,565,230
170,566,186
170,567,250
170,570,206
170,580,265
170,581,170
170,582,195
170,584,189
170,587,444
170,591,548
170,592,436
170,594,152
170,609,157
170,614,182
170,615,188
170,616,161
170,617,161
170,626,197
170,632,446
170,635,166
170,640,192
170,642,173
170,643,161
170,644,161
170,645,161
170,647,230
170,648,159
170,653,167
170,654,183
170,655,172
170,656,173
170,664,197
170,665,151
170,668,692
170,669,163
170,716,209
170,729,177
170,736,159
170,739,230
170,740,219
170,757,257
170,770,178
170,771,159
170,776,186
170,778,154
170,782,186
170,789,200
170,809,194
170,814,193
170,815,161
170,835,420
170,843,221
170,855,308
170,860,218
170,862,191
170,863,191
170,864,243
170,865,260
170,929,150
170,932,432
170,937,161
170,941,171
170,944,167
170,964,335
170,975,177
171,172,775
171,173,519
171,175,632
171,176,189
171,177,738
171,178,605
171,179,216
171,180,273
171,181,361
171,182,417
171,183,207
171,184,163
171,186,735
171,190,257
171,200,155
171,212,163
171,213,179
171,215,222
171,221,224
171,223,171
171,224,157
171,229,336
171,230,185
171,233,202
171,236,235
171,237,367
171,238,725
171,239,807
171,240,831
171,242,305
171,244,366
171,248,273
171,249,239
171,250,348
171,251,235
171,261,227
171,262,189
171,263,443
171,264,215
171,265,491
171,266,254
171,267,270
171,269,258
171,270,731
171,271,182
171,272,579
171,273,192
171,274,349
171,276,314
171,278,245
171,279,232
171,280,497
171,281,155
171,282,414
171,286,213
171,288,791
171,289,159
171,290,300
171,291,222
171,293,154
171,294,273
171,295,292
171,296,268
171,297,203
171,300,530
171,307,196
171,309,188
171,310,156
171,312,212
171,315,286
171,317,177
171,319,185
171,320,150
171,322,238
171,327,181
171,328,224
171,336,174
171,338,374
171,339,539
171,340,234
171,341,276
171,344,177
171,345,237
171,346,433
171,347,688
171,355,150
171,356,198
171,357,425
171,360,456
171,361,239
171,362,395
171,363,178
171,366,347
171,367,280
171,383,306
171,384,162
171,387,165
171,391,159
171,392,195
171,393,181
171,394,152
171,400,552
171,406,320
171,413,676
171,416,181
171,419,383
171,421,246
171,427,817
171,429,176
171,440,218
171,442,167
171,445,337
171,447,402
171,450,259
171,452,359
171,453,289
171,454,716
171,463,493
171,474,186
171,481,347
171,483,677
171,485,179
171,490,172
171,493,668
171,501,343
171,503,188
171,505,347
171,509,177
171,511,195
171,512,249
171,518,150
171,524,193
171,525,183
171,533,179
171,537,167
171,540,830
171,541,313
171,544,377
171,550,758
171,565,166
171,566,548
171,567,520
171,569,237
171,570,999
171,575,369
171,576,217
171,580,727
171,581,271
171,582,340
171,585,259
171,586,263
171,587,174
171,588,264
171,591,152
171,596,706
171,597,414
171,604,165
171,606,336
171,609,244
171,612,175
171,613,150
171,618,175
171,619,176
171,628,181
171,632,196
171,635,201
171,636,159
171,638,252
171,640,245
171,643,153
171,648,250
171,656,252
171,665,153
171,667,220
171,668,180
171,672,193
171,673,271
171,674,351
171,675,186
171,682,201
171,683,166
171,685,174
171,690,212
171,691,338
171,692,302
171,707,152
171,710,625
171,714,316
171,715,457
171,716,248
171,719,159
171,733,268
171,734,219
171,736,203
171,737,256
171,740,447
171,745,231
171,751,152
171,756,470
171,757,345
171,758,161
171,760,252
171,763,231
171,770,313
171,771,607
171,774,183
171,776,155
171,778,180
171,786,218
171,787,225
171,789,248
171,792,322
171,798,550
171,799,197
171,804,204
171,815,214
171,843,245
171,846,266
171,849,186
171,850,186
171,855,715
171,860,697
171,865,292
171,867,265
171,877,152
171,933,234
171,947,229
171,965,330
172,173,230
172,175,967
172,176,173
172,177,191
172,178,742
172,179,183
172,180,521
172,181,388
172,182,484
172,183,229
172,184,196
172,186,165
172,190,236
172,216,256
172,220,236
172,228,208
172,229,442
172,230,204
172,233,215
172,236,212
172,237,358
172,238,485
172,239,236
172,240,563
172,242,158
172,244,185
172,249,625
172,250,323
172,251,288
172,263,592
172,264,240
172,265,269
172,266,289
172,267,384
172,269,183
172,270,253
172,271,183
172,272,459
172,273,636
172,274,205
172,275,184
172,276,218
172,278,223
172,279,235
172,280,618
172,282,338
172,290,510
172,291,334
172,294,510
172,295,400
172,296,325
172,297,256
172,300,375
172,309,241
172,310,287
172,312,494
172,315,495
172,321,207
172,322,390
172,325,224
172,326,278
172,328,256
172,330,171
172,336,161
172,338,328
172,339,390
172,340,278
172,341,216
172,342,153
172,343,227
172,344,805
172,345,267
172,346,870
172,355,381
172,356,366
172,357,185
172,361,230
172,362,261
172,367,201
172,368,278
172,372,155
172,373,175
172,374,155
172,383,259
172,384,275
172,406,161
172,413,632
172,414,393
172,416,365
172,417,398
172,419,327
172,427,556
172,442,583
172,445,270
172,448,249
172,452,399
172,460,277
172,468,517
172,475,154
172,478,651
172,479,164
172,481,333
172,483,603
172,486,719
172,487,163
172,501,703
172,504,164
172,505,615
172,509,395
172,510,270
172,517,152
172,518,150
172,524,225
172,525,249
172,540,487
172,541,226
172,544,160
172,550,732
172,566,360
172,567,419
172,569,216
172,570,627
172,580,564
172,581,562
172,582,297
172,583,176
172,584,284
172,585,529
172,586,180
172,587,532
172,588,351
172,590,217
172,591,476
172,592,246
172,596,391
172,597,180
172,606,392
172,609,193
172,612,195
172,614,177
172,619,187
172,628,164
172,632,202
172,634,219
172,638,341
172,642,200
172,643,150
172,644,150
172,645,227
172,646,168
172,648,152
172,653,293
172,655,185
172,656,220
172,665,155
172,672,187
172,673,186
172,674,376
172,675,372
172,677,330
172,678,286
172,685,605
172,687,240
172,690,242
172,691,363
172,692,190
172,693,182
172,694,196
172,710,215
172,714,153
172,734,150
172,737,181
172,740,568
172,742,491
172,745,422
172,749,370
172,760,163
172,765,299
172,770,236
172,771,654
172,776,163
172,786,208
172,789,197
172,792,272
172,798,543
172,815,485
172,835,327
172,843,180
172,846,404
172,847,230
172,849,220
172,860,465
172,861,493
172,862,265
172,863,195
172,864,234
172,865,266
172,867,259
172,870,192
172,931,150
172,932,267
172,933,255
172,951,263
172,954,316
172,956,403
172,958,199
172,959,475
172,960,303
172,965,153
172,966,163
173,176,484
173,177,235
173,178,230
173,179,215
173,180,354
173,181,471
173,182,441
173,183,306
173,184,310
173,185,155
173,190,347
173,194,380
173,221,399
173,227,340
173,237,293
173,238,558
173,239,721
173,240,617
173,248,181
173,249,640
173,250,457
173,251,410
173,263,307
173,264,275
173,265,991
173,266,282
173,267,448
173,268,273
173,269,255
173,270,534
173,271,588
173,272,804
173,273,629
173,274,977
173,275,153
173,276,286
173,279,225
173,280,278
173,282,235
173,295,362
173,296,360
173,297,316
173,300,224
173,322,157
173,330,170
173,338,164
173,339,371
173,340,286
173,341,427
173,344,354
173,345,183
173,346,573
173,355,245
173,356,337
173,361,167
173,373,227
173,382,395
173,406,204
173,413,249
173,414,170
173,415,488
173,416,234
173,417,171
173,419,264
173,427,212
173,445,655
173,450,207
173,452,339
173,453,440
173,460,263
173,474,151
173,478,267
173,481,209
173,483,210
173,501,505
173,503,153
173,505,174
173,510,154
173,515,512
173,520,217
173,540,355
173,541,251
173,544,164
173,566,152
173,567,196
173,570,263
173,580,425
173,582,325
173,584,395
173,585,381
173,586,406
173,587,268
173,591,166
173,592,181
173,596,260
173,597,405
173,601,367
173,602,162
173,611,184
173,614,182
173,645,150
173,648,166
173,653,280
173,654,251
173,664,388
173,665,369
173,668,159
173,669,160
173,673,204
173,674,188
173,679,409
173,685,200
173,690,159
173,691,216
173,692,261
173,693,171
173,696,189
173,698,174
173,699,214
173,703,158
173,714,207
173,718,231
173,740,201
173,745,172
173,750,216
173,751,339
173,752,321
173,753,224
173,757,174
173,760,189
173,777,520
173,789,195
173,790,154
173,815,389
173,824,157
173,827,160
173,830,218
173,831,191
173,843,240
173,845,390
173,846,333
173,847,166
173,849,250
173,855,479
173,860,540
173,861,186
173,862,438
173,863,411
173,864,380
173,865,548
173,867,413
173,873,178
173,908,185
173,929,165
173,931,169
173,932,200
173,933,212
173,937,165
173,944,228
173,947,188
173,954,370
173,957,171
173,959,185
173,960,192
173,965,166
175,176,163
175,177,188
175,178,200
175,180,156
175,181,306
175,182,301
175,183,173
175,190,161
175,194,274
175,196,204
175,216,154
175,226,165
175,228,178
175,238,459
175,239,185
175,240,218
175,249,351
175,250,205
175,251,238
175,263,309
175,264,190
175,265,194
175,266,245
175,267,292
175,268,179
175,269,333
175,270,276
175,271,192
175,272,345
175,273,468
175,274,151
175,280,179
175,282,201
175,290,272
175,291,178
175,294,311
175,295,268
175,296,300
175,306,246
175,321,214
175,326,364
175,335,165
175,336,188
175,338,217
175,339,205
175,340,213
175,341,160
175,344,221
175,345,159
175,346,730
175,351,343
175,355,354
175,356,307
175,361,168
175,372,186
175,373,155
175,374,158
175,383,203
175,406,362
175,413,373
175,414,231
175,416,314
175,417,343
175,427,530
175,431,166
175,437,315
175,442,531
175,460,193
175,468,499
175,478,466
175,486,167
175,501,298
175,525,187
175,540,167
175,541,176
175,547,197
175,550,517
175,566,234
175,567,151
175,570,613
175,580,194
175,585,190
175,586,271
175,587,393
175,591,377
175,592,235
175,596,484
175,598,160
175,634,189
175,653,153
175,671,340
175,675,181
175,677,243
175,678,254
175,685,243
175,687,207
175,690,167
175,691,180
175,755,294
175,760,213
175,771,531
175,798,673
175,815,198
175,828,252
175,843,425
175,845,159
175,846,411
175,847,161
175,861,182
175,862,279
175,863,311
175,864,403
175,867,173
175,930,234
175,932,214
175,933,224
175,956,359
175,958,329
175,959,263
175,960,209
176,177,910
176,178,307
176,179,221
176,180,244
176,181,325
176,182,335
176,183,192
176,184,244
176,186,304
176,212,258
176,213,196
176,214,204
176,215,220
176,217,298
176,218,284
176,223,170
176,236,156
176,240,161
176,249,483
176,250,300
176,251,184
176,263,186
176,264,193
176,265,200
176,266,163
176,269,180
176,270,453
176,272,369
176,273,391
176,276,240
176,280,184
176,292,374
176,294,159
176,295,503
176,296,229
176,297,209
176,309,164
176,312,164
176,316,403
176,336,198
176,339,164
176,340,192
176,345,180
176,346,228
176,355,370
176,356,522
176,361,242
176,385,200
176,415,455
176,416,464
176,417,442
176,419,313
176,427,163
176,446,179
176,451,405
176,452,235
176,453,244
176,454,364
176,460,497
176,478,163
176,481,209
176,501,929
176,503,282
176,515,449
176,519,198
176,540,188
176,547,201
176,580,241
176,583,159
176,584,268
176,585,231
176,586,315
176,591,454
176,592,391
176,596,311
176,597,159
176,604,190
176,632,176
176,654,255
176,663,182
176,674,159
176,685,206
176,690,200
176,692,196
176,705,188
176,740,163
176,756,278
176,777,499
176,789,163
176,798,604
176,802,414
176,815,156
176,843,170
176,846,229
176,847,178
176,849,473
176,861,933
176,862,249
176,864,188
176,865,171
176,867,305
176,930,297
176,931,278
176,932,346
176,933,185
176,944,549
176,949,163
176,951,254
176,965,153
176,966,187
177,178,261
177,179,201
177,180,547
177,181,452
177,182,471
177,183,353
177,184,225
177,185,160
177,186,395
177,190,209
177,192,152
177,199,169
177,213,450
177,215,449
177,223,226
177,237,162
177,239,164
177,240,290
177,244,203
177,249,513
177,250,396
177,251,268
177,263,316
177,264,257
177,265,530
177,266,177
177,267,156
177,269,167
177,270,908
177,271,177
177,272,400
177,273,244
177,274,366
177,275,199
177,276,166
177,279,159
177,280,198
177,295,496
177,296,268
177,297,166
177,300,183
177,309,194
177,310,162
177,312,183
177,315,159
177,321,204
177,322,545
177,326,151
177,334,216
177,336,228
177,338,157
177,339,266
177,340,536
177,341,327
177,344,175
177,345,398
177,346,200
177,355,544
177,356,558
177,361,250
177,367,153
177,392,173
177,406,291
177,409,203
177,413,364
177,415,489
177,416,597
177,417,547
177,419,273
177,427,196
177,437,357
177,445,230
177,451,398
177,452,319
177,474,251
177,479,160
177,481,201
177,483,200
177,501,950
177,505,236
177,511,228
177,515,483
177,516,199
177,540,201
177,541,305
177,544,159
177,547,164
177,566,155
177,567,153
177,570,179
177,580,195
177,582,211
177,585,262
177,586,294
177,587,203
177,591,465
177,592,398
177,596,452
177,597,366
177,601,254
177,609,161
177,614,181
177,615,165
177,628,181
177,642,152
177,645,180
177,652,172
177,670,904
177,671,931
177,679,167
177,685,290
177,687,211
177,688,160
177,690,168
177,691,362
177,692,203
177,693,150
177,694,218
177,699,194
177,702,150
177,703,178
177,704,224
177,707,201
177,718,401
177,731,184
177,740,224
177,751,247
177,752,261
177,756,196
177,757,187
177,771,181
177,777,499
177,789,200
177,798,204
177,815,193
177,825,370
177,827,170
177,843,196
177,846,424
177,849,255
177,860,266
177,861,905
177,865,388
177,867,318
177,873,248
177,930,275
177,931,329
177,932,372
177,933,411
177,954,206
177,959,217
177,965,433
178,180,290
178,181,263
178,182,310
178,183,206
178,184,204
178,185,154
178,186,173
178,193,183
178,195,173
178,213,179
178,215,190
178,220,159
178,229,215
178,230,163
178,233,165
178,237,210
178,239,188
178,240,234
178,249,185
178,250,218
178,251,152
178,262,448
178,263,389
178,265,210
178,266,211
178,270,483
178,272,576
178,273,370
178,274,228
178,278,170
178,280,165
178,282,157
178,290,458
178,291,320
178,292,151
178,294,369
178,295,163
178,300,337
178,309,199
178,312,254
178,315,205
178,321,187
178,322,182
178,326,232
178,338,386
178,339,350
178,340,169
178,343,279
178,344,166
178,345,154
178,346,271
178,347,299
178,366,150
178,367,193
178,374,173
178,387,154
178,391,235
178,413,197
178,414,220
178,415,445
178,419,241
178,452,310
178,460,162
178,474,167
178,475,170
178,481,329
178,483,405
178,500,162
178,501,324
178,503,152
178,505,515
178,515,410
178,530,164
178,540,421
178,541,170
178,544,153
178,547,150
178,566,388
178,567,448
178,569,237
178,570,194
178,575,181
178,580,570
178,581,213
178,582,213
178,585,306
178,586,217
178,587,170
178,588,159
178,591,215
178,596,221
178,597,200
178,604,225
178,606,249
178,632,163
178,638,201
178,656,157
178,666,158
178,672,250
178,673,334
178,674,430
178,675,213
178,677,180
178,678,166
178,691,165
178,710,454
178,733,160
178,737,224
178,740,321
178,747,183
178,758,181
178,770,309
178,771,558
178,777,511
178,785,158
178,792,284
178,798,177
178,799,163
178,815,152
178,839,224
178,845,199
178,847,221
178,849,231
178,862,343
178,863,276
178,864,290
178,931,163
178,932,184
178,947,152
178,980,198
179,180,353
179,181,591
179,182,647
179,183,232
179,184,263
179,186,191
179,189,330
179,191,243
179,193,164
179,213,258
179,215,196
179,220,377
179,221,196
179,233,165
179,236,226
179,239,230
179,240,300
179,242,225
179,243,223
179,244,220
179,249,545
179,250,488
179,251,663
179,263,241
179,265,239
179,271,230
179,272,240
179,275,838
179,276,948
179,277,991
179,278,982
179,279,802
179,287,553
179,290,752
179,291,744
179,292,944
179,293,668
179,294,943
179,295,329
179,296,634
179,297,610
179,300,529
179,309,607
179,310,526
179,316,207
179,322,289
179,329,181
179,330,350
179,333,175
179,334,996
179,335,950
179,336,964
179,338,151
179,339,399
179,340,942
179,341,840
179,344,169
179,345,859
179,350,317
179,355,152
179,356,536
179,357,173
179,361,588
179,366,198
179,378,739
179,379,741
179,380,731
179,381,734
179,382,223
179,406,291
179,409,399
179,413,236
179,416,427
179,419,993
179,439,176
179,443,167
179,445,358
179,452,399
179,458,157
179,460,269
179,469,162
179,474,336
179,475,285
179,476,292
179,478,228
179,481,219
179,501,381
179,505,167
179,511,224
179,512,232
179,519,347
179,520,192
179,521,293
179,522,308
179,537,501
179,541,150
179,544,192
179,563,156
179,566,221
179,580,153
179,582,498
179,584,237
179,585,354
179,586,369
179,587,319
179,590,397
179,594,529
179,597,589
179,601,258
179,609,170
179,614,160
179,615,206
179,617,160
179,628,344
179,636,157
179,637,830
179,642,188
179,643,176
179,644,177
179,645,170
179,653,153
179,654,254
179,655,421
179,656,150
179,674,152
179,685,764
179,686,570
179,687,590
179,688,469
179,689,535
179,690,458
179,691,687
179,692,660
179,693,544
179,694,405
179,695,302
179,696,322
179,697,374
179,699,343
179,701,296
179,702,255
179,703,369
179,704,287
179,705,226
179,706,422
179,707,352
179,708,344
179,717,185
179,718,395
179,731,282
179,734,224
179,740,188
179,742,158
179,748,170
179,749,170
179,750,236
179,751,485
179,752,433
179,753,363
179,754,190
179,755,214
179,756,408
179,757,308
179,760,266
179,771,164
179,776,250
179,780,280
179,789,171
179,805,154
179,815,215
179,824,439
179,825,280
179,826,173
179,827,245
179,828,224
179,829,381
179,830,557
179,831,490
179,832,463
179,846,341
179,849,222
179,854,293
179,860,189
179,865,309
179,867,537
179,870,375
179,871,166
179,873,208
179,906,200
179,908,377
179,933,388
179,937,160
179,940,165
179,941,203
179,950,248
179,951,286
179,952,308
179,954,360
179,955,246
179,956,177
179,957,153
179,958,270
179,959,308
179,960,313
179,965,204
179,966,166
179,981,215
180,181,999
180,182,999
180,183,999
180,184,999
180,185,999
180,186,309
180,189,155
180,190,358
180,213,388
180,214,192
180,215,247
180,217,212
180,220,194
180,221,179
180,229,213
180,236,236
180,237,180
180,238,164
180,239,298
180,240,458
180,244,249
180,248,222
180,249,406
180,250,901
180,251,770
180,263,699
180,264,352
180,265,376
180,266,382
180,267,483
180,268,185
180,269,258
180,270,262
180,271,300
180,272,787
180,273,600
180,274,237
180,276,320
180,278,166
180,279,313
180,280,191
180,282,204
180,289,563
180,290,174
180,291,228
180,294,167
180,295,401
180,296,691
180,297,692
180,300,323
180,306,199
180,307,178
180,309,625
180,310,222
180,315,293
180,322,172
180,330,217
180,334,246
180,336,177
180,338,274
180,339,708
180,340,452
180,341,377
180,342,203
180,344,337
180,345,305
180,346,226
180,356,312
180,357,284
180,361,287
180,366,172
180,367,175
180,369,156
180,383,169
180,392,258
180,406,479
180,413,413
180,414,183
180,416,179
180,419,996
180,427,193
180,429,273
180,434,552
180,445,998
180,449,159
180,452,907
180,460,235
180,464,185
180,474,303
180,475,188
180,479,203
180,481,346
180,483,263
180,485,294
180,497,211
180,501,792
180,505,561
180,508,192
180,511,192
180,521,153
180,522,171
180,537,276
180,540,440
180,541,438
180,542,155
180,544,313
180,554,172
180,562,155
180,566,955
180,567,295
180,569,169
180,570,221
180,580,425
180,582,495
180,583,153
180,584,255
180,585,886
180,586,877
180,587,261
180,591,154
180,592,189
180,594,215
180,597,471
180,601,296
180,602,158
180,606,159
180,614,244
180,615,189
180,626,176
180,628,184
180,637,177
180,638,233
180,640,194
180,642,217
180,645,193
180,653,219
180,654,303
180,656,240
180,664,168
180,665,161
180,672,915
180,673,284
180,674,921
180,675,921
180,676,909
180,677,912
180,678,909
180,685,302
180,687,200
180,690,229
180,691,445
180,692,268
180,693,223
180,694,163
180,699,297
180,700,189
180,702,169
180,704,177
180,707,188
180,708,207
180,716,339
180,718,374
180,731,283
180,740,331
180,742,154
180,751,346
180,752,368
180,756,201
180,757,486
180,760,348
180,762,166
180,771,673
180,773,161
180,776,743
180,780,203
180,783,562
180,786,163
180,789,290
180,792,172
180,799,150
180,815,204
180,825,830
180,826,773
180,827,782
180,828,799
180,843,592
180,846,418
180,849,999
180,855,166
180,860,350
180,861,196
180,862,578
180,863,583
180,864,576
180,865,519
180,867,577
180,870,196
180,873,349
180,908,205
180,930,162
180,933,484
180,944,396
180,951,164
180,954,294
180,959,229
180,965,378
180,981,178
180,982,595
181,182,999
181,183,998
181,184,998
181,185,998
181,186,317
181,189,321
181,190,357
181,191,202
181,193,161
181,194,241
181,195,241
181,198,155
181,200,162
181,211,181
181,213,389
181,214,274
181,215,364
181,220,166
181,223,157
181,227,165
181,228,166
181,229,270
181,235,181
181,236,426
181,237,224
181,238,310
181,239,401
181,240,548
181,244,170
181,248,282
181,249,509
181,250,933
181,251,718
181,263,772
181,264,363
181,265,552
181,266,490
181,267,392
181,268,184
181,269,242
181,270,337
181,271,299
181,272,840
181,273,596
181,274,256
181,275,200
181,276,577
181,277,295
181,278,288
181,279,496
181,280,222
181,282,257
181,289,398
181,290,177
181,291,165
181,292,441
181,294,265
181,295,617
181,296,719
181,297,690
181,300,386
181,307,157
181,309,636
181,310,180
181,312,196
181,315,369
181,316,156
181,322,280
181,329,155
181,330,328
181,334,308
181,335,178
181,336,200
181,338,258
181,339,640
181,340,606
181,341,450
181,344,327
181,345,506
181,346,394
181,355,311
181,356,643
181,357,325
181,361,385
181,365,374
181,366,198
181,367,167
181,373,158
181,383,183
181,388,242
181,391,184
181,406,424
181,409,378
181,413,443
181,416,397
181,417,287
181,419,901
181,445,999
181,451,179
181,452,926
181,453,151
181,460,296
181,467,158
181,474,228
181,478,197
181,481,425
181,483,307
181,486,208
181,494,151
181,496,979
181,497,211
181,501,841
181,504,467
181,505,345
181,509,195
181,511,166
181,513,180
181,524,188
181,525,183
181,537,292
181,540,423
181,541,304
181,544,343
181,550,177
181,554,240
181,566,974
181,567,361
181,569,193
181,570,258
181,580,512
181,582,701
181,584,299
181,585,898
181,586,886
181,587,321
181,591,292
181,592,190
181,594,180
181,595,376
181,597,553
181,601,205
181,606,212
181,609,290
181,611,236
181,612,169
181,614,291
181,615,158
181,619,175
181,624,272
181,626,217
181,628,293
181,632,167
181,638,200
181,640,245
181,642,163
181,643,161
181,644,158
181,645,205
181,646,151
181,648,167
181,653,242
181,654,291
181,655,193
181,656,292
181,661,194
181,664,150
181,672,915
181,673,201
181,674,917
181,675,916
181,676,907
181,677,910
181,678,909
181,685,482
181,686,418
181,687,671
181,688,205
181,690,432
181,691,417
181,692,292
181,693,490
181,694,189
181,695,162
181,696,170
181,701,224
181,703,207
181,705,154
181,716,288
181,717,166
181,718,322
181,734,167
181,736,150
181,740,659
181,742,154
181,750,170
181,751,368
181,752,281
181,753,251
181,755,166
181,756,502
181,757,516
181,760,277
181,770,175
181,771,963
181,776,981
181,778,150
181,779,174
181,780,480
181,783,153
181,786,173
181,789,404
181,792,177
181,799,210
181,815,341
181,825,794
181,826,764
181,827,772
181,828,812
181,830,153
181,831,420
181,843,162
181,845,275
181,846,456
181,847,171
181,849,999
181,855,182
181,860,280
181,861,511
181,862,578
181,863,559
181,864,577
181,865,339
181,867,670
181,870,219
181,873,217
181,908,204
181,931,206
181,932,248
181,933,319
181,940,172
181,941,187
181,944,196
181,947,257
181,951,219
181,954,190
181,955,252
181,957,157
181,959,193
181,960,190
181,965,168
182,183,998
182,184,998
182,185,996
182,186,294
182,189,164
182,190,414
182,191,190
182,193,162
182,194,277
182,195,261
182,213,447
182,214,266
182,215,384
182,220,191
182,223,182
182,224,152
182,227,169
182,228,170
182,229,323
182,236,411
182,237,188
182,238,323
182,239,463
182,240,604
182,244,183
182,246,168
182,248,290
182,249,584
182,250,885
182,251,813
182,263,641
182,264,340
182,265,596
182,266,654
182,267,482
182,268,193
182,269,258
182,270,302
182,271,303
182,272,818
182,273,630
182,274,265
182,275,155
182,276,544
182,277,227
182,278,323
182,279,462
182,280,348
182,281,194
182,282,349
182,286,256
182,289,418
182,290,328
182,291,252
182,292,165
182,294,317
182,295,412
182,296,711
182,297,686
182,300,436
182,304,158
182,306,428
182,309,649
182,310,194
182,312,545
182,315,425
182,316,163
182,322,225
182,328,184
182,329,165
182,330,166
182,333,187
182,334,242
182,335,159
182,336,171
182,338,321
182,339,897
182,340,566
182,341,420
182,344,463
182,345,494
182,346,479
182,355,228
182,356,636
182,357,413
182,361,328
182,362,280
182,363,158
182,365,204
182,366,217
182,367,203
182,371,446
182,383,470
182,393,367
182,406,510
182,409,486
182,413,471
182,416,308
182,417,280
182,419,910
182,427,204
182,429,203
182,434,579
182,445,999
182,452,934
182,453,169
182,458,174
182,460,301
182,467,171
182,474,264
182,475,163
182,481,666
182,483,376
182,485,224
182,494,167
182,497,202
182,501,842
182,504,505
182,505,430
182,508,203
182,509,209
182,511,177
182,512,200
182,513,180
182,518,157
182,521,223
182,522,182
182,524,273
182,525,228
182,537,452
182,540,462
182,541,357
182,544,355
182,550,229
182,552,165
182,554,264
182,566,984
182,567,773
182,569,227
182,570,251
182,580,598
182,581,166
182,582,574
182,584,319
182,585,853
182,586,823
182,587,345
182,591,248
182,592,196
182,594,258
182,595,386
182,597,581
182,601,205
182,606,295
182,609,361
182,610,185
182,611,218
182,612,211
182,613,181
182,614,300
182,617,170
182,619,195
182,624,214
182,626,244
182,628,251
182,632,177
182,638,248
182,640,293
182,642,220
182,643,224
182,644,196
182,645,254
182,648,186
182,653,313
182,654,344
182,655,186
182,656,346
182,661,199
182,672,160
182,673,246
182,674,316
182,675,263
182,677,178
182,685,612
182,686,258
182,687,359
182,689,179
182,690,461
182,691,450
182,692,372
182,693,250
182,694,204
182,701,311
182,703,153
182,704,196
182,707,168
182,716,357
182,717,154
182,718,305
182,721,213
182,734,201
182,736,198
182,737,189
182,740,510
182,742,226
182,749,153
182,751,358
182,752,230
182,753,223
182,756,538
182,757,537
182,760,331
182,770,199
182,771,933
182,776,993
182,778,203
182,779,205
182,780,201
182,783,582
182,786,250
182,789,478
182,791,167
182,792,222
182,799,209
182,814,161
182,815,352
182,825,800
182,826,763
182,827,767
182,828,822
182,830,168
182,831,241
182,843,229
182,845,163
182,846,396
182,849,999
182,853,158
182,855,160
182,860,305
182,861,487
182,862,587
182,863,573
182,864,582
182,865,374
182,867,726
182,873,177
182,931,165
182,932,252
182,933,298
182,941,175
182,944,186
182,947,274
182,951,224
182,959,157
182,960,187
182,965,213
182,981,384
182,982,516
183,184,998
183,185,996
183,186,156
183,189,177
183,190,152
183,191,216
183,192,183
183,213,291
183,214,184
183,215,254
183,235,269
183,236,268
183,238,237
183,239,386
183,240,373
183,244,163
183,248,192
183,249,299
183,250,822
183,251,714
183,263,400
183,264,315
183,265,363
183,266,245
183,267,254
183,268,153
183,269,193
183,270,223
183,271,199
183,272,803
183,273,657
183,274,198
183,276,227
183,277,183
183,278,163
183,279,186
183,289,271
183,291,202
183,295,459
183,296,692
183,297,692
183,309,600
183,330,319
183,334,168
183,335,184
183,336,226
183,339,344
183,340,234
183,341,248
183,345,190
183,346,225
183,355,217
183,356,340
183,361,220
183,365,165
183,383,201
183,406,193
183,409,159
183,413,273
183,416,245
183,417,252
183,419,758
183,445,990
183,446,153
183,451,201
183,452,829
183,460,266
183,481,171
183,501,621
183,505,309
183,511,154
183,521,199
183,540,225
183,541,268
183,544,266
183,566,922
183,570,194
183,580,282
183,582,356
183,584,298
183,585,824
183,586,809
183,587,203
183,591,252
183,592,218
183,597,411
183,601,178
183,626,369
183,642,161
183,654,290
183,655,201
183,672,917
183,673,284
183,674,909
183,675,905
183,676,906
183,677,923
183,678,906
183,685,231
183,687,214
183,690,246
183,691,326
183,692,208
183,693,182
183,699,283
183,701,159
183,705,172
183,718,234
183,731,173
183,733,493
183,740,185
183,751,262
183,752,229
183,756,198
183,757,233
183,771,486
183,776,248
183,802,157
183,815,231
183,824,163
183,825,788
183,826,779
183,827,772
183,828,761
183,830,183
183,831,171
183,845,175
183,846,436
183,849,998
183,860,277
183,861,194
183,862,566
183,863,571
183,864,563
183,865,370
183,867,588
183,870,178
183,873,255
183,908,152
183,929,172
183,930,190
183,931,203
183,932,261
183,933,448
183,940,160
183,947,174
183,954,156
183,959,396
183,960,163
183,965,289
183,966,176
184,185,996
184,190,160
184,213,227
184,214,224
184,215,225
184,236,258
184,237,150
184,238,247
184,239,325
184,240,316
184,249,408
184,250,800
184,251,686
184,263,277
184,264,265
184,265,310
184,266,219
184,267,307
184,268,162
184,269,242
184,270,210
184,271,328
184,272,780
184,273,570
184,274,204
184,276,270
184,277,180
184,278,153
184,279,277
184,280,172
184,289,254
184,290,168
184,291,181
184,293,188
184,294,221
184,295,350
184,296,684
184,297,791
184,309,558
184,315,155
184,322,173
184,330,331
184,336,161
184,339,248
184,340,336
184,341,198
184,345,266
184,346,162
184,355,185
184,356,351
184,357,156
184,361,208
184,365,166
184,383,386
184,406,152
184,413,199
184,416,302
184,417,275
184,419,755
184,445,976
184,451,208
184,452,816
184,460,160
184,481,186
184,492,385
184,501,556
184,505,211
184,521,161
184,522,188
184,537,779
184,540,245
184,541,186
184,544,184
184,553,163
184,566,945
184,580,231
184,582,269
184,584,189
184,585,864
184,586,799
184,591,231
184,592,181
184,597,313
184,600,160
184,653,335
184,654,266
184,655,193
184,672,913
184,673,253
184,674,913
184,675,902
184,676,908
184,677,915
184,678,902
184,685,220
184,686,183
184,690,243
184,691,328
184,693,196
184,713,391
184,716,204
184,718,173
184,740,175
184,757,236
184,771,507
184,776,271
184,805,179
184,815,159
184,824,157
184,825,748
184,826,787
184,827,795
184,828,778
184,831,172
184,843,182
184,846,172
184,849,998
184,855,152
184,860,248
184,861,214
184,862,566
184,863,606
184,864,564
184,865,231
184,867,710
184,873,173
184,930,154
184,931,202
184,932,205
184,933,206
184,941,208
184,944,274
184,966,332
185,192,198
185,193,176
185,215,161
185,239,205
185,240,164
185,249,244
185,250,787
185,251,666
185,263,173
185,264,186
185,265,171
185,267,205
185,271,169
185,272,748
185,273,560
185,279,171
185,280,283
185,281,480
185,282,244
185,283,432
185,284,396
185,290,157
185,295,336
185,296,669
185,297,677
185,309,571
185,330,152
185,336,156
185,339,175
185,340,160
185,341,187
185,345,159
185,346,207
185,355,167
185,356,216
185,357,175
185,390,159
185,413,152
185,416,237
185,417,224
185,419,240
185,445,942
185,452,840
185,460,156
185,501,419
185,537,150
185,540,181
185,566,164
185,573,218
185,580,206
185,582,157
185,584,234
185,585,811
185,586,791
185,587,188
185,591,235
185,592,196
185,654,222
185,673,198
185,719,160
185,740,178
185,771,186
185,776,220
185,787,155
185,825,769
185,826,773
185,827,816
185,828,758
185,831,164
185,849,995
185,860,159
185,862,581
185,863,586
185,864,576
185,865,424
185,867,535
185,930,319
185,931,263
185,932,205
185,933,225
186,189,173
186,190,784
186,192,174
186,194,229
186,195,237
186,201,257
186,210,392
186,213,161
186,214,157
186,217,252
186,218,907
186,220,170
186,223,387
186,225,166
186,226,172
186,227,255
186,228,232
186,229,195
186,238,342
186,239,558
186,240,279
186,242,165
186,244,212
186,248,198
186,249,252
186,250,261
186,259,153
186,263,702
186,264,223
186,265,471
186,266,204
186,267,196
186,269,173
186,270,321
186,271,168
186,272,194
186,275,247
186,276,219
186,278,158
186,279,186
186,280,231
186,290,182
186,294,200
186,295,204
186,296,225
186,297,158
186,300,246
186,306,175
186,312,408
186,315,200
186,321,171
186,322,298
186,336,171
186,339,308
186,340,287
186,341,171
186,344,151
186,345,252
186,346,251
186,356,167
186,360,320
186,361,176
186,366,161
186,367,186
186,380,203
186,403,196
186,406,181
186,413,248
186,415,169
186,419,210
186,445,202
186,450,831
186,452,327
186,460,190
186,467,177
186,474,152
186,475,218
186,479,154
186,481,267
186,483,293
186,501,435
186,505,180
186,508,181
186,515,158
186,535,150
186,540,207
186,541,231
186,544,166
186,547,187
186,558,727
186,559,170
186,560,159
186,561,154
186,562,152
186,566,170
186,567,315
186,569,184
186,570,158
186,575,161
186,580,378
186,585,163
186,587,190
186,588,177
186,589,880
186,590,215
186,593,690
186,594,174
186,596,204
186,597,294
186,598,152
186,601,152
186,604,171
186,606,167
186,609,173
186,614,154
186,620,160
186,628,321
186,635,200
186,640,185
186,642,164
186,645,164
186,653,162
186,654,209
186,656,301
186,664,172
186,672,451
186,673,352
186,674,365
186,675,343
186,676,287
186,677,357
186,678,296
186,679,777
186,680,364
186,681,354
186,682,476
186,683,390
186,685,155
186,691,182
186,703,238
186,704,243
186,710,153
186,716,157
186,718,179
186,734,256
186,736,248
186,737,204
186,740,321
186,756,156
186,757,162
186,770,194
186,771,570
186,789,484
186,792,206
186,798,161
186,804,159
186,815,188
186,827,187
186,843,256
186,846,388
186,849,154
186,855,164
186,860,188
186,865,166
186,867,196
186,933,256
186,944,159
186,948,375
186,949,266
186,954,181
186,964,203
186,965,208
187,188,999
187,233,183
187,268,253
187,288,161
187,300,632
187,367,185
187,400,160
187,402,184
187,487,163
187,493,158
187,635,178
187,749,206
187,804,202
187,833,222
187,851,584
188,228,205
188,233,220
188,235,420
188,243,205
188,250,166
188,300,992
188,312,154
188,315,165
188,354,612
188,360,428
188,367,304
188,387,196
188,391,371
188,392,205
188,400,159
188,401,201
188,402,367
188,452,166
188,455,177
188,461,207
188,478,190
188,483,175
188,487,237
188,490,178
188,500,172
188,506,189
188,532,255
188,534,162
188,562,346
188,583,224
188,585,166
188,586,167
188,623,204
188,626,453
188,632,223
188,635,349
188,652,397
188,667,167
188,710,160
188,726,165
188,727,220
188,728,159
188,737,167
188,766,347
188,787,170
188,792,155
188,799,255
188,804,323
188,833,302
188,851,675
188,874,179
189,190,186
189,194,160
189,198,193
189,213,400
189,214,330
189,215,381
189,217,172
189,229,196
189,232,151
189,233,246
189,240,169
189,242,240
189,244,270
189,249,159
189,250,187
189,275,531
189,276,499
189,277,190
189,278,261
189,279,266
189,280,175
189,287,203
189,290,290
189,291,243
189,292,664
189,293,253
189,294,260
189,295,394
189,297,169
189,298,171
189,300,302
189,309,226
189,310,222
189,312,194
189,315,192
189,322,206
189,335,169
189,336,201
189,339,150
189,340,230
189,341,279
189,345,172
189,357,175
189,358,999
189,360,158
189,361,331
189,368,150
189,376,151
189,382,178
189,403,177
189,419,999
189,429,306
189,431,177
189,432,180
189,445,181
189,451,437
189,456,236
189,462,326
189,474,202
189,483,167
189,505,484
189,510,290
189,519,222
189,520,150
189,521,205
189,522,196
189,536,378
189,542,811
189,563,404
189,566,954
189,567,156
189,572,226
189,578,159
189,580,152
189,583,273
189,585,419
189,590,211
189,609,246
189,610,230
189,633,154
189,636,213
189,637,295
189,640,226
189,656,176
189,667,388
189,674,284
189,685,303
189,686,266
189,687,258
189,688,243
189,689,163
189,690,207
189,691,248
189,693,188
189,694,155
189,699,180
189,703,300
189,704,155
189,707,164
189,715,225
189,717,329
189,718,154
189,734,482
189,736,210
189,740,257
189,748,296
189,749,314
189,750,401
189,751,375
189,752,309
189,753,345
189,754,942
189,755,801
189,756,972
189,765,277
189,769,311
189,771,188
189,805,219
189,824,869
189,825,733
189,826,729
189,827,732
189,828,746
189,829,754
189,830,746
189,831,759
189,832,753
189,854,251
189,870,172
189,907,230
189,908,173
189,933,222
189,941,631
190,191,161
190,192,242
190,193,471
190,194,546
190,195,333
190,196,160
190,197,191
190,198,197
190,201,298
190,203,205
190,213,236
190,214,151
190,215,225
190,217,937
190,218,356
190,223,461
190,224,196
190,225,223
190,227,439
190,229,244
190,230,263
190,231,170
190,233,372
190,237,240
190,238,217
190,239,165
190,240,156
190,249,162
190,250,233
190,251,183
190,259,311
190,262,225
190,263,288
190,264,173
190,265,181
190,266,510
190,267,155
190,270,191
190,271,226
190,272,257
190,274,194
190,276,200
190,280,424
190,286,177
190,287,213
190,288,168
190,289,150
190,295,184
190,296,243
190,297,188
190,300,347
190,312,275
190,315,575
190,316,167
190,322,155
190,326,211
190,327,181
190,336,156
190,338,857
190,339,940
190,344,316
190,346,405
190,357,276
190,360,198
190,362,161
190,366,208
190,367,206
190,374,217
190,387,323
190,388,188
190,390,200
190,391,159
190,392,718
190,394,221
190,403,165
190,406,238
190,413,956
190,414,442
190,415,174
190,416,240
190,419,515
190,421,157
190,429,220
190,445,244
190,448,167
190,450,907
190,452,349
190,455,202
190,456,307
190,463,153
190,472,190
190,478,175
190,480,204
190,481,396
190,483,552
190,484,214
190,485,220
190,489,326
190,490,150
190,501,976
190,509,209
190,512,452
190,515,151
190,516,210
190,524,177
190,526,191
190,537,167
190,540,470
190,541,389
190,544,225
190,547,174
190,558,868
190,566,171
190,567,506
190,569,311
190,570,227
190,572,198
190,580,410
190,581,446
190,588,273
190,589,718
190,593,470
190,596,201
190,597,186
190,600,185
190,601,288
190,604,296
190,606,341
190,609,261
190,612,179
190,613,254
190,614,219
190,618,169
190,619,199
190,626,210
190,631,151
190,632,168
190,635,234
190,638,267
190,640,176
190,642,160
190,643,151
190,644,161
190,645,219
190,648,167
190,656,276
190,667,185
190,670,184
190,672,422
190,673,347
190,674,320
190,675,421
190,676,288
190,677,283
190,678,415
190,679,413
190,680,407
190,681,356
190,682,551
190,683,374
190,684,151
190,686,209
190,691,159
190,710,767
190,716,170
190,718,189
190,734,193
190,735,206
190,736,467
190,737,389
190,740,428
190,751,154
190,757,152
190,758,156
190,770,536
190,771,621
190,773,239
190,774,275
190,776,182
190,777,173
190,778,183
190,779,203
190,785,253
190,786,164
190,788,290
190,789,283
190,792,524
190,798,294
190,815,185
190,843,156
190,849,165
190,867,162
190,948,362
190,949,197
190,964,235
191,192,911
191,193,960
191,194,611
191,195,559
191,196,533
191,197,552
191,198,616
191,199,341
191,200,288
191,201,615
191,202,591
191,203,561
191,204,531
191,205,556
191,206,566
191,207,266
191,208,194
191,213,284
191,215,177
191,219,238
191,224,430
191,240,156
191,244,185
191,250,158
191,265,215
191,266,201
191,276,362
191,278,207
191,293,287
191,294,362
191,303,491
191,309,167
191,339,157
191,347,745
191,361,158
191,419,985
191,452,200
191,453,186
191,501,246
191,504,177
191,511,156
191,520,248
191,558,676
191,583,187
191,585,152
191,586,175
191,597,163
191,648,901
191,654,167
191,709,906
191,728,158
191,733,200
191,751,165
191,752,154
191,755,220
191,756,259
191,780,180
191,815,754
191,831,198
191,852,221
191,865,191
191,907,202
191,933,178
191,940,782
191,947,182
191,965,233
191,973,158
192,193,957
192,194,612
192,195,555
192,196,529
192,197,530
192,198,732
192,199,301
192,200,294
192,201,599
192,202,555
192,203,558
192,204,528
192,205,517
192,206,566
192,207,240
192,208,219
192,213,210
192,215,162
192,217,171
192,219,245
192,227,165
192,240,194
192,249,198
192,259,155
192,263,270
192,265,177
192,269,206
192,347,723
192,419,973
192,452,283
192,453,193
192,501,188
192,503,201
192,505,162
192,519,166
192,520,167
192,538,242
192,545,168
192,558,676
192,583,175
192,586,155
192,632,156
192,648,905
192,685,167
192,709,907
192,719,207
192,728,248
192,751,153
192,753,164
192,755,185
192,756,166
192,815,720
192,822,151
192,846,250
192,852,156
192,907,213
192,940,727
192,973,377
193,194,376
193,195,320
193,196,269
193,197,274
193,198,360
193,199,355
193,200,311
193,201,376
193,202,321
193,203,282
193,204,275
193,205,267
193,206,305
193,207,289
193,208,199
193,213,425
193,215,164
193,219,276
193,270,270
193,294,165
193,296,222
193,309,153
193,312,208
193,321,188
193,347,720
193,355,185
193,361,159
193,379,192
193,390,174
193,419,979
193,452,204
193,453,168
193,501,228
193,511,194
193,547,163
193,558,686
193,566,170
193,583,177
193,586,191
193,592,237
193,604,211
193,632,179
193,633,228
193,648,900
193,672,208
193,709,906
193,728,158
193,750,152
193,751,174
193,755,166
193,756,284
193,787,164
193,815,726
193,823,152
193,852,218
193,853,180
193,932,175
193,940,741
193,973,158
194,195,742
194,196,537
194,197,618
194,198,504
194,199,407
194,200,324
194,201,588
194,202,524
194,203,741
194,204,588
194,205,601
194,206,594
194,207,171
194,208,193
194,213,157
194,217,305
194,219,294
194,224,202
194,226,181
194,227,396
194,238,400
194,240,261
194,263,495
194,264,181
194,265,218
194,267,181
194,271,170
194,291,159
194,307,220
194,316,203
194,336,276
194,339,173
194,346,182
194,347,755
194,361,202
194,383,202
194,406,168
194,419,218
194,445,238
194,452,317
194,460,174
194,481,192
194,483,184
194,501,221
194,520,157
194,540,203
194,541,202
194,558,700
194,566,261
194,567,150
194,580,228
194,582,154
194,589,182
194,601,372
194,614,192
194,618,186
194,648,905
194,665,150
194,707,258
194,709,902
194,740,175
194,758,164
194,798,249
194,815,768
194,843,229
194,852,265
194,867,168
194,907,183
194,940,783
195,196,428
195,197,473
195,198,742
195,199,581
195,200,363
195,201,636
195,202,564
195,203,534
195,204,622
195,205,541
195,206,216
195,207,196
195,208,197
195,210,229
195,213,260
195,215,207
195,217,192
195,218,203
195,219,269
195,220,396
195,223,150
195,229,263
195,230,151
195,236,154
195,237,181
195,240,173
195,244,151
195,262,248
195,263,246
195,265,164
195,280,196
195,300,290
195,312,189
195,315,298
195,316,156
195,326,177
195,339,203
195,343,208
195,346,191
195,347,402
195,351,223
195,357,252
195,360,210
195,361,178
195,362,185
195,366,201
195,367,199
195,374,210
195,384,155
195,386,173
195,388,200
195,390,150
195,406,205
195,419,566
195,420,175
195,421,175
195,434,174
195,435,152
195,445,528
195,450,232
195,452,326
195,454,167
195,456,155
195,462,166
195,481,334
195,483,576
195,492,181
195,501,204
195,504,177
195,509,155
195,518,190
195,526,166
195,540,200
195,547,151
195,558,709
195,566,236
195,567,461
195,569,282
195,573,262
195,580,197
195,581,341
195,583,342
195,588,189
195,596,211
195,604,285
195,606,286
195,609,193
195,612,219
195,613,181
195,614,256
195,617,638
195,618,155
195,619,156
195,624,165
195,638,225
195,640,168
195,642,259
195,643,218
195,644,225
195,645,242
195,650,212
195,656,249
195,660,175
195,666,190
195,680,161
195,709,904
195,710,180
195,716,156
195,733,157
195,734,189
195,735,214
195,736,191
195,737,326
195,740,601
195,755,295
195,756,604
195,759,180
195,770,407
195,771,283
195,776,160
195,777,165
195,779,242
195,783,610
195,789,309
195,792,308
195,802,155
195,815,798
195,822,153
195,852,170
195,934,151
195,940,258
195,943,261
196,197,466
196,198,535
196,199,308
196,200,301
196,201,272
196,202,561
196,203,486
196,204,506
196,205,578
196,206,151
196,207,198
196,208,156
196,219,330
196,347,252
196,419,243
196,456,155
196,460,223
196,481,150
196,483,157
196,512,309
196,548,411
196,558,688
196,561,159
196,573,182
196,583,211
196,594,155
196,598,209
196,603,164
196,614,151
196,650,193
196,709,903
196,755,151
196,756,262
196,802,187
196,815,772
196,934,205
196,940,310
196,943,193
196,958,174
197,198,583
197,199,297
197,200,282
197,201,294
197,202,567
197,203,433
197,204,522
197,205,538
197,206,196
197,207,236
197,208,174
197,214,178
197,219,220
197,259,222
197,347,252
197,348,152
197,361,172
197,394,181
197,419,164
197,456,367
197,460,232
197,490,160
197,498,410
197,504,228
197,558,706
197,589,171
197,650,199
197,679,167
197,680,371
197,694,355
197,699,185
197,703,318
197,709,902
197,741,275
197,778,163
197,815,756
197,845,152
197,847,161
197,852,190
197,929,426
197,931,160
197,940,288
197,943,175
198,199,409
198,200,354
198,201,950
198,202,491
198,203,586
198,204,571
198,205,533
198,206,564
198,207,178
198,208,152
198,213,200
198,217,152
198,219,865
198,247,164
198,263,159
198,270,151
198,291,153
198,300,196
198,306,150
198,315,156
198,316,204
198,322,155
198,335,179
198,336,347
198,347,799
198,361,212
198,387,188
198,393,153
198,419,287
198,422,213
198,445,182
198,450,173
198,453,211
198,470,228
198,478,207
198,483,197
198,505,235
198,520,176
198,521,180
198,540,169
198,558,696
198,566,250
198,580,168
198,590,173
198,597,150
198,609,192
198,617,185
198,648,902
198,655,180
198,657,152
198,674,195
198,697,165
198,709,909
198,718,165
198,731,173
198,737,160
198,740,226
198,751,163
198,752,192
198,756,284
198,760,157
198,798,291
198,800,267
198,815,768
198,826,169
198,827,251
198,852,198
198,854,168
198,877,219
198,883,169
198,907,202
198,908,220
198,940,805
199,200,919
199,201,426
199,202,562
199,203,335
199,204,281
199,205,258
199,206,321
199,207,204
199,213,194
199,215,163
199,219,384
199,223,175
199,270,170
199,275,163
199,280,268
199,282,150
199,300,170
199,322,170
199,328,253
199,347,775
199,360,219
199,361,161
199,367,192
199,374,172
199,383,194
199,384,170
199,391,173
199,408,229
199,419,327
199,426,155
199,435,219
199,440,164
199,453,174
199,454,214
199,455,165
199,481,165
199,483,179
199,558,675
199,578,161
199,583,518
199,587,224
199,590,248
199,596,219
199,604,152
199,610,200
199,617,237
199,633,278
199,636,303
199,648,903
199,656,177
199,688,181
199,703,161
199,709,901
199,715,415
199,726,199
199,733,166
199,734,236
199,740,431
199,744,388
199,755,338
199,756,401
199,764,171
199,815,779
199,835,211
199,849,156
199,852,240
199,907,175
199,921,174
199,933,204
199,940,791
200,201,334
200,202,540
200,203,331
200,204,286
200,205,229
200,206,306
200,207,188
200,208,170
200,210,175
200,211,167
200,212,226
200,213,186
200,219,310
200,242,159
200,244,168
200,261,152
200,300,161
200,304,265
200,322,158
200,347,750
200,357,195
200,362,168
200,376,160
200,390,215
200,419,267
200,425,163
200,435,219
200,443,208
200,481,204
200,483,215
200,484,165
200,536,247
200,558,709
200,567,175
200,581,204
200,587,176
200,590,210
200,595,157
200,606,163
200,610,158
200,622,166
200,648,905
200,655,159
200,656,163
200,661,189
200,694,236
200,705,239
200,709,906
200,715,504
200,719,150
200,724,173
200,736,180
200,740,943
200,755,245
200,756,228
200,770,160
200,774,183
200,792,158
200,815,773
200,852,163
200,907,248
200,931,183
200,933,176
200,940,750
201,202,725
201,203,406
201,204,275
201,205,244
201,206,587
201,207,219
201,208,209
201,213,731
201,215,221
201,217,226
201,219,932
201,223,244
201,228,155
201,229,512
201,233,217
201,234,302
201,235,164
201,239,183
201,240,248
201,259,177
201,261,151
201,262,163
201,265,171
201,274,173
201,280,542
201,282,189
201,286,236
201,287,155
201,300,354
201,305,150
201,312,244
201,315,353
201,316,287
201,326,154
201,346,191
201,347,859
201,357,196
201,360,438
201,361,349
201,362,193
201,366,218
201,367,203
201,374,534
201,376,158
201,379,337
201,383,325
201,385,150
201,387,291
201,388,261
201,390,227
201,391,218
201,392,159
201,394,203
201,403,302
201,406,236
201,408,158
201,419,518
201,422,161
201,429,301
201,431,203
201,435,161
201,448,389
201,450,281
201,453,482
201,454,583
201,455,203
201,456,382
201,457,210
201,476,203
201,478,255
201,480,179
201,481,688
201,483,374
201,484,158
201,487,258
201,489,230
201,509,154
201,512,159
201,513,191
201,518,272
201,522,171
201,540,174
201,547,164
201,548,195
201,558,733
201,565,398
201,566,648
201,567,358
201,569,208
201,580,158
201,581,239
201,583,310
201,588,203
201,596,178
201,604,212
201,606,208
201,609,227
201,610,176
201,614,229
201,618,189
201,624,161
201,636,170
201,638,270
201,640,175
201,642,168
201,643,172
201,644,160
201,645,232
201,648,903
201,656,293
201,658,304
201,674,161
201,679,175
201,688,204
201,690,163
201,703,152
201,704,187
201,710,181
201,716,198
201,733,507
201,734,180
201,735,198
201,736,317
201,737,381
201,740,427
201,755,205
201,756,253
201,758,188
201,764,409
201,767,373
201,768,401
201,770,271
201,771,256
201,785,197
201,789,263
201,792,531
201,796,173
201,800,280
201,804,220
201,815,742
201,852,274
201,853,232
201,940,804
201,943,207
201,974,163
201,976,152
202,203,576
202,204,571
202,205,677
202,206,566
202,207,214
202,208,162
202,217,166
202,219,349
202,229,412
202,280,420
202,291,357
202,297,183
202,316,364
202,341,181
202,347,769
202,360,159
202,361,214
202,382,319
202,384,244
202,391,183
202,393,186
202,517,153
202,519,157
202,520,175
202,522,348
202,534,266
202,558,694
202,585,186
202,586,169
202,590,431
202,609,172
202,645,389
202,647,198
202,648,900
202,655,284
202,709,902
202,717,158
202,752,388
202,815,801
202,849,168
202,852,177
202,854,269
202,877,342
202,907,226
202,940,803
202,969,181
202,978,232
203,204,575
203,205,527
203,206,221
203,207,272
203,208,231
203,217,193
203,219,298
203,300,186
203,315,157
203,347,344
203,419,313
203,456,168
203,483,222
203,498,185
203,558,769
203,566,165
203,567,189
203,573,204
203,581,200
203,599,219
203,609,156
203,619,151
203,645,156
203,650,175
203,677,203
203,709,905
203,740,175
203,764,195
203,770,214
203,815,719
203,822,167
203,852,212
203,940,301
203,943,175
203,979,201
204,205,937
204,206,281
204,207,208
204,208,177
204,219,285
204,220,183
204,312,154
204,354,306
204,434,161
204,435,171
204,506,154
204,558,665
204,709,913
204,740,208
204,815,697
204,822,180
204,852,198
204,853,230
205,206,189
205,207,184
205,219,220
205,220,202
205,354,197
205,363,222
205,382,286
205,383,323
205,384,224
205,449,187
205,512,345
205,558,658
205,590,409
205,647,236
205,655,273
205,709,900
205,752,392
205,763,180
205,815,684
205,877,315
205,940,197
206,207,236
206,208,179
206,219,579
206,234,164
206,239,198
206,240,261
206,286,175
206,296,188
206,339,407
206,347,818
206,350,169
206,361,162
206,419,234
206,424,691
206,456,227
206,458,386
206,459,434
206,497,173
206,500,327
206,504,188
206,520,198
206,544,198
206,558,689
206,566,369
206,615,173
206,648,904
206,650,175
206,733,201
206,738,206
206,744,476
206,747,549
206,797,386
206,815,727
206,838,186
206,852,221
206,853,170
206,907,227
206,929,167
206,940,828
206,943,206
206,954,211
207,208,982
207,219,998
207,227,197
207,248,614
207,267,159
207,297,153
207,307,171
207,316,158
207,347,743
207,390,435
207,448,181
207,460,165
207,519,176
207,520,175
207,534,152
207,558,741
207,602,188
207,648,900
207,650,701
207,675,152
207,677,259
207,690,151
207,706,441
207,753,158
207,815,719
207,829,281
207,840,176
207,852,153
207,853,757
207,860,160
207,907,220
207,930,189
207,931,206
207,940,782
207,947,156
207,958,279
208,219,997
208,229,165
208,230,271
208,248,254
208,267,231
208,280,369
208,290,157
208,291,187
208,300,374
208,303,156
208,307,209
208,312,348
208,315,269
208,316,203
208,328,328
208,347,770
208,366,205
208,419,213
208,445,182
208,448,201
208,472,175
208,481,190
208,483,373
208,484,150
208,522,219
208,534,155
208,558,763
208,567,311
208,569,156
208,578,174
208,580,175
208,581,398
208,587,210
208,606,204
208,609,150
208,613,266
208,619,155
208,626,162
208,627,213
208,638,179
208,640,189
208,648,909
208,650,634
208,656,162
208,668,202
208,672,336
208,677,241
208,678,174
208,706,320
208,740,214
208,742,165
208,759,226
208,770,564
208,792,206
208,815,724
208,829,473
208,840,287
208,852,411
208,853,649
208,930,241
208,931,246
208,940,775
208,947,159
209,210,237
209,211,559
209,212,267
209,216,971
209,222,605
209,229,594
209,231,206
209,232,187
209,233,179
209,241,793
209,252,255
209,253,376
209,254,181
209,255,281
209,256,419
209,259,418
209,260,445
209,261,462
209,267,171
209,280,717
209,281,171
209,283,158
209,284,224
209,285,234
209,286,672
209,300,387
209,303,993
209,306,303
209,307,321
209,308,562
209,312,936
209,315,732
209,316,298
209,323,718
209,324,814
209,328,420
209,331,179
209,337,271
209,338,260
209,357,582
209,358,583
209,364,187
209,366,222
209,367,320
209,375,392
209,385,175
209,386,236
209,387,221
209,388,361
209,389,250
209,390,209
209,391,256
209,392,207
209,393,213
209,394,164
209,404,227
209,419,189
209,424,263
209,425,374
209,431,306
209,432,292
209,433,332
209,434,180
209,435,213
209,436,216
209,440,822
209,448,179
209,450,279
209,455,514
209,472,373
209,477,175
209,478,287
209,481,404
209,483,286
209,484,216
209,485,187
209,490,185
209,491,159
209,492,802
209,500,198
209,503,485
209,504,193
209,506,174
209,507,179
209,508,182
209,509,425
209,512,177
209,518,733
209,524,404
209,525,221
209,526,187
209,527,168
209,533,163
209,539,866
209,552,378
209,564,154
209,565,301
209,567,221
209,568,305
209,569,631
209,580,217
209,581,296
209,583,238
209,588,208
209,595,151
209,606,177
209,609,997
209,610,266
209,611,253
209,612,266
209,613,190
209,614,385
209,615,320
209,616,231
209,617,248
209,618,375
209,619,731
209,625,447
209,626,210
209,629,199
209,634,161
209,638,205
209,640,339
209,642,244
209,643,273
209,644,255
209,645,334
209,646,573
209,648,265
209,652,234
209,656,414
209,661,201
209,667,198
209,670,231
209,675,164
209,709,222
209,715,385
209,721,227
209,736,796
209,737,262
209,740,889
209,741,398
209,742,417
209,743,194
209,748,168
209,750,167
209,753,151
209,755,170
209,762,206
209,770,269
209,771,399
209,772,220
209,773,344
209,774,212
209,775,241
209,776,259
209,777,232
209,779,165
209,780,183
209,781,155
209,782,386
209,783,745
209,784,186
209,785,630
209,786,246
209,788,285
209,789,540
209,790,154
209,794,225
209,795,427
209,796,442
209,797,164
209,799,150
209,801,169
209,802,201
209,813,177
209,816,171
209,817,373
209,842,192
209,858,201
209,915,572
209,937,213
209,970,154
209,981,199
209,982,240
209,983,198
209,984,208
210,211,998
210,212,998
210,216,233
210,229,287
210,230,284
210,245,263
210,260,268
210,261,257
210,280,223
210,286,179
210,290,264
210,291,349
210,300,213
210,303,306
210,306,900
210,307,900
210,312,942
210,315,326
210,316,225
210,328,911
210,338,922
210,339,157
210,357,942
210,358,315
210,367,304
210,371,158
210,383,386
210,385,726
210,386,932
210,387,928
210,388,433
210,389,940
210,390,932
210,391,940
210,392,924
210,393,608
210,394,737
210,408,157
210,412,677
210,420,202
210,425,948
210,428,249
210,429,191
210,431,307
210,432,234
210,433,285
210,434,387
210,435,957
210,450,165
210,472,314
210,481,399
210,483,431
210,484,345
210,488,164
210,489,439
210,490,924
210,491,323
210,492,403
210,498,151
210,503,923
210,506,908
210,507,178
210,508,916
210,509,220
210,518,263
210,524,171
210,526,314
210,527,247
210,549,243
210,552,618
210,558,162
210,565,155
210,567,349
210,568,235
210,569,348
210,572,154
210,580,512
210,581,624
210,588,479
210,606,934
210,609,462
210,611,227
210,612,303
210,613,185
210,614,231
210,617,175
210,618,313
210,619,395
210,631,185
210,638,234
210,640,185
210,642,217
210,643,214
210,644,225
210,645,253
210,652,727
210,656,465
210,659,664
210,661,999
210,662,999
210,663,999
210,721,181
210,722,926
210,736,360
210,737,447
210,740,976
210,741,188
210,742,171
210,770,402
210,771,967
210,773,437
210,774,352
210,776,936
210,777,978
210,779,305
210,783,956
210,785,941
210,788,259
210,789,428
210,792,225
210,796,166
210,800,194
210,802,715
210,803,694
210,877,547
210,982,544
210,983,755
211,212,998
211,213,187
211,214,239
211,215,161
211,216,446
211,222,340
211,224,202
211,228,213
211,229,646
211,230,180
211,231,241
211,241,351
211,252,234
211,253,298
211,254,192
211,256,664
211,260,529
211,261,351
211,280,941
211,282,575
211,283,198
211,284,300
211,285,362
211,286,571
211,291,154
211,300,392
211,303,617
211,306,901
211,307,908
211,308,170
211,312,999
211,315,556
211,316,583
211,328,961
211,331,210
211,338,960
211,339,675
211,348,351
211,357,963
211,358,329
211,362,517
211,365,256
211,366,714
211,367,746
211,368,174
211,371,158
211,375,184
211,384,175
211,385,810
211,386,972
211,387,975
211,388,947
211,389,958
211,390,976
211,391,986
211,392,977
211,393,891
211,394,887
211,400,166
211,401,170
211,404,347
211,407,202
211,408,239
211,412,668
211,419,248
211,420,164
211,421,167
211,422,187
211,424,167
211,425,976
211,431,193
211,432,170
211,434,747
211,435,947
211,440,260
211,442,156
211,448,228
211,467,418
211,468,289
211,472,530
211,477,252
211,478,339
211,481,597
211,483,398
211,484,571
211,486,150
211,488,559
211,489,821
211,490,990
211,491,426
211,492,763
211,497,188
211,503,918
211,504,231
211,506,952
211,508,925
211,509,615
211,511,494
211,512,605
211,518,837
211,524,317
211,525,372
211,526,222
211,527,200
211,533,153
211,539,237
211,550,159
211,552,696
211,553,247
211,554,167
211,557,313
211,558,159
211,564,167
211,565,303
211,567,307
211,568,192
211,569,697
211,573,248
211,574,240
211,575,173
211,576,180
211,578,156
211,580,625
211,581,555
211,583,216
211,588,165
211,594,204
211,595,213
211,600,258
211,604,154
211,606,928
211,609,941
211,610,175
211,611,444
211,612,344
211,613,157
211,614,822
211,615,154
211,616,170
211,617,279
211,618,704
211,619,740
211,633,150
211,638,370
211,640,262
211,642,244
211,643,241
211,644,236
211,645,552
211,646,304
211,652,908
211,656,610
211,659,656
211,661,999
211,662,999
211,663,999
211,686,344
211,715,303
211,721,310
211,722,920
211,736,547
211,737,358
211,740,998
211,741,445
211,742,361
211,747,159
211,748,154
211,750,155
211,756,336
211,758,305
211,770,349
211,771,984
211,772,626
211,773,777
211,774,333
211,775,273
211,776,951
211,777,946
211,779,266
211,780,265
211,781,289
211,783,935
211,785,992
211,786,221
211,789,630
211,792,255
211,796,627
211,799,181
211,800,691
211,801,642
211,802,965
211,803,837
211,816,258
211,880,167
211,907,174
211,937,179
211,982,660
211,983,716
211,984,185
212,213,202
212,214,230
212,216,250
212,222,152
212,223,313
212,229,508
212,230,350
212,242,180
212,260,306
212,261,246
212,280,351
212,282,167
212,285,162
212,286,311
212,300,255
212,303,343
212,306,900
212,307,907
212,312,993
212,315,357
212,316,550
212,328,920
212,338,932
212,339,243
212,357,943
212,358,295
212,362,183
212,366,494
212,367,401
212,371,158
212,385,735
212,386,939
212,387,932
212,388,557
212,389,930
212,390,960
212,391,961
212,392,933
212,393,650
212,394,908
212,407,196
212,408,218
212,412,668
212,419,177
212,422,323
212,425,973
212,431,227
212,432,291
212,433,258
212,434,626
212,435,965
212,441,156
212,467,446
212,472,290
212,478,166
212,481,640
212,483,284
212,484,562
212,488,179
212,489,654
212,490,957
212,491,311
212,492,342
212,503,966
212,504,378
212,506,917
212,508,928
212,509,554
212,511,445
212,512,468
212,518,282
212,524,172
212,526,223
212,527,218
212,548,442
212,552,789
212,565,195
212,567,220
212,568,205
212,569,520
212,574,197
212,580,525
212,581,503
212,595,178
212,596,345
212,606,924
212,609,476
212,611,264
212,612,262
212,614,618
212,616,216
212,617,198
212,618,386
212,619,384
212,622,207
212,632,169
212,638,213
212,640,173
212,642,226
212,643,215
212,644,341
212,645,591
212,646,238
212,652,754
212,656,387
212,659,689
212,661,999
212,662,999
212,663,999
212,679,162
212,690,165
212,695,171
212,721,201
212,722,919
212,736,364
212,737,206
212,740,992
212,741,432
212,742,151
212,748,183
212,770,223
212,771,967
212,773,537
212,774,299
212,776,951
212,777,943
212,779,224
212,781,187
212,783,957
212,785,972
212,789,460
212,790,175
212,792,177
212,796,155
212,800,586
212,801,236
212,802,745
212,803,724
212,816,157
212,982,557
212,983,702
212,984,153
213,214,943
213,215,965
213,216,218
213,220,212
213,222,198
213,223,203
213,229,380
213,230,156
213,233,219
213,236,243
213,237,199
213,242,244
213,243,235
213,244,278
213,248,171
213,250,244
213,251,166
213,263,154
213,265,200
213,275,307
213,276,234
213,277,164
213,278,156
213,279,254
213,280,280
213,282,201
213,286,160
213,287,628
213,289,167
213,291,153
213,292,248
213,294,157
213,295,206
213,300,371
213,303,201
213,309,276
213,310,438
213,312,347
213,315,451
213,316,317
213,322,210
213,328,196
213,332,177
213,338,209
213,339,462
213,340,257
213,341,331
213,344,938
213,345,224
213,347,165
213,357,383
213,358,743
213,360,219
213,361,566
213,362,395
213,366,227
213,367,310
213,382,263
213,386,207
213,387,196
213,388,170
213,391,165
213,401,171
213,403,194
213,406,277
213,409,173
213,413,454
213,419,983
213,420,176
213,422,157
213,429,321
213,430,156
213,431,179
213,434,182
213,435,286
213,445,355
213,448,270
213,452,319
213,453,206
213,454,161
213,462,385
213,463,174
213,467,286
213,472,303
213,474,189
213,475,178
213,476,216
213,478,191
213,481,524
213,483,348
213,485,180
213,501,809
213,503,420
213,504,247
213,505,954
213,507,224
213,509,308
213,514,189
213,518,496
213,519,256
213,520,273
213,521,195
213,522,328
213,533,825
213,537,202
213,540,287
213,542,213
213,544,218
213,550,152
213,552,998
213,558,430
213,566,923
213,567,312
213,569,297
213,572,370
213,575,218
213,576,347
213,578,541
213,580,324
213,581,216
213,582,167
213,583,400
213,585,188
213,586,178
213,590,191
213,596,177
213,597,168
213,599,946
213,602,464
213,604,155
213,606,244
213,609,519
213,610,782
213,612,194
213,613,261
213,614,256
213,618,183
213,619,297
213,624,173
213,626,295
213,628,229
213,632,446
213,633,186
213,635,150
213,636,206
213,637,576
213,638,175
213,640,993
213,642,153
213,645,209
213,646,204
213,655,201
213,656,996
213,661,218
213,667,834
213,672,287
213,673,217
213,674,222
213,675,239
213,676,207
213,677,184
213,678,223
213,679,294
213,680,292
213,682,349
213,683,202
213,685,336
213,686,314
213,687,210
213,688,240
213,690,273
213,691,282
213,693,579
213,694,152
213,703,429
213,704,185
213,707,166
213,708,165
213,712,159
213,713,157
213,717,202
213,718,214
213,734,702
213,736,303
213,737,167
213,740,981
213,741,171
213,743,514
213,748,390
213,749,384
213,750,511
213,751,697
213,752,413
213,753,477
213,754,610
213,755,827
213,756,639
213,757,227
213,770,220
213,771,413
213,773,268
213,776,592
213,777,621
213,779,165
213,782,182
213,783,559
213,785,360
213,789,507
213,790,165
213,792,190
213,796,189
213,798,540
213,805,413
213,809,178
213,815,267
213,826,211
213,829,205
213,831,377
213,832,176
213,842,375
213,846,213
213,849,200
213,854,254
213,870,163
213,871,157
213,908,155
213,933,150
213,940,210
213,981,242
214,215,953
214,220,174
214,221,161
214,223,374
214,229,189
214,236,213
214,243,194
214,244,179
214,251,193
214,269,161
214,275,210
214,285,163
214,287,220
214,295,202
214,300,184
214,312,178
214,315,196
214,338,209
214,340,164
214,344,418
214,355,300
214,358,180
214,361,227
214,366,161
214,367,166
214,382,171
214,406,156
214,419,957
214,445,382
214,452,179
214,462,282
214,467,260
214,474,151
214,476,160
214,478,152
214,481,177
214,483,224
214,490,206
214,492,161
214,501,374
214,504,337
214,505,909
214,514,227
214,519,228
214,520,258
214,522,171
214,540,166
214,544,195
214,552,172
214,569,157
214,572,252
214,578,259
214,580,157
214,583,281
214,585,158
214,588,292
214,596,193
214,597,166
214,599,492
214,609,199
214,610,251
214,618,156
214,626,297
214,628,154
214,632,196
214,633,287
214,634,248
214,636,201
214,637,446
214,640,356
214,656,328
214,661,239
214,667,405
214,672,221
214,673,194
214,674,191
214,676,157
214,679,244
214,682,163
214,690,173
214,703,225
214,704,150
214,734,245
214,736,165
214,740,278
214,743,152
214,748,337
214,749,363
214,750,455
214,751,429
214,752,319
214,753,389
214,754,629
214,755,722
214,756,576
214,771,176
214,777,712
214,783,693
214,809,423
214,815,202
214,831,454
214,849,185
214,867,165
214,908,168
214,940,158
214,941,193
215,216,168
215,220,213
215,223,181
215,229,376
215,230,151
215,233,225
215,236,248
215,237,197
215,242,237
215,243,236
215,244,278
215,248,218
215,250,182
215,261,150
215,270,162
215,272,221
215,275,310
215,276,153
215,279,185
215,280,373
215,282,177
215,287,649
215,294,156
215,300,374
215,303,211
215,309,184
215,310,195
215,312,356
215,315,438
215,316,304
215,322,152
215,328,172
215,329,185
215,332,169
215,338,182
215,339,232
215,340,239
215,341,172
215,344,934
215,345,175
215,355,254
215,357,393
215,358,529
215,360,213
215,361,282
215,366,220
215,367,310
215,378,162
215,379,180
215,382,214
215,386,182
215,387,185
215,388,156
215,400,156
215,401,199
215,403,197
215,406,244
215,413,178
215,419,985
215,422,166
215,429,278
215,430,167
215,431,156
215,434,176
215,435,262
215,445,290
215,448,285
215,452,250
215,453,181
215,462,295
215,463,199
215,467,315
215,472,293
215,474,177
215,476,289
215,478,163
215,481,379
215,483,330
215,485,172
215,492,173
215,501,656
215,503,190
215,505,918
215,507,185
215,508,164
215,509,278
215,514,159
215,518,222
215,519,191
215,521,166
215,522,306
215,524,218
215,533,817
215,540,286
215,544,159
215,552,987
215,566,922
215,567,305
215,568,154
215,569,289
215,572,347
215,576,347
215,578,537
215,580,286
215,581,202
215,583,422
215,596,164
215,599,181
215,606,244
215,609,325
215,610,728
215,611,151
215,612,204
215,613,220
215,614,186
215,618,211
215,619,304
215,622,155
215,624,172
215,626,299
215,628,175
215,632,451
215,633,166
215,634,177
215,636,186
215,637,579
215,638,473
215,640,979
215,644,169
215,645,189
215,646,171
215,655,178
215,656,993
215,661,186
215,662,205
215,667,879
215,672,284
215,673,318
215,674,276
215,675,233
215,676,181
215,678,213
215,679,231
215,680,236
215,682,374
215,683,223
215,685,246
215,686,301
215,687,213
215,688,224
215,690,262
215,691,173
215,703,239
215,704,161
215,713,342
215,733,187
215,734,563
215,736,282
215,737,281
215,740,967
215,743,671
215,744,361
215,748,388
215,749,429
215,750,432
215,751,647
215,752,244
215,753,414
215,754,652
215,755,908
215,756,625
215,757,159
215,758,248
215,770,200
215,771,425
215,773,269
215,776,568
215,777,614
215,779,194
215,782,183
215,783,545
215,785,287
215,789,504
215,792,173
215,798,559
215,809,669
215,815,214
215,824,158
215,831,443
215,832,151
215,849,180
215,941,169
215,981,222
216,222,390
216,224,278
216,228,167
216,229,565
216,230,225
216,231,335
216,233,163
216,241,560
216,242,193
216,244,170
216,252,522
216,253,423
216,254,590
216,255,319
216,256,794
216,257,529
216,258,487
216,260,747
216,261,635
216,262,192
216,267,169
216,280,601
216,281,271
216,282,305
216,283,175
216,284,169
216,285,215
216,286,539
216,289,272
216,300,623
216,303,875
216,308,692
216,312,681
216,315,702
216,316,567
216,323,603
216,324,652
216,327,157
216,328,484
216,331,340
216,338,379
216,339,202
216,341,164
216,346,170
216,357,408
216,358,409
216,362,357
216,364,164
216,365,390
216,366,323
216,367,476
216,368,226
216,369,164
216,375,637
216,383,238
216,384,245
216,385,236
216,386,273
216,387,457
216,388,778
216,389,516
216,390,398
216,391,546
216,392,512
216,393,575
216,394,259
216,395,467
216,400,165
216,401,173
216,403,220
216,404,359
216,406,213
216,408,155
216,418,244
216,419,245
216,420,223
216,421,233
216,425,235
216,429,303
216,430,163
216,434,245
216,435,248
216,436,221
216,437,308
216,440,256
216,442,194
216,444,189
216,445,162
216,448,267
216,450,166
216,453,283
216,455,261
216,468,205
216,469,165
216,472,605
216,477,202
216,478,373
216,481,532
216,483,545
216,484,228
216,485,342
216,486,273
216,487,153
216,488,192
216,489,412
216,490,493
216,491,177
216,492,988
216,500,159
216,503,284
216,505,173
216,506,259
216,507,151
216,508,229
216,509,792
216,512,248
216,514,396
216,517,221
216,518,785
216,523,170
216,524,696
216,525,478
216,526,209
216,527,184
216,536,176
216,539,722
216,540,155
216,552,438
216,554,234
216,555,370
216,558,185
216,564,181
216,565,405
216,566,199
216,567,446
216,568,368
216,569,746
216,570,220
216,571,153
216,572,208
216,573,187
216,574,651
216,575,317
216,576,217
216,578,241
216,579,165
216,580,470
216,581,359
216,583,274
216,588,237
216,589,167
216,594,159
216,595,325
216,600,213
216,604,168
216,606,353
216,609,999
216,610,479
216,611,561
216,612,460
216,613,316
216,614,622
216,615,166
216,617,296
216,618,692
216,619,871
216,623,173
216,625,502
216,626,300
216,629,271
216,631,168
216,635,225
216,637,193
216,638,404
216,640,568
216,642,332
216,643,334
216,644,315
216,645,722
216,646,275
216,648,311
216,652,705
216,656,712
216,661,609
216,662,220
216,663,194
216,667,276
216,670,230
216,671,162
216,684,368
216,709,295
216,710,227
216,715,220
216,719,200
216,721,190
216,723,150
216,734,156
216,735,185
216,736,688
216,737,619
216,739,263
216,740,742
216,741,807
216,742,948
216,743,316
216,744,230
216,758,332
216,770,447
216,771,533
216,772,234
216,773,379
216,774,419
216,775,245
216,776,356
216,777,632
216,779,166
216,780,179
216,782,277
216,783,279
216,785,748
216,786,413
216,788,201
216,789,489
216,792,384
216,794,401
216,795,353
216,796,485
216,799,269
216,800,168
216,801,303
216,802,571
216,803,298
216,813,252
216,842,180
216,858,510
216,915,598
216,937,199
216,981,201
216,982,184
216,983,156
216,984,158
217,218,278
217,221,167
217,222,151
217,223,301
217,229,165
217,230,150
217,237,153
217,259,198
217,263,448
217,264,455
217,266,157
217,268,441
217,269,429
217,270,291
217,271,300
217,296,183
217,300,193
217,312,150
217,327,152
217,342,454
217,366,153
217,374,503
217,387,153
217,394,152
217,448,165
217,450,577
217,456,197
217,460,169
217,479,410
217,481,229
217,483,341
217,487,159
217,501,227
217,509,352
217,516,164
217,517,406
217,528,187
217,540,180
217,547,504
217,558,722
217,560,150
217,567,295
217,569,181
217,570,178
217,572,152
217,580,169
217,581,162
217,583,159
217,588,199
217,589,470
217,593,442
217,596,172
217,604,477
217,606,182
217,609,162
217,613,153
217,614,183
217,638,190
217,646,388
217,664,236
217,665,224
217,672,359
217,673,246
217,674,202
217,675,259
217,676,282
217,677,271
217,678,258
217,679,330
217,680,604
217,681,288
217,682,442
217,683,342
217,684,183
217,710,161
217,720,161
217,734,152
217,735,177
217,736,423
217,737,227
217,740,515
217,751,177
217,753,398
217,770,280
217,771,539
217,774,159
217,776,392
217,792,193
217,798,219
217,811,153
217,815,547
217,948,308
217,949,204
217,964,220
218,223,487
218,225,163
218,226,165
218,227,193
218,228,193
218,229,181
218,230,239
218,238,181
218,239,177
218,240,191
218,262,182
218,263,172
218,264,176
218,266,165
218,267,171
218,269,163
218,270,282
218,271,296
218,274,159
218,275,199
218,294,151
218,300,228
218,315,197
218,321,150
218,340,165
218,345,168
218,360,165
218,367,166
218,368,159
218,389,155
218,401,189
218,411,166
218,429,227
218,431,169
218,450,649
218,451,214
218,456,188
218,478,153
218,481,263
218,483,366
218,489,256
218,501,201
218,503,169
218,516,493
218,526,175
218,536,159
218,541,191
218,556,317
218,558,571
218,559,153
218,564,151
218,567,327
218,569,212
218,580,168
218,582,177
218,588,208
218,589,490
218,593,448
218,596,195
218,597,166
218,604,164
218,606,215
218,613,180
218,618,183
218,619,179
218,620,228
218,628,296
218,635,238
218,638,194
218,656,240
218,664,156
218,671,165
218,672,372
218,673,297
218,674,280
218,675,355
218,676,304
218,677,253
218,678,281
218,679,337
218,680,431
218,681,631
218,682,640
218,683,420
218,684,153
218,703,198
218,704,166
218,710,177
218,735,167
218,736,270
218,737,220
218,740,319
218,758,163
218,767,169
218,770,268
218,771,555
218,789,235
218,792,428
218,798,177
218,843,181
218,846,301
218,855,165
218,861,272
218,948,515
218,949,550
218,964,203
219,248,640
219,312,351
219,347,724
219,392,175
219,393,175
219,439,152
219,519,176
219,520,210
219,558,650
219,648,901
219,650,643
219,652,175
219,706,285
219,771,294
219,802,175
219,803,176
219,815,687
219,829,255
219,840,337
219,852,742
219,907,270
219,940,771
220,236,264
220,240,226
220,242,339
220,243,415
220,244,314
220,250,182
220,251,297
220,275,437
220,276,396
220,277,152
220,278,396
220,279,426
220,287,494
220,290,509
220,291,453
220,292,349
220,294,481
220,295,221
220,296,157
220,297,228
220,300,195
220,309,449
220,310,415
220,322,462
220,329,195
220,330,293
220,336,157
220,339,206
220,340,506
220,341,532
220,345,430
220,361,546
220,381,203
220,409,351
220,413,150
220,419,256
220,452,238
220,474,457
220,475,393
220,476,257
220,481,192
220,501,173
220,518,388
220,519,258
220,520,214
220,521,290
220,522,369
220,580,177
220,582,164
220,583,236
220,585,164
220,586,183
220,587,391
220,590,408
220,628,382
220,636,430
220,637,431
220,655,243
220,672,181
220,673,305
220,674,356
220,675,269
220,676,183
220,685,521
220,686,455
220,687,564
220,688,436
220,689,260
220,690,475
220,691,463
220,692,245
220,693,260
220,694,402
220,695,288
220,697,167
220,701,160
220,702,197
220,703,410
220,704,286
220,705,286
220,706,153
220,707,289
220,708,245
220,717,316
220,718,364
220,734,249
220,740,161
220,750,152
220,751,173
220,754,155
220,756,203
220,780,171
220,849,168
220,854,409
220,867,155
220,870,975
220,871,595
220,908,357
220,929,204
220,933,254
220,951,259
220,952,368
220,954,225
220,955,197
220,957,273
220,958,286
220,959,289
220,960,294
220,965,163
220,966,178
221,233,254
221,238,514
221,239,365
221,240,383
221,249,206
221,250,154
221,263,306
221,264,415
221,265,359
221,266,371
221,267,307
221,269,402
221,270,181
221,272,295
221,273,405
221,274,422
221,278,171
221,296,198
221,346,405
221,355,213
221,356,210
221,373,253
221,393,220
221,416,209
221,417,238
221,427,175
221,446,163
221,452,181
221,464,535
221,465,240
221,466,161
221,540,519
221,570,153
221,586,173
221,589,246
221,592,178
221,594,165
221,597,244
221,700,218
221,726,458
221,730,158
221,760,286
221,855,392
221,860,231
221,862,256
221,863,277
221,864,244
221,865,221
221,932,163
221,950,151
221,964,388
222,224,154
222,229,510
222,230,177
222,241,976
222,242,321
222,252,513
222,253,895
222,254,377
222,255,287
222,256,230
222,260,184
222,261,233
222,262,324
222,280,635
222,282,195
222,286,262
222,300,287
222,303,372
222,308,379
222,312,695
222,315,916
222,316,911
222,323,463
222,328,380
222,331,151
222,338,253
222,339,165
222,357,293
222,362,194
222,364,270
222,365,224
222,366,278
222,367,347
222,375,526
222,386,193
222,387,242
222,388,316
222,389,198
222,390,246
222,391,230
222,392,235
222,394,185
222,404,862
222,406,173
222,408,171
222,418,684
222,419,156
222,422,154
222,424,182
222,432,175
222,435,192
222,440,260
222,448,175
222,455,420
222,456,323
222,458,206
222,459,320
222,468,170
222,470,159
222,472,429
222,477,227
222,478,326
222,481,294
222,483,328
222,485,232
222,486,248
222,490,239
222,492,306
222,500,193
222,503,176
222,507,155
222,509,213
222,511,152
222,512,185
222,518,642
222,524,619
222,525,219
222,531,211
222,539,369
222,546,184
222,552,746
222,553,152
222,564,233
222,565,222
222,567,257
222,568,266
222,569,426
222,575,245
222,577,175
222,580,607
222,581,215
222,587,407
222,594,167
222,595,263
222,600,270
222,606,199
222,608,176
222,609,930
222,610,209
222,612,296
222,613,356
222,614,246
222,618,751
222,619,825
222,629,215
222,630,235
222,635,161
222,638,401
222,640,363
222,645,193
222,648,257
222,649,160
222,652,205
222,656,614
222,661,185
222,709,244
222,712,152
222,734,155
222,736,624
222,737,263
222,740,509
222,741,679
222,742,272
222,758,484
222,770,470
222,771,350
222,772,234
222,773,187
222,774,251
222,776,193
222,782,157
222,783,165
222,785,700
222,786,351
222,789,346
222,792,224
222,796,355
222,799,204
222,800,165
222,802,223
222,803,202
222,837,163
222,858,381
222,927,280
222,982,278
223,229,279
223,230,378
223,233,663
223,237,461
223,239,231
223,240,179
223,241,198
223,245,263
223,262,270
223,265,419
223,266,183
223,271,192
223,274,517
223,287,181
223,300,396
223,305,576
223,312,440
223,315,248
223,326,161
223,327,327
223,339,212
223,342,216
223,357,153
223,360,367
223,364,156
223,366,205
223,367,233
223,374,373
223,377,323
223,383,225
223,387,247
223,389,205
223,390,203
223,391,389
223,394,442
223,395,283
223,403,153
223,406,244
223,408,704
223,410,199
223,411,465
223,412,437
223,413,188
223,414,156
223,415,567
223,419,223
223,422,169
223,429,369
223,430,191
223,431,213
223,435,153
223,437,165
223,445,289
223,450,362
223,452,165
223,457,475
223,467,207
223,468,175
223,472,269
223,476,155
223,478,705
223,481,302
223,483,453
223,484,202
223,485,550
223,487,245
223,489,756
223,490,250
223,501,236
223,502,412
223,510,347
223,515,474
223,526,300
223,527,255
223,536,233
223,541,167
223,544,277
223,548,778
223,556,315
223,558,421
223,567,620
223,569,228
223,575,198
223,580,307
223,581,183
223,582,225
223,588,305
223,589,571
223,593,175
223,596,315
223,604,220
223,606,426
223,612,168
223,613,328
223,620,320
223,626,270
223,631,348
223,632,186
223,635,198
223,638,300
223,645,169
223,656,155
223,657,294
223,659,641
223,666,154
223,672,976
223,673,679
223,674,674
223,675,792
223,676,619
223,677,621
223,678,733
223,679,957
223,680,359
223,681,901
223,682,537
223,683,756
223,684,359
223,685,170
223,686,281
223,710,205
223,716,448
223,733,246
223,734,280
223,735,267
223,736,205
223,737,325
223,740,418
223,747,209
223,758,201
223,759,205
223,761,179
223,764,177
223,765,321
223,767,270
223,769,150
223,770,377
223,771,644
223,776,183
223,777,259
223,783,222
223,787,448
223,789,179
223,792,477
223,800,156
223,804,220
223,871,193
223,948,807
223,949,159
223,965,251
224,225,911
224,226,992
224,227,973
224,228,996
224,229,566
224,230,222
224,231,984
224,263,188
224,280,227
224,282,188
224,285,355
224,295,177
224,300,277
224,303,221
224,307,450
224,312,420
224,315,301
224,316,192
224,328,199
224,331,157
224,338,195
224,339,239
224,346,158
224,357,186
224,362,204
224,365,669
224,366,506
224,367,277
224,371,189
224,375,233
224,384,180
224,386,189
224,387,198
224,388,303
224,390,438
224,391,260
224,392,234
224,393,253
224,422,167
224,440,254
224,441,293
224,453,309
224,455,150
224,471,211
224,472,165
224,477,153
224,480,158
224,481,246
224,483,253
224,486,159
224,487,161
224,490,290
224,492,162
224,497,196
224,498,158
224,505,303
224,509,163
224,512,268
224,514,169
224,518,266
224,524,507
224,525,384
224,526,202
224,527,183
224,529,578
224,532,279
224,534,739
224,535,635
224,537,185
224,540,181
224,545,547
224,553,271
224,565,269
224,567,210
224,569,207
224,575,157
224,580,342
224,581,176
224,588,152
224,595,172
224,601,274
224,606,310
224,607,223
224,609,612
224,610,163
224,618,392
224,619,338
224,626,189
224,635,192
224,638,506
224,640,178
224,645,150
224,652,294
224,656,350
224,701,175
224,716,166
224,736,319
224,737,274
224,740,357
224,741,326
224,742,335
224,743,188
224,758,233
224,763,190
224,770,221
224,771,224
224,774,236
224,780,163
224,782,163
224,785,389
224,786,429
224,789,208
224,794,156
224,796,185
224,802,218
224,837,216
224,839,273
224,840,167
224,883,538
225,226,946
225,227,959
225,228,945
225,229,299
225,230,202
225,231,958
225,271,238
225,280,384
225,285,364
225,287,195
225,300,254
225,306,440
225,312,294
225,315,226
225,316,154
225,328,159
225,361,203
225,362,185
225,365,164
225,366,239
225,367,220
225,375,617
225,387,151
225,388,223
225,389,200
225,391,288
225,392,245
225,393,163
225,421,167
225,422,153
225,424,259
225,430,156
225,433,163
225,435,202
225,441,312
225,442,152
225,471,213
225,472,156
225,478,154
225,481,201
225,483,245
225,487,161
225,490,206
225,492,233
225,497,196
225,498,158
225,512,223
225,518,252
225,525,189
225,526,198
225,527,197
225,529,533
225,532,319
225,534,732
225,535,624
225,567,203
225,569,170
225,580,585
225,581,153
225,587,420
225,595,191
225,606,412
225,607,160
225,609,306
225,612,163
225,618,285
225,619,441
225,635,161
225,638,191
225,652,194
225,656,206
225,661,150
225,736,271
225,737,272
225,740,324
225,741,213
225,742,178
225,743,187
225,763,255
225,770,217
225,771,542
225,773,177
225,774,269
225,779,464
225,782,156
225,785,290
225,786,175
225,789,186
225,795,520
225,800,192
225,802,198
225,837,160
225,838,150
225,839,154
225,874,213
225,883,526
226,227,938
226,228,934
226,231,993
226,285,951
226,300,153
226,306,401
226,307,454
226,312,178
226,328,429
226,350,197
226,363,165
226,371,363
226,374,180
226,381,303
226,514,290
226,517,408
226,518,219
226,529,154
226,532,189
226,534,386
226,535,369
226,580,168
226,610,162
226,622,162
226,635,605
226,647,176
226,667,209
226,715,554
226,719,182
226,736,215
226,738,153
226,740,186
226,742,687
226,759,205
226,770,163
226,774,163
226,778,216
226,785,159
226,795,669
226,816,223
226,837,153
226,839,190
226,883,281
226,947,198
227,228,943
227,229,186
227,231,983
227,234,153
227,238,359
227,263,453
227,264,151
227,285,986
227,300,303
227,306,596
227,307,788
227,312,212
227,328,432
227,336,153
227,346,160
227,363,187
227,371,541
227,374,186
227,381,317
227,384,159
227,387,168
227,388,249
227,448,217
227,453,182
227,462,257
227,463,166
227,490,163
227,517,351
227,518,196
227,529,162
227,532,182
227,533,207
227,534,408
227,535,385
227,542,204
227,575,194
227,580,499
227,585,165
227,595,150
227,601,415
227,607,161
227,610,162
227,616,155
227,635,162
227,658,209
227,692,178
227,709,163
227,715,179
227,716,240
227,718,194
227,719,190
227,736,211
227,738,162
227,740,167
227,742,686
227,763,216
227,764,167
227,770,169
227,774,160
227,778,458
227,795,669
227,816,250
227,839,157
227,840,152
227,843,178
227,846,160
227,852,164
227,853,333
227,883,315
227,899,186
227,941,166
227,947,256
228,229,369
228,230,207
228,231,999
228,241,197
228,261,174
228,263,158
228,274,362
228,280,651
228,283,606
228,285,999
228,289,150
228,300,295
228,303,307
228,306,967
228,307,993
228,312,354
228,313,397
228,315,256
228,316,159
228,323,246
228,328,454
228,331,192
228,337,302
228,346,238
228,348,161
228,357,214
228,362,200
228,363,193
228,365,224
228,366,175
228,367,210
228,371,987
228,372,151
228,374,168
228,375,159
228,377,171
228,383,412
228,384,199
228,387,214
228,388,181
228,389,151
228,391,155
228,392,422
228,393,323
228,425,199
228,434,162
228,440,931
228,441,321
228,442,244
228,462,574
228,463,594
228,472,150
228,478,233
228,480,195
228,481,454
228,483,321
228,485,159
228,486,161
228,489,163
228,492,186
228,503,184
228,504,193
228,509,250
228,511,154
228,512,182
228,514,540
228,518,358
228,524,249
228,525,206
228,529,165
228,532,178
228,533,251
228,534,454
228,535,380
228,536,210
228,567,323
228,568,168
228,569,548
228,572,165
228,575,266
228,576,202
228,578,160
228,580,356
228,595,185
228,596,173
228,597,372
228,606,262
228,607,170
228,608,176
228,609,376
228,610,241
228,612,231
228,614,444
228,618,562
228,619,582
228,626,263
228,632,180
228,634,386
228,635,916
228,638,235
228,645,245
228,648,153
228,656,266
228,658,196
228,661,475
228,703,179
228,710,199
228,715,682
228,719,317
228,722,165
228,736,361
228,737,273
228,738,196
228,739,490
228,740,595
228,741,263
228,742,755
228,743,518
228,744,168
228,745,156
228,758,163
228,759,154
228,763,432
228,764,190
228,765,207
228,768,150
228,770,290
228,771,676
228,773,151
228,774,301
228,776,300
228,778,204
228,782,185
228,785,272
228,786,180
228,789,339
228,792,199
228,795,774
228,802,275
228,803,198
228,814,154
228,816,421
228,832,179
228,837,161
228,838,241
228,839,169
228,840,154
228,842,345
228,877,152
228,883,295
228,928,330
228,947,181
229,230,611
229,231,759
229,232,195
229,233,324
229,236,215
229,239,178
229,240,435
229,241,525
229,242,181
229,244,221
229,245,202
229,246,159
229,247,295
229,248,192
229,250,476
229,251,205
229,252,183
229,253,231
229,256,192
229,260,666
229,261,785
229,262,467
229,263,201
229,265,283
229,274,160
229,275,158
229,280,999
229,281,236
229,282,967
229,283,311
229,284,215
229,285,544
229,286,840
229,287,203
229,289,480
229,290,167
229,300,697
229,303,805
229,305,263
229,306,253
229,307,217
229,308,190
229,312,871
229,313,197
229,315,809
229,316,770
229,317,248
229,319,246
229,320,227
229,323,215
229,324,244
229,325,408
229,326,200
229,327,418
229,328,664
229,329,173
229,331,537
229,333,159
229,337,155
229,338,543
229,339,473
229,344,203
229,346,202
229,347,166
229,348,229
229,350,171
229,352,172
229,357,715
229,358,408
229,359,176
229,360,476
229,361,319
229,362,380
229,363,225
229,364,327
229,365,927
229,366,589
229,367,890
229,368,203
229,369,187
229,370,150
229,371,281
229,375,274
229,376,308
229,377,200
229,382,288
229,383,304
229,384,219
229,385,317
229,386,602
229,387,499
229,388,576
229,389,372
229,390,657
229,391,452
229,392,414
229,393,386
229,394,415
229,397,230
229,400,321
229,401,254
229,403,466
229,404,270
229,406,394
229,407,494
229,408,548
229,410,358
229,413,275
229,414,188
229,418,169
229,419,582
229,420,710
229,421,738
229,422,352
229,424,558
229,425,314
229,429,531
229,430,360
229,431,416
229,432,322
229,433,247
229,434,544
229,435,453
229,436,165
229,437,263
229,439,162
229,440,372
229,441,313
229,442,332
229,444,201
229,445,397
229,446,216
229,448,391
229,449,170
229,450,196
229,452,273
229,453,311
229,454,289
229,455,246
229,458,269
229,461,177
229,462,169
229,463,244
229,467,523
229,468,323
229,469,342
229,470,209
229,471,195
229,472,630
229,476,245
229,477,516
229,478,431
229,480,358
229,481,987
229,482,170
229,483,989
229,484,474
229,485,555
229,486,295
229,487,395
229,488,432
229,489,415
229,490,396
229,491,209
229,492,784
229,495,156
229,499,150
229,500,195
229,501,181
229,503,425
229,504,280
229,505,531
229,506,218
229,507,345
229,508,431
229,509,999
229,511,354
229,512,505
229,516,177
229,517,177
229,518,798
229,523,155
229,524,507
229,525,351
229,526,453
229,527,355
229,532,201
229,533,318
229,536,390
229,537,350
229,538,191
229,539,606
229,540,418
229,542,195
229,543,445
229,544,380
229,546,186
229,548,199
229,549,231
229,550,373
229,551,150
229,552,725
229,553,243
229,554,279
229,558,274
229,562,211
229,564,349
229,565,329
229,566,374
229,567,987
229,568,525
229,569,994
229,571,155
229,572,963
229,573,432
229,574,999
229,575,999
229,576,928
229,577,594
229,578,672
229,579,974
229,580,999
229,581,734
229,582,235
229,583,304
229,588,581
229,594,219
229,595,681
229,596,228
229,600,271
229,604,362
229,606,741
229,607,153
229,608,173
229,609,997
229,610,671
229,611,506
229,612,908
229,613,592
229,614,998
229,615,368
229,616,846
229,617,692
229,618,919
229,619,970
229,623,201
229,624,276
229,625,201
229,626,476
229,627,187
229,629,200
229,631,278
229,632,248
229,634,244
229,635,364
229,638,866
229,640,829
229,642,971
229,643,971
229,644,968
229,645,992
229,646,999
229,648,426
229,652,365
229,656,927
229,657,339
229,660,273
229,661,615
229,662,424
229,663,245
229,667,431
229,669,175
229,674,170
229,675,175
229,678,211
229,682,203
229,702,167
229,710,347
229,712,158
229,713,181
229,714,293
229,715,423
229,716,405
229,719,248
229,721,162
229,722,224
229,728,222
229,730,204
229,733,255
229,734,420
229,735,483
229,736,961
229,737,722
229,739,332
229,740,991
229,741,831
229,742,967
229,743,779
229,745,185
229,747,409
229,748,216
229,753,151
229,754,209
229,755,300
229,756,262
229,757,270
229,758,633
229,759,190
229,761,188
229,762,216
229,763,183
229,764,193
229,767,391
229,768,400
229,770,711
229,771,974
229,772,555
229,773,505
229,774,579
229,775,254
229,776,558
229,777,425
229,778,646
229,779,731
229,780,280
229,781,277
229,782,503
229,783,673
229,784,275
229,785,759
229,786,582
229,787,279
229,788,590
229,789,908
229,792,980
229,794,327
229,795,754
229,796,414
229,797,186
229,798,151
229,799,157
229,800,309
229,801,181
229,802,334
229,803,352
229,804,198
229,809,165
229,811,242
229,874,177
229,880,240
229,900,185
229,915,532
229,921,438
229,928,969
229,937,431
229,943,275
229,981,451
229,982,291
229,983,326
229,984,253
230,231,326
230,233,280
230,237,196
230,242,163
230,245,434
230,260,585
230,261,630
230,262,611
230,280,303
230,282,213
230,286,172
230,287,562
230,288,439
230,289,193
230,290,172
230,299,188
230,300,733
230,303,242
230,305,193
230,311,186
230,312,933
230,315,594
230,316,365
230,317,209
230,320,181
230,325,997
230,326,163
230,327,358
230,328,374
230,331,183
230,338,250
230,339,213
230,342,226
230,343,206
230,348,292
230,351,199
230,357,444
230,360,350
230,364,193
230,365,162
230,366,513
230,367,417
230,368,529
230,369,525
230,370,519
230,374,417
230,376,231
230,383,168
230,384,164
230,385,155
230,386,206
230,387,293
230,388,247
230,389,315
230,390,234
230,391,399
230,394,260
230,400,152
230,401,269
230,403,289
230,406,188
230,407,255
230,408,547
230,412,169
230,415,256
230,419,311
230,421,506
230,422,272
230,423,168
230,429,786
230,430,347
230,431,520
230,432,643
230,433,494
230,434,561
230,435,378
230,437,220
230,440,190
230,442,167
230,444,220
230,445,227
230,448,251
230,450,214
230,452,186
230,453,204
230,454,186
230,457,155
230,466,172
230,467,337
230,468,325
230,469,270
230,472,450
230,473,180
230,477,298
230,478,199
230,481,607
230,483,951
230,484,961
230,485,998
230,487,414
230,489,765
230,490,207
230,492,257
230,493,240
230,498,338
230,503,308
230,507,155
230,508,568
230,509,507
230,511,178
230,512,272
230,515,170
230,516,666
230,517,181
230,518,982
230,524,220
230,525,167
230,526,634
230,527,893
230,533,154
230,536,196
230,537,295
230,538,383
230,540,296
230,542,755
230,543,566
230,544,339
230,547,487
230,548,355
230,549,337
230,552,619
230,556,243
230,558,309
230,562,152
230,564,292
230,566,246
230,567,969
230,568,459
230,569,992
230,572,407
230,574,197
230,575,325
230,576,186
230,578,306
230,580,689
230,581,670
230,583,361
230,588,723
230,595,200
230,596,196
230,604,599
230,606,999
230,609,435
230,610,361
230,612,749
230,613,809
230,614,362
230,617,220
230,618,291
230,619,354
230,620,182
230,622,165
230,623,488
230,626,567
230,627,163
230,630,150
230,631,694
230,635,428
230,638,802
230,640,373
230,642,515
230,643,363
230,644,393
230,645,693
230,646,287
230,648,370
230,651,202
230,656,632
230,657,555
230,658,233
230,659,297
230,660,322
230,661,641
230,666,200
230,667,614
230,672,255
230,675,281
230,678,464
230,679,167
230,681,498
230,682,294
230,686,182
230,697,195
230,703,153
230,710,349
230,714,180
230,715,244
230,716,320
230,717,222
230,719,177
230,721,198
230,722,354
230,724,154
230,734,268
230,735,535
230,736,499
230,737,676
230,740,704
230,741,237
230,742,265
230,743,171
230,758,639
230,759,450
230,770,918
230,771,697
230,772,240
230,773,328
230,774,395
230,775,164
230,776,336
230,777,606
230,779,243
230,782,953
230,783,551
230,785,326
230,786,188
230,787,198
230,788,627
230,789,416
230,792,790
230,795,236
230,796,180
230,798,182
230,799,164
230,800,261
230,809,204
230,921,677
230,948,189
230,949,184
230,969,395
230,981,218
230,983,476
231,241,312
231,245,198
231,250,170
231,260,170
231,261,194
231,262,478
231,280,699
231,282,173
231,283,152
231,285,992
231,286,152
231,300,350
231,303,521
231,305,292
231,306,404
231,307,446
231,312,441
231,315,393
231,316,291
231,327,185
231,328,197
231,331,333
231,338,283
231,339,196
231,357,257
231,360,209
231,362,228
231,365,183
231,366,239
231,367,323
231,375,453
231,377,162
231,384,150
231,386,273
231,387,225
231,388,588
231,389,728
231,390,326
231,391,606
231,392,517
231,393,337
231,394,172
231,404,153
231,408,239
231,419,165
231,420,157
231,421,150
231,422,151
231,424,396
231,431,162
231,440,509
231,441,449
231,442,183
231,452,280
231,469,216
231,471,216
231,472,362
231,478,204
231,481,372
231,483,376
231,484,170
231,487,276
231,488,761
231,489,306
231,490,310
231,492,719
231,497,234
231,498,190
231,503,234
231,509,228
231,512,227
231,518,401
231,524,764
231,525,715
231,526,251
231,527,250
231,529,613
231,532,370
231,534,729
231,535,610
231,548,188
231,552,281
231,567,319
231,568,202
231,569,372
231,572,218
231,575,242
231,578,167
231,580,868
231,581,270
231,588,174
231,595,305
231,606,354
231,609,591
231,610,228
231,612,238
231,614,444
231,617,219
231,618,475
231,619,658
231,620,208
231,623,558
231,626,174
231,634,166
231,635,245
231,638,285
231,640,241
231,642,192
231,645,197
231,646,165
231,648,171
231,652,264
231,656,494
231,657,186
231,661,641
231,667,213
231,715,186
231,716,223
231,722,179
231,736,423
231,737,406
231,740,765
231,741,400
231,742,874
231,743,998
231,758,216
231,763,269
231,770,342
231,771,631
231,773,233
231,774,777
231,775,188
231,776,176
231,777,206
231,778,224
231,779,158
231,782,446
231,783,223
231,785,491
231,786,318
231,788,470
231,789,361
231,792,464
231,794,177
231,795,687
231,796,218
231,802,245
231,803,193
231,809,290
231,837,154
231,838,192
231,839,189
231,874,193
231,883,495
231,928,192
231,947,201
231,983,246
232,252,202
232,259,311
232,262,190
232,289,595
232,300,552
232,305,545
232,312,263
232,315,308
232,318,287
232,327,155
232,332,900
232,333,399
232,337,151
232,346,167
232,350,310
232,352,160
232,353,236
232,354,229
232,357,265
232,360,182
232,373,939
232,377,196
232,391,354
232,397,212
232,403,221
232,404,175
232,405,335
232,437,178
232,438,243
232,442,391
232,447,157
232,448,904
232,449,911
232,450,347
232,455,237
232,456,177
232,462,229
232,463,190
232,468,266
232,469,187
232,472,256
232,480,206
232,482,266
232,483,299
232,485,150
232,487,207
232,499,196
232,500,215
232,518,216
232,523,214
232,526,165
232,533,187
232,540,939
232,554,349
232,555,352
232,567,333
232,571,602
232,576,168
232,581,172
232,606,165
232,608,162
232,609,234
232,610,168
232,619,181
232,623,829
232,626,311
232,627,206
232,640,426
232,648,193
232,649,447
232,656,297
232,666,157
232,707,231
232,708,233
232,709,155
232,711,270
232,714,157
232,715,316
232,736,255
232,739,286
232,740,184
232,746,165
232,755,158
232,756,155
232,758,154
232,759,193
232,770,245
232,782,161
232,788,248
232,792,200
232,818,251
232,820,200
232,834,241
232,835,221
232,874,159
232,922,673
233,234,457
233,235,243
233,236,315
233,237,276
233,238,299
233,239,156
233,240,249
233,243,268
233,244,266
233,246,173
233,247,797
233,248,194
233,252,172
233,261,152
233,262,336
233,265,164
233,275,223
233,276,164
233,278,168
233,279,182
233,280,465
233,285,205
233,286,189
233,289,259
233,290,217
233,292,196
233,294,165
233,298,163
233,299,206
233,300,776
233,303,194
233,305,593
233,309,157
233,311,226
233,312,398
233,313,157
233,315,344
233,316,201
233,317,273
233,319,279
233,320,230
233,327,211
233,328,186
233,332,165
233,333,178
233,337,203
233,338,203
233,339,174
233,340,151
233,341,157
233,342,880
233,343,175
233,346,166
233,351,169
233,357,453
233,358,162
233,360,536
233,361,294
233,362,411
233,366,199
233,367,368
233,371,175
233,375,154
233,376,215
233,377,254
233,381,228
233,383,222
233,384,153
233,387,192
233,388,245
233,389,161
233,390,165
233,391,326
233,393,187
233,394,181
233,395,179
233,400,169
233,401,205
233,402,237
233,403,271
233,404,232
233,405,236
233,406,216
233,407,158
233,408,225
233,419,384
233,421,418
233,424,210
233,429,500
233,435,155
233,442,203
233,445,170
233,448,196
233,449,202
233,455,247
233,457,179
233,461,159
233,465,158
233,466,155
233,468,187
233,469,178
233,472,237
233,474,207
233,475,187
233,476,500
233,478,526
233,479,157
233,481,305
233,483,554
233,484,211
233,485,210
233,487,396
233,489,163
233,490,179
233,492,263
233,499,575
233,501,219
233,510,398
233,512,194
233,518,299
233,519,290
233,523,192
233,526,185
233,536,167
233,537,155
233,540,201
233,541,233
233,548,306
233,551,262
233,552,321
233,553,153
233,554,166
233,557,197
233,558,187
233,559,288
233,560,200
233,561,164
233,565,208
233,566,181
233,567,506
233,569,312
233,571,277
233,572,271
233,580,312
233,581,341
233,582,194
233,583,463
233,588,199
233,589,172
233,594,150
233,597,194
233,599,181
233,600,425
233,601,162
233,603,165
233,604,155
233,606,371
233,609,390
233,610,214
233,612,202
233,613,245
233,614,231
233,615,172
233,618,220
233,619,252
233,621,151
233,626,263
233,632,306
233,633,157
233,634,280
233,635,188
233,638,278
233,640,486
233,642,179
233,643,171
233,644,179
233,645,197
233,648,170
233,649,170
233,656,339
233,657,178
233,658,195
233,666,292
233,667,241
233,673,165
233,674,159
233,679,323
233,691,447
233,696,528
233,703,319
233,710,370
233,711,244
233,712,236
233,713,227
233,714,306
233,715,231
233,716,259
233,717,230
233,718,220
233,723,838
233,724,927
233,725,908
233,726,511
233,727,927
233,728,467
233,729,583
233,730,400
233,731,356
233,732,494
233,733,268
233,736,323
233,737,300
233,738,229
233,739,190
233,740,611
233,747,155
233,748,254
233,749,525
233,750,290
233,751,308
233,752,316
233,753,257
233,754,255
233,755,252
233,756,238
233,758,193
233,760,552
233,765,460
233,766,381
233,767,181
233,768,294
233,769,385
233,770,398
233,771,346
233,777,235
233,782,258
233,783,151
233,785,355
233,787,255
233,788,159
233,789,221
233,792,260
233,804,301
233,805,203
233,850,287
233,851,293
233,874,312
233,933,153
233,934,158
233,935,167
233,943,209
233,962,603
233,964,208
233,967,893
233,968,860
233,969,387
233,970,477
233,971,362
233,972,830
233,973,471
233,974,455
233,975,321
233,976,794
233,977,370
233,978,341
233,979,519
233,981,221
234,235,167
234,236,186
234,262,189
234,280,160
234,289,192
234,300,347
234,312,221
234,315,195
234,350,183
234,360,315
234,364,165
234,365,155
234,366,199
234,369,194
234,387,178
234,402,167
234,403,223
234,405,223
234,407,150
234,419,223
234,422,160
234,429,201
234,430,185
234,442,229
234,443,196
234,450,162
234,453,193
234,454,208
234,455,167
234,456,152
234,480,181
234,483,300
234,491,153
234,500,163
234,518,187
234,538,339
234,554,167
234,566,606
234,567,227
234,581,159
234,582,178
234,588,229
234,609,159
234,618,156
234,626,151
234,638,192
234,735,196
234,736,255
234,737,196
234,739,172
234,740,251
234,758,185
234,764,255
234,771,155
234,787,195
234,790,164
234,791,175
234,792,181
234,800,159
234,801,198
234,929,170
235,236,404
235,242,226
235,243,988
235,244,209
235,247,278
235,248,231
235,251,257
235,275,175
235,278,169
235,279,158
235,287,197
235,295,295
235,296,151
235,297,163
235,300,338
235,320,240
235,322,320
235,330,332
235,340,183
235,341,202
235,345,214
235,347,190
235,360,767
235,361,351
235,367,523
235,378,682
235,379,672
235,380,305
235,381,719
235,382,794
235,383,400
235,384,165
235,400,248
235,402,517
235,419,168
235,429,192
235,442,174
235,453,214
235,454,163
235,461,197
235,466,194
235,476,448
235,478,186
235,481,163
235,483,156
235,487,228
235,500,290
235,519,168
235,520,191
235,559,162
235,560,166
235,561,154
235,562,609
235,566,209
235,567,231
235,569,156
235,582,472
235,583,471
235,587,217
235,589,210
235,590,231
235,593,202
235,594,382
235,596,221
235,597,255
235,604,219
235,623,181
235,626,218
235,628,171
235,632,768
235,636,224
235,648,152
235,655,208
235,682,224
235,695,203
235,703,295
235,704,185
235,712,151
235,717,209
235,718,279
235,725,363
235,727,439
235,728,234
235,729,151
235,740,185
235,745,341
235,750,223
235,753,267
235,765,242
235,766,413
235,768,207
235,804,530
235,809,198
235,813,240
235,854,221
235,877,273
235,929,457
235,933,245
235,950,189
235,966,232
235,978,408
236,240,227
236,242,251
236,243,547
236,244,439
236,246,152
236,247,357
236,248,261
236,250,287
236,251,278
236,265,173
236,266,179
236,272,315
236,275,187
236,276,336
236,278,228
236,279,309
236,280,226
236,282,175
236,287,463
236,289,219
236,290,229
236,291,194
236,292,155
236,294,210
236,295,294
236,296,165
236,297,173
236,300,383
236,309,174
236,312,265
236,315,207
236,320,308
236,322,268
236,333,210
236,335,166
236,338,217
236,339,398
236,340,276
236,341,232
236,345,262
236,357,194
236,360,328
236,361,429
236,366,179
236,367,248
236,374,247
236,378,380
236,379,416
236,380,190
236,381,365
236,382,521
236,383,226
236,400,202
236,409,219
236,413,189
236,419,310
236,434,189
236,435,163
236,445,258
236,452,365
236,453,173
236,460,225
236,461,220
236,466,194
236,474,195
236,476,653
236,478,197
236,481,264
236,483,212
236,500,290
236,501,271
236,503,428
236,518,152
236,519,156
236,520,185
236,521,198
236,522,159
236,524,162
236,533,273
236,540,155
236,544,191
236,554,171
236,559,222
236,560,176
236,561,229
236,562,540
236,564,176
236,566,157
236,567,337
236,569,223
236,580,227
236,582,654
236,583,816
236,585,188
236,586,158
236,587,211
236,589,190
236,590,167
236,593,169
236,597,505
236,600,171
236,603,225
236,606,203
236,612,183
236,619,150
236,626,254
236,628,174
236,632,227
236,633,170
236,634,156
236,635,194
236,636,242
236,637,423
236,638,202
236,640,183
236,645,350
236,648,197
236,655,489
236,674,186
236,682,165
236,685,183
236,686,223
236,687,178
236,688,188
236,690,178
236,691,200
236,693,189
236,694,168
236,695,468
236,696,158
236,697,365
236,701,199
236,702,221
236,703,950
236,704,388
236,711,236
236,712,250
236,713,192
236,717,269
236,718,205
236,727,236
236,729,193
236,734,294
236,736,178
236,740,289
236,745,227
236,750,207
236,751,269
236,753,245
236,757,169
236,760,206
236,765,176
236,766,264
236,767,193
236,768,151
236,770,155
236,771,244
236,773,159
236,782,154
236,789,181
236,804,197
236,813,240
236,815,163
236,824,209
236,846,195
236,847,157
236,849,221
236,854,221
236,867,211
236,870,306
236,929,466
236,933,236
236,951,216
236,952,162
236,959,161
236,966,218
237,239,163
237,240,524
237,263,167
237,265,507
237,266,232
237,268,157
237,269,166
237,272,350
237,274,482
237,280,171
237,290,252
237,294,216
237,300,321
237,312,176
237,326,171
237,334,172
237,338,209
237,342,584
237,343,579
237,344,242
237,346,198
237,347,200
237,351,196
237,360,430
237,361,174
237,367,153
237,368,173
237,391,202
237,401,201
237,403,154
237,409,201
237,413,151
237,414,176
237,415,595
237,419,238
237,422,161
237,427,156
237,451,185
237,452,192
237,453,189
237,454,254
237,473,445
237,478,155
237,481,228
237,483,359
237,501,319
237,503,247
237,513,167
237,515,522
237,516,156
237,517,161
237,540,235
237,541,547
237,550,387
237,567,361
237,569,152
237,580,285
237,581,196
237,588,180
237,596,217
237,604,228
237,606,255
237,620,172
237,626,210
237,631,196
237,638,192
237,645,164
237,671,336
237,673,191
237,674,161
237,679,269
237,682,206
237,733,181
237,740,246
237,770,313
237,777,519
237,789,211
237,792,247
237,798,422
237,862,165
237,949,379
237,965,247
238,239,952
238,240,684
238,249,580
238,250,160
238,251,180
238,263,232
238,264,185
238,265,518
238,266,176
238,267,231
238,268,317
238,269,422
238,270,229
238,272,793
238,273,618
238,274,575
238,276,234
238,279,179
238,282,157
238,290,161
238,295,249
238,296,152
238,297,184
238,339,197
238,344,372
238,346,326
238,355,181
238,356,205
238,373,152
238,380,170
238,415,152
238,416,179
238,450,447
238,451,169
238,452,203
238,460,215
238,501,349
238,515,176
238,540,216
238,541,183
238,566,207
238,570,205
238,580,296
238,584,189
238,586,229
238,589,429
238,592,217
238,596,221
238,597,251
238,601,359
238,654,175
238,658,155
238,664,297
238,673,188
238,674,259
238,679,421
238,680,150
238,681,191
238,683,178
238,694,152
238,740,172
238,760,188
238,771,535
238,789,153
238,815,173
238,830,179
238,845,225
238,846,220
238,847,204
238,849,246
238,855,640
238,860,742
238,862,477
238,863,450
238,864,435
238,865,668
238,867,261
238,929,154
238,930,231
238,931,209
238,932,246
238,958,247
238,964,190
239,240,914
239,248,166
239,249,656
239,250,241
239,251,314
239,263,268
239,264,266
239,265,839
239,266,209
239,267,278
239,268,291
239,269,362
239,270,245
239,271,174
239,272,742
239,273,688
239,274,725
239,276,202
239,279,555
239,280,234
239,282,182
239,286,163
239,290,600
239,295,258
239,296,332
239,297,250
239,300,204
239,322,150
239,339,326
239,340,179
239,341,176
239,344,322
239,346,580
239,355,227
239,356,328
239,380,185
239,383,155
239,390,178
239,413,227
239,414,171
239,416,283
239,417,200
239,419,205
239,442,181
239,445,226
239,451,208
239,452,563
239,453,445
239,455,172
239,460,264
239,469,432
239,475,222
239,481,150
239,483,227
239,501,475
239,505,156
239,540,345
239,541,193
239,551,223
239,566,276
239,567,215
239,570,251
239,580,428
239,582,256
239,584,223
239,585,259
239,586,283
239,587,190
239,591,293
239,592,179
239,596,221
239,597,322
239,618,357
239,632,195
239,653,210
239,654,185
239,673,190
239,674,226
239,679,407
239,681,171
239,683,167
239,685,168
239,690,162
239,691,235
239,692,161
239,693,164
239,700,169
239,737,236
239,740,256
239,745,219
239,746,263
239,751,188
239,752,167
239,760,272
239,770,156
239,771,567
239,789,214
239,815,182
239,830,177
239,831,205
239,843,168
239,845,177
239,846,341
239,847,238
239,849,311
239,855,557
239,860,749
239,861,164
239,862,450
239,863,414
239,864,462
239,865,643
239,867,385
239,900,430
239,930,210
239,933,232
239,944,263
239,958,172
239,964,230
240,248,377
240,249,433
240,250,581
240,251,327
240,263,543
240,264,240
240,265,920
240,266,203
240,267,369
240,268,325
240,269,701
240,270,156
240,271,156
240,272,748
240,273,644
240,274,554
240,275,180
240,276,306
240,278,168
240,279,269
240,280,310
240,282,342
240,286,195
240,290,194
240,294,212
240,295,358
240,296,323
240,297,334
240,300,284
240,309,188
240,312,156
240,315,205
240,322,565
240,326,209
240,328,207
240,330,150
240,338,204
240,339,491
240,340,301
240,341,288
240,344,482
240,345,216
240,346,647
240,355,222
240,356,564
240,357,194
240,360,245
240,362,210
240,366,167
240,368,176
240,373,180
240,383,310
240,392,951
240,406,246
240,409,175
240,413,333
240,414,375
240,416,274
240,417,192
240,419,279
240,427,168
240,445,343
240,448,199
240,451,196
240,452,473
240,460,280
240,474,189
240,478,231
240,479,158
240,481,249
240,483,328
240,501,711
240,503,181
240,505,288
240,515,162
240,517,208
240,540,495
240,541,346
240,544,337
240,550,187
240,566,468
240,567,361
240,569,151
240,570,311
240,580,551
240,581,172
240,582,380
240,584,241
240,585,356
240,586,579
240,587,371
240,589,222
240,590,155
240,591,206
240,592,210
240,594,154
240,596,204
240,597,362
240,601,226
240,602,151
240,606,176
240,632,189
240,638,157
240,645,154
240,653,270
240,654,219
240,655,329
240,656,167
240,668,205
240,672,158
240,673,185
240,674,197
240,683,164
240,685,208
240,687,205
240,690,210
240,691,311
240,692,301
240,693,155
240,707,163
240,718,169
240,731,162
240,737,177
240,740,351
240,745,173
240,751,212
240,752,240
240,756,192
240,757,213
240,760,206
240,770,223
240,771,172
240,773,322
240,789,339
240,815,243
240,825,179
240,827,155
240,831,208
240,840,165
240,843,153
240,846,409
240,849,326
240,860,533
240,862,438
240,863,382
240,864,386
240,865,563
240,867,354
240,870,180
240,873,168
240,932,195
240,933,367
240,944,230
240,947,214
240,951,436
240,956,183
240,958,165
240,959,163
240,960,167
240,964,251
240,965,309
241,248,184
241,252,882
241,253,956
241,254,308
241,255,615
241,256,646
241,257,242
241,261,173
241,262,162
241,280,498
241,282,257
241,284,165
241,286,345
241,289,242
241,299,414
241,300,329
241,303,742
241,306,243
241,308,789
241,312,647
241,313,201
241,315,555
241,316,214
241,323,570
241,324,398
241,328,423
241,331,236
241,332,240
241,333,170
241,337,163
241,338,207
241,348,160
241,350,259
241,352,203
241,354,172
241,357,219
241,358,161
241,362,252
241,364,593
241,365,477
241,366,192
241,367,276
241,373,150
241,375,973
241,383,306
241,384,160
241,387,284
241,388,331
241,389,200
241,390,263
241,391,284
241,392,264
241,393,195
241,394,210
241,398,366
241,404,960
241,405,168
241,406,163
241,407,179
241,408,425
241,418,551
241,419,176
241,422,179
241,424,314
241,429,154
241,434,368
241,435,196
241,437,252
241,440,269
241,442,199
241,443,242
241,445,174
241,448,228
241,450,151
241,455,639
241,456,310
241,458,537
241,459,194
241,468,223
241,469,170
241,472,305
241,477,223
241,478,417
241,480,173
241,481,239
241,482,277
241,483,270
241,485,335
241,488,519
241,489,182
241,490,359
241,492,301
241,500,321
241,503,346
241,505,372
241,509,155
241,518,444
241,523,157
241,524,447
241,525,203
241,533,195
241,539,994
241,544,231
241,546,173
241,551,409
241,553,194
241,558,209
241,562,179
241,564,196
241,565,220
241,567,238
241,568,184
241,569,293
241,575,252
241,580,368
241,581,192
241,583,204
241,595,230
241,596,183
241,600,195
241,608,158
241,609,843
241,610,235
241,612,197
241,614,421
241,616,173
241,618,656
241,619,577
241,623,193
241,625,198
241,626,151
241,629,303
241,633,157
241,635,171
241,638,292
241,640,342
241,645,157
241,648,301
241,649,454
241,650,249
241,652,201
241,656,394
241,661,165
241,669,161
241,709,358
241,715,320
241,716,173
241,734,195
241,736,280
241,737,202
241,738,161
241,739,285
241,740,595
241,741,394
241,742,809
241,746,243
241,756,154
241,758,200
241,762,354
241,763,164
241,769,157
241,770,204
241,771,236
241,773,169
241,781,159
241,782,217
241,785,621
241,786,330
241,789,456
241,790,227
241,791,242
241,792,188
241,794,179
241,796,211
241,797,440
241,799,155
241,802,198
241,817,252
241,818,283
241,834,169
241,838,166
241,858,534
241,880,170
241,915,964
241,927,366
241,943,433
241,968,210
241,969,209
242,243,167
242,244,999
242,260,168
242,261,167
242,270,435
242,275,594
242,276,259
242,277,430
242,278,257
242,279,231
242,280,160
242,287,383
242,290,332
242,291,209
242,292,347
242,293,159
242,294,250
242,300,295
242,303,173
242,309,500
242,310,615
242,315,711
242,316,604
242,317,461
242,319,189
242,328,165
242,329,229
242,334,255
242,335,459
242,336,293
242,340,429
242,341,327
242,345,388
242,357,215
242,360,177
242,361,474
242,367,156
242,372,297
242,382,285
242,387,176
242,388,162
242,400,815
242,402,186
242,409,285
242,419,325
242,422,191
242,462,190
242,472,179
242,476,164
242,478,296
242,481,183
242,483,321
242,508,169
242,509,177
242,510,157
242,518,152
242,519,247
242,520,168
242,521,365
242,522,336
242,533,191
242,540,162
242,567,311
242,569,202
242,580,167
242,582,202
242,583,553
242,596,161
242,606,220
242,609,248
242,612,153
242,613,390
242,618,166
242,619,198
242,628,295
242,632,165
242,633,999
242,634,220
242,635,159
242,636,991
242,637,523
242,638,217
242,640,317
242,648,161
242,655,182
242,656,298
242,665,745
242,667,160
242,673,189
242,685,438
242,686,343
242,687,495
242,688,530
242,689,259
242,690,529
242,691,407
242,692,174
242,693,227
242,694,300
242,695,438
242,696,373
242,697,476
242,698,209
242,699,236
242,703,749
242,704,283
242,705,176
242,706,200
242,707,344
242,708,274
242,710,305
242,718,159
242,734,335
242,736,175
242,740,291
242,741,201
242,754,226
242,755,301
242,756,381
242,765,230
242,770,167
242,771,166
242,789,184
242,804,262
242,809,151
242,816,231
242,830,220
242,831,407
242,854,452
242,870,421
242,871,168
242,908,367
242,950,160
242,951,294
242,952,261
242,953,354
242,956,172
242,957,182
242,959,265
242,960,153
242,964,157
243,244,680
243,247,240
243,248,249
243,251,229
243,275,343
243,276,193
243,278,194
243,279,155
243,287,357
243,290,157
243,291,151
243,292,267
243,294,231
243,297,607
243,300,232
243,309,271
243,310,316
243,322,179
243,326,158
243,329,177
243,330,264
243,340,419
243,341,469
243,345,324
243,360,577
243,361,802
243,367,173
243,378,743
243,379,707
243,380,273
243,381,715
243,382,324
243,383,478
243,384,211
243,400,198
243,402,965
243,409,204
243,419,233
243,474,257
243,475,209
243,476,299
243,478,229
243,487,184
243,519,410
243,520,395
243,521,305
243,522,298
243,559,165
243,560,165
243,562,256
243,582,311
243,583,925
243,587,160
243,590,210
243,593,156
243,600,187
243,628,204
243,632,884
243,633,407
243,634,219
243,636,196
243,637,227
243,655,157
243,672,181
243,673,157
243,685,441
243,686,547
243,687,410
243,688,400
243,689,325
243,690,439
243,691,336
243,693,159
243,694,345
243,695,460
243,696,404
243,697,188
243,698,167
243,699,218
243,701,183
243,702,162
243,703,522
243,704,396
243,717,178
243,718,186
243,725,440
243,727,421
243,734,190
243,745,378
243,750,256
243,766,423
243,771,282
243,804,286
243,830,161
243,831,192
243,832,168
243,854,173
243,861,152
243,870,426
243,871,220
243,877,362
243,906,176
243,908,334
243,929,353
243,933,157
243,950,244
243,951,276
243,952,275
243,955,154
243,959,204
243,966,166
243,978,237
244,248,166
244,249,171
244,250,283
244,275,298
244,276,203
244,277,215
244,278,234
244,279,173
244,280,214
244,287,304
244,289,201
244,290,178
244,292,188
244,293,159
244,294,155
244,296,165
244,300,311
244,309,332
244,310,407
244,315,220
244,317,276
244,319,279
244,322,674
244,329,299
244,330,274
244,335,216
244,336,184
244,339,200
244,340,426
244,341,322
244,345,345
244,354,154
244,357,287
244,360,211
244,361,429
244,367,153
244,382,654
244,383,179
244,384,151
244,387,177
244,400,809
244,402,155
244,406,274
244,409,264
244,419,592
244,427,171
244,442,167
244,453,232
244,455,153
244,460,177
244,463,162
244,474,203
244,476,619
244,478,427
244,480,153
244,481,194
244,483,268
244,500,200
244,501,173
244,505,175
244,508,193
244,518,468
244,519,207
244,520,195
244,521,296
244,522,311
244,524,203
244,533,231
244,535,152
244,536,188
244,540,162
244,541,214
244,542,427
244,544,171
244,561,150
244,562,264
244,566,156
244,567,237
244,569,165
244,580,154
244,582,286
244,583,268
244,585,154
244,587,585
244,588,152
244,590,597
244,596,156
244,597,261
244,599,178
244,601,239
244,602,151
244,606,236
244,609,150
244,610,180
244,615,184
244,619,160
244,621,190
244,626,215
244,628,207
244,632,223
244,633,898
244,634,419
244,635,405
244,636,999
244,637,992
244,638,236
244,640,210
244,648,157
244,656,179
244,665,606
244,673,163
244,675,172
244,685,361
244,686,271
244,687,356
244,688,427
244,689,188
244,690,472
244,691,465
244,692,246
244,693,213
244,694,238
244,695,256
244,696,194
244,697,201
244,698,171
244,699,265
244,700,190
244,702,249
244,703,560
244,704,285
244,705,259
244,706,220
244,707,298
244,708,216
244,710,382
244,715,207
244,716,242
244,717,523
244,718,649
244,720,241
244,731,155
244,734,255
244,736,185
244,740,283
244,742,158
244,748,173
244,749,243
244,751,313
244,752,279
244,753,174
244,754,192
244,755,660
244,756,339
244,757,219
244,760,165
244,765,261
244,766,168
244,770,174
244,771,160
244,782,194
244,787,167
244,789,165
244,792,176
244,804,329
244,815,154
244,816,202
244,825,193
244,831,254
244,846,239
244,854,649
244,865,208
244,867,169
244,870,340
244,873,211
244,908,303
244,929,154
244,933,601
244,951,415
244,952,214
244,954,244
244,955,159
244,957,196
244,958,170
244,959,243
244,960,169
244,964,215
244,965,186
244,966,408
244,967,154
245,261,194
245,262,443
245,300,380
245,312,397
245,315,231
245,325,384
245,327,176
245,338,181
245,348,154
245,351,197
245,357,155
245,366,179
245,367,223
245,372,158
245,387,154
245,389,287
245,391,377
245,398,158
245,407,918
245,408,954
245,412,227
245,415,159
245,419,188
245,421,209
245,422,309
245,429,468
245,430,184
245,431,353
245,432,238
245,433,368
245,434,178
245,435,416
245,437,158
245,450,163
245,468,154
245,472,396
245,481,227
245,483,710
245,484,326
245,485,199
245,489,459
245,492,180
245,503,241
245,507,199
245,516,318
245,518,165
245,524,395
245,525,170
245,526,378
245,527,334
245,538,168
245,543,207
245,548,632
245,549,837
245,558,378
245,567,587
245,568,178
245,569,331
245,572,196
245,580,174
245,581,594
245,588,992
245,595,150
245,604,284
245,606,423
245,609,181
245,612,275
245,613,329
245,619,289
245,623,431
245,631,603
245,638,349
245,640,153
245,648,182
245,651,152
245,656,294
245,657,214
245,659,552
245,672,395
245,678,164
245,681,186
245,684,345
245,686,178
245,710,247
245,716,175
245,722,363
245,735,858
245,736,205
245,737,366
245,740,334
245,741,344
245,742,174
245,758,187
245,770,657
245,771,749
245,773,703
245,774,239
245,775,172
245,776,305
245,777,372
245,779,228
245,783,543
245,785,456
245,786,152
245,788,465
245,792,663
245,922,270
245,949,213
245,983,463
246,247,833
246,248,449
246,259,274
246,262,209
246,297,183
246,298,701
246,299,248
246,300,657
246,305,179
246,311,179
246,315,215
246,319,175
246,320,168
246,327,152
246,362,190
246,365,171
246,367,176
246,368,206
246,369,179
246,377,199
246,383,177
246,387,160
246,395,197
246,406,213
246,414,272
246,419,255
246,432,169
246,437,277
246,438,337
246,443,329
246,444,485
246,450,261
246,454,192
246,468,211
246,469,193
246,472,210
246,476,204
246,478,215
246,480,473
246,481,210
246,483,224
246,499,154
246,503,358
246,518,243
246,538,284
246,540,232
246,544,217
246,559,488
246,560,245
246,561,702
246,562,300
246,567,272
246,571,193
246,580,196
246,594,162
246,599,172
246,600,515
246,601,274
246,602,292
246,603,651
246,604,152
246,609,213
246,623,175
246,626,156
246,629,212
246,638,181
246,640,275
246,647,394
246,656,204
246,658,232
246,667,152
246,679,333
246,680,333
246,716,162
246,722,343
246,724,406
246,725,377
246,727,642
246,730,162
246,736,223
246,740,211
246,770,151
246,785,168
246,787,175
246,798,175
246,818,364
246,820,359
246,847,169
246,867,155
246,921,157
246,935,544
246,958,242
247,248,557
247,259,220
247,262,200
247,280,306
247,282,183
247,283,159
247,297,195
247,298,693
247,300,622
247,305,170
247,306,258
247,308,242
247,312,242
247,315,225
247,317,174
247,319,155
247,320,276
247,327,365
247,350,199
247,360,210
247,361,174
247,362,490
247,364,162
247,365,180
247,366,213
247,367,297
247,371,261
247,378,164
247,379,448
247,381,151
247,382,224
247,383,181
247,387,211
247,389,161
247,391,246
247,394,155
247,395,167
247,400,160
247,402,257
247,406,216
247,407,287
247,408,459
247,414,244
247,419,698
247,421,587
247,432,182
247,437,192
247,438,267
247,443,329
247,444,493
247,446,175
247,450,288
247,455,339
247,457,444
247,468,209
247,469,192
247,471,154
247,472,183
247,476,954
247,477,157
247,478,189
247,480,232
247,481,208
247,483,359
247,489,287
247,490,178
247,499,351
247,518,269
247,540,231
247,541,238
247,544,232
247,548,160
247,559,243
247,560,227
247,561,691
247,562,493
247,567,315
247,569,204
247,571,320
247,572,522
247,580,411
247,581,211
247,583,657
247,594,162
247,599,197
247,600,637
247,601,232
247,602,252
247,603,642
247,609,237
247,610,154
247,612,151
247,619,462
247,626,198
247,629,197
247,632,208
247,638,454
247,640,516
247,647,159
247,648,408
247,656,208
247,658,210
247,679,376
247,680,333
247,685,181
247,687,159
247,694,228
247,720,153
247,724,871
247,725,551
247,726,170
247,727,841
247,728,369
247,734,172
247,736,294
247,737,179
247,738,187
247,740,242
247,741,163
247,750,195
247,753,168
247,754,167
247,755,197
247,758,188
247,759,185
247,770,252
247,771,555
247,773,161
247,782,171
247,785,182
247,820,250
247,832,170
247,867,173
247,929,173
247,935,265
247,968,183
247,971,231
247,978,205
248,250,177
248,251,176
248,265,170
248,275,157
248,280,240
248,282,442
248,295,172
248,296,174
248,297,238
248,298,845
248,299,179
248,300,377
248,303,183
248,309,157
248,312,242
248,315,355
248,316,210
248,338,227
248,339,315
248,346,166
248,347,168
248,357,163
248,362,163
248,364,176
248,366,218
248,367,229
248,377,187
248,379,411
248,383,247
248,387,556
248,389,155
248,390,191
248,391,171
248,392,152
248,394,239
248,402,222
248,403,152
248,406,447
248,413,158
248,419,322
248,422,289
248,432,157
248,443,302
248,445,254
248,450,217
248,452,313
248,453,166
248,458,158
248,465,270
248,472,274
248,474,211
248,476,437
248,478,251
248,481,219
248,483,248
248,489,187
248,490,151
248,499,197
248,501,236
248,518,225
248,537,191
248,538,283
248,540,225
248,541,176
248,543,179
248,544,267
248,559,640
248,560,662
248,561,340
248,562,397
248,566,167
248,567,331
248,580,314
248,581,177
248,582,601
248,583,268
248,594,163
248,597,259
248,598,412
248,599,358
248,600,666
248,601,456
248,602,426
248,603,350
248,606,179
248,609,258
248,619,167
248,620,178
248,623,187
248,626,176
248,629,197
248,631,151
248,638,266
248,640,246
248,650,674
248,656,290
248,670,161
248,674,180
248,676,176
248,679,348
248,680,333
248,691,158
248,703,160
248,727,264
248,736,295
248,740,257
248,749,193
248,751,177
248,753,152
248,755,160
248,757,377
248,758,167
248,760,193
248,770,203
248,771,184
248,785,204
248,789,188
248,792,158
248,794,173
248,799,189
248,800,201
248,833,192
248,846,165
248,851,211
248,860,154
248,865,156
248,867,172
248,896,171
248,934,390
248,935,569
248,951,559
248,960,566
249,250,371
249,251,260
249,263,709
249,264,527
249,265,651
249,266,533
249,267,732
249,268,171
249,269,295
249,270,474
249,271,414
249,272,219
249,273,174
249,274,250
249,276,607
249,277,528
249,278,254
249,279,427
249,287,154
249,291,164
249,294,291
249,295,508
249,296,415
249,297,284
249,304,764
249,309,250
249,310,171
249,315,290
249,322,250
249,329,172
249,330,164
249,334,221
249,336,171
249,338,175
249,339,343
249,340,924
249,341,450
249,344,204
249,345,752
249,346,517
249,355,915
249,356,994
249,361,404
249,406,261
249,413,227
249,416,939
249,417,920
249,442,189
249,443,210
249,445,186
249,451,812
249,452,347
249,460,370
249,474,184
249,501,408
249,504,151
249,505,199
249,511,155
249,520,220
249,540,221
249,541,464
249,567,247
249,570,248
249,582,235
249,584,299
249,585,336
249,586,351
249,587,240
249,591,877
249,592,843
249,597,515
249,601,248
249,615,150
249,628,185
249,653,306
249,654,337
249,655,388
249,673,379
249,674,161
249,678,174
249,685,382
249,687,197
249,688,152
249,690,261
249,691,381
249,692,279
249,695,214
249,699,338
249,701,216
249,702,173
249,703,192
249,704,197
249,718,244
249,731,177
249,734,161
249,751,371
249,752,345
249,753,179
249,756,156
249,757,168
249,759,410
249,760,303
249,778,170
249,780,161
249,815,325
249,825,299
249,827,218
249,829,167
249,843,430
249,845,275
249,846,431
249,847,236
249,849,351
249,854,280
249,855,204
249,860,427
249,861,635
249,865,453
249,867,336
249,870,242
249,873,252
249,930,614
249,931,916
249,932,891
249,933,346
249,940,176
249,944,245
249,954,150
249,959,173
249,965,218
249,966,195
249,970,164
250,251,767
250,263,668
250,264,283
250,265,470
250,266,373
250,267,342
250,269,201
250,270,257
250,271,333
250,272,806
250,273,616
250,276,367
250,277,159
250,278,345
250,279,376
250,280,222
250,282,206
250,287,196
250,289,793
250,294,169
250,295,549
250,296,676
250,297,641
250,300,318
250,304,187
250,306,238
250,307,410
250,309,456
250,310,237
250,312,155
250,315,230
250,322,301
250,328,170
250,333,187
250,334,270
250,335,228
250,336,168
250,338,232
250,339,612
250,340,416
250,341,660
250,345,310
250,346,272
250,355,160
250,356,442
250,357,292
250,361,331
250,366,157
250,367,153
250,383,176
250,391,209
250,401,168
250,406,483
250,408,320
250,409,233
250,413,430
250,416,199
250,417,208
250,419,434
250,427,189
250,445,968
250,450,669
250,451,248
250,452,999
250,460,306
250,474,320
250,475,242
250,481,271
250,483,230
250,489,157
250,490,172
250,496,351
250,497,330
250,501,852
250,504,169
250,505,720
250,508,321
250,509,348
250,511,175
250,521,227
250,522,266
250,524,188
250,525,150
250,537,299
250,540,321
250,541,257
250,544,296
250,548,302
250,554,214
250,566,231
250,567,199
250,569,166
250,570,167
250,580,424
250,582,499
250,584,381
250,585,999
250,586,999
250,587,238
250,591,208
250,592,179
250,594,524
250,597,598
250,601,350
250,606,219
250,609,202
250,614,203
250,615,168
250,619,186
250,626,479
250,628,170
250,632,156
250,638,157
250,645,183
250,653,399
250,654,619
250,655,195
250,656,196
250,661,415
250,672,151
250,673,207
250,674,160
250,677,167
250,685,493
250,686,157
250,687,304
250,690,299
250,691,414
250,692,411
250,693,192
250,699,168
250,702,167
250,705,185
250,707,233
250,708,288
250,716,157
250,717,151
250,718,263
250,731,266
250,740,351
250,742,584
250,750,174
250,751,387
250,752,307
250,756,283
250,757,515
250,760,474
250,771,254
250,776,372
250,780,262
250,783,904
250,786,153
250,789,295
250,815,260
250,825,923
250,826,907
250,827,883
250,828,994
250,830,189
250,831,233
250,832,197
250,842,206
250,843,186
250,845,181
250,846,497
250,849,845
250,854,198
250,860,235
250,861,236
250,862,576
250,863,579
250,864,594
250,865,404
250,867,520
250,870,224
250,873,358
250,880,153
250,908,262
250,930,160
250,931,201
250,933,489
250,940,195
250,944,263
250,947,183
250,950,206
250,951,204
250,954,237
250,955,152
250,958,203
250,960,169
250,965,294
250,981,277
251,263,330
251,264,190
251,265,454
251,266,305
251,267,292
251,269,297
251,270,228
251,271,182
251,272,692
251,273,640
251,274,160
251,275,625
251,276,665
251,277,580
251,278,645
251,279,630
251,289,606
251,290,601
251,291,587
251,292,571
251,293,589
251,294,663
251,295,998
251,296,985
251,297,992
251,300,157
251,309,345
251,310,259
251,315,172
251,322,237
251,330,231
251,334,582
251,335,670
251,336,591
251,338,184
251,339,392
251,340,291
251,341,458
251,345,262
251,346,257
251,355,305
251,356,345
251,361,223
251,378,549
251,379,556
251,380,556
251,381,558
251,386,206
251,388,298
251,392,375
251,402,165
251,406,230
251,413,353
251,414,198
251,416,183
251,417,202
251,419,319
251,420,201
251,445,998
251,450,222
251,451,187
251,452,751
251,460,228
251,474,390
251,475,212
251,481,176
251,492,153
251,501,584
251,509,192
251,537,207
251,540,155
251,544,230
251,566,234
251,570,236
251,580,318
251,582,419
251,583,177
251,584,269
251,585,664
251,586,657
251,587,274
251,591,244
251,592,156
251,597,364
251,601,183
251,624,157
251,628,220
251,637,595
251,653,238
251,654,356
251,673,227
251,674,197
251,677,157
251,685,267
251,686,256
251,687,351
251,688,304
251,690,355
251,691,331
251,692,339
251,694,155
251,695,281
251,699,209
251,700,377
251,702,270
251,703,249
251,704,224
251,705,165
251,740,202
251,751,335
251,753,234
251,755,160
251,757,254
251,760,226
251,771,201
251,776,217
251,780,239
251,789,248
251,815,200
251,825,628
251,826,556
251,827,581
251,828,763
251,831,246
251,843,158
251,846,314
251,849,685
251,860,240
251,861,222
251,862,563
251,863,569
251,864,562
251,865,230
251,867,999
251,870,264
251,931,315
251,933,221
251,935,153
251,944,227
251,951,218
251,954,162
251,955,387
251,957,168
251,958,153
251,959,157
251,960,193
252,253,999
252,254,999
252,255,836
252,256,547
252,257,275
252,259,247
252,280,259
252,286,218
252,289,263
252,300,304
252,303,544
252,308,933
252,312,457
252,313,203
252,315,299
252,323,582
252,324,385
252,328,202
252,333,489
252,337,168
252,338,156
252,350,263
252,357,256
252,364,323
252,365,223
252,367,173
252,375,558
252,382,152
252,387,177
252,388,269
252,391,190
252,392,170
252,393,180
252,404,976
252,405,696
252,406,330
252,417,288
252,418,403
252,426,178
252,445,362
252,448,150
252,450,264
252,455,614
252,456,620
252,459,152
252,472,212
252,478,301
252,483,246
252,485,242
252,486,200
252,490,167
252,500,687
252,518,347
252,524,309
252,537,182
252,539,380
252,555,241
252,558,204
252,569,205
252,571,259
252,580,212
252,581,219
252,583,420
252,589,703
252,593,270
252,597,154
252,609,475
252,610,218
252,618,387
252,619,486
252,626,325
252,629,215
252,638,177
252,640,227
252,648,871
252,649,435
252,650,381
252,652,481
252,656,262
252,709,822
252,736,182
252,739,348
252,740,295
252,741,222
252,742,525
252,748,160
252,755,155
252,769,151
252,771,188
252,782,241
252,785,349
252,786,195
252,789,237
252,796,241
252,797,393
252,817,155
252,842,374
252,858,433
252,897,196
252,915,253
252,927,735
252,943,461
252,954,419
252,955,188
252,962,205
252,972,193
253,254,997
253,255,610
253,256,383
253,257,260
253,259,150
253,280,315
253,286,213
253,300,275
253,303,468
253,308,828
253,312,350
253,313,240
253,315,341
253,316,178
253,323,480
253,328,239
253,338,184
253,350,154
253,353,165
253,357,217
253,364,225
253,366,213
253,367,373
253,375,280
253,388,189
253,391,184
253,404,939
253,405,485
253,406,422
253,411,304
253,418,547
253,440,208
253,443,154
253,444,272
253,445,248
253,446,289
253,448,151
253,450,223
253,451,349
253,455,606
253,456,276
253,459,390
253,472,256
253,477,161
253,478,202
253,481,207
253,482,214
253,483,222
253,485,207
253,486,177
253,490,258
253,500,285
253,509,152
253,511,245
253,514,150
253,518,428
253,524,353
253,539,270
253,558,181
253,569,192
253,575,249
253,580,265
253,583,309
253,589,608
253,593,232
253,595,189
253,600,170
253,608,234
253,609,803
253,611,158
253,614,302
253,618,384
253,619,519
253,622,194
253,626,244
253,627,194
253,629,238
253,638,246
253,640,203
253,645,162
253,646,249
253,648,181
253,649,260
253,650,263
253,656,347
253,667,369
253,709,769
253,734,288
253,736,263
253,739,254
253,740,349
253,741,359
253,742,240
253,758,162
253,771,382
253,772,258
253,773,163
253,782,339
253,785,445
253,786,264
253,796,162
253,803,200
253,811,166
253,842,382
253,858,600
253,915,183
253,921,180
253,927,444
253,943,350
253,954,535
253,955,165
253,971,170
254,255,433
254,256,329
254,260,224
254,289,173
254,303,259
254,308,702
254,312,176
254,313,185
254,315,236
254,323,447
254,324,240
254,353,346
254,357,169
254,375,233
254,404,805
254,405,515
254,418,301
254,440,188
254,443,218
254,445,248
254,455,247
254,485,157
254,509,150
254,511,204
254,524,191
254,539,190
254,551,225
254,573,154
254,575,151
254,589,309
254,609,992
254,618,481
254,619,264
254,622,183
254,627,219
254,640,232
254,646,192
254,649,154
254,650,165
254,656,203
254,709,630
254,711,840
254,736,197
254,739,191
254,740,206
254,741,640
254,742,156
254,747,349
254,785,150
254,790,151
254,816,174
254,842,159
254,858,168
254,915,180
254,921,176
254,927,214
254,943,170
254,970,168
255,256,997
255,257,985
255,258,985
255,303,441
255,308,987
255,312,159
255,323,761
255,324,338
255,332,169
255,364,181
255,375,457
255,388,150
255,404,670
255,418,283
255,450,195
255,455,519
255,500,269
255,510,163
255,518,263
255,524,270
255,539,438
255,569,153
255,571,157
255,609,434
255,611,191
255,616,150
255,618,212
255,619,320
255,625,316
255,629,331
255,648,262
255,649,156
255,672,200
255,675,226
255,676,200
255,677,200
255,678,200
255,704,207
255,709,191
255,734,252
255,741,152
255,742,187
255,781,202
255,784,232
255,785,177
255,786,167
255,794,258
255,796,226
255,806,423
255,834,161
255,858,996
255,915,527
255,927,999
255,934,201
255,943,394
256,257,999
256,258,999
256,280,350
256,303,439
256,308,988
256,312,513
256,323,931
256,324,879
256,328,325
256,332,244
256,337,231
256,338,285
256,339,173
256,357,224
256,362,190
256,367,154
256,375,456
256,387,301
256,388,604
256,389,182
256,390,159
256,391,311
256,392,313
256,393,426
256,394,161
256,404,356
256,436,163
256,455,179
256,459,171
256,489,173
256,490,309
256,492,182
256,500,187
256,518,212
256,519,163
256,524,286
256,525,197
256,539,677
256,558,171
256,589,174
256,593,156
256,594,400
256,609,697
256,614,168
256,618,279
256,619,435
256,625,838
256,629,194
256,637,199
256,652,403
256,661,514
256,662,225
256,676,150
256,677,150
256,721,151
256,723,245
256,726,156
256,727,157
256,740,393
256,741,150
256,770,248
256,771,174
256,782,208
256,785,507
256,786,189
256,789,159
256,801,254
256,802,360
256,803,198
256,858,999
256,915,645
256,927,993
257,258,999
257,303,197
257,308,635
257,312,163
257,323,613
257,324,485
257,337,209
257,364,163
257,375,290
257,397,166
257,404,247
257,405,153
257,418,214
257,455,237
257,456,200
257,485,160
257,524,276
257,539,232
257,609,187
257,619,182
257,625,556
257,629,181
257,709,152
257,742,186
257,836,172
257,858,999
257,915,167
257,927,970
257,973,165
258,303,167
258,308,556
258,323,621
258,324,456
258,404,322
258,405,214
258,500,174
258,534,155
258,599,181
258,609,167
258,625,553
258,813,152
258,817,155
258,858,999
258,927,965
259,289,299
259,295,262
259,300,254
259,312,181
259,313,164
259,314,164
259,315,167
259,320,167
259,323,504
259,333,150
259,337,226
259,346,213
259,350,315
259,358,164
259,365,222
259,375,165
259,391,154
259,403,997
259,404,344
259,405,474
259,426,157
259,444,655
259,448,156
259,450,998
259,455,336
259,456,496
259,471,201
259,483,184
259,486,184
259,489,157
259,491,292
259,494,420
259,495,917
259,500,607
259,518,177
259,540,335
259,558,990
259,567,187
259,571,405
259,581,779
259,589,365
259,593,401
259,607,662
259,609,222
259,610,240
259,619,239
259,626,190
259,645,171
259,648,989
259,649,470
259,650,667
259,680,160
259,709,951
259,715,185
259,739,242
259,740,173
259,766,168
259,769,247
259,770,153
259,773,340
259,776,383
259,782,226
259,787,163
259,811,166
259,817,329
259,834,216
259,836,192
259,922,430
259,943,753
259,962,233
259,964,228
260,261,999
260,262,277
260,280,735
260,282,196
260,285,157
260,286,296
260,289,291
260,300,458
260,303,488
260,305,188
260,312,481
260,315,669
260,316,686
260,317,198
260,318,160
260,319,192
260,325,674
260,327,178
260,328,220
260,331,180
260,337,152
260,354,223
260,357,973
260,358,169
260,364,469
260,366,248
260,367,404
260,386,204
260,387,158
260,388,168
260,389,225
260,391,160
260,392,252
260,394,158
260,401,157
260,403,198
260,407,175
260,408,187
260,419,657
260,421,532
260,422,157
260,425,922
260,426,166
260,429,337
260,430,175
260,431,353
260,432,169
260,433,205
260,434,213
260,435,218
260,440,174
260,441,263
260,445,169
260,446,155
260,458,153
260,467,255
260,468,155
260,469,175
260,472,466
260,477,302
260,478,177
260,481,347
260,483,999
260,484,726
260,485,386
260,487,161
260,492,163
260,503,436
260,504,205
260,506,354
260,507,969
260,508,469
260,509,362
260,512,223
260,518,992
260,524,321
260,525,419
260,526,744
260,527,684
260,549,150
260,552,391
260,554,151
260,564,208
260,565,214
260,566,151
260,567,833
260,568,998
260,569,999
260,572,401
260,573,558
260,574,277
260,575,269
260,576,210
260,578,281
260,580,495
260,581,414
260,587,161
260,588,442
260,595,194
260,604,217
260,606,852
260,609,914
260,610,316
260,611,217
260,612,999
260,613,508
260,614,349
260,616,237
260,617,230
260,618,540
260,619,879
260,623,240
260,626,238
260,631,172
260,632,170
260,635,153
260,638,547
260,640,431
260,642,217
260,643,270
260,644,287
260,645,609
260,646,289
260,648,304
260,652,197
260,656,813
260,657,167
260,661,385
260,662,301
260,663,226
260,667,189
260,678,168
260,710,162
260,715,173
260,716,188
260,719,179
260,722,290
260,730,158
260,735,326
260,736,457
260,737,483
260,739,199
260,740,996
260,741,352
260,742,531
260,743,157
260,747,291
260,750,451
260,751,297
260,752,297
260,758,381
260,770,518
260,771,750
260,773,158
260,774,371
260,777,917
260,782,503
260,783,188
260,784,161
260,785,618
260,786,150
260,788,309
260,789,301
260,792,491
260,794,158
260,795,233
260,796,233
260,802,386
260,803,375
260,809,205
260,816,230
260,817,172
260,842,180
260,937,170
260,970,167
260,981,619
261,262,310
261,275,285
261,280,413
261,282,236
261,285,466
261,286,284
261,289,305
261,300,471
261,303,653
261,305,228
261,312,559
261,315,631
261,316,517
261,317,233
261,318,166
261,319,233
261,325,686
261,327,242
261,328,206
261,331,191
261,354,223
261,357,769
261,358,178
261,360,269
261,362,205
261,364,673
261,365,187
261,366,438
261,367,404
261,386,206
261,387,174
261,388,174
261,389,200
261,390,160
261,391,220
261,392,221
261,393,162
261,394,240
261,400,220
261,401,231
261,403,281
261,406,162
261,408,163
261,419,541
261,421,643
261,422,184
261,425,924
261,426,164
261,429,413
261,430,210
261,431,381
261,432,232
261,433,300
261,434,256
261,435,274
261,440,164
261,441,238
261,445,205
261,454,163
261,458,150
261,463,211
261,467,246
261,468,195
261,469,175
261,472,454
261,477,324
261,478,209
261,480,203
261,481,392
261,483,999
261,484,515
261,485,405
261,487,233
261,489,211
261,492,196
261,503,438
261,504,439
261,506,348
261,507,981
261,508,206
261,509,605
261,512,243
261,518,975
261,524,331
261,525,193
261,526,568
261,527,493
261,533,212
261,536,165
261,540,154
261,543,168
261,544,150
261,552,437
261,558,227
261,564,213
261,565,197
261,566,196
261,567,865
261,568,955
261,569,999
261,572,430
261,574,319
261,575,287
261,576,287
261,578,358
261,580,645
261,581,462
261,583,203
261,588,699
261,595,236
261,600,157
261,604,210
261,606,903
261,609,933
261,610,558
261,611,205
261,612,999
261,613,549
261,614,357
261,615,165
261,616,220
261,617,241
261,618,528
261,619,778
261,626,256
261,631,244
261,632,155
261,634,154
261,635,220
261,638,554
261,640,450
261,642,419
261,643,245
261,644,316
261,645,696
261,646,545
261,648,331
261,652,188
261,656,727
261,657,221
261,661,379
261,662,257
261,663,247
261,667,204
261,678,221
261,710,449
261,715,201
261,716,247
261,719,194
261,721,198
261,722,290
261,734,168
261,735,392
261,736,659
261,737,508
261,739,209
261,740,990
261,741,355
261,742,556
261,743,363
261,747,300
261,750,168
261,753,151
261,758,370
261,770,580
261,771,918
261,773,207
261,774,508
261,776,181
261,777,920
261,782,483
261,783,466
261,785,249
261,786,172
261,788,332
261,789,237
261,792,593
261,794,188
261,795,261
261,796,341
261,802,191
261,803,173
261,809,226
261,817,240
261,842,160
261,937,186
261,981,221
262,280,500
262,282,209
262,288,211
262,289,497
262,299,379
262,300,887
262,303,260
262,305,522
262,311,364
262,312,357
262,315,680
262,316,362
262,317,235
262,319,187
262,320,249
262,325,345
262,327,464
262,328,154
262,333,232
262,338,186
262,342,179
262,346,201
262,348,354
262,351,381
262,357,301
262,360,428
262,365,366
262,366,321
262,367,384
262,368,380
262,369,212
262,377,939
262,383,166
262,387,323
262,388,400
262,389,567
262,390,273
262,391,705
262,392,175
262,394,289
262,395,385
262,401,455
262,403,647
262,404,172
262,406,203
262,408,493
262,410,192
262,412,296
262,413,190
262,414,169
262,415,205
262,419,246
262,421,327
262,422,358
262,429,767
262,430,495
262,431,563
262,432,522
262,433,483
262,435,404
262,437,362
262,438,222
262,440,155
262,442,314
262,448,171
262,450,414
262,454,178
262,455,152
262,457,239
262,467,215
262,468,385
262,469,194
262,470,197
262,472,426
262,473,390
262,477,315
262,478,173
262,480,199
262,481,435
262,483,832
262,484,466
262,485,774
262,486,401
262,487,419
262,488,241
262,489,486
262,490,242
262,492,485
262,494,205
262,503,159
262,509,306
262,512,271
262,516,402
262,518,222
262,519,304
262,523,298
262,524,198
262,525,268
262,526,373
262,527,347
262,530,152
262,532,196
262,536,269
262,538,840
262,540,287
262,542,191
262,543,766
262,544,245
262,548,600
262,549,224
262,552,339
262,554,150
262,556,154
262,557,237
262,558,290
262,562,199
262,564,213
262,565,199
262,566,436
262,567,860
262,569,518
262,572,206
262,575,180
262,578,195
262,580,572
262,581,514
262,583,352
262,588,621
262,591,332
262,595,160
262,596,172
262,604,228
262,606,728
262,609,460
262,610,275
262,612,575
262,613,581
262,614,211
262,618,339
262,619,389
262,620,179
262,621,161
262,623,740
262,626,373
262,627,196
262,631,517
262,635,422
262,637,266
262,638,969
262,640,459
262,642,223
262,643,221
262,644,232
262,645,319
262,646,155
262,648,267
262,651,221
262,655,165
262,656,583
262,657,422
262,658,305
262,659,387
262,660,167
262,666,246
262,667,471
262,669,158
262,672,245
262,678,181
262,682,182
262,705,359
262,710,297
262,715,162
262,716,507
262,722,150
262,733,416
262,734,213
262,735,743
262,736,434
262,737,519
262,739,234
262,740,546
262,741,175
262,757,368
262,758,474
262,759,309
262,764,170
262,769,150
262,770,789
262,771,322
262,773,316
262,774,248
262,777,298
262,782,379
262,783,226
262,785,528
262,787,774
262,788,334
262,789,397
262,792,692
262,795,404
262,800,265
262,804,170
262,811,289
262,851,244
262,921,270
262,983,199
263,264,818
263,265,295
263,266,801
263,267,333
263,269,486
263,270,274
263,271,434
263,272,445
263,273,406
263,274,208
263,276,181
263,279,174
263,280,240
263,282,409
263,295,503
263,296,389
263,297,376
263,300,259
263,309,200
263,310,176
263,312,155
263,315,195
263,326,161
263,334,196
263,336,291
263,338,185
263,339,450
263,340,186
263,341,285
263,344,593
263,346,715
263,355,530
263,356,600
263,357,203
263,360,202
263,361,217
263,362,162
263,373,205
263,374,156
263,379,173
263,383,228
263,384,316
263,385,205
263,390,187
263,406,295
263,413,462
263,416,532
263,417,543
263,419,319
263,427,204
263,442,483
263,444,151
263,445,735
263,450,296
263,451,257
263,452,740
263,453,156
263,460,157
263,474,185
263,478,167
263,481,273
263,483,252
263,501,676
263,503,222
263,504,178
263,505,203
263,515,151
263,524,159
263,525,188
263,537,171
263,540,669
263,541,782
263,544,185
263,550,180
263,557,396
263,566,166
263,567,250
263,569,153
263,570,278
263,580,524
263,582,255
263,584,298
263,585,307
263,586,386
263,587,222
263,591,561
263,592,282
263,594,176
263,596,209
263,597,446
263,601,420
263,606,168
263,610,380
263,613,202
263,614,171
263,642,181
263,645,156
263,653,215
263,654,226
263,685,192
263,687,187
263,691,238
263,692,216
263,693,177
263,707,173
263,718,267
263,720,168
263,740,306
263,751,200
263,752,270
263,756,169
263,757,169
263,760,155
263,770,171
263,771,573
263,776,219
263,778,158
263,786,474
263,789,518
263,791,156
263,803,346
263,815,306
263,825,167
263,831,176
263,843,392
263,846,433
263,847,218
263,849,298
263,850,161
263,860,209
263,861,176
263,865,261
263,867,345
263,870,163
263,873,952
263,930,205
263,931,228
263,932,419
263,933,237
263,940,155
263,944,185
263,947,196
263,954,184
263,960,221
263,965,232
264,265,252
264,266,569
264,267,577
264,269,187
264,270,198
264,271,205
264,272,395
264,273,465
264,274,212
264,279,452
264,296,303
264,297,193
264,326,172
264,333,159
264,339,209
264,340,154
264,346,659
264,355,289
264,356,395
264,373,228
264,384,391
264,385,333
264,390,154
264,416,255
264,417,260
264,419,183
264,427,447
264,431,165
264,442,162
264,445,150
264,451,177
264,452,258
264,460,171
264,474,171
264,479,175
264,501,349
264,505,175
264,513,200
264,515,151
264,540,508
264,541,204
264,550,177
264,570,433
264,580,197
264,582,150
264,584,206
264,585,246
264,586,274
264,591,297
264,592,307
264,594,155
264,596,212
264,597,246
264,601,178
264,653,226
264,654,301
264,671,376
264,691,194
264,692,158
264,693,178
264,718,153
264,720,379
264,740,185
264,751,192
264,752,207
264,771,503
264,789,162
264,815,223
264,825,151
264,826,166
264,831,171
264,843,229
264,846,365
264,849,279
264,860,194
264,861,246
264,865,234
264,867,256
264,873,320
264,930,169
264,932,407
264,965,226
265,266,348
265,267,288
265,268,326
265,269,493
265,270,491
265,272,881
265,273,663
265,274,962
265,275,163
265,276,323
265,277,203
265,278,159
265,279,187
265,280,298
265,282,277
265,286,151
265,290,163
265,291,193
265,294,226
265,295,367
265,296,424
265,297,480
265,300,289
265,304,600
265,309,175
265,310,181
265,312,158
265,315,177
265,322,211
265,326,182
265,334,161
265,335,285
265,336,154
265,338,201
265,339,458
265,340,239
265,341,263
265,343,166
265,344,447
265,345,213
265,346,864
265,355,535
265,356,576
265,357,206
265,360,204
265,361,233
265,362,213
265,365,388
265,366,168
265,368,198
265,383,237
265,406,260
265,409,238
265,413,760
265,414,216
265,415,492
265,416,207
265,417,514
265,419,453
265,427,242
265,442,185
265,445,915
265,451,183
265,452,481
265,454,158
265,460,270
265,467,479
265,478,392
265,479,154
265,481,238
265,483,307
265,486,178
265,501,714
265,503,210
265,505,261
265,510,159
265,515,560
265,522,232
265,540,424
265,541,284
265,544,207
265,566,220
265,567,317
265,570,259
265,580,506
265,581,152
265,582,374
265,584,270
265,585,397
265,586,451
265,587,302
265,591,353
265,592,223
265,596,443
265,597,389
265,606,163
265,611,304
265,614,182
265,628,158
265,640,201
265,644,439
265,653,208
265,654,272
265,656,171
265,673,273
265,674,228
265,678,208
265,679,198
265,685,248
265,687,199
265,690,294
265,691,316
265,692,273
265,693,163
265,700,179
265,701,154
265,703,167
265,705,227
265,707,197
265,737,266
265,740,321
265,745,216
265,751,252
265,752,261
265,753,172
265,756,196
265,760,166
265,764,150
265,769,175
265,770,175
265,771,416
265,776,159
265,777,514
265,789,270
265,798,413
265,815,334
265,831,225
265,843,200
265,845,190
265,846,398
265,849,299
265,855,405
265,860,450
265,861,163
265,862,505
265,863,448
265,864,480
265,865,564
265,867,433
265,873,169
265,908,162
265,932,181
265,933,325
265,944,169
265,947,192
265,951,202
265,954,157
265,959,377
265,960,216
265,965,167
265,966,175
265,981,276
266,267,943
266,268,186
266,270,186
266,271,173
266,272,518
266,273,543
266,274,210
266,276,180
266,280,230
266,282,190
266,291,175
266,292,174
266,295,256
266,296,356
266,297,318
266,300,159
266,339,327
266,344,239
266,346,783
266,349,153
266,355,373
266,356,410
266,360,173
266,365,393
266,368,163
266,379,247
266,384,162
266,390,305
266,406,199
266,413,340
266,414,160
266,416,293
266,417,373
266,419,161
266,442,181
266,445,167
266,451,310
266,452,319
266,460,354
266,478,323
266,481,161
266,483,197
266,486,260
266,501,327
266,505,162
266,522,175
266,540,541
266,541,158
266,567,190
266,570,407
266,580,304
266,584,263
266,585,383
266,586,245
266,587,211
266,591,354
266,592,391
266,596,433
266,597,299
266,614,161
266,632,151
266,653,171
266,665,154
266,668,179
266,673,164
266,679,236
266,700,156
266,702,179
266,706,166
266,736,159
266,740,294
266,759,292
266,770,164
266,771,535
266,789,265
266,815,392
266,843,177
266,846,171
266,847,196
266,849,187
266,850,161
266,855,218
266,860,168
266,861,189
266,862,351
266,863,245
266,864,258
266,867,340
266,930,288
266,931,389
266,932,329
266,956,190
266,964,172
266,965,222
267,269,441
267,270,523
267,271,154
267,272,509
267,273,510
267,274,172
267,279,466
267,280,244
267,282,207
267,286,205
267,294,176
267,295,299
267,296,317
267,297,278
267,307,161
267,322,567
267,330,172
267,338,177
267,339,232
267,344,184
267,346,942
267,349,353
267,352,264
267,355,463
267,356,450
267,360,390
267,365,261
267,383,182
267,384,152
267,390,288
267,406,169
267,408,370
267,413,379
267,416,286
267,417,493
267,419,157
267,442,619
267,445,186
267,451,312
267,452,265
267,460,239
267,478,177
267,483,173
267,486,221
267,501,282
267,540,708
267,567,161
267,570,553
267,580,160
267,584,156
267,585,244
267,586,202
267,587,433
267,590,510
267,591,481
267,592,394
267,596,152
267,597,243
267,609,155
267,610,206
267,668,336
267,673,177
267,690,152
267,703,196
267,706,247
267,736,156
267,740,238
267,771,559
267,783,161
267,789,175
267,815,505
267,831,210
267,843,213
267,846,297
267,847,158
267,852,225
267,860,167
267,861,180
267,862,155
267,864,214
267,867,353
267,873,164
267,930,286
267,931,173
267,932,367
267,933,378
267,956,158
267,964,179
267,965,215
268,269,925
268,271,165
268,272,597
268,273,352
268,274,264
268,340,157
268,344,182
268,357,236
268,406,154
268,427,288
268,445,167
268,452,152
268,479,463
268,481,150
268,501,265
268,505,167
268,540,169
268,541,209
268,570,154
268,582,159
268,584,198
268,683,158
268,771,499
268,776,669
268,815,173
268,840,166
268,855,159
268,860,200
268,863,151
268,864,161
268,865,267
268,932,308
269,270,198
269,271,165
269,272,725
269,273,694
269,274,289
269,280,161
269,295,313
269,296,299
269,297,279
269,321,194
269,322,194
269,326,187
269,339,165
269,346,266
269,355,226
269,356,212
269,392,377
269,415,231
269,416,289
269,417,184
269,427,162
269,445,157
269,447,414
269,451,204
269,452,255
269,460,294
269,479,437
269,497,153
269,501,280
269,503,199
269,513,164
269,515,306
269,540,168
269,547,152
269,570,200
269,580,267
269,584,360
269,585,254
269,586,215
269,587,159
269,591,167
269,592,206
269,596,209
269,597,180
269,653,155
269,654,176
269,673,202
269,679,150
269,681,199
269,733,218
269,737,265
269,740,211
269,756,491
269,765,182
269,771,523
269,846,165
269,847,239
269,855,196
269,860,330
269,861,177
269,862,497
269,863,376
269,864,455
269,865,174
269,867,300
269,931,152
269,948,172
269,964,154
269,965,222
270,271,561
270,272,391
270,273,325
270,274,193
270,275,226
270,276,180
270,277,162
270,280,273
270,282,155
270,290,232
270,293,163
270,295,485
270,296,216
270,297,176
270,300,260
270,301,167
270,309,154
270,310,181
270,312,176
270,315,167
270,322,386
270,326,154
270,333,187
270,334,241
270,336,154
270,339,221
270,340,162
270,346,686
270,355,475
270,356,709
270,361,253
270,368,171
270,371,224
270,406,167
270,409,173
270,413,222
270,415,202
270,416,684
270,417,557
270,419,187
270,442,534
270,445,176
270,451,383
270,452,272
270,453,166
270,460,500
270,481,181
270,483,213
270,501,331
270,511,192
270,520,192
270,537,161
270,540,220
270,567,432
270,580,169
270,584,176
270,585,179
270,586,248
270,587,302
270,590,308
270,591,628
270,592,478
270,596,235
270,597,473
270,604,196
270,607,156
270,610,303
270,620,179
270,626,182
270,628,189
270,632,189
270,636,163
270,638,175
270,645,167
270,653,183
270,654,244
270,670,902
270,671,901
270,672,209
270,673,179
270,674,209
270,679,223
270,682,163
270,687,160
270,690,321
270,691,159
270,692,177
270,693,179
270,695,167
270,696,168
270,703,151
270,708,160
270,731,153
270,734,154
270,740,181
270,755,159
270,756,285
270,757,549
270,771,529
270,789,186
270,798,170
270,815,203
270,831,193
270,843,182
270,846,403
270,847,201
270,849,522
270,854,192
270,861,183
270,862,151
270,865,181
270,867,226
270,930,286
270,931,295
270,932,423
270,944,458
270,951,389
270,959,222
271,272,311
271,273,172
271,295,241
271,297,203
271,322,246
271,326,158
271,334,192
271,336,178
271,340,236
271,355,418
271,356,527
271,361,216
271,394,173
271,413,322
271,414,200
271,415,171
271,416,393
271,417,430
271,445,158
271,446,165
271,451,316
271,452,321
271,458,161
271,460,255
271,481,172
271,501,411
271,540,205
271,541,159
271,580,297
271,582,179
271,585,241
271,586,232
271,587,175
271,589,231
271,591,444
271,592,370
271,596,184
271,597,247
271,604,202
271,628,195
271,632,245
271,659,199
271,679,199
271,681,159
271,690,199
271,691,183
271,692,166
271,711,198
271,713,186
271,771,535
271,825,195
271,826,163
271,831,199
271,843,181
271,845,191
271,846,198
271,849,170
271,861,347
271,865,416
271,867,277
271,930,279
271,931,346
271,932,325
271,933,223
271,949,195
271,951,155
271,956,169
271,960,214
271,965,286
271,966,225
272,273,999
272,274,780
272,275,176
272,276,271
272,279,191
272,280,214
272,282,214
272,290,351
272,291,256
272,294,243
272,295,443
272,296,670
272,297,649
272,300,203
272,304,938
272,309,167
272,312,195
272,338,182
272,339,295
272,340,200
272,341,213
272,342,196
272,343,268
272,344,216
272,346,480
272,355,455
272,356,171
272,379,222
272,385,217
272,413,390
272,414,219
272,417,240
272,419,198
272,427,174
272,442,160
272,445,610
272,451,214
272,452,814
272,460,168
272,474,243
272,478,200
272,479,378
272,481,186
272,483,201
272,490,183
272,501,228
272,502,186
272,515,194
272,540,353
272,541,289
272,544,181
272,566,286
272,567,273
272,570,345
272,580,353
272,582,251
272,585,794
272,586,796
272,587,161
272,589,248
272,597,425
272,654,158
272,655,172
272,672,228
272,673,477
272,674,389
272,675,165
272,676,155
272,677,178
272,685,177
272,690,173
272,691,271
272,692,225
272,734,247
272,740,157
272,751,169
272,753,214
272,825,737
272,826,720
272,827,722
272,828,724
272,843,347
272,846,210
272,847,162
272,849,779
272,855,710
272,860,784
272,861,377
272,862,993
272,863,995
272,864,979
272,865,739
272,867,522
272,931,154
272,933,227
272,947,213
272,957,163
272,958,280
272,959,209
272,967,194
272,979,165
273,274,626
273,276,178
273,282,321
273,290,344
273,291,252
273,294,200
273,295,343
273,296,658
273,297,622
273,304,415
273,336,155
273,341,169
273,346,542
273,384,227
273,385,353
273,417,182
273,442,245
273,445,540
273,451,254
273,452,600
273,460,202
273,474,193
273,476,164
273,478,368
273,490,165
273,515,168
273,540,188
273,567,159
273,570,255
273,585,636
273,586,638
273,587,160
273,597,317
273,654,276
273,672,173
273,673,361
273,674,291
273,677,244
273,756,167
273,765,271
273,768,165
273,825,586
273,826,543
273,827,546
273,828,551
273,843,433
273,846,182
273,849,721
273,855,678
273,860,723
273,861,389
273,862,982
273,863,986
273,864,813
273,865,689
273,867,483
273,873,199
273,931,158
273,932,164
273,933,242
273,955,194
273,957,186
273,958,219
273,959,240
273,979,193
274,275,152
274,276,186
274,280,185
274,300,222
274,312,160
274,321,153
274,328,384
274,338,480
274,339,386
274,343,406
274,344,373
274,346,271
274,355,159
274,356,168
274,357,152
274,360,154
274,367,156
274,373,207
274,374,170
274,383,153
274,388,426
274,392,402
274,413,297
274,414,201
274,415,511
274,416,162
274,417,195
274,419,166
274,440,369
274,445,154
274,451,168
274,452,162
274,454,166
274,460,418
274,479,208
274,481,274
274,483,235
274,491,374
274,492,404
274,501,271
274,505,185
274,515,522
274,526,200
274,536,153
274,540,212
274,544,186
274,553,175
274,566,216
274,567,427
274,580,302
274,582,198
274,584,177
274,588,162
274,591,161
274,595,373
274,596,300
274,597,151
274,614,171
274,626,164
274,632,169
274,645,458
274,654,374
274,671,395
274,672,184
274,673,189
274,681,241
274,720,217
274,737,285
274,740,227
274,751,176
274,759,366
274,764,155
274,770,165
274,771,203
274,777,517
274,781,155
274,785,413
274,798,402
274,812,154
274,815,241
274,843,198
274,845,216
274,846,198
274,847,271
274,855,236
274,860,502
274,862,504
274,863,418
274,864,410
274,865,539
274,929,152
274,931,179
274,932,215
274,937,165
274,948,184
274,960,287
274,964,188
275,276,739
275,277,998
275,278,587
275,279,596
275,280,410
275,285,337
275,287,451
275,290,853
275,291,615
275,292,848
275,293,916
275,294,594
275,296,590
275,297,566
275,300,301
275,309,720
275,310,824
275,315,211
275,316,201
275,322,599
275,329,242
275,330,248
275,334,974
275,335,968
275,336,994
275,338,167
275,339,182
275,340,699
275,341,534
275,344,251
275,345,625
275,346,153
275,347,182
275,354,599
275,358,175
275,360,323
275,361,490
275,366,246
275,367,166
275,378,751
275,379,766
275,380,742
275,381,764
275,382,223
275,383,189
275,387,168
275,393,187
275,406,226
275,409,602
275,419,999
275,429,163
275,439,176
275,445,178
275,451,194
275,461,180
275,474,268
275,475,262
275,476,687
275,479,364
275,481,284
275,483,207
275,510,187
275,511,167
275,512,296
275,518,154
275,519,476
275,520,158
275,521,433
275,522,433
275,544,179
275,563,232
275,566,377
275,567,167
275,583,273
275,587,214
275,590,763
275,606,158
275,609,236
275,614,193
275,615,156
275,617,177
275,619,203
275,628,252
275,633,761
275,636,679
275,637,949
275,638,153
275,640,150
275,642,172
275,643,167
275,644,178
275,645,199
275,648,179
275,655,190
275,656,205
275,672,166
275,674,201
275,685,561
275,686,592
275,687,681
275,688,838
275,689,444
275,690,609
275,691,518
275,692,439
275,693,152
275,694,202
275,695,977
275,696,977
275,697,892
275,698,645
275,699,174
275,700,190
275,701,303
275,703,973
275,704,330
275,705,241
275,706,247
275,707,352
275,708,350
275,711,155
275,717,896
275,718,590
275,719,165
275,733,551
275,734,873
275,736,159
275,737,257
275,740,277
275,748,174
275,749,214
275,750,284
275,751,263
275,752,227
275,753,797
275,754,311
275,755,600
275,756,887
275,765,195
275,771,264
275,776,529
275,785,156
275,789,252
275,804,178
275,805,154
275,815,178
275,824,456
275,829,414
275,830,548
275,831,905
275,832,415
275,843,216
275,854,625
275,864,204
275,867,443
275,870,349
275,871,172
275,908,437
275,933,171
275,935,150
275,937,161
275,941,203
275,950,255
275,951,315
275,952,411
275,953,663
275,954,255
275,955,156
275,956,536
275,957,239
275,958,258
275,959,244
275,960,183
275,966,292
276,277,996
276,278,720
276,279,771
276,287,312
276,290,598
276,291,829
276,292,567
276,293,610
276,294,736
276,295,368
276,296,619
276,297,595
276,300,223
276,309,603
276,310,540
276,316,207
276,322,380
276,329,174
276,330,370
276,333,175
276,334,980
276,335,805
276,336,996
276,338,230
276,339,464
276,340,934
276,341,742
276,345,845
276,346,217
276,356,545
276,357,229
276,361,593
276,366,172
276,378,588
276,379,606
276,380,596
276,381,563
276,382,195
276,393,233
276,406,360
276,409,331
276,413,259
276,416,499
276,419,562
276,439,176
276,443,213
276,445,279
276,451,159
276,452,407
276,454,319
276,458,182
276,460,233
276,474,287
276,475,261
276,476,257
276,478,304
276,481,208
276,483,165
276,501,352
276,505,178
276,511,190
276,512,228
276,519,347
276,520,208
276,521,335
276,522,295
276,537,157
276,540,173
276,544,207
276,563,162
276,566,171
276,567,185
276,570,152
276,580,213
276,582,523
276,583,183
276,584,203
276,585,358
276,586,339
276,587,296
276,590,315
276,592,167
276,594,230
276,597,567
276,601,195
276,609,192
276,614,160
276,615,186
276,617,160
276,626,150
276,628,440
276,632,152
276,636,189
276,637,641
276,642,160
276,643,160
276,644,160
276,645,160
276,654,286
276,655,718
276,673,193
276,674,326
276,678,181
276,685,721
276,686,445
276,687,527
276,688,353
276,689,447
276,690,653
276,691,581
276,692,649
276,693,613
276,694,407
276,695,294
276,696,276
276,697,194
276,698,158
276,699,524
276,701,382
276,702,228
276,703,443
276,704,265
276,705,346
276,706,347
276,707,427
276,708,362
276,717,219
276,718,379
276,734,256
276,740,177
276,748,170
276,749,196
276,750,278
276,751,432
276,752,355
276,753,400
276,754,208
276,755,301
276,756,457
276,757,233
276,760,313
276,771,163
276,776,217
276,780,198
276,789,155
276,805,160
276,815,199
276,824,413
276,825,257
276,826,168
276,827,206
276,828,177
276,829,403
276,830,634
276,831,559
276,832,411
276,846,304
276,849,399
276,854,359
276,860,168
276,865,291
276,867,500
276,870,348
276,871,172
276,907,152
276,908,287
276,933,319
276,937,160
276,941,203
276,947,151
276,950,276
276,951,284
276,952,389
276,954,451
276,955,198
276,956,191
276,957,275
276,958,326
276,959,383
276,960,357
276,966,192
277,278,998
277,279,970
277,287,184
277,290,950
277,291,907
277,292,999
277,293,976
277,294,998
277,295,185
277,296,567
277,297,590
277,309,599
277,310,885
277,322,291
277,327,307
277,334,999
277,335,866
277,336,998
277,339,236
277,340,783
277,341,541
277,345,757
277,354,189
277,356,493
277,361,441
277,378,908
277,379,925
277,380,753
277,381,903
277,382,188
277,406,162
277,416,445
277,419,326
277,422,273
277,443,198
277,451,272
277,460,155
277,474,248
277,475,207
277,476,159
277,505,176
277,519,293
277,520,263
277,521,302
277,522,370
277,537,287
277,541,161
277,547,244
277,582,252
277,584,211
277,585,229
277,586,192
277,587,154
277,590,605
277,594,198
277,597,295
277,628,243
277,632,202
277,633,626
277,636,720
277,637,880
277,654,200
277,655,709
277,685,480
277,686,299
277,687,420
277,688,511
277,689,225
277,690,460
277,691,441
277,692,756
277,693,745
277,694,291
277,695,655
277,696,786
277,697,885
277,698,736
277,699,293
277,701,309
277,703,604
277,705,196
277,706,243
277,707,389
277,708,428
277,717,665
277,718,415
277,734,392
277,751,222
277,752,156
277,753,157
277,755,182
277,756,520
277,776,221
277,824,209
277,825,290
277,826,306
277,827,206
277,829,184
277,830,361
277,831,828
277,846,194
277,849,170
277,854,460
277,867,422
277,870,283
277,907,165
277,908,490
277,933,341
277,951,221
277,952,196
277,953,715
277,954,163
277,955,171
277,956,193
277,957,230
277,958,324
277,959,306
277,960,162
277,981,158
278,279,602
278,287,249
278,290,593
278,291,640
278,292,909
278,293,697
278,294,939
278,295,232
278,296,595
278,297,572
278,300,177
278,309,491
278,310,478
278,316,207
278,322,229
278,330,382
278,334,997
278,335,828
278,336,917
278,338,244
278,339,342
278,340,751
278,341,528
278,345,695
278,356,255
278,361,444
278,378,559
278,379,559
278,380,566
278,381,576
278,382,165
278,406,185
278,409,284
278,413,196
278,419,559
278,439,186
278,445,185
278,452,273
278,474,244
278,475,249
278,476,165
278,478,168
278,481,219
278,483,177
278,501,242
278,505,378
278,511,168
278,512,179
278,519,328
278,521,270
278,522,249
278,540,158
278,544,161
278,563,156
278,567,189
278,575,166
278,582,308
278,584,157
278,585,258
278,586,211
278,587,243
278,590,236
278,594,211
278,597,305
278,614,177
278,615,184
278,616,170
278,617,160
278,628,391
278,636,268
278,637,733
278,642,185
278,643,160
278,644,160
278,645,183
278,653,190
278,654,244
278,655,218
278,673,167
278,674,352
278,675,218
278,678,152
278,685,566
278,686,412
278,687,503
278,688,340
278,689,440
278,690,307
278,691,439
278,692,669
278,693,630
278,694,357
278,699,279
278,701,275
278,702,298
278,703,317
278,704,231
278,705,201
278,706,257
278,707,215
278,708,236
278,717,219
278,718,309
278,734,508
278,748,170
278,749,170
278,750,257
278,751,294
278,752,279
278,753,279
278,754,168
278,755,190
278,756,378
278,757,174
278,760,228
278,766,169
278,776,155
278,780,161
278,805,154
278,815,203
278,824,413
278,825,227
278,826,231
278,827,166
278,828,179
278,829,352
278,830,555
278,831,458
278,832,456
278,846,257
278,849,222
278,854,371
278,865,160
278,867,487
278,870,396
278,871,172
278,906,184
278,908,262
278,933,203
278,937,160
278,941,203
278,950,178
278,951,271
278,952,351
278,954,227
278,955,171
278,957,157
278,958,202
278,959,305
278,960,175
278,966,221
278,981,154
279,287,369
279,290,594
279,291,776
279,292,764
279,293,603
279,294,743
279,295,290
279,296,633
279,297,615
279,300,273
279,309,571
279,310,503
279,315,161
279,316,181
279,322,315
279,329,238
279,330,410
279,334,935
279,335,829
279,336,918
279,338,237
279,339,303
279,340,950
279,341,850
279,345,823
279,346,406
279,356,418
279,357,178
279,361,605
279,366,215
279,378,579
279,379,559
279,380,559
279,381,572
279,382,215
279,393,211
279,406,248
279,409,454
279,413,186
279,416,292
279,419,896
279,439,364
279,445,324
279,452,353
279,460,291
279,474,330
279,475,362
279,476,332
279,481,233
279,483,175
279,501,263
279,505,165
279,511,188
279,512,255
279,519,349
279,520,331
279,521,359
279,522,254
279,537,159
279,540,187
279,544,248
279,563,156
279,567,179
279,580,173
279,582,519
279,584,165
279,585,265
279,586,303
279,587,285
279,591,167
279,594,257
279,597,428
279,601,151
279,606,171
279,614,160
279,615,184
279,617,160
279,628,429
279,637,617
279,642,231
279,643,209
279,644,207
279,645,215
279,648,165
279,654,270
279,655,456
279,656,157
279,673,165
279,674,311
279,685,769
279,686,504
279,687,555
279,688,440
279,689,530
279,690,650
279,691,668
279,692,506
279,693,544
279,694,479
279,695,190
279,697,150
279,698,158
279,699,219
279,700,235
279,701,346
279,702,183
279,703,389
279,704,279
279,705,221
279,706,311
279,707,357
279,708,440
279,717,191
279,718,424
279,731,170
279,734,396
279,740,169
279,748,168
279,749,168
279,750,216
279,751,402
279,752,338
279,753,347
279,754,168
279,755,247
279,756,401
279,757,306
279,760,230
279,771,155
279,776,538
279,778,183
279,780,160
279,789,158
279,805,155
279,815,404
279,824,444
279,825,292
279,826,271
279,829,398
279,830,465
279,831,462
279,832,453
279,846,272
279,849,193
279,854,268
279,865,224
279,867,514
279,870,354
279,871,181
279,873,151
279,907,218
279,908,363
279,929,169
279,930,150
279,933,298
279,937,160
279,941,203
279,950,217
279,951,305
279,952,278
279,954,295
279,956,184
279,957,211
279,958,297
279,959,348
279,960,355
279,966,243
279,981,198
280,281,516
280,282,998
280,283,888
280,284,419
280,285,999
280,286,981
280,287,176
280,289,252
280,290,282
280,294,160
280,295,152
280,298,152
280,299,168
280,300,796
280,303,746
280,305,250
280,306,598
280,307,545
280,308,182
280,309,151
280,310,201
280,311,163
280,312,988
280,313,278
280,314,184
280,315,692
280,316,537
280,317,222
280,318,276
280,319,201
280,320,150
280,321,262
280,322,172
280,324,165
280,326,305
280,327,375
280,328,974
280,331,505
280,332,241
280,335,165
280,337,935
280,338,720
280,339,555
280,344,177
280,346,587
280,347,153
280,348,215
280,352,424
280,357,745
280,358,312
280,359,906
280,360,434
280,361,251
280,362,927
280,363,583
280,364,339
280,365,536
280,366,522
280,367,802
280,368,200
280,369,157
280,371,275
280,372,398
280,373,173
280,374,153
280,375,659
280,376,152
280,377,173
280,378,175
280,379,282
280,381,314
280,383,499
280,384,661
280,385,312
280,386,642
280,387,688
280,388,746
280,389,355
280,390,451
280,391,592
280,392,555
280,393,670
280,394,435
280,395,164
280,397,207
280,398,451
280,399,197
280,400,242
280,401,167
280,402,169
280,403,469
280,404,377
280,406,418
280,407,237
280,408,395
280,409,167
280,413,232
280,419,995
280,420,250
280,421,651
280,422,292
280,423,255
280,424,978
280,425,248
280,428,448
280,429,245
280,430,164
280,431,173
280,434,246
280,435,246
280,436,348
280,437,201
280,440,506
280,441,503
280,442,282
280,444,506
280,445,321
280,447,162
280,448,314
280,449,190
280,450,195
280,452,306
280,453,220
280,454,225
280,455,353
280,457,193
280,458,394
280,459,320
280,461,184
280,463,236
280,465,340
280,467,188
280,468,312
280,469,282
280,470,168
280,471,203
280,472,618
280,474,171
280,476,245
280,477,476
280,478,528
280,480,256
280,481,981
280,482,179
280,483,652
280,484,287
280,485,557
280,486,400
280,487,619
280,489,374
280,490,467
280,491,257
280,492,543
280,495,169
280,500,152
280,501,508
280,503,361
280,504,223
280,506,155
280,507,184
280,508,446
280,509,964
280,510,177
280,511,554
280,512,457
280,514,221
280,517,233
280,518,999
280,519,165
280,522,208
280,523,151
280,524,625
280,525,510
280,526,303
280,527,217
280,529,188
280,532,216
280,533,298
280,534,325
280,535,275
280,536,302
280,537,187
280,538,252
280,539,316
280,540,506
280,542,169
280,544,225
280,546,196
280,547,236
280,548,158
280,549,166
280,550,953
280,552,422
280,553,525
280,554,198
280,556,152
280,558,248
280,559,403
280,562,201
280,564,350
280,565,595
280,566,321
280,567,820
280,568,540
280,569,957
280,570,163
280,572,369
280,573,301
280,574,614
280,575,576
280,576,270
280,577,193
280,578,565
280,580,999
280,581,433
280,582,165
280,583,312
280,588,477
280,594,273
280,595,533
280,596,290
280,600,410
280,604,381
280,606,441
280,607,216
280,608,257
280,609,992
280,610,668
280,611,700
280,612,471
280,613,305
280,614,987
280,615,158
280,617,295
280,618,997
280,619,982
280,621,182
280,622,177
280,623,207
280,624,164
280,625,183
280,626,401
280,631,215
280,632,306
280,634,263
280,635,613
280,638,772
280,640,541
280,642,925
280,643,923
280,644,922
280,645,954
280,646,927
280,647,271
280,648,401
280,651,199
280,652,774
280,656,897
280,657,233
280,658,169
280,660,291
280,661,994
280,662,637
280,663,513
280,664,420
280,665,183
280,667,475
280,668,171
280,669,230
280,674,157
280,678,152
280,682,163
280,703,175
280,710,338
280,712,171
280,713,174
280,714,169
280,715,792
280,716,528
280,719,895
280,721,185
280,722,381
280,733,167
280,734,399
280,735,308
280,736,948
280,737,614
280,738,252
280,739,663
280,740,913
280,741,842
280,742,998
280,743,211
280,744,580
280,745,398
280,747,330
280,748,177
280,749,163
280,750,159
280,751,167
280,753,155
280,755,160
280,756,217
280,757,317
280,758,580
280,759,205
280,761,386
280,763,650
280,764,275
280,765,231
280,767,463
280,768,198
280,769,180
280,770,552
280,771,999
280,772,325
280,773,557
280,774,512
280,775,284
280,776,335
280,777,275
280,778,178
280,779,810
280,780,175
280,781,227
280,782,919
280,783,278
280,785,976
280,786,783
280,787,227
280,788,236
280,789,629
280,792,656
280,794,298
280,795,577
280,796,574
280,799,311
280,800,329
280,801,328
280,802,614
280,803,575
280,809,157
280,811,470
280,815,226
280,833,225
280,842,335
280,847,198
280,849,280
280,867,160
280,874,243
280,877,284
280,880,274
280,900,152
280,915,155
280,927,171
280,928,186
280,935,187
280,937,185
280,943,163
280,947,176
280,981,220
280,982,176
280,983,190
280,984,213
281,282,412
281,283,927
281,284,748
281,285,392
281,286,180
281,300,230
281,312,279
281,315,177
281,328,339
281,331,225
281,332,177
281,339,159
281,357,210
281,362,392
281,363,205
281,367,235
281,384,270
281,387,160
281,400,160
281,413,216
281,421,159
281,428,176
281,441,278
281,462,168
281,463,183
281,464,200
281,481,236
281,483,179
281,512,268
281,518,507
281,524,227
281,525,170
281,533,488
281,550,655
281,567,169
281,575,186
281,578,182
281,580,249
281,601,198
281,606,168
281,609,370
281,610,207
281,614,183
281,615,152
281,618,223
281,619,296
281,626,225
281,635,161
281,638,180
281,640,220
281,656,196
281,715,220
281,719,955
281,736,539
281,737,168
281,740,330
281,741,164
281,742,203
281,744,178
281,745,185
281,755,202
281,763,764
281,770,154
281,771,205
281,778,181
281,785,304
281,789,183
281,816,343
281,947,208
282,283,382
282,284,423
282,285,993
282,286,588
282,289,182
282,290,178
282,291,164
282,294,162
282,300,687
282,303,315
282,306,167
282,307,338
282,309,165
282,310,215
282,312,755
282,315,543
282,316,410
282,321,188
282,327,204
282,328,471
282,337,817
282,338,347
282,339,359
282,346,465
282,352,385
282,357,385
282,359,507
282,360,355
282,361,175
282,362,925
282,363,621
282,364,234
282,365,379
282,366,341
282,367,578
282,371,167
282,372,398
282,374,154
282,375,154
282,378,150
282,381,396
282,383,253
282,384,646
282,385,286
282,386,211
282,387,573
282,388,335
282,390,225
282,391,306
282,392,246
282,393,269
282,394,279
282,398,467
282,399,170
282,400,210
282,403,218
282,404,187
282,406,212
282,408,212
282,413,185
282,419,362
282,421,441
282,423,150
282,424,429
282,425,166
282,428,409
282,429,178
282,434,152
282,440,303
282,441,417
282,442,165
282,445,318
282,448,197
282,449,150
282,452,295
282,453,175
282,454,150
282,455,153
282,468,456
282,472,349
282,477,245
282,478,309
282,480,204
282,481,955
282,483,526
282,484,173
282,486,277
282,487,204
282,489,173
282,490,219
282,492,258
282,501,220
282,503,217
282,509,923
282,511,287
282,512,284
282,517,161
282,518,884
282,522,159
282,524,642
282,525,329
282,526,207
282,527,155
282,534,215
282,535,211
282,536,166
282,540,429
282,547,184
282,550,943
282,552,238
282,559,170
282,562,165
282,565,417
282,566,282
282,567,511
282,568,171
282,569,442
282,572,212
282,574,174
282,575,242
282,580,961
282,581,302
282,583,162
282,588,342
282,595,322
282,596,159
282,604,259
282,606,332
282,608,313
282,609,783
282,610,279
282,611,165
282,612,301
282,613,549
282,614,948
282,617,174
282,618,679
282,619,518
282,626,298
282,627,193
282,632,164
282,634,173
282,635,217
282,638,512
282,640,431
282,642,912
282,643,907
282,644,908
282,645,921
282,646,915
282,647,275
282,648,293
282,652,536
282,656,599
282,661,530
282,662,435
282,663,436
282,664,243
282,665,473
282,669,167
282,674,192
282,710,229
282,715,271
282,716,418
282,719,226
282,734,290
282,735,186
282,736,676
282,737,442
282,739,368
282,740,684
282,741,392
282,742,314
282,744,447
282,745,317
282,747,189
282,755,152
282,757,432
282,758,400
282,761,397
282,763,622
282,764,233
282,770,380
282,771,995
282,773,440
282,774,308
282,776,193
282,778,161
282,779,569
282,782,323
282,785,717
282,786,567
282,788,170
282,789,648
282,792,358
282,794,155
282,796,217
282,799,167
282,800,174
282,802,505
282,803,447
282,842,298
282,849,269
282,877,269
282,880,168
282,921,365
282,932,218
282,935,158
282,947,187
282,952,161
283,284,824
283,285,741
283,286,167
283,289,204
283,300,419
283,303,199
283,306,173
283,312,531
283,313,188
283,315,259
283,316,156
283,317,359
283,319,357
283,328,424
283,332,221
283,339,166
283,357,387
283,358,245
283,360,186
283,362,560
283,363,164
283,366,153
283,367,205
283,384,182
283,387,186
283,388,186
283,394,153
283,403,205
283,416,155
283,419,226
283,420,341
283,421,257
283,424,427
283,428,234
283,429,153
283,441,227
283,462,324
283,463,400
283,464,206
283,465,242
283,481,338
283,483,257
283,492,243
283,509,163
283,511,151
283,512,238
283,518,564
283,524,212
283,533,698
283,550,511
283,551,159
283,552,229
283,567,253
283,569,262
283,572,224
283,574,329
283,575,237
283,576,191
283,578,210
283,580,514
283,595,156
283,606,177
283,609,384
283,610,226
283,612,154
283,613,152
283,614,222
283,615,242
283,617,185
283,618,266
283,619,441
283,626,325
283,627,197
283,635,193
283,638,212
283,640,861
283,642,227
283,643,187
283,644,150
283,645,180
283,656,544
283,711,211
283,715,350
283,719,997
283,733,177
283,736,662
283,737,225
283,740,509
283,741,178
283,742,222
283,746,259
283,747,186
283,755,214
283,758,154
283,763,431
283,770,217
283,771,545
283,774,181
283,778,169
283,782,174
283,785,399
283,786,362
283,789,275
283,792,154
283,794,499
283,795,242
283,796,231
283,816,208
283,899,182
283,915,162
283,937,555
283,947,160
283,981,186
284,285,536
284,300,230
284,303,181
284,312,848
284,315,168
284,328,422
284,338,161
284,357,167
284,362,274
284,363,195
284,366,395
284,367,546
284,382,243
284,384,219
284,387,234
284,388,271
284,391,192
284,392,537
284,393,164
284,394,150
284,428,170
284,441,153
284,469,200
284,472,150
284,481,262
284,490,228
284,512,565
284,518,548
284,524,323
284,525,372
284,533,241
284,550,392
284,580,235
284,595,274
284,609,374
284,610,164
284,614,191
284,615,166
284,618,275
284,619,578
284,626,174
284,638,166
284,648,153
284,652,329
284,656,151
284,695,172
284,704,207
284,719,402
284,736,489
284,737,187
284,740,339
284,741,207
284,742,315
284,745,157
284,755,200
284,763,861
284,771,216
284,778,165
284,785,592
284,786,438
284,789,328
284,802,192
284,816,214
284,842,203
284,928,272
284,947,184
284,955,173
285,286,999
285,291,305
285,296,211
285,300,156
285,303,169
285,306,868
285,307,993
285,312,284
285,315,228
285,328,911
285,331,489
285,337,196
285,338,184
285,357,223
285,359,705
285,362,268
285,365,151
285,367,228
285,371,911
285,372,160
285,375,235
285,383,662
285,384,250
285,388,226
285,389,247
285,391,204
285,392,181
285,424,167
285,425,295
285,440,169
285,441,419
285,452,226
285,462,411
285,463,447
285,481,377
285,483,262
285,489,470
285,492,320
285,509,206
285,518,607
285,524,190
285,525,217
285,533,151
285,550,179
285,565,368
285,567,181
285,568,161
285,569,223
285,573,175
285,574,278
285,575,192
285,579,173
285,580,517
285,609,671
285,612,209
285,614,458
285,618,653
285,619,620
285,634,344
285,635,468
285,643,329
285,644,340
285,645,257
285,652,154
285,656,260
285,661,318
285,662,181
285,663,166
285,710,258
285,715,181
285,719,260
285,730,154
285,736,649
285,738,163
285,739,560
285,740,336
285,741,156
285,742,291
285,743,343
285,763,620
285,771,427
285,773,195
285,774,269
285,775,177
285,778,299
285,785,311
285,786,188
285,789,256
285,794,155
285,795,568
285,796,168
285,799,192
285,802,155
285,874,164
285,928,168
285,947,434
286,299,163
286,300,534
286,303,621
286,306,370
286,307,196
286,312,864
286,313,169
286,314,151
286,315,597
286,316,361
286,321,154
286,327,223
286,328,766
286,331,276
286,337,946
286,338,371
286,339,248
286,344,386
286,346,253
286,348,162
286,352,627
286,357,548
286,358,241
286,359,443
286,360,581
286,361,162
286,362,787
286,363,619
286,365,420
286,366,414
286,367,743
286,372,631
286,375,774
286,377,242
286,382,250
286,383,710
286,384,797
286,385,188
286,386,495
286,387,386
286,388,683
286,389,272
286,390,359
286,391,463
286,392,391
286,393,355
286,394,270
286,398,821
286,399,591
286,403,167
286,404,281
286,406,295
286,408,183
286,413,164
286,419,303
286,420,351
286,421,374
286,422,169
286,424,224
286,425,181
286,428,297
286,429,261
286,434,197
286,435,173
286,440,438
286,441,422
286,444,152
286,447,175
286,448,188
286,450,205
286,453,193
286,454,176
286,455,208
286,462,165
286,463,179
286,468,292
286,469,275
286,472,464
286,477,321
286,478,357
286,481,681
286,483,483
286,484,418
286,485,386
286,486,184
286,487,418
286,489,204
286,490,284
286,492,511
286,503,244
286,504,172
286,508,167
286,509,295
286,511,282
286,512,403
286,517,199
286,518,999
286,524,448
286,525,325
286,526,225
286,527,160
286,533,179
286,534,151
286,535,167
286,536,166
286,537,182
286,539,233
286,540,265
286,550,545
286,552,482
286,553,217
286,559,155
286,564,198
286,565,995
286,566,160
286,567,630
286,568,205
286,569,475
286,574,248
286,575,310
286,576,177
286,578,208
286,580,542
286,581,301
286,583,278
286,588,210
286,595,379
286,600,232
286,604,248
286,606,304
286,607,183
286,608,333
286,609,905
286,610,573
286,611,256
286,612,340
286,613,188
286,614,527
286,617,183
286,618,955
286,619,700
286,622,151
286,626,358
286,631,181
286,635,237
286,638,495
286,640,383
286,642,197
286,643,170
286,644,193
286,645,261
286,646,159
286,647,381
286,648,286
286,652,391
286,656,623
286,661,678
286,662,245
286,663,272
286,667,706
286,679,543
286,702,459
286,710,284
286,711,233
286,715,433
286,716,171
286,719,155
286,734,311
286,736,871
286,737,460
286,738,150
286,740,895
286,741,480
286,742,964
286,743,179
286,744,266
286,745,329
286,758,412
286,763,865
286,767,242
286,768,249
286,770,364
286,771,985
286,772,220
286,773,289
286,774,353
286,775,266
286,776,265
286,777,357
286,779,247
286,782,551
286,783,313
286,785,788
286,786,322
286,788,165
286,789,841
286,792,323
286,794,257
286,795,730
286,796,430
286,799,722
286,800,184
286,802,298
286,803,201
286,806,367
286,809,160
286,843,248
286,849,150
286,874,212
286,877,330
286,880,217
286,981,175
286,982,251
286,983,236
287,290,216
287,291,254
287,292,314
287,293,214
287,294,363
287,300,275
287,306,193
287,307,193
287,309,407
287,310,407
287,312,197
287,315,165
287,322,387
287,328,160
287,329,192
287,330,182
287,334,155
287,335,256
287,340,569
287,341,742
287,345,214
287,357,151
287,360,200
287,361,981
287,366,194
287,367,220
287,374,160
287,378,210
287,379,218
287,380,169
287,381,206
287,382,339
287,383,156
287,387,151
287,392,384
287,403,163
287,409,514
287,419,993
287,429,274
287,430,155
287,431,184
287,432,175
287,433,153
287,435,219
287,452,191
287,468,171
287,474,158
287,475,229
287,476,368
287,481,300
287,483,356
287,484,209
287,489,164
287,498,161
287,501,160
287,505,922
287,519,942
287,520,975
287,521,922
287,522,923
287,526,200
287,558,155
287,562,212
287,563,269
287,564,207
287,567,333
287,569,201
287,572,206
287,580,193
287,581,250
287,582,169
287,583,651
287,585,163
287,586,207
287,587,170
287,590,339
287,600,277
287,604,189
287,606,266
287,609,179
287,613,151
287,618,153
287,619,209
287,628,358
287,632,278
287,636,386
287,637,519
287,638,217
287,642,169
287,643,173
287,644,208
287,645,417
287,654,155
287,655,219
287,656,167
287,672,334
287,673,187
287,674,165
287,675,267
287,676,210
287,678,222
287,680,174
287,682,376
287,683,201
287,685,747
287,686,858
287,687,490
287,688,328
287,689,519
287,690,271
287,691,534
287,692,306
287,693,292
287,694,469
287,695,278
287,696,172
287,697,947
287,698,343
287,699,176
287,701,395
287,702,179
287,703,936
287,704,234
287,705,374
287,706,175
287,707,243
287,708,354
287,717,354
287,718,254
287,724,158
287,734,238
287,736,185
287,737,299
287,740,311
287,750,197
287,751,183
287,753,242
287,755,223
287,756,683
287,758,183
287,770,307
287,771,423
287,773,187
287,777,158
287,779,166
287,792,249
287,798,165
287,805,170
287,817,262
287,830,247
287,832,190
287,845,161
287,846,159
287,847,618
287,854,389
287,870,472
287,871,423
287,906,925
287,907,934
287,908,939
287,929,374
287,933,191
287,941,161
287,950,215
287,951,231
287,952,447
287,954,208
287,955,226
287,957,300
287,958,249
287,959,316
287,960,262
287,966,306
288,299,297
288,300,185
288,317,170
288,325,159
288,331,247
288,357,207
288,360,268
288,413,517
288,414,510
288,429,165
288,432,177
288,467,156
288,481,266
288,483,522
288,484,209
288,493,999
288,517,310
288,526,156
288,527,212
288,543,194
288,555,195
288,567,590
288,569,326
288,580,228
288,581,232
288,588,231
288,596,158
288,604,260
288,606,427
288,609,318
288,612,170
288,613,329
288,621,294
288,631,180
288,632,153
288,635,289
288,638,235
288,656,151
288,664,511
288,665,505
288,678,311
288,682,160
288,714,150
288,736,222
288,737,229
288,740,258
288,742,245
288,770,442
288,771,540
288,792,316
288,793,224
288,798,228
288,804,152
289,295,645
289,296,159
289,297,299
289,300,589
289,303,318
289,308,194
289,312,249
289,313,213
289,314,167
289,315,593
289,316,487
289,317,276
289,319,279
289,320,291
289,327,153
289,332,707
289,333,318
289,337,152
289,338,155
289,339,214
289,346,322
289,348,331
289,350,779
289,352,222
289,353,536
289,354,207
289,357,353
289,359,151
289,360,315
289,362,228
289,363,208
289,364,197
289,365,952
289,366,192
289,367,253
289,373,196
289,375,235
289,382,153
289,384,156
289,387,171
289,400,225
289,401,207
289,403,733
289,404,647
289,405,169
289,406,251
289,419,347
289,421,156
289,425,155
289,429,492
289,430,365
289,431,313
289,432,257
289,433,188
289,438,199
289,439,302
289,442,415
289,445,721
289,446,268
289,447,174
289,448,224
289,449,449
289,450,255
289,452,817
289,455,570
289,456,202
289,458,270
289,459,152
289,462,242
289,463,247
289,465,262
289,466,159
289,472,354
289,473,243
289,478,287
289,480,568
289,481,423
289,482,343
289,483,531
289,485,236
289,486,945
289,487,177
289,494,173
289,499,158
289,500,381
289,501,270
289,503,220
289,505,313
289,509,265
289,512,151
289,518,410
289,524,191
289,525,218
289,533,313
289,536,964
289,537,184
289,540,347
289,544,165
289,551,269
289,552,295
289,554,536
289,555,270
289,558,225
289,562,151
289,566,405
289,567,584
289,569,421
289,571,804
289,574,190
289,575,181
289,576,250
289,578,269
289,579,168
289,580,353
289,581,445
289,582,222
289,583,253
289,585,896
289,586,770
289,588,267
289,606,329
289,607,360
289,608,356
289,609,480
289,610,501
289,612,336
289,613,250
289,614,323
289,616,176
289,617,183
289,618,227
289,619,295
289,620,155
289,623,374
289,626,744
289,627,787
289,633,170
289,634,185
289,635,172
289,638,333
289,640,721
289,642,227
289,643,232
289,644,243
289,645,339
289,646,325
289,648,281
289,649,268
289,656,549
289,667,172
289,668,201
289,669,349
289,697,244
289,707,160
289,708,178
289,709,150
289,710,196
289,711,150
289,712,185
289,713,161
289,714,187
289,715,339
289,716,150
289,719,177
289,726,323
289,727,307
289,728,267
289,735,202
289,736,440
289,737,321
289,738,182
289,739,543
289,740,542
289,741,238
289,742,177
289,745,156
289,746,319
289,747,189
289,748,159
289,755,194
289,757,160
289,758,248
289,759,362
289,761,187
289,764,184
289,769,330
289,770,416
289,771,266
289,776,200
289,782,300
289,785,190
289,787,398
289,789,411
289,790,243
289,791,265
289,792,325
289,804,163
289,805,182
289,809,262
289,814,241
289,817,427
289,818,243
289,820,342
289,834,266
289,835,158
289,836,306
289,837,296
289,838,239
289,839,298
289,840,292
289,849,185
289,867,313
289,897,160
289,900,939
289,962,243
289,968,186
289,969,175
289,973,277
289,977,236
289,980,158
289,981,169
290,291,630
290,292,753
290,293,604
290,294,740
290,295,264
290,296,571
290,297,570
290,300,322
290,309,532
290,310,644
290,312,194
290,322,260
290,326,245
290,328,292
290,329,191
290,330,160
290,334,932
290,335,901
290,336,926
290,338,540
290,339,397
290,340,695
290,341,540
290,343,163
290,345,635
290,346,228
290,347,158
290,355,179
290,357,166
290,360,163
290,361,403
290,366,195
290,367,160
290,374,214
290,378,753
290,379,750
290,380,746
290,381,753
290,387,170
290,393,172
290,409,229
290,413,173
290,419,505
290,452,162
290,454,181
290,460,155
290,469,815
290,474,426
290,475,434
290,481,319
290,483,308
290,501,206
290,504,189
290,505,186
290,510,182
290,512,170
290,515,211
290,519,271
290,521,336
290,522,366
290,526,158
290,540,281
290,544,233
290,563,156
290,566,176
290,567,354
290,569,164
290,570,258
290,575,308
290,580,303
290,582,360
290,587,272
290,590,512
290,596,203
290,597,203
290,604,268
290,606,293
290,614,193
290,617,209
290,628,527
290,633,527
290,636,562
290,637,856
290,642,269
290,643,251
290,644,255
290,645,265
290,648,180
290,664,156
290,665,163
290,672,221
290,673,363
290,674,657
290,675,284
290,676,153
290,678,231
290,685,563
290,686,396
290,687,508
290,688,437
290,689,420
290,690,485
290,691,424
290,692,221
290,693,216
290,694,403
290,695,502
290,696,511
290,697,586
290,698,294
290,703,536
290,704,196
290,705,183
290,706,250
290,707,249
290,708,332
290,717,470
290,718,151
290,733,233
290,734,308
290,737,154
290,740,265
290,748,168
290,749,168
290,750,215
290,751,256
290,752,217
290,753,266
290,754,181
290,755,261
290,756,504
290,771,224
290,776,160
290,785,339
290,792,265
290,805,171
290,824,441
290,829,443
290,830,420
290,831,677
290,832,409
290,843,218
290,849,190
290,854,233
290,855,158
290,867,416
290,870,288
290,908,493
290,929,157
290,932,202
290,933,249
290,937,160
290,941,203
290,950,182
290,951,362
290,952,350
290,953,616
290,954,189
290,956,528
290,957,250
290,958,259
290,959,413
290,960,246
291,292,609
291,293,648
291,294,634
291,295,265
291,296,645
291,297,613
291,300,223
291,309,366
291,310,374
291,322,280
291,326,193
291,329,232
291,330,166
291,334,805
291,335,739
291,336,953
291,338,446
291,339,710
291,340,673
291,341,490
291,345,653
291,346,206
291,361,338
291,366,179
291,374,175
291,378,558
291,379,553
291,380,569
291,381,559
291,409,252
291,416,162
291,419,591
291,451,173
291,452,195
291,474,367
291,475,331
291,476,227
291,481,232
291,483,202
291,512,179
291,519,232
291,540,182
291,563,156
291,567,246
291,570,184
291,575,166
291,580,184
291,582,268
291,586,163
291,587,300
291,590,278
291,591,176
291,596,178
291,604,185
291,606,152
291,609,154
291,628,310
291,636,184
291,637,607
291,642,173
291,643,162
291,644,166
291,645,185
291,648,158
291,655,150
291,672,221
291,673,347
291,674,625
291,675,228
291,678,165
291,685,493
291,686,376
291,687,410
291,688,251
291,689,283
291,690,507
291,691,360
291,692,189
291,693,224
291,694,357
291,697,157
291,701,272
291,703,285
291,704,184
291,705,393
291,717,217
291,718,153
291,733,198
291,734,154
291,748,154
291,749,151
291,750,158
291,751,163
291,752,165
291,753,177
291,756,207
291,776,160
291,792,154
291,805,182
291,824,320
291,825,225
291,826,202
291,827,157
291,829,367
291,830,413
291,831,391
291,832,412
291,854,322
291,867,414
291,870,279
291,871,158
291,908,240
291,930,220
291,931,152
291,932,251
291,933,265
291,941,156
291,951,374
291,952,355
291,954,172
291,956,177
291,957,240
291,958,236
291,959,425
291,960,311
291,966,153
292,293,585
292,294,686
292,295,175
292,296,563
292,297,580
292,300,183
292,303,216
292,309,519
292,310,479
292,316,167
292,322,247
292,329,188
292,330,252
292,334,923
292,335,949
292,336,978
292,338,160
292,340,677
292,341,595
292,345,618
292,360,153
292,361,491
292,366,153
292,378,915
292,379,914
292,380,758
292,381,906
292,382,159
292,387,152
292,402,201
292,406,155
292,409,318
292,419,989
292,436,334
292,439,174
292,451,502
292,462,173
292,474,227
292,476,241
292,481,173
292,486,337
292,512,221
292,519,348
292,521,352
292,522,345
292,544,160
292,563,194
292,566,166
292,585,205
292,587,165
292,590,491
292,614,160
292,615,164
292,617,160
292,628,278
292,633,203
292,636,257
292,637,766
292,642,167
292,643,375
292,644,160
292,645,160
292,654,226
292,655,212
292,673,198
292,674,153
292,685,662
292,686,710
292,687,683
292,688,482
292,689,508
292,690,623
292,691,522
292,692,500
292,693,624
292,694,422
292,695,592
292,696,601
292,697,799
292,698,163
292,699,254
292,700,199
292,701,242
292,702,214
292,703,651
292,704,317
292,705,319
292,706,314
292,707,253
292,708,220
292,717,824
292,718,225
292,734,337
292,748,168
292,749,201
292,750,244
292,751,215
292,752,216
292,753,283
292,754,482
292,755,308
292,756,484
292,799,158
292,805,154
292,824,820
292,829,362
292,830,658
292,831,468
292,832,392
292,854,445
292,867,397
292,870,273
292,871,190
292,906,159
292,908,486
292,937,160
292,941,276
292,950,172
292,951,352
292,952,408
292,953,208
292,954,173
292,955,180
292,957,264
292,958,232
292,959,248
292,960,242
292,966,434
293,294,711
293,296,595
293,297,564
293,309,282
293,310,364
293,316,207
293,322,266
293,330,388
293,334,855
293,335,973
293,336,936
293,338,189
293,339,206
293,340,568
293,341,288
293,345,538
293,361,359
293,378,606
293,379,595
293,380,624
293,381,582
293,382,159
293,393,161
293,419,381
293,439,176
293,462,349
293,475,214
293,476,150
293,481,160
293,511,154
293,521,282
293,522,257
293,563,163
293,585,168
293,590,372
293,594,159
293,597,164
293,609,153
293,614,160
293,615,159
293,617,160
293,628,274
293,633,333
293,636,259
293,637,648
293,642,160
293,643,160
293,644,160
293,645,160
293,654,181
293,664,158
293,665,171
293,685,354
293,686,170
293,687,372
293,688,300
293,690,309
293,691,247
293,692,247
293,693,166
293,694,303
293,697,187
293,698,244
293,699,220
293,702,253
293,703,161
293,704,235
293,705,342
293,707,218
293,708,161
293,717,255
293,718,294
293,748,181
293,749,170
293,750,283
293,751,294
293,752,216
293,753,325
293,754,194
293,755,277
293,756,361
293,805,154
293,815,164
293,824,414
293,825,225
293,826,230
293,828,156
293,829,431
293,830,456
293,831,509
293,832,378
293,849,179
293,854,348
293,867,424
293,870,209
293,871,288
293,908,294
293,937,160
293,941,203
293,951,301
293,952,294
293,954,295
293,955,215
293,956,377
293,957,282
293,958,379
293,959,346
293,960,205
293,966,185
294,295,197
294,296,586
294,297,573
294,300,259
294,309,538
294,310,509
294,316,207
294,322,233
294,326,163
294,329,235
294,330,381
294,334,995
294,335,796
294,336,878
294,338,498
294,339,334
294,340,758
294,341,565
294,345,699
294,346,418
294,355,156
294,356,216
294,361,542
294,366,204
294,367,150
294,378,590
294,379,589
294,380,559
294,381,575
294,382,159
294,387,156
294,393,208
294,406,163
294,409,407
294,413,195
294,419,778
294,439,176
294,445,177
294,452,212
294,474,386
294,475,383
294,476,274
294,478,197
294,481,300
294,483,288
294,501,176
294,512,352
294,519,307
294,521,243
294,522,255
294,540,165
294,544,190
294,563,156
294,566,158
294,567,321
294,570,182
294,575,196
294,580,201
294,582,267
294,585,223
294,587,304
294,590,224
294,591,186
294,594,153
294,597,241
294,604,178
294,606,230
294,609,193
294,614,209
294,616,166
294,617,160
294,628,307
294,636,230
294,637,763
294,642,234
294,643,221
294,644,230
294,645,251
294,648,155
294,654,213
294,655,231
294,664,189
294,665,170
294,672,177
294,673,325
294,674,598
294,675,236
294,678,301
294,685,619
294,686,560
294,687,532
294,688,438
294,689,438
294,690,609
294,691,461
294,692,289
294,693,261
294,694,415
294,695,187
294,696,182
294,697,191
294,699,246
294,700,195
294,701,295
294,702,151
294,703,365
294,704,230
294,705,296
294,706,209
294,707,236
294,708,253
294,717,180
294,718,292
294,733,175
294,734,237
294,740,200
294,748,181
294,749,276
294,750,215
294,751,258
294,752,215
294,753,274
294,754,168
294,755,214
294,756,331
294,771,169
294,776,234
294,789,168
294,792,211
294,805,154
294,815,164
294,824,457
294,829,352
294,830,473
294,831,485
294,832,418
294,845,161
294,846,171
294,849,211
294,854,334
294,860,172
294,865,289
294,867,469
294,870,402
294,871,230
294,908,231
294,933,214
294,937,160
294,941,203
294,950,214
294,951,367
294,952,415
294,954,213
294,955,191
294,956,172
294,957,206
294,958,240
294,959,541
294,960,216
294,966,215
295,296,989
295,297,993
295,300,163
295,306,159
295,307,392
295,309,324
295,310,162
295,322,297
295,329,238
295,330,437
295,335,225
295,336,236
295,338,241
295,339,411
295,340,507
295,341,407
295,345,323
295,346,257
295,355,193
295,356,313
295,361,190
295,386,206
295,388,294
295,402,151
295,406,182
295,413,376
295,414,267
295,416,246
295,417,291
295,419,283
295,437,291
295,445,943
295,450,164
295,452,521
295,460,468
295,474,266
295,475,213
295,501,829
295,505,463
295,521,164
295,540,181
295,544,301
295,554,177
295,566,197
295,570,302
295,580,391
295,582,420
295,584,362
295,585,316
295,586,257
295,587,338
295,590,173
295,591,234
295,592,180
295,597,432
295,601,184
295,604,258
295,624,156
295,626,200
295,628,258
295,642,152
295,645,150
295,652,158
295,653,465
295,654,306
295,655,223
295,672,165
295,673,210
295,674,284
295,675,153
295,677,161
295,685,295
295,686,204
295,687,309
295,688,184
295,690,300
295,691,342
295,692,409
295,693,242
295,694,239
295,699,226
295,700,353
295,701,201
295,702,218
295,703,166
295,704,185
295,705,186
295,707,230
295,731,174
295,740,157
295,751,191
295,757,220
295,760,151
295,771,199
295,775,150
295,776,196
295,780,186
295,789,158
295,815,204
295,825,337
295,828,233
295,831,165
295,832,200
295,843,188
295,845,171
295,846,458
295,849,414
295,855,204
295,860,280
295,861,171
295,865,247
295,867,993
295,870,229
295,908,238
295,930,172
295,932,210
295,933,220
295,935,220
295,944,547
295,951,264
295,952,215
295,954,220
295,955,429
295,957,246
295,958,253
295,959,338
295,960,313
295,965,173
296,297,991
296,309,273
296,310,218
296,328,188
296,329,179
296,330,270
296,334,596
296,335,630
296,336,691
296,339,286
296,340,341
296,341,300
296,345,201
296,346,344
296,355,223
296,356,586
296,361,156
296,378,549
296,379,552
296,380,564
296,381,595
296,386,206
296,388,401
296,402,151
296,406,209
296,409,252
296,413,347
296,414,240
296,416,209
296,417,265
296,419,193
296,445,685
296,451,314
296,452,822
296,460,203
296,474,248
296,498,152
296,501,556
296,505,226
296,522,204
296,541,257
296,544,232
296,570,265
296,580,250
296,582,228
296,584,322
296,585,672
296,586,649
296,591,202
296,592,207
296,596,198
296,597,390
296,601,223
296,615,199
296,637,551
296,653,327
296,654,180
296,672,165
296,673,196
296,674,203
296,685,266
296,686,219
296,687,225
296,688,240
296,690,247
296,691,336
296,692,267
296,693,341
296,694,275
296,699,229
296,700,207
296,701,162
296,702,246
296,703,159
296,704,201
296,706,152
296,751,188
296,752,189
296,753,165
296,757,208
296,780,160
296,815,320
296,825,662
296,826,627
296,827,594
296,828,602
296,843,240
296,845,255
296,846,361
296,847,197
296,849,685
296,860,252
296,861,477
296,862,578
296,863,584
296,864,575
296,865,472
296,867,986
296,870,237
296,873,171
296,908,251
296,930,174
296,932,290
296,933,293
296,935,150
296,944,263
296,947,185
296,951,179
296,952,182
296,954,292
296,955,354
296,956,188
296,957,254
296,958,211
296,959,316
296,960,155
296,965,188
296,966,164
297,300,248
297,309,261
297,310,194
297,312,154
297,322,209
297,330,198
297,334,629
297,335,594
297,336,601
297,338,152
297,339,262
297,340,263
297,341,205
297,345,183
297,346,374
297,356,234
297,366,361
297,378,550
297,379,653
297,380,560
297,381,549
297,383,163
297,386,176
297,388,176
297,406,226
297,409,154
297,413,265
297,414,172
297,419,253
297,445,717
297,451,173
297,452,752
297,474,240
297,475,161
297,478,201
297,501,554
297,505,215
297,541,172
297,544,220
297,561,170
297,570,185
297,580,278
297,582,278
297,584,174
297,585,756
297,586,635
297,590,613
297,591,237
297,592,179
297,597,292
297,601,376
297,637,591
297,654,271
297,655,176
297,673,164
297,685,191
297,686,175
297,687,180
297,690,268
297,691,208
297,692,310
297,693,199
297,694,196
297,699,204
297,700,165
297,702,195
297,703,169
297,704,185
297,705,211
297,731,168
297,740,171
297,751,156
297,752,156
297,756,157
297,765,165
297,771,172
297,789,190
297,825,608
297,826,662
297,827,654
297,828,642
297,832,198
297,843,170
297,845,164
297,846,283
297,849,795
297,860,287
297,862,581
297,863,613
297,864,570
297,865,182
297,867,989
297,870,173
297,873,259
297,930,225
297,933,294
297,944,229
297,947,203
297,950,183
297,951,178
297,954,240
297,955,249
297,958,174
297,959,198
297,965,162
297,981,169
298,300,590
298,315,159
298,365,187
298,367,185
298,371,392
298,419,432
298,432,155
298,437,204
298,438,176
298,443,305
298,444,479
298,450,206
298,476,278
298,483,183
298,486,189
298,490,151
298,518,228
298,534,162
298,536,191
298,538,248
298,559,228
298,560,230
298,561,534
298,562,243
298,563,202
298,567,203
298,580,170
298,594,162
298,599,190
298,600,243
298,601,269
298,602,293
298,603,530
298,609,166
298,610,154
298,626,153
298,629,197
298,640,237
298,679,333
298,680,333
298,736,227
298,741,151
298,744,190
298,754,200
298,762,159
298,771,290
298,782,222
298,935,268
298,941,283
299,300,998
299,305,604
299,311,999
299,312,183
299,317,179
299,320,253
299,327,407
299,348,214
299,350,167
299,360,179
299,367,175
299,368,747
299,369,818
299,370,791
299,371,179
299,373,219
299,375,256
299,377,258
299,385,382
299,395,644
299,396,435
299,401,187
299,403,192
299,410,197
299,411,216
299,431,164
299,433,155
299,437,809
299,438,731
299,440,252
299,444,284
299,450,190
299,457,187
299,468,244
299,469,481
299,470,167
299,478,340
299,481,154
299,483,448
299,492,222
299,510,236
299,512,150
299,516,203
299,518,219
299,530,734
299,531,164
299,532,533
299,543,349
299,564,182
299,565,306
299,567,485
299,569,176
299,571,177
299,581,245
299,588,223
299,600,181
299,606,228
299,607,186
299,609,181
299,614,159
299,616,230
299,623,250
299,629,204
299,634,228
299,638,551
299,658,221
299,660,162
299,663,165
299,716,199
299,720,241
299,735,198
299,737,185
299,740,218
299,754,358
299,765,329
299,766,177
299,768,257
299,770,319
299,774,334
299,785,181
299,787,628
299,792,300
299,820,266
299,851,218
300,301,155
300,303,626
300,305,990
300,306,227
300,307,313
300,309,232
300,310,218
300,311,998
300,312,808
300,313,253
300,314,190
300,315,815
300,316,634
300,317,571
300,319,570
300,320,762
300,321,159
300,322,175
300,323,209
300,324,173
300,325,431
300,326,270
300,327,963
300,328,535
300,331,337
300,332,204
300,333,193
300,337,201
300,338,482
300,339,426
300,340,186
300,341,239
300,342,311
300,343,179
300,344,259
300,346,316
300,347,277
300,348,630
300,349,335
300,350,360
300,351,179
300,352,571
300,357,628
300,358,290
300,359,173
300,360,830
300,361,357
300,362,446
300,363,320
300,364,332
300,365,399
300,366,842
300,367,889
300,368,975
300,369,878
300,370,945
300,371,438
300,373,579
300,374,157
300,375,223
300,376,372
300,377,443
300,378,268
300,379,240
300,380,152
300,381,306
300,382,214
300,383,564
300,384,350
300,385,415
300,386,356
300,387,618
300,388,494
300,389,390
300,390,565
300,391,640
300,392,405
300,393,429
300,394,519
300,395,933
300,396,542
300,397,239
300,400,572
300,401,720
300,402,290
300,403,605
300,404,354
300,406,540
300,407,402
300,408,629
300,409,163
300,410,489
300,411,312
300,412,271
300,413,418
300,414,300
300,415,181
300,418,165
300,419,789
300,420,179
300,421,541
300,422,638
300,423,196
300,424,271
300,425,223
300,426,187
300,427,167
300,428,253
300,429,553
300,430,385
300,431,461
300,432,338
300,433,272
300,434,249
300,435,279
300,436,207
300,437,980
300,438,900
300,439,324
300,440,677
300,441,290
300,442,354
300,444,772
300,445,555
300,446,357
300,447,191
300,448,575
300,449,523
300,450,576
300,452,424
300,453,416
300,454,403
300,455,458
300,456,169
300,457,646
300,458,328
300,459,162
300,461,233
300,462,323
300,463,405
300,464,165
300,465,229
300,466,216
300,467,412
300,468,638
300,469,468
300,470,404
300,471,447
300,472,786
300,473,299
300,474,217
300,476,377
300,477,708
300,478,569
300,480,503
300,481,697
300,482,229
300,483,870
300,484,494
300,485,553
300,486,410
300,487,862
300,488,159
300,489,435
300,490,496
300,491,185
300,492,436
300,494,243
300,495,204
300,497,167
300,499,181
300,500,193
300,501,271
300,503,260
300,504,177
300,505,221
300,507,172
300,508,298
300,509,526
300,510,218
300,511,494
300,512,780
300,513,151
300,514,223
300,516,270
300,517,244
300,518,584
300,519,189
300,522,315
300,523,549
300,524,422
300,525,342
300,526,472
300,527,328
300,530,663
300,532,785
300,533,374
300,534,269
300,536,454
300,537,466
300,538,351
300,539,362
300,540,601
300,541,203
300,542,227
300,543,347
300,544,585
300,546,169
300,547,162
300,548,701
300,549,506
300,550,607
300,551,209
300,552,590
300,553,194
300,554,285
300,555,186
300,556,178
300,557,260
300,558,634
300,559,550
300,560,592
300,561,549
300,562,454
300,564,418
300,565,768
300,566,484
300,567,836
300,568,254
300,569,621
300,570,194
300,571,270
300,572,385
300,574,200
300,575,370
300,576,387
300,577,183
300,578,508
300,580,621
300,581,718
300,582,268
300,583,502
300,585,201
300,586,159
300,587,194
300,588,650
300,589,270
300,593,167
300,594,505
300,595,366
300,596,542
300,597,225
300,598,582
300,599,732
300,600,668
300,601,593
300,603,576
300,604,359
300,606,821
300,607,389
300,608,252
300,609,722
300,610,687
300,611,289
300,612,624
300,613,611
300,614,563
300,616,298
300,617,243
300,618,640
300,619,759
300,621,278
300,622,203
300,623,866
300,624,200
300,625,217
300,626,623
300,627,290
300,631,334
300,632,460
300,634,471
300,635,524
300,636,192
300,637,249
300,638,745
300,640,986
300,642,367
300,643,330
300,644,328
300,645,472
300,646,377
300,648,601
300,651,183
300,652,343
300,655,155
300,656,748
300,657,685
300,658,364
300,659,633
300,660,220
300,661,309
300,662,187
300,666,317
300,667,718
300,668,161
300,669,189
300,670,223
300,671,203
300,672,229
300,673,244
300,674,265
300,675,202
300,676,152
300,677,202
300,678,244
300,679,226
300,680,192
300,681,161
300,682,280
300,683,165
300,685,248
300,686,266
300,687,220
300,688,210
300,690,242
300,691,187
300,695,159
300,703,244
300,704,167
300,709,228
300,710,778
300,712,170
300,713,205
300,714,530
300,715,465
300,716,634
300,719,250
300,720,188
300,723,247
300,724,208
300,725,158
300,726,156
300,727,172
300,728,180
300,733,669
300,734,574
300,735,591
300,736,642
300,737,784
300,738,240
300,739,341
300,740,795
300,741,447
300,742,448
300,743,198
300,744,221
300,745,367
300,747,322
300,748,220
300,750,155
300,751,187
300,753,192
300,754,225
300,755,312
300,756,605
300,757,613
300,758,640
300,759,250
300,760,372
300,761,170
300,762,194
300,763,355
300,764,205
300,765,488
300,766,433
300,767,293
300,768,430
300,769,250
300,770,866
300,771,655
300,772,354
300,773,417
300,774,413
300,775,180
300,776,442
300,777,372
300,778,155
300,779,319
300,781,294
300,782,712
300,783,394
300,785,670
300,786,372
300,787,862
300,788,660
300,789,674
300,792,739
300,794,245
300,795,217
300,796,370
300,798,535
300,799,800
300,800,495
300,801,224
300,802,347
300,803,357
300,804,672
300,809,197
300,811,288
300,820,183
300,833,479
300,834,180
300,849,230
300,851,419
300,867,208
300,874,263
300,877,231
300,880,239
300,900,236
300,915,256
300,921,320
300,922,296
300,934,556
300,935,591
300,943,274
300,947,179
300,954,187
300,955,197
300,962,217
300,967,175
300,968,388
300,979,154
300,981,487
300,982,182
300,983,249
300,984,186
301,312,166
301,367,173
301,406,188
301,425,195
301,435,168
301,483,245
301,518,188
301,578,231
301,609,245
301,610,279
301,619,156
301,621,178
301,656,151
301,667,419
301,740,164
301,750,244
301,752,242
301,753,244
301,782,167
301,789,159
301,820,167
301,874,185
301,896,174
302,304,176
302,318,227
302,426,150
302,454,240
302,556,193
302,609,209
302,610,254
302,629,153
302,960,431
303,306,329
303,307,177
303,308,872
303,312,751
303,313,203
303,315,999
303,316,991
303,317,351
303,319,353
303,323,703
303,324,990
303,325,179
303,327,208
303,328,711
303,331,489
303,337,188
303,338,387
303,339,235
303,350,252
303,357,658
303,358,393
303,360,181
303,362,414
303,364,423
303,365,281
303,366,394
303,367,571
303,375,724
303,376,219
303,384,242
303,385,235
303,386,469
303,387,435
303,388,670
303,389,400
303,390,392
303,391,473
303,392,392
303,393,373
303,394,347
303,395,184
303,401,172
303,403,269
303,404,440
303,406,378
303,407,170
303,408,157
303,418,239
303,419,302
303,420,297
303,421,252
303,422,241
303,425,237
303,429,339
303,430,161
303,431,159
303,434,229
303,435,152
303,436,411
303,440,426
303,441,171
303,442,171
303,444,290
303,445,178
303,448,220
303,450,197
303,455,308
303,456,341
303,458,150
303,459,173
303,463,155
303,467,190
303,468,194
303,469,206
303,472,874
303,477,296
303,478,544
303,480,259
303,481,758
303,483,735
303,484,200
303,485,638
303,486,169
303,487,164
303,489,259
303,490,321
303,491,150
303,492,789
303,494,349
303,495,248
303,500,307
303,503,290
303,506,196
303,508,191
303,509,528
303,512,279
303,518,672
303,523,214
303,524,952
303,525,438
303,526,200
303,533,155
303,536,175
303,537,171
303,539,936
303,540,198
303,544,179
303,552,669
303,554,307
303,558,204
303,564,186
303,565,511
303,566,254
303,567,678
303,568,414
303,569,828
303,572,403
303,574,158
303,575,458
303,576,371
303,578,546
303,580,394
303,581,359
303,583,242
303,588,300
303,589,243
303,595,218
303,600,332
303,606,399
303,609,972
303,610,582
303,611,361
303,612,614
303,613,655
303,614,609
303,617,221
303,618,724
303,619,762
303,625,996
303,626,624
303,629,333
303,635,212
303,638,553
303,640,892
303,642,319
303,643,312
303,644,392
303,645,422
303,646,324
303,648,293
303,650,299
303,652,356
303,656,917
303,661,305
303,662,175
303,667,314
303,709,320
303,710,178
303,715,517
303,716,230
303,719,213
303,734,186
303,735,183
303,736,707
303,737,400
303,739,280
303,740,825
303,741,856
303,742,900
303,743,210
303,744,459
303,748,236
303,755,163
303,757,277
303,758,479
303,761,341
303,762,171
303,770,481
303,771,599
303,772,233
303,773,267
303,774,408
303,775,187
303,776,235
303,777,382
303,779,222
303,782,350
303,783,294
303,785,741
303,786,543
303,788,175
303,789,643
303,792,376
303,794,341
303,795,471
303,796,472
303,797,194
303,799,402
303,800,195
303,802,300
303,803,211
303,813,206
303,833,219
303,858,184
303,897,175
303,915,688
303,927,336
303,943,410
303,981,442
303,982,196
304,355,665
304,356,396
304,361,249
304,416,284
304,417,757
304,419,176
304,426,160
304,451,208
304,452,221
304,474,151
304,509,180
304,525,162
304,585,179
304,591,246
304,646,179
304,654,156
304,692,165
304,700,155
304,702,167
304,755,197
304,756,200
304,780,179
304,797,156
304,861,197
304,862,439
304,863,486
304,864,407
304,930,343
304,931,361
304,932,269
305,307,380
305,311,587
305,312,282
305,315,265
305,320,234
305,321,655
305,327,826
305,328,173
305,331,158
305,338,150
305,342,159
305,348,275
305,350,168
305,357,216
305,360,540
305,362,152
305,364,159
305,365,188
305,366,372
305,367,462
305,368,999
305,369,999
305,370,999
305,373,564
305,377,196
305,387,350
305,388,215
305,389,181
305,390,197
305,391,298
305,393,423
305,394,253
305,395,999
305,396,999
305,400,282
305,401,203
305,403,231
305,404,163
305,406,358
305,407,490
305,408,502
305,410,987
305,411,409
305,412,638
305,415,509
305,419,206
305,421,153
305,422,317
305,424,165
305,429,170
305,437,700
305,438,725
305,440,509
305,447,177
305,448,383
305,449,318
305,450,348
305,453,910
305,454,907
305,455,154
305,457,999
305,467,187
305,468,244
305,469,337
305,472,644
305,477,664
305,478,248
305,480,172
305,481,219
305,482,204
305,483,760
305,484,175
305,485,341
305,487,656
305,492,277
305,494,200
305,501,678
305,510,836
305,512,287
305,515,505
305,518,189
305,523,508
305,526,180
305,532,520
305,537,158
305,540,184
305,543,190
305,544,235
305,548,736
305,558,213
305,560,214
305,565,272
305,567,545
305,569,242
305,581,442
305,583,394
305,588,447
305,598,253
305,600,182
305,601,202
305,606,327
305,609,297
305,610,198
305,612,181
305,613,209
305,614,168
305,618,179
305,619,199
305,623,295
305,631,680
305,632,161
305,634,352
305,638,390
305,640,222
305,642,158
305,645,281
305,656,239
305,657,999
305,658,160
305,659,992
305,667,696
305,670,901
305,671,901
305,677,199
305,679,303
305,684,177
305,710,266
305,714,238
305,716,699
305,720,961
305,723,295
305,733,618
305,735,469
305,736,234
305,737,353
305,740,382
305,749,343
305,758,254
305,759,185
305,764,163
305,765,389
305,766,201
305,768,327
305,769,179
305,770,468
305,771,274
305,772,165
305,773,405
305,776,162
305,777,580
305,783,177
305,785,212
305,786,290
305,787,379
305,788,194
305,789,206
305,792,433
305,798,910
305,800,222
305,822,158
305,850,505
305,900,157
305,955,157
305,982,186
306,307,938
306,312,453
306,315,274
306,316,166
306,328,210
306,335,248
306,337,336
306,338,155
306,339,228
306,356,159
306,362,202
306,366,159
306,367,161
306,383,265
306,390,162
306,393,151
306,399,189
306,419,186
306,448,159
306,449,237
306,452,259
306,481,202
306,489,264
306,490,176
306,492,280
306,501,244
306,511,156
306,518,262
306,521,212
306,522,212
306,533,214
306,534,150
306,535,154
306,550,229
306,577,163
306,580,591
306,585,226
306,586,270
306,597,175
306,609,216
306,610,413
306,614,179
306,618,400
306,619,349
306,626,203
306,656,152
306,661,956
306,662,917
306,663,911
306,704,185
306,708,165
306,715,183
306,719,167
306,736,409
306,739,361
306,740,272
306,742,684
306,745,206
306,755,197
306,763,286
306,770,158
306,771,324
306,774,152
306,778,457
306,782,231
306,785,566
306,795,851
306,846,196
306,854,168
306,867,164
306,908,212
306,947,150
306,982,166
306,983,177
307,312,246
307,315,339
307,316,215
307,328,226
307,338,178
307,339,216
307,357,169
307,362,209
307,363,187
307,365,154
307,366,153
307,367,190
307,383,218
307,384,160
307,388,231
307,393,192
307,407,171
307,408,168
307,410,204
307,417,172
307,427,188
307,448,414
307,449,337
307,452,279
307,454,179
307,463,237
307,481,916
307,483,484
307,490,155
307,501,210
307,511,190
307,512,191
307,518,298
307,521,223
307,522,212
307,533,223
307,534,183
307,535,197
307,567,157
307,569,178
307,574,332
307,580,212
307,585,273
307,586,267
307,609,705
307,610,188
307,614,912
307,618,673
307,619,226
307,626,191
307,632,160
307,638,172
307,653,444
307,656,197
307,661,966
307,662,911
307,663,913
307,666,159
307,710,185
307,713,215
307,715,173
307,719,397
307,736,348
307,740,329
307,741,412
307,742,687
307,745,253
307,755,159
307,758,178
307,763,280
307,770,214
307,771,406
307,774,528
307,778,153
307,782,170
307,785,233
307,789,155
307,795,776
307,803,162
307,804,198
307,846,193
307,852,251
307,853,305
307,908,213
307,928,154
307,947,192
308,312,397
308,313,278
308,314,229
308,315,187
308,323,999
308,324,916
308,331,150
308,332,315
308,337,232
308,350,228
308,354,181
308,357,297
308,364,294
308,375,626
308,404,913
308,405,204
308,418,594
308,436,227
308,445,254
308,450,178
308,455,446
308,456,250
308,458,150
308,459,206
308,469,638
308,472,157
308,485,176
308,492,309
308,500,301
308,518,210
308,524,991
308,533,474
308,539,578
308,551,238
308,555,152
308,569,180
308,571,231
308,574,222
308,609,913
308,610,244
308,618,989
308,619,464
308,625,802
308,626,160
308,629,226
308,640,261
308,648,299
308,649,469
308,650,297
308,656,155
308,667,302
308,709,279
308,712,163
308,715,174
308,736,170
308,737,172
308,739,213
308,740,172
308,741,999
308,742,642
308,746,234
308,782,362
308,786,166
308,790,234
308,791,215
308,792,325
308,794,245
308,795,275
308,796,257
308,797,220
308,799,165
308,802,167
308,813,155
308,817,304
308,838,166
308,842,156
308,858,725
308,915,291
308,927,929
308,929,180
308,937,296
308,943,341
308,968,232
308,969,235
309,310,932
309,322,619
309,329,193
309,330,350
309,334,582
309,335,554
309,336,468
309,338,398
309,339,369
309,340,720
309,341,415
309,345,507
309,356,171
309,357,181
309,358,158
309,360,188
309,361,391
309,366,357
309,406,185
309,409,588
309,413,157
309,419,452
309,445,877
309,452,491
309,474,224
309,481,250
309,501,544
309,505,306
309,511,159
309,519,334
309,520,314
309,521,942
309,522,406
309,535,170
309,541,234
309,566,185
309,580,205
309,582,344
309,585,388
309,586,376
309,587,463
309,590,495
309,597,322
309,601,277
309,614,205
309,615,192
309,617,154
309,626,157
309,628,461
309,633,434
309,636,570
309,637,426
309,642,197
309,643,177
309,644,165
309,645,152
309,654,298
309,655,193
309,673,157
309,679,199
309,680,162
309,685,343
309,686,266
309,687,603
309,688,582
309,689,294
309,690,398
309,691,441
309,692,374
309,693,330
309,694,337
309,695,760
309,696,838
309,697,606
309,698,626
309,699,446
309,700,187
309,701,534
309,702,344
309,703,486
309,704,413
309,705,428
309,706,442
309,707,841
309,708,886
309,710,170
309,717,623
309,718,602
309,731,171
309,733,189
309,734,526
309,740,204
309,750,222
309,751,250
309,752,249
309,755,339
309,756,596
309,757,226
309,760,184
309,771,165
309,782,265
309,797,476
309,815,212
309,825,324
309,826,238
309,827,187
309,828,154
309,830,314
309,831,471
309,832,232
309,845,163
309,846,370
309,849,623
309,854,621
309,860,164
309,865,290
309,867,384
309,870,440
309,871,259
309,873,150
309,907,201
309,908,490
309,930,164
309,933,580
309,940,157
309,950,177
309,951,331
309,952,631
309,953,628
309,954,285
309,955,244
309,956,220
309,957,223
309,958,260
309,959,554
309,960,259
309,965,182
309,966,297
310,312,436
310,322,766
310,329,220
310,330,301
310,334,699
310,335,741
310,336,579
310,338,179
310,339,260
310,340,486
310,341,319
310,345,664
310,358,156
310,360,223
310,361,373
310,366,410
310,379,182
310,382,163
310,406,172
310,409,559
310,419,433
310,445,285
310,452,265
310,474,239
310,481,185
310,501,242
310,505,462
310,518,365
310,519,300
310,520,208
310,521,699
310,522,487
310,524,165
310,535,152
310,540,167
310,541,185
310,563,164
310,566,176
310,580,152
310,582,191
310,583,158
310,584,191
310,585,221
310,586,281
310,587,423
310,590,638
310,597,235
310,601,179
310,615,169
310,628,443
310,633,609
310,636,740
310,637,538
310,642,162
310,654,246
310,655,206
310,673,159
310,674,191
310,679,162
310,680,162
310,685,591
310,686,265
310,687,748
310,688,699
310,689,290
310,690,628
310,691,426
310,692,363
310,693,365
310,694,621
310,695,748
310,696,771
310,697,946
310,698,724
310,699,383
310,700,268
310,701,482
310,702,288
310,703,554
310,704,488
310,705,533
310,706,243
310,707,837
310,708,798
310,717,732
310,718,631
310,733,187
310,734,563
310,737,155
310,751,196
310,752,233
310,753,173
310,755,450
310,756,657
310,771,354
310,797,476
310,815,167
310,826,259
310,830,247
310,831,629
310,832,189
310,846,175
310,854,641
310,865,152
310,867,165
310,870,496
310,871,269
310,908,520
310,933,410
310,944,163
310,950,183
310,951,335
310,952,761
310,953,756
310,954,251
310,955,220
310,956,222
310,957,219
310,958,240
310,959,280
310,960,245
310,966,291
311,312,165
311,320,206
311,327,376
311,348,154
311,360,168
311,367,151
311,368,751
311,369,566
311,370,721
311,371,175
311,373,245
311,375,254
311,377,238
311,385,386
311,387,301
311,394,293
311,395,633
311,396,459
311,401,197
311,403,190
311,410,234
311,411,171
311,437,808
311,438,582
311,440,235
311,444,277
311,448,214
311,450,199
311,457,180
311,469,468
311,478,345
311,483,445
311,492,231
311,512,166
311,518,193
311,530,252
311,531,228
311,532,661
311,543,215
311,565,288
311,567,476
311,569,150
311,581,234
311,588,220
311,600,183
311,606,213
311,607,189
311,609,167
311,623,201
311,629,194
311,634,214
311,638,487
311,658,245
311,677,190
311,716,152
311,720,179
311,735,195
311,737,159
311,740,176
311,765,335
311,766,172
311,768,237
311,770,305
311,785,161
311,787,356
311,792,288
311,851,150
312,313,312
312,314,223
312,315,747
312,316,753
312,317,208
312,319,206
312,321,230
312,322,439
312,325,185
312,326,284
312,327,473
312,328,830
312,331,295
312,337,258
312,338,628
312,339,882
312,344,155
312,346,203
312,348,649
312,352,246
312,357,802
312,358,365
312,360,371
312,361,247
312,362,626
312,363,208
312,364,524
312,365,713
312,366,957
312,367,999
312,368,207
312,369,157
312,370,189
312,371,269
312,375,271
312,376,230
312,377,195
312,379,150
312,381,172
312,382,377
312,383,316
312,384,270
312,385,370
312,386,848
312,387,805
312,388,601
312,389,591
312,390,998
312,391,428
312,392,479
312,393,826
312,394,607
312,397,209
312,400,181
312,401,179
312,403,277
312,404,593
312,405,168
312,406,830
312,407,686
312,408,650
312,411,254
312,413,251
312,414,207
312,418,199
312,419,859
312,420,229
312,421,756
312,422,736
312,423,167
312,424,365
312,425,281
312,426,174
312,428,765
312,429,368
312,430,231
312,431,280
312,432,190
312,433,168
312,434,639
312,435,449
312,436,496
312,437,491
312,440,981
312,441,175
312,442,221
312,444,248
312,445,272
312,446,415
312,448,401
312,449,218
312,450,248
312,452,179
312,453,318
312,454,368
312,455,492
312,456,341
312,457,213
312,458,817
312,459,213
312,463,201
312,467,248
312,468,802
312,469,958
312,470,308
312,471,246
312,472,745
312,476,595
312,477,589
312,478,619
312,480,367
312,481,528
312,482,200
312,483,890
312,484,411
312,485,449
312,486,277
312,487,583
312,488,276
312,489,697
312,490,986
312,491,279
312,492,861
312,495,872
312,496,185
312,497,394
312,498,355
312,499,691
312,500,312
312,501,180
312,503,441
312,504,726
312,506,273
312,508,707
312,509,830
312,510,205
312,511,887
312,512,922
312,514,182
312,516,506
312,517,283
312,518,999
312,523,255
312,524,514
312,525,436
312,526,366
312,527,307
312,528,311
312,533,242
312,536,507
312,537,295
312,539,417
312,540,224
312,542,211
312,543,691
312,544,347
312,546,317
312,547,171
312,548,198
312,549,150
312,550,843
312,552,837
312,553,218
312,554,691
312,558,603
312,559,324
312,561,197
312,562,290
312,564,858
312,565,580
312,566,203
312,567,873
312,568,331
312,569,837
312,571,218
312,572,270
312,573,155
312,574,237
312,575,366
312,576,248
312,578,348
312,580,940
312,581,851
312,582,203
312,583,408
312,588,532
312,589,271
312,594,976
312,595,463
312,596,297
312,597,243
312,600,614
312,604,404
312,606,739
312,607,238
312,608,220
312,609,943
312,610,862
312,611,315
312,612,688
312,613,544
312,614,612
312,615,155
312,616,430
312,617,250
312,618,841
312,619,875
312,621,508
312,623,405
312,624,166
312,626,378
312,631,617
312,632,265
312,634,205
312,635,296
312,637,455
312,638,827
312,640,605
312,642,216
312,643,203
312,644,203
312,645,799
312,646,692
312,648,321
312,650,205
312,651,216
312,652,608
312,656,839
312,657,282
312,658,155
312,659,166
312,660,441
312,661,998
312,662,993
312,663,990
312,667,469
312,669,248
312,671,166
312,672,188
312,675,189
312,676,157
312,677,169
312,678,317
312,679,156
312,682,286
312,695,447
312,700,177
312,703,199
312,709,293
312,710,366
312,712,295
312,715,456
312,716,367
312,719,171
312,721,963
312,722,919
312,723,664
312,724,686
312,725,669
312,726,681
312,727,670
312,728,660
312,729,686
312,730,684
312,731,655
312,732,715
312,733,179
312,734,473
312,735,354
312,736,934
312,737,975
312,738,180
312,739,346
312,740,792
312,741,752
312,742,765
312,743,402
312,745,173
312,747,169
312,748,467
312,750,182
312,753,257
312,755,714
312,756,279
312,757,227
312,758,693
312,760,152
312,762,262
312,763,219
312,764,171
312,765,181
312,768,176
312,769,271
312,770,876
312,771,999
312,772,903
312,773,748
312,774,997
312,775,782
312,776,873
312,777,449
312,778,165
312,779,929
312,780,224
312,781,656
312,782,932
312,783,859
312,785,999
312,786,385
312,788,793
312,789,574
312,792,725
312,794,347
312,795,256
312,796,919
312,797,201
312,798,288
312,799,782
312,800,487
312,801,556
312,802,449
312,803,306
312,804,172
312,809,159
312,810,180
312,811,235
312,815,159
312,826,152
312,833,686
312,842,527
312,858,163
312,880,403
312,915,263
312,921,250
312,935,169
312,937,196
312,943,257
312,955,150
312,965,154
312,967,671
312,968,681
312,969,678
312,970,663
312,971,660
312,972,674
312,973,692
312,974,650
312,975,658
312,979,688
312,981,290
312,982,913
312,983,706
312,984,688
313,314,996
313,315,209
313,337,187
313,344,326
313,346,227
313,350,273
313,353,237
313,357,196
313,362,280
313,363,243
313,364,195
313,366,167
313,367,168
313,375,152
313,376,192
313,384,303
313,392,334
313,399,284
313,404,351
313,405,169
313,421,447
313,436,182
313,442,172
313,443,210
313,447,181
313,450,166
313,455,338
313,462,232
313,463,213
313,472,152
313,478,164
313,480,150
313,481,225
313,483,286
313,489,150
313,490,155
313,491,292
313,500,216
313,502,675
313,518,213
313,533,189
313,534,163
313,535,267
313,536,151
313,555,689
313,556,233
313,562,150
313,564,165
313,567,237
313,569,194
313,571,298
313,572,175
313,580,190
313,581,254
313,609,246
313,610,222
313,612,170
313,619,259
313,621,199
313,622,371
313,627,185
313,634,180
313,635,410
313,638,159
313,640,181
313,647,163
313,648,243
313,649,243
313,656,159
313,712,170
313,715,591
313,730,189
313,736,189
313,737,192
313,738,886
313,739,154
313,740,373
313,745,169
313,747,200
313,764,166
313,770,256
313,771,185
313,782,368
313,785,209
313,789,157
313,790,199
313,792,163
313,806,178
313,817,173
313,818,159
313,820,177
313,837,229
313,838,287
313,858,168
313,899,231
313,943,331
313,968,163
313,979,177
314,315,162
314,336,159
314,344,158
314,346,168
314,350,413
314,353,251
314,354,184
314,362,204
314,375,171
314,384,172
314,399,250
314,404,263
314,405,156
314,421,278
314,436,193
314,439,358
314,442,156
314,443,180
314,455,257
314,462,212
314,463,155
314,481,196
314,483,165
314,497,153
314,499,170
314,500,181
314,502,456
314,503,161
314,504,154
314,507,161
314,518,157
314,536,195
314,555,735
314,556,408
314,567,165
314,569,206
314,571,171
314,607,173
314,609,173
314,610,175
314,612,154
314,619,159
314,621,158
314,622,309
314,635,282
314,649,242
314,660,312
314,715,398
314,738,613
314,740,305
314,747,209
314,761,152
314,818,163
314,834,163
314,838,439
314,932,212
314,943,154
314,970,190
314,971,153
314,972,167
315,316,999
315,317,295
315,319,306
315,320,300
315,321,163
315,325,317
315,326,181
315,327,387
315,328,518
315,331,319
315,332,166
315,337,587
315,338,522
315,339,530
315,342,185
315,344,325
315,346,240
315,348,256
315,350,228
315,352,195
315,357,723
315,358,277
315,360,474
315,361,157
315,362,468
315,363,390
315,364,325
315,365,382
315,366,671
315,367,801
315,369,184
315,371,158
315,372,151
315,375,370
315,376,572
315,382,188
315,383,227
315,384,313
315,385,329
315,386,528
315,387,598
315,388,611
315,389,444
315,390,492
315,391,563
315,392,415
315,393,518
315,394,452
315,395,151
315,397,289
315,398,162
315,400,397
315,401,336
315,403,544
315,404,464
315,406,980
315,407,312
315,408,360
315,411,179
315,413,273
315,414,220
315,415,187
315,418,231
315,419,518
315,420,256
315,421,683
315,422,464
315,423,301
315,425,528
315,428,190
315,429,620
315,430,479
315,431,446
315,432,364
315,433,265
315,434,344
315,435,327
315,437,226
315,439,167
315,440,400
315,441,212
315,442,328
315,444,402
315,445,678
315,446,304
315,448,365
315,449,170
315,450,248
315,452,306
315,453,202
315,454,231
315,455,348
315,457,159
315,458,298
315,462,185
315,463,290
315,467,315
315,468,567
315,469,408
315,470,415
315,471,416
315,472,921
315,473,256
315,476,343
315,477,418
315,478,578
315,480,366
315,481,985
315,482,204
315,483,939
315,484,413
315,485,755
315,486,243
315,487,406
315,488,172
315,489,426
315,490,475
315,491,190
315,492,608
315,494,467
315,501,220
315,503,927
315,504,297
315,505,921
315,506,195
315,507,782
315,508,384
315,509,943
315,511,375
315,512,494
315,514,164
315,516,215
315,517,311
315,518,878
315,523,274
315,524,488
315,525,380
315,526,447
315,527,331
315,533,244
315,536,303
315,537,488
315,538,204
315,539,405
315,540,709
315,542,197
315,543,187
315,544,513
315,548,315
315,549,317
315,550,342
315,551,166
315,552,925
315,553,157
315,554,355
315,558,394
315,559,190
315,561,155
315,562,265
315,564,416
315,565,431
315,566,486
315,567,899
315,568,441
315,569,821
315,571,155
315,572,406
315,573,157
315,574,564
315,575,496
315,576,602
315,577,230
315,578,737
315,580,749
315,581,596
315,582,202
315,583,304
315,587,349
315,588,593
315,589,226
315,594,202
315,595,407
315,596,220
315,600,439
315,604,350
315,606,740
315,608,172
315,609,956
315,610,793
315,611,373
315,612,740
315,613,709
315,614,961
315,615,186
315,616,245
315,617,433
315,618,847
315,619,881
315,622,152
315,623,307
315,624,222
315,625,187
315,626,624
315,627,303
315,631,267
315,632,269
315,634,180
315,635,375
315,637,177
315,638,806
315,640,997
315,642,674
315,643,481
315,644,484
315,645,817
315,646,775
315,648,453
315,652,335
315,656,987
315,657,266
315,658,206
315,659,237
315,661,405
315,662,251
315,663,223
315,664,196
315,666,245
315,667,537
315,669,164
315,672,173
315,673,159
315,674,159
315,675,191
315,678,325
315,679,153
315,682,237
315,686,179
315,688,191
315,690,163
315,703,232
315,709,305
315,710,447
315,711,214
315,712,216
315,713,283
315,714,224
315,715,389
315,716,444
315,719,241
315,721,194
315,722,248
315,733,341
315,734,513
315,735,460
315,736,766
315,737,706
315,739,405
315,740,945
315,741,996
315,742,738
315,743,225
315,745,167
315,747,280
315,748,438
315,753,171
315,754,192
315,755,320
315,756,253
315,757,545
315,758,713
315,759,236
315,760,188
315,761,221
315,763,194
315,764,181
315,770,825
315,771,685
315,772,321
315,773,443
315,774,561
315,775,236
315,776,633
315,777,439
315,778,163
315,779,326
315,780,176
315,781,272
315,782,480
315,783,420
315,784,193
315,785,687
315,786,352
315,787,260
315,788,439
315,789,747
315,790,163
315,792,654
315,794,371
315,795,267
315,796,494
315,798,155
315,799,275
315,800,386
315,802,298
315,803,233
315,804,222
315,809,159
315,811,182
315,833,254
315,849,200
315,858,194
315,874,162
315,880,195
315,897,265
315,900,195
315,915,354
315,921,263
315,937,206
315,943,169
315,950,198
315,981,649
315,982,213
315,983,221
315,984,159
316,317,198
316,319,198
316,320,219
316,325,317
316,327,229
316,328,323
316,331,173
316,338,324
316,339,275
316,346,163
316,348,337
316,357,738
316,358,513
316,360,263
316,362,390
316,363,153
316,364,206
316,365,282
316,366,408
316,367,537
316,375,234
316,376,241
316,384,159
316,385,174
316,386,456
316,387,406
316,388,417
316,389,256
316,390,255
316,391,302
316,392,198
316,393,160
316,394,293
316,397,167
316,400,169
316,403,381
316,404,316
316,406,259
316,407,151
316,408,187
316,419,338
316,421,333
316,422,196
316,423,161
316,425,633
316,429,387
316,430,259
316,431,258
316,432,175
316,434,275
316,435,252
316,440,248
316,442,184
316,444,305
316,445,220
316,446,168
316,448,254
316,450,161
316,455,229
316,462,171
316,467,432
316,468,393
316,469,313
316,470,251
316,471,286
316,472,885
316,476,164
316,477,268
316,478,416
316,480,209
316,481,883
316,483,816
316,484,243
316,485,456
316,487,216
316,489,158
316,490,184
316,492,629
316,503,436
316,504,216
316,507,215
316,508,223
316,509,727
316,511,190
316,512,260
316,517,150
316,518,541
316,523,190
316,524,355
316,525,233
316,526,283
316,527,226
316,536,183
316,537,239
316,539,262
316,540,368
316,544,196
316,550,194
316,552,928
316,554,154
316,558,185
316,564,197
316,565,289
316,566,308
316,567,826
316,568,298
316,569,596
316,572,227
316,574,154
316,575,314
316,576,435
316,577,154
316,578,627
316,580,636
316,581,446
316,583,234
316,587,606
316,588,359
316,595,186
316,600,312
316,604,202
316,606,587
316,609,953
316,610,687
316,611,253
316,612,612
316,613,712
316,614,841
316,617,285
316,618,844
316,619,717
316,623,165
316,625,160
316,626,448
316,627,215
316,631,169
316,632,152
316,635,222
316,638,654
316,640,999
316,642,334
316,643,309
316,644,347
316,645,633
316,646,422
316,648,317
316,652,179
316,656,946
316,661,280
316,662,227
316,663,176
316,667,429
316,678,181
316,709,168
316,710,230
316,711,180
316,712,156
316,713,214
316,715,220
316,716,240
316,722,154
316,731,181
316,734,252
316,735,314
316,736,746
316,737,490
316,739,248
316,740,989
316,741,713
316,742,412
316,743,177
316,747,184
316,748,280
316,755,181
316,757,182
316,758,589
316,770,529
316,771,657
316,772,217
316,773,337
316,774,414
316,775,158
316,776,262
316,777,339
316,779,216
316,782,348
316,783,265
316,785,571
316,786,234
316,787,163
316,788,409
316,789,631
316,792,401
316,794,281
316,795,271
316,796,375
316,799,248
316,800,190
316,802,374
316,833,198
316,852,158
316,897,186
316,915,222
316,981,474
317,318,942
317,319,909
317,320,998
317,327,159
317,338,206
317,339,197
317,348,191
317,349,152
317,357,266
317,360,410
317,362,237
317,367,196
317,372,265
317,373,178
317,376,364
317,377,216
317,386,160
317,387,153
317,388,195
317,390,177
317,397,274
317,400,620
317,401,528
317,403,622
317,419,232
317,421,250
317,426,469
317,429,182
317,431,320
317,433,447
317,435,171
317,437,154
317,442,190
317,448,617
317,450,175
317,455,160
317,466,210
317,473,445
317,480,677
317,481,269
317,482,157
317,483,413
317,487,258
317,492,193
317,493,187
317,506,159
317,508,178
317,509,353
317,516,158
317,518,178
317,523,178
317,527,196
317,532,208
317,536,197
317,543,311
317,549,304
317,552,179
317,556,498
317,563,153
317,565,214
317,567,433
317,569,245
317,580,280
317,581,300
317,583,250
317,588,212
317,606,306
317,609,204
317,610,275
317,612,234
317,613,179
317,614,190
317,616,150
317,621,175
317,623,526
317,626,210
317,630,156
317,631,280
317,632,167
317,635,167
317,638,297
317,640,223
317,642,174
317,643,169
317,644,172
317,645,241
317,646,277
317,651,175
317,656,260
317,658,313
317,667,310
317,681,152
317,684,161
317,703,197
317,710,885
317,714,722
317,715,178
317,716,160
317,733,201
317,735,168
317,737,199
317,740,450
317,758,167
317,766,160
317,770,247
317,771,234
317,772,159
317,773,163
317,775,193
317,776,183
317,777,201
317,779,162
317,780,159
317,781,160
317,782,235
317,783,205
317,784,160
317,785,169
317,787,222
317,789,365
317,792,248
317,797,223
317,804,796
317,813,253
317,823,215
317,851,350
317,874,193
317,881,925
317,922,270
317,962,181
317,982,162
317,983,238
317,984,162
318,319,943
318,320,956
318,333,168
318,338,199
318,339,186
318,349,153
318,353,157
318,376,255
318,386,162
318,388,159
318,390,232
318,426,429
318,431,248
318,442,216
318,447,187
318,473,285
318,480,253
318,481,194
318,492,220
318,506,162
318,508,160
318,509,283
318,549,308
318,563,153
318,581,193
318,609,181
318,610,196
318,616,150
318,617,182
318,626,152
318,642,188
318,643,150
318,644,150
318,645,161
318,646,286
318,667,156
318,710,185
318,711,150
318,713,219
318,714,190
318,740,235
318,760,151
318,769,162
318,771,196
318,772,160
318,773,169
318,775,196
318,776,163
318,777,163
318,779,189
318,780,159
318,781,170
318,782,189
318,783,163
318,784,160
318,789,160
318,797,224
318,813,253
318,820,173
318,823,222
318,836,157
318,837,200
318,881,263
318,937,165
318,967,174
318,982,163
318,983,174
318,984,162
319,320,993
319,327,153
319,338,206
319,339,199
319,348,247
319,349,152
319,357,267
319,360,407
319,362,237
319,367,214
319,376,368
319,383,155
319,386,159
319,388,159
319,390,177
319,397,290
319,400,638
319,401,542
319,403,636
319,419,220
319,421,153
319,426,471
319,442,178
319,448,617
319,450,165
319,473,468
319,480,670
319,481,266
319,482,180
319,483,388
319,487,332
319,492,193
319,506,159
319,508,178
319,509,347
319,518,173
319,532,169
319,536,150
319,549,285
319,552,179
319,563,153
319,565,231
319,567,389
319,569,242
319,580,261
319,581,293
319,583,313
319,588,212
319,606,248
319,609,201
319,610,270
319,612,224
319,614,172
319,616,150
319,621,199
319,623,492
319,626,205
319,632,166
319,635,162
319,638,210
319,640,212
319,642,169
319,643,166
319,644,165
319,645,203
319,646,277
319,656,258
319,658,411
319,667,295
319,710,887
319,714,728
319,715,169
319,733,203
319,735,153
319,737,183
319,740,448
319,758,159
319,770,245
319,771,235
319,772,159
319,773,162
319,775,193
319,776,178
319,777,162
319,779,162
319,780,160
319,781,159
319,782,226
319,783,162
319,784,159
319,785,166
319,787,191
319,789,360
319,792,246
319,797,223
319,799,150
319,804,810
319,813,253
319,823,220
319,881,920
319,922,317
319,962,205
319,982,162
319,983,162
319,984,177
320,325,487
320,327,204
320,346,176
320,350,242
320,354,185
320,360,271
320,365,161
320,367,223
320,369,161
320,370,217
320,377,189
320,396,157
320,397,163
320,400,572
320,402,240
320,403,396
320,419,197
320,426,245
320,437,226
320,438,165
320,444,214
320,448,608
320,449,179
320,450,199
320,463,152
320,471,166
320,478,158
320,480,571
320,481,179
320,482,153
320,483,368
320,487,167
320,518,184
320,523,159
320,530,497
320,532,177
320,536,230
320,551,165
320,554,240
320,555,169
320,557,289
320,558,154
320,562,155
320,565,178
320,567,371
320,569,188
320,571,255
320,580,252
320,581,426
320,582,240
320,583,203
320,606,548
320,607,229
320,609,203
320,610,253
320,612,160
320,613,157
320,621,188
320,623,213
320,626,175
320,638,183
320,640,265
320,656,213
320,658,189
320,707,168
320,708,168
320,710,614
320,714,811
320,715,176
320,737,167
320,740,287
320,746,178
320,747,162
320,769,178
320,770,276
320,787,220
320,789,205
320,792,204
320,799,179
320,804,283
320,817,154
320,818,178
320,836,178
320,837,178
320,839,178
320,840,178
320,874,526
320,881,900
320,922,209
320,929,240
320,935,325
320,962,421
321,326,593
321,328,345
321,337,276
321,348,233
321,351,451
321,352,728
321,362,244
321,363,383
321,366,181
321,367,153
321,374,321
321,384,184
321,387,157
321,390,185
321,394,177
321,415,577
321,419,162
321,428,213
321,434,169
321,435,204
321,453,317
321,454,304
321,467,339
321,480,273
321,481,170
321,483,228
321,487,361
321,509,350
321,515,528
321,516,195
321,517,437
321,536,262
321,547,536
321,550,188
321,556,303
321,567,298
321,569,341
321,570,190
321,580,150
321,588,211
321,596,224
321,604,521
321,606,151
321,608,212
321,612,156
321,614,152
321,620,201
321,633,158
321,638,193
321,652,303
321,656,186
321,664,155
321,711,162
321,734,397
321,735,167
321,737,191
321,740,181
321,745,150
321,751,375
321,752,489
321,753,177
321,758,233
321,759,154
321,764,406
321,770,175
321,777,499
321,792,254
321,798,281
321,837,254
321,839,254
321,855,158
321,921,258
321,965,241
322,329,161
322,330,459
322,334,319
322,335,329
322,336,227
322,339,183
322,340,506
322,341,538
322,345,473
322,346,186
322,361,428
322,369,247
322,382,230
322,402,276
322,409,349
322,419,242
322,445,222
322,452,257
322,474,203
322,475,201
322,476,198
322,478,233
322,501,233
322,504,154
322,505,174
322,519,184
322,520,191
322,521,684
322,522,455
322,580,161
322,582,240
322,583,352
322,585,223
322,587,998
322,590,997
322,597,303
322,628,353
322,633,490
322,634,207
322,636,465
322,637,230
322,655,209
322,670,217
322,672,284
322,683,156
322,685,513
322,686,467
322,687,554
322,688,710
322,689,346
322,690,484
322,691,452
322,692,426
322,693,392
322,694,345
322,695,489
322,696,325
322,697,247
322,698,232
322,699,242
322,700,184
322,701,256
322,702,199
322,703,615
322,704,305
322,705,301
322,706,284
322,707,357
322,708,331
322,717,601
322,718,571
322,734,406
322,752,186
322,755,300
322,756,523
322,760,167
322,771,160
322,815,569
322,828,154
322,830,227
322,831,363
322,832,166
322,845,150
322,846,224
322,847,222
322,849,395
322,854,565
322,865,440
322,867,180
322,870,565
322,871,241
322,873,188
322,877,216
322,907,196
322,908,508
322,929,212
322,933,990
322,950,157
322,951,389
322,952,368
322,953,172
322,954,227
322,955,162
322,956,394
322,957,352
322,958,354
322,959,403
322,960,355
323,324,785
323,357,192
323,365,158
323,375,490
323,404,637
323,405,164
323,418,198
323,436,641
323,450,457
323,455,317
323,485,207
323,492,195
323,500,374
323,509,169
323,518,152
323,524,694
323,525,173
323,539,546
323,609,475
323,619,227
323,625,996
323,646,154
323,648,169
323,650,150
323,709,159
323,741,220
323,742,244
323,784,180
323,786,171
323,794,184
323,795,180
323,813,297
323,858,841
323,915,423
323,927,514
323,943,210
324,357,408
324,375,441
324,404,394
324,420,292
324,425,377
324,436,568
324,455,182
324,462,163
324,485,194
324,492,286
324,500,419
324,509,211
324,518,154
324,524,250
324,539,811
324,569,194
324,572,165
324,609,621
324,610,223
324,619,297
324,625,999
324,649,151
324,656,152
324,738,171
324,740,157
324,742,242
324,771,167
324,813,285
324,858,530
324,915,435
324,927,271
324,943,345
325,327,167
325,360,158
325,366,165
325,367,201
325,368,499
325,369,506
325,370,512
325,376,169
325,391,155
325,407,206
325,408,187
325,415,152
325,419,418
325,421,220
325,422,158
325,429,373
325,430,211
325,431,253
325,432,321
325,433,276
325,435,250
325,468,220
325,472,261
325,481,381
325,483,716
325,484,808
325,485,974
325,487,167
325,489,286
325,509,306
325,516,270
325,518,483
325,526,693
325,527,690
325,537,152
325,542,535
325,543,584
325,548,177
325,552,151
325,564,218
325,567,723
325,568,270
325,569,725
325,575,166
325,580,268
325,581,339
325,583,178
325,588,341
325,604,211
325,606,999
325,609,541
325,612,579
325,613,651
325,614,152
325,618,159
325,619,238
325,623,169
325,631,244
325,635,255
325,638,515
325,640,175
325,642,225
325,643,192
325,644,193
325,645,308
325,648,175
325,656,213
325,657,399
325,659,200
325,667,188
325,678,169
325,710,151
325,735,374
325,736,195
325,737,354
325,740,671
325,741,155
325,758,401
325,770,555
325,771,272
325,773,166
325,774,179
325,777,558
325,783,266
325,788,288
325,792,549
325,827,163
325,828,163
325,921,289
325,969,189
325,974,187
325,983,170
326,328,323
326,337,570
326,338,163
326,342,186
326,348,294
326,349,195
326,351,490
326,352,347
326,360,435
326,362,224
326,363,171
326,366,207
326,367,223
326,374,389
326,394,157
326,413,155
326,415,623
326,419,200
326,421,179
326,427,169
326,448,290
326,453,305
326,454,488
326,467,376
326,468,433
326,474,166
326,475,167
326,480,177
326,481,275
326,483,360
326,515,580
326,516,183
326,517,339
326,536,206
326,541,533
326,547,445
326,550,189
326,556,321
326,558,153
326,566,200
326,567,563
326,569,199
326,570,179
326,580,235
326,581,251
326,583,192
326,588,461
326,596,590
326,604,977
326,606,220
326,609,181
326,614,197
326,618,161
326,619,165
326,620,326
326,632,186
326,638,245
326,640,172
326,656,193
326,674,161
326,675,185
326,678,174
326,679,204
326,681,161
326,682,236
326,684,159
326,734,171
326,736,203
326,737,234
326,740,350
326,745,197
326,758,212
326,759,269
326,764,490
326,770,302
326,771,300
326,777,499
326,785,292
326,789,200
326,792,234
326,798,220
326,843,242
326,850,158
326,855,175
326,861,159
326,948,201
326,949,258
326,965,452
327,328,317
327,338,365
327,339,267
327,348,213
327,357,273
327,360,604
327,362,220
327,364,172
327,366,639
327,367,611
327,368,965
327,369,948
327,370,878
327,371,174
327,373,423
327,381,234
327,383,222
327,384,188
327,385,396
327,386,194
327,387,527
327,388,240
327,390,324
327,391,256
327,392,255
327,394,501
327,395,992
327,396,952
327,400,346
327,401,207
327,403,283
327,407,283
327,408,351
327,410,512
327,411,639
327,412,192
327,419,300
327,421,232
327,422,392
327,423,158
327,428,471
327,429,293
327,430,186
327,431,193
327,437,779
327,438,623
327,440,874
327,444,167
327,447,153
327,448,179
327,450,369
327,453,231
327,454,209
327,457,720
327,458,154
327,468,533
327,469,997
327,470,276
327,471,283
327,472,400
327,477,989
327,478,236
327,480,235
327,481,419
327,483,673
327,484,204
327,485,921
327,487,465
327,489,207
327,490,228
327,492,189
327,509,247
327,511,373
327,512,570
327,516,202
327,518,269
327,523,416
327,526,150
327,530,202
327,532,423
327,537,594
327,538,180
327,540,221
327,542,223
327,543,222
327,544,249
327,545,176
327,546,194
327,548,662
327,552,191
327,556,177
327,558,197
327,564,334
327,565,243
327,567,622
327,569,404
327,571,336
327,580,319
327,581,588
327,583,191
327,588,586
327,594,233
327,596,198
327,597,196
327,600,172
327,604,160
327,606,422
327,607,198
327,609,497
327,610,498
327,611,165
327,612,289
327,613,225
327,614,207
327,618,297
327,619,347
327,623,256
327,626,190
327,627,165
327,630,152
327,631,185
327,632,161
327,634,283
327,635,202
327,638,829
327,640,325
327,642,224
327,643,213
327,644,211
327,645,322
327,651,181
327,652,188
327,656,552
327,657,896
327,659,370
327,667,355
327,677,164
327,679,212
327,682,176
327,709,181
327,710,904
327,716,998
327,720,150
327,733,232
327,734,216
327,735,523
327,736,488
327,737,623
327,740,556
327,741,244
327,758,772
327,763,414
327,764,236
327,765,359
327,766,213
327,768,337
327,770,490
327,771,482
327,772,209
327,773,167
327,774,171
327,776,224
327,777,158
327,779,167
327,780,154
327,781,205
327,782,403
327,783,191
327,785,387
327,787,651
327,788,465
327,789,292
327,792,683
327,798,293
327,799,264
327,800,444
327,803,209
327,804,209
327,811,169
327,835,155
327,874,512
327,921,237
328,331,181
328,337,856
328,338,408
328,339,233
328,344,158
328,346,329
328,349,185
328,352,397
328,357,488
328,359,208
328,360,189
328,362,883
328,363,508
328,364,172
328,365,372
328,366,410
328,367,736
328,371,207
328,372,354
328,382,272
328,383,708
328,384,605
328,385,245
328,386,248
328,387,411
328,388,450
328,389,206
328,390,348
328,391,541
328,392,615
328,393,346
328,394,344
328,398,285
328,399,152
328,404,290
328,406,293
328,407,204
328,408,303
328,413,178
328,419,236
328,421,428
328,422,161
328,424,767
328,428,944
328,435,163
328,440,355
328,441,299
328,442,174
328,447,162
328,448,155
328,454,183
328,455,165
328,467,195
328,468,222
328,469,201
328,472,495
328,477,448
328,478,362
328,480,175
328,481,688
328,483,444
328,485,599
328,486,351
328,489,242
328,490,320
328,491,167
328,492,329
328,498,164
328,503,162
328,509,921
328,511,203
328,512,333
328,517,177
328,518,990
328,522,175
328,524,370
328,525,324
328,526,168
328,529,159
328,532,172
328,533,201
328,534,235
328,535,172
328,539,169
328,540,372
328,544,155
328,547,295
328,550,717
328,552,217
328,553,217
328,554,156
328,558,163
328,559,319
328,564,257
328,565,506
328,567,406
328,569,404
328,573,217
328,575,221
328,578,156
328,580,659
328,581,294
328,585,153
328,588,201
328,594,251
328,595,238
328,596,505
328,600,373
328,604,367
328,606,287
328,608,267
328,609,849
328,610,300
328,611,212
328,612,247
328,614,662
328,617,183
328,618,834
328,619,705
328,626,188
328,631,170
328,635,164
328,638,518
328,640,310
328,642,909
328,643,910
328,644,908
328,645,920
328,646,908
328,647,208
328,648,272
328,652,854
328,656,636
328,657,151
328,660,177
328,661,931
328,662,912
328,663,911
328,664,164
328,665,168
328,667,169
328,710,175
328,715,280
328,716,222
328,721,203
328,734,312
328,735,156
328,736,717
328,737,415
328,738,178
328,740,683
328,741,555
328,742,400
328,744,371
328,745,346
328,758,443
328,763,490
328,764,174
328,770,385
328,771,937
328,772,222
328,773,196
328,774,879
328,776,191
328,778,173
328,779,546
328,782,631
328,783,186
328,785,980
328,786,300
328,788,254
328,789,347
328,792,306
328,794,156
328,795,358
328,796,274
328,799,220
328,800,183
328,802,268
328,803,291
328,815,156
328,847,160
328,877,260
328,880,173
328,921,229
328,928,755
328,965,246
328,983,174
329,330,437
329,339,165
329,340,396
329,341,245
329,344,944
329,345,407
329,361,301
329,402,161
329,419,154
329,473,158
329,478,165
329,502,901
329,519,173
329,521,194
329,522,158
329,580,220
329,583,171
329,587,213
329,590,246
329,628,343
329,633,171
329,634,164
329,636,167
329,674,208
329,685,277
329,686,266
329,687,742
329,688,171
329,690,355
329,691,265
329,692,323
329,694,353
329,695,181
329,696,223
329,697,268
329,701,422
329,703,345
329,704,305
329,705,293
329,706,255
329,707,616
329,708,590
329,718,243
329,738,408
329,740,154
329,778,189
329,780,158
329,827,164
329,854,253
329,870,272
329,871,245
329,906,158
329,907,163
329,908,280
329,932,189
329,933,256
329,944,180
329,950,293
329,951,363
329,952,344
329,954,305
329,955,343
329,956,291
329,957,227
329,958,326
329,959,203
329,960,256
329,966,240
330,334,173
330,340,482
330,341,379
330,345,476
330,356,227
330,361,371
330,409,157
330,478,164
330,519,176
330,520,160
330,521,315
330,522,275
330,583,200
330,585,229
330,587,287
330,590,333
330,597,166
330,628,463
330,633,177
330,634,182
330,636,190
330,668,154
330,685,410
330,686,342
330,687,421
330,690,436
330,691,422
330,692,402
330,693,371
330,694,368
330,696,163
330,699,212
330,701,190
330,702,182
330,703,304
330,704,342
330,705,406
330,706,360
330,707,612
330,708,630
330,710,155
330,717,223
330,718,385
330,751,177
330,756,178
330,780,190
330,805,184
330,825,256
330,826,150
330,827,164
330,828,194
330,831,187
330,846,263
330,847,154
330,854,241
330,865,223
330,870,362
330,871,456
330,906,228
330,907,232
330,908,394
330,933,215
330,950,288
330,951,423
330,952,404
330,954,341
330,955,283
330,956,506
330,957,405
330,958,416
330,959,416
330,960,482
330,966,153
330,979,167
331,339,151
331,357,292
331,360,177
331,362,173
331,366,194
331,367,200
331,375,212
331,385,163
331,386,209
331,387,281
331,388,274
331,389,243
331,390,273
331,391,221
331,392,199
331,394,337
331,404,197
331,406,163
331,419,734
331,421,207
331,433,190
331,440,166
331,442,261
331,454,263
331,469,161
331,472,204
331,478,233
331,481,346
331,483,385
331,485,214
331,489,179
331,490,258
331,492,269
331,500,191
331,503,174
331,509,369
331,518,457
331,523,150
331,524,569
331,525,510
331,533,194
331,537,150
331,539,235
331,552,195
331,564,178
331,567,300
331,568,189
331,569,354
331,572,234
331,574,182
331,575,271
331,579,159
331,580,363
331,581,273
331,583,253
331,595,256
331,606,265
331,609,613
331,610,185
331,611,199
331,612,259
331,614,259
331,615,160
331,616,180
331,617,278
331,618,340
331,619,382
331,635,211
331,638,280
331,640,246
331,642,183
331,643,160
331,644,175
331,645,246
331,646,302
331,648,169
331,652,158
331,656,321
331,661,186
331,684,154
331,699,239
331,716,170
331,734,177
331,736,783
331,737,252
331,738,249
331,740,414
331,741,368
331,742,982
331,743,172
331,758,219
331,770,304
331,771,272
331,773,222
331,774,267
331,775,170
331,776,200
331,777,164
331,778,437
331,782,362
331,785,249
331,786,484
331,789,535
331,792,210
331,794,740
331,795,759
331,796,715
331,928,192
331,937,153
332,333,923
332,350,180
332,353,540
332,354,253
332,357,224
332,375,255
332,382,169
332,397,178
332,404,187
332,405,223
332,426,221
332,431,165
332,442,447
332,455,182
332,462,543
332,463,284
332,464,281
332,465,467
332,469,241
332,494,158
332,499,252
332,500,280
332,518,244
332,533,397
332,551,391
332,554,164
332,555,394
332,571,461
332,609,320
332,610,197
332,616,176
332,619,224
332,623,158
332,626,164
332,627,329
332,640,359
332,645,150
332,649,360
332,650,156
332,711,395
332,712,270
332,713,297
332,715,399
332,719,159
332,723,196
332,724,217
332,725,293
332,729,152
332,736,329
332,739,658
332,740,232
332,745,156
332,746,415
332,747,441
332,748,152
332,751,163
332,753,262
332,754,235
332,755,294
332,759,159
332,782,187
332,796,215
332,797,217
332,814,162
332,817,153
332,818,150
332,820,228
332,834,247
332,835,302
332,837,172
332,839,155
332,943,187
332,957,201
332,967,265
332,968,179
332,969,367
332,980,349
333,339,151
333,346,533
333,349,259
333,350,327
333,352,278
333,353,440
333,354,182
333,357,157
333,362,179
333,363,179
333,364,484
333,372,393
333,373,256
333,375,181
333,382,156
333,384,198
333,397,315
333,403,172
333,404,153
333,419,319
333,426,162
333,441,176
333,442,307
333,443,334
333,446,151
333,447,247
333,449,209
333,452,155
333,455,261
333,456,249
333,458,186
333,461,151
333,462,207
333,463,150
333,465,187
333,473,387
333,478,207
333,480,335
333,482,280
333,494,227
333,496,278
333,500,387
333,518,235
333,523,196
333,534,179
333,535,179
333,536,160
333,542,174
333,543,159
333,546,159
333,549,555
333,551,251
333,555,481
333,556,209
333,562,162
333,564,159
333,568,183
333,569,293
333,571,474
333,581,317
333,582,273
333,585,155
333,597,472
333,607,250
333,608,224
333,612,176
333,622,202
333,623,151
333,626,207
333,627,186
333,630,195
333,640,214
333,647,198
333,648,202
333,649,154
333,650,165
333,666,209
333,707,242
333,708,212
333,715,163
333,738,244
333,739,276
333,746,213
333,750,162
333,751,186
333,752,189
333,753,157
333,759,151
333,764,202
333,769,284
333,782,168
333,783,157
333,790,152
333,804,282
333,809,230
333,813,217
333,814,304
333,817,211
333,820,250
333,834,175
333,835,405
333,836,355
333,837,288
333,838,407
333,839,289
333,840,292
333,845,332
333,846,251
333,847,251
333,867,174
333,877,179
333,883,198
333,898,158
333,899,155
333,943,175
333,962,224
334,335,995
334,336,878
334,339,171
334,340,742
334,341,423
334,345,498
334,356,247
334,357,227
334,361,354
334,378,767
334,379,819
334,380,779
334,381,757
334,406,162
334,417,181
334,419,256
334,422,228
334,438,154
334,445,187
334,451,152
334,452,260
334,474,240
334,475,184
334,476,204
334,501,223
334,521,294
334,522,345
334,541,183
334,544,156
334,545,215
334,582,191
334,584,193
334,585,232
334,586,229
334,587,211
334,590,562
334,597,242
334,601,183
334,615,151
334,628,271
334,633,598
334,636,633
334,637,877
334,654,193
334,655,170
334,685,351
334,686,179
334,687,379
334,688,510
334,689,251
334,690,300
334,691,469
334,692,456
334,693,258
334,694,284
334,695,521
334,696,595
334,697,700
334,698,390
334,699,285
334,702,200
334,703,489
334,704,151
334,705,240
334,707,290
334,708,403
334,717,598
334,718,471
334,731,192
334,734,229
334,751,316
334,752,284
334,753,204
334,756,436
334,757,161
334,776,161
334,780,158
334,825,264
334,826,185
334,830,355
334,831,635
334,832,170
334,846,295
334,854,329
334,865,269
334,867,446
334,870,267
334,873,210
334,908,477
334,933,495
334,940,388
334,951,365
334,952,212
334,953,720
334,954,273
334,959,289
334,960,196
334,965,190
335,336,984
335,339,389
335,340,614
335,341,421
335,345,554
335,355,168
335,356,167
335,357,210
335,361,242
335,362,220
335,378,737
335,379,744
335,380,737
335,381,742
335,392,214
335,406,214
335,409,177
335,419,272
335,451,164
335,452,204
335,474,317
335,501,172
335,505,154
335,519,201
335,520,200
335,521,264
335,522,313
335,535,156
335,554,157
335,582,191
335,584,302
335,585,178
335,586,240
335,587,325
335,590,609
335,591,159
335,592,170
335,594,224
335,597,222
335,601,227
335,609,348
335,628,248
335,633,634
335,636,731
335,637,877
335,653,219
335,654,160
335,655,184
335,685,342
335,686,184
335,687,320
335,688,504
335,689,206
335,690,406
335,691,435
335,692,634
335,693,580
335,694,251
335,695,604
335,696,760
335,697,890
335,698,715
335,699,271
335,700,303
335,701,218
335,702,161
335,703,611
335,705,239
335,706,204
335,707,286
335,708,330
335,711,150
335,717,609
335,718,241
335,734,311
335,750,217
335,751,235
335,752,206
335,753,216
335,755,180
335,756,506
335,760,153
335,824,225
335,825,345
335,826,208
335,827,208
335,828,188
335,829,161
335,830,277
335,831,846
335,832,285
335,838,200
335,845,253
335,846,254
335,849,233
335,853,202
335,854,271
335,862,161
335,865,251
335,867,510
335,870,251
335,908,435
335,933,404
335,951,447
335,952,169
335,953,733
335,954,248
335,955,319
335,956,154
335,957,267
335,958,243
335,959,515
335,960,385
335,966,161
336,339,226
336,340,677
336,341,492
336,345,598
336,356,224
336,361,347
336,378,905
336,379,907
336,380,738
336,381,906
336,382,254
336,409,258
336,417,179
336,419,410
336,445,152
336,451,172
336,461,172
336,474,259
336,475,221
336,476,200
336,478,236
336,501,187
336,519,162
336,520,194
336,521,173
336,522,254
336,535,182
336,541,178
336,560,182
336,562,170
336,585,165
336,590,841
336,591,226
336,592,398
336,596,358
336,597,317
336,601,177
336,628,299
336,633,439
336,636,496
336,637,818
336,653,180
336,654,255
336,685,488
336,686,272
336,687,428
336,688,544
336,689,251
336,690,285
336,691,539
336,692,419
336,693,464
336,694,299
336,695,856
336,696,881
336,697,587
336,698,420
336,699,271
336,700,296
336,701,243
336,702,211
336,703,713
336,704,282
336,705,309
336,706,277
336,707,329
336,708,363
336,711,203
336,717,856
336,718,326
336,734,298
336,751,240
336,752,260
336,753,169
336,754,156
336,755,219
336,756,578
336,776,172
336,824,294
336,825,251
336,826,272
336,827,282
336,828,162
336,830,236
336,831,561
336,832,207
336,846,264
336,849,243
336,854,343
336,861,349
336,865,177
336,867,459
336,870,283
336,908,204
336,932,162
336,933,354
336,947,269
336,950,252
336,951,345
336,952,170
336,953,571
336,954,306
336,955,200
336,956,151
336,957,253
336,958,348
336,959,349
336,960,313
336,965,165
337,348,370
337,349,325
337,350,172
337,351,227
337,352,499
337,358,236
337,359,908
337,364,194
337,365,186
337,371,307
337,374,329
337,375,160
337,379,429
337,382,192
337,383,864
337,386,192
337,405,273
337,406,392
337,415,262
337,419,198
337,446,263
337,467,485
337,480,233
337,481,503
337,483,248
337,485,351
337,486,216
337,488,296
337,492,374
337,500,179
337,503,230
337,509,197
337,515,168
337,517,157
337,518,999
337,524,216
337,525,311
337,533,161
337,536,944
337,547,345
337,556,529
337,567,321
337,569,246
337,573,270
337,583,581
337,587,186
337,589,383
337,596,597
337,604,638
337,606,162
337,608,175
337,609,417
337,610,586
337,612,154
337,614,464
337,619,242
337,620,323
337,626,283
337,627,172
337,648,250
337,656,150
337,667,516
337,675,163
337,736,471
337,739,264
337,740,259
337,741,394
337,742,207
337,759,334
337,764,961
337,770,157
337,771,218
337,782,928
337,785,201
337,790,168
337,796,849
337,797,166
337,820,159
337,827,173
337,836,151
337,842,261
337,897,158
337,937,151
337,943,197
338,339,989
338,340,204
338,343,157
338,344,177
338,346,257
338,354,242
338,357,539
338,358,197
338,360,248
338,361,210
338,362,310
338,363,185
338,364,192
338,365,153
338,366,959
338,367,997
338,382,162
338,385,313
338,386,239
338,387,317
338,388,675
338,389,547
338,390,352
338,391,385
338,392,530
338,393,603
338,394,304
338,400,174
338,404,182
338,406,312
338,407,203
338,408,210
338,411,196
338,413,432
338,419,390
338,421,269
338,422,378
338,425,184
338,426,176
338,429,213
338,434,264
338,435,288
338,437,189
338,440,280
338,445,400
338,446,171
338,448,308
338,449,192
338,452,258
338,453,286
338,454,207
338,456,158
338,458,197
338,467,159
338,468,154
338,469,475
338,472,356
338,474,245
338,475,230
338,476,194
338,477,317
338,478,312
338,480,228
338,481,681
338,483,694
338,484,228
338,485,219
338,488,184
338,489,531
338,490,310
338,491,447
338,492,958
338,497,690
338,498,327
338,501,257
338,503,158
338,504,334
338,508,220
338,509,355
338,511,854
338,512,887
338,514,239
338,516,465
338,518,653
338,523,154
338,524,349
338,525,256
338,526,225
338,527,176
338,537,248
338,540,484
338,542,169
338,544,319
338,548,172
338,550,181
338,552,241
338,553,201
338,554,155
338,558,181
338,562,167
338,564,209
338,565,239
338,566,480
338,567,471
338,568,153
338,569,425
338,570,156
338,572,164
338,575,336
338,576,159
338,580,484
338,581,324
338,582,300
338,583,452
338,585,187
338,588,354
338,594,375
338,595,257
338,596,161
338,597,154
338,600,233
338,604,185
338,606,557
338,609,637
338,610,260
338,611,202
338,612,265
338,613,197
338,614,287
338,617,284
338,618,484
338,619,559
338,623,176
338,624,155
338,626,276
338,631,165
338,632,204
338,638,447
338,640,359
338,642,223
338,643,196
338,644,189
338,645,220
338,646,283
338,648,298
338,652,271
338,656,517
338,657,255
338,661,962
338,662,930
338,663,924
338,667,225
338,672,182
338,673,257
338,674,529
338,675,211
338,678,161
338,679,188
338,682,449
338,690,203
338,699,171
338,700,177
338,702,171
338,707,177
338,708,177
338,710,159
338,715,168
338,716,342
338,721,292
338,722,630
338,734,288
338,735,227
338,736,661
338,737,654
338,740,609
338,741,311
338,742,252
338,747,231
338,750,254
338,751,207
338,752,185
338,753,196
338,755,186
338,757,326
338,758,599
338,760,251
338,770,377
338,771,511
338,772,368
338,773,168
338,774,600
338,775,198
338,776,154
338,777,170
338,778,162
338,780,216
338,781,256
338,782,236
338,783,434
338,785,751
338,786,205
338,788,220
338,789,464
338,792,609
338,794,150
338,796,261
338,799,179
338,800,333
338,801,545
338,802,514
338,803,206
338,842,171
338,849,163
338,867,189
338,880,216
338,921,181
338,954,190
338,959,173
338,981,200
339,340,297
339,341,328
339,344,307
339,345,239
339,346,360
339,354,319
339,355,384
339,356,490
339,357,513
339,360,166
339,361,271
339,362,313
339,364,166
339,366,908
339,367,884
339,383,262
339,385,189
339,386,175
339,387,232
339,388,257
339,389,203
339,390,500
339,391,236
339,392,494
339,393,564
339,394,211
339,400,160
339,406,464
339,407,182
339,413,822
339,416,581
339,417,500
339,419,708
339,422,198
339,425,163
339,426,159
339,427,178
339,429,160
339,431,153
339,434,612
339,435,229
339,437,179
339,445,860
339,446,157
339,448,449
339,452,667
339,453,213
339,458,214
339,467,156
339,472,200
339,474,336
339,475,243
339,477,186
339,478,205
339,481,339
339,483,641
339,485,159
339,489,200
339,490,508
339,491,185
339,492,910
339,497,515
339,498,307
339,501,559
339,504,190
339,505,232
339,506,185
339,508,223
339,509,186
339,511,770
339,512,754
339,514,212
339,518,372
339,524,325
339,525,230
339,537,254
339,540,580
339,541,184
339,544,435
339,550,175
339,552,202
339,553,371
339,562,192
339,564,183
339,566,564
339,567,476
339,569,358
339,570,294
339,575,329
339,580,606
339,581,193
339,582,711
339,584,227
339,585,420
339,586,622
339,587,174
339,588,259
339,591,425
339,592,190
339,594,231
339,595,175
339,597,535
339,601,257
339,606,344
339,609,467
339,610,231
339,611,180
339,612,245
339,613,216
339,614,242
339,615,223
339,616,217
339,617,229
339,618,277
339,619,323
339,626,323
339,632,172
339,635,152
339,638,356
339,640,347
339,642,213
339,643,173
339,644,169
339,645,179
339,648,287
339,652,251
339,653,163
339,656,520
339,657,150
339,661,741
339,662,237
339,663,251
339,668,173
339,672,470
339,673,248
339,674,422
339,675,421
339,678,158
339,685,314
339,686,416
339,687,241
339,690,237
339,691,356
339,692,293
339,693,158
339,699,419
339,700,270
339,702,314
339,704,173
339,707,230
339,708,177
339,716,455
339,721,162
339,731,156
339,734,285
339,736,376
339,737,581
339,740,366
339,741,179
339,742,260
339,747,242
339,750,303
339,751,477
339,752,413
339,753,248
339,756,194
339,757,519
339,758,221
339,760,312
339,767,274
339,770,254
339,771,786
339,772,253
339,774,188
339,776,884
339,778,158
339,780,198
339,782,180
339,785,704
339,786,242
339,789,500
339,792,278
339,796,164
339,800,220
339,801,200
339,802,479
339,803,158
339,809,164
339,815,281
339,825,221
339,827,177
339,828,163
339,830,587
339,831,238
339,832,257
339,842,186
339,843,436
339,846,293
339,849,339
339,860,155
339,865,331
339,867,353
339,870,196
339,873,204
339,880,228
339,929,163
339,932,353
339,933,306
339,940,174
339,951,170
339,954,429
339,959,178
339,960,160
339,965,722
339,981,245
340,341,596
340,345,999
340,351,203
340,355,150
340,356,584
340,357,155
340,361,377
340,378,175
340,379,175
340,380,184
340,381,187
340,383,219
340,406,203
340,409,601
340,413,212
340,416,455
340,419,993
340,443,281
340,445,651
340,452,427
340,458,207
340,460,281
340,474,260
340,475,346
340,481,188
340,501,376
340,505,379
340,519,224
340,520,371
340,521,455
340,522,422
340,534,151
340,535,154
340,540,168
340,541,329
340,570,154
340,580,179
340,582,512
340,583,202
340,584,162
340,585,360
340,586,263
340,587,581
340,590,388
340,592,153
340,594,289
340,597,516
340,601,264
340,602,159
340,604,278
340,615,255
340,626,150
340,628,996
340,636,331
340,637,264
340,642,159
340,643,158
340,653,217
340,654,202
340,655,456
340,673,223
340,674,280
340,675,176
340,678,164
340,680,197
340,682,188
340,685,567
340,686,442
340,687,504
340,688,441
340,689,433
340,690,509
340,691,601
340,692,467
340,693,430
340,694,415
340,695,849
340,696,530
340,697,705
340,698,481
340,699,524
340,700,376
340,701,565
340,702,402
340,703,967
340,704,941
340,705,362
340,706,335
340,707,745
340,708,743
340,717,933
340,718,951
340,731,191
340,734,200
340,751,553
340,752,304
340,753,443
340,755,168
340,756,310
340,757,341
340,760,369
340,771,187
340,789,175
340,793,168
340,797,476
340,815,162
340,825,339
340,826,298
340,827,332
340,828,225
340,829,160
340,830,288
340,831,237
340,832,199
340,843,174
340,846,295
340,849,239
340,854,948
340,865,304
340,867,361
340,870,448
340,871,221
340,873,237
340,906,185
340,907,220
340,908,521
340,932,317
340,933,584
340,940,418
340,950,365
340,951,479
340,952,438
340,953,317
340,954,416
340,955,336
340,956,316
340,957,358
340,958,343
340,959,444
340,960,383
340,965,187
340,966,925
341,344,154
341,345,542
341,356,371
341,357,206
341,361,675
341,367,194
341,379,150
341,382,191
341,402,343
341,406,314
341,409,585
341,413,178
341,416,285
341,419,391
341,445,898
341,452,476
341,460,279
341,474,358
341,475,250
341,476,177
341,481,202
341,501,393
341,505,362
341,511,181
341,519,278
341,520,392
341,521,493
341,522,497
341,524,161
341,535,171
341,541,252
341,544,213
341,570,238
341,580,192
341,582,426
341,583,228
341,584,280
341,585,436
341,586,594
341,587,461
341,590,380
341,594,175
341,597,393
341,601,343
341,602,158
341,614,154
341,615,200
341,628,443
341,632,211
341,636,363
341,637,288
341,642,183
341,643,166
341,644,158
341,645,177
341,653,239
341,654,254
341,655,258
341,674,245
341,685,995
341,686,966
341,687,987
341,688,454
341,689,985
341,690,575
341,691,662
341,692,397
341,693,335
341,694,296
341,695,635
341,696,301
341,697,299
341,698,359
341,699,479
341,700,210
341,701,501
341,702,287
341,703,588
341,704,428
341,705,301
341,706,299
341,707,995
341,708,995
341,717,353
341,718,405
341,731,255
341,734,232
341,740,179
341,751,416
341,752,395
341,753,200
341,756,324
341,757,281
341,760,274
341,764,161
341,771,165
341,778,163
341,797,476
341,815,190
341,825,345
341,827,191
341,828,151
341,830,258
341,831,177
341,832,193
341,846,366
341,849,247
341,854,457
341,860,179
341,865,415
341,867,371
341,870,513
341,871,322
341,873,255
341,907,200
341,908,535
341,932,201
341,933,581
341,940,175
341,950,728
341,951,319
341,952,217
341,953,165
341,954,387
341,955,327
341,956,236
341,957,209
341,958,260
341,959,349
341,960,363
341,965,252
341,966,154
342,343,365
342,360,205
342,367,155
342,391,194
342,416,222
342,429,213
342,448,170
342,473,446
342,481,154
342,483,379
342,501,176
342,515,453
342,517,169
342,527,187
342,541,684
342,543,173
342,567,341
342,570,173
342,573,169
342,581,248
342,588,169
342,606,249
342,638,185
342,681,162
342,703,243
342,737,195
342,740,220
342,766,177
342,770,549
342,771,526
342,789,167
342,792,186
342,824,199
342,847,161
342,949,173
342,964,180
342,974,152
342,983,167
343,351,416
343,355,202
343,391,184
343,415,240
343,427,162
343,439,156
343,453,167
343,473,420
343,481,166
343,483,323
343,515,355
343,526,192
343,541,537
343,567,312
343,580,165
343,581,256
343,596,180
343,598,162
343,606,264
343,626,169
343,666,207
343,679,150
343,737,176
343,740,189
343,770,303
343,771,527
343,792,254
343,934,186
343,935,198
344,346,234
344,357,239
344,358,165
344,362,300
344,363,317
344,376,262
344,384,303
344,406,305
344,413,603
344,414,322
344,419,301
344,426,471
344,428,641
344,434,206
344,445,271
344,446,291
344,452,163
344,481,274
344,483,273
344,487,288
344,501,245
344,502,677
344,518,209
344,522,248
344,524,160
344,533,175
344,534,282
344,535,282
344,537,214
344,540,199
344,541,506
344,552,276
344,554,197
344,555,466
344,556,222
344,566,285
344,567,304
344,569,200
344,576,260
344,578,473
344,580,312
344,581,174
344,589,208
344,593,154
344,596,162
344,606,158
344,609,254
344,610,992
344,619,179
344,622,286
344,626,566
344,640,364
344,647,222
344,650,175
344,656,603
344,667,394
344,669,202
344,685,707
344,686,340
344,687,917
344,688,242
344,690,605
344,715,162
344,738,985
344,740,626
344,742,515
344,743,199
344,749,156
344,751,166
344,754,223
344,755,204
344,756,157
344,760,165
344,764,645
344,770,173
344,771,202
344,782,167
344,789,310
344,792,201
344,793,150
344,796,185
344,843,207
344,849,159
344,860,179
344,865,258
344,877,222
344,883,222
344,943,389
344,968,152
345,356,567
345,361,386
345,378,188
345,381,239
345,383,221
345,409,578
345,413,180
345,416,491
345,419,984
345,443,232
345,445,294
345,452,370
345,474,196
345,475,191
345,481,186
345,501,358
345,505,249
345,519,222
345,520,347
345,521,401
345,522,421
345,535,159
345,541,201
345,570,152
345,580,161
345,582,361
345,583,182
345,585,288
345,586,258
345,587,514
345,590,354
345,594,222
345,597,463
345,601,182
345,615,181
345,628,998
345,636,329
345,637,202
345,654,221
345,655,451
345,673,233
345,674,208
345,675,169
345,685,663
345,686,429
345,687,501
345,688,427
345,689,406
345,690,505
345,691,504
345,692,457
345,693,425
345,694,426
345,695,867
345,696,458
345,697,458
345,698,415
345,699,569
345,700,403
345,701,587
345,702,411
345,703,934
345,704,956
345,705,384
345,706,346
345,707,747
345,708,730
345,717,933
345,718,943
345,731,177
345,751,306
345,752,199
345,753,171
345,756,223
345,757,303
345,760,240
345,793,161
345,797,476
345,825,286
345,826,194
345,829,158
345,830,254
345,831,274
345,832,209
345,846,327
345,849,212
345,854,934
345,865,186
345,867,242
345,870,395
345,871,221
345,873,180
345,906,219
345,907,236
345,908,454
345,933,509
345,947,150
345,950,376
345,951,458
345,952,417
345,953,443
345,954,387
345,955,357
345,956,306
345,957,342
345,958,361
345,959,448
345,960,401
345,966,919
346,347,214
346,350,172
346,352,203
346,355,377
346,356,307
346,357,184
346,360,318
346,361,151
346,362,614
346,363,269
346,365,553
346,366,274
346,367,213
346,371,195
346,372,176
346,373,401
346,377,200
346,383,293
346,384,596
346,393,201
346,394,344
346,395,393
346,398,302
346,400,156
346,403,206
346,404,190
346,406,427
346,408,403
346,413,463
346,414,208
346,416,180
346,417,307
346,419,232
346,420,292
346,426,160
346,430,154
346,435,398
346,440,156
346,442,682
346,443,353
346,445,237
346,447,182
346,448,286
346,450,256
346,451,364
346,452,357
346,454,161
346,455,295
346,463,343
346,467,204
346,469,439
346,472,382
346,473,182
346,478,590
346,480,335
346,481,213
346,482,271
346,483,369
346,486,523
346,488,329
346,494,169
346,495,228
346,499,240
346,500,246
346,501,337
346,510,369
346,518,237
346,522,151
346,524,379
346,525,274
346,533,228
346,534,411
346,535,230
346,536,391
346,537,292
346,538,208
346,540,789
346,541,175
346,544,237
346,549,906
346,550,250
346,556,158
346,565,167
346,566,232
346,567,369
346,569,235
346,570,172
346,571,672
346,580,293
346,581,226
346,582,150
346,583,155
346,585,277
346,586,282
346,587,367
346,591,447
346,592,223
346,597,307
346,606,188
346,607,160
346,608,228
346,609,467
346,612,158
346,614,192
346,618,475
346,619,253
346,626,240
346,634,198
346,635,159
346,638,203
346,640,305
346,647,172
346,648,195
346,652,152
346,656,260
346,668,505
346,669,458
346,675,167
346,676,153
346,678,220
346,703,168
346,709,336
346,713,395
346,715,363
346,716,152
346,720,164
346,729,519
346,736,258
346,737,211
346,739,161
346,740,406
346,741,163
346,742,253
346,744,414
346,745,221
346,746,163
346,749,155
346,758,163
346,764,199
346,765,323
346,768,158
346,769,815
346,770,187
346,771,158
346,776,154
346,782,172
346,785,179
346,786,224
346,787,277
346,789,282
346,791,157
346,792,183
346,794,184
346,799,194
346,816,154
346,820,159
346,823,175
346,831,167
346,834,219
346,836,203
346,837,186
346,839,186
346,840,154
346,843,405
346,846,278
346,849,205
346,860,329
346,861,175
346,862,321
346,863,245
346,864,323
346,865,204
346,867,297
346,877,248
346,883,370
346,900,176
346,932,246
346,933,158
346,943,168
346,959,446
346,962,154
346,964,268
347,357,162
347,360,581
347,361,222
347,367,175
347,374,183
347,378,167
347,383,288
347,385,473
347,387,604
347,392,161
347,394,244
347,405,214
347,419,304
347,422,220
347,428,163
347,453,314
347,454,341
347,456,151
347,476,185
347,481,289
347,483,248
347,487,244
347,505,170
347,517,169
347,518,251
347,519,189
347,533,211
347,538,347
347,540,187
347,553,222
347,558,163
347,566,305
347,567,203
347,569,191
347,570,621
347,580,210
347,588,156
347,614,223
347,615,226
347,617,168
347,619,267
347,638,211
347,642,207
347,643,181
347,644,175
347,645,216
347,647,297
347,688,202
347,710,226
347,733,999
347,735,182
347,736,166
347,737,233
347,740,272
347,741,169
347,756,182
347,758,230
347,770,192
347,792,172
347,798,163
347,843,152
347,852,743
347,853,660
347,877,192
347,937,157
347,940,195
348,351,198
348,352,264
348,360,151
348,366,150
348,367,260
348,368,173
348,369,168
348,370,297
348,374,213
348,376,222
348,387,172
348,403,180
348,407,292
348,408,530
348,415,321
348,419,670
348,426,629
348,429,223
348,431,155
348,432,163
348,437,156
348,440,179
348,444,162
348,453,183
348,457,360
348,467,918
348,468,579
348,469,158
348,472,177
348,476,258
348,477,159
348,480,161
348,481,738
348,483,480
348,484,153
348,485,165
348,487,202
348,495,246
348,509,171
348,515,260
348,520,151
348,529,279
348,530,196
348,536,214
348,553,187
348,556,347
348,557,709
348,565,199
348,566,152
348,567,518
348,569,270
348,580,202
348,581,249
348,583,240
348,588,298
348,596,389
348,604,323
348,606,337
348,609,232
348,612,175
348,613,186
348,614,683
348,619,155
348,620,266
348,635,309
348,638,276
348,640,221
348,643,194
348,644,182
348,645,205
348,656,189
348,660,172
348,670,175
348,671,188
348,710,190
348,714,232
348,715,173
348,716,157
348,735,336
348,736,165
348,737,202
348,740,296
348,758,260
348,759,745
348,764,363
348,770,390
348,771,479
348,785,399
348,787,272
348,792,342
349,350,207
349,352,374
349,439,188
349,442,319
349,447,308
349,455,216
349,465,288
349,467,155
349,468,151
349,477,216
349,480,355
349,482,305
349,545,196
349,547,284
349,554,168
349,556,164
349,558,339
349,564,159
349,571,183
349,591,170
349,596,264
349,604,283
349,608,306
349,622,187
349,625,355
349,626,266
349,635,163
349,656,156
349,669,268
349,707,191
349,708,192
349,715,687
349,716,151
349,720,185
349,732,160
349,759,290
349,769,358
349,790,162
349,791,161
349,836,184
349,838,153
349,972,170
350,352,363
350,353,207
350,358,153
350,364,243
350,365,315
350,375,329
350,397,166
350,403,208
350,405,160
350,418,179
350,419,171
350,437,164
350,442,407
350,447,323
350,450,196
350,455,345
350,456,380
350,468,189
350,469,160
350,472,229
350,480,678
350,481,199
350,482,407
350,483,255
350,485,230
350,499,159
350,500,248
350,502,150
350,518,294
350,533,182
350,536,357
350,543,181
350,544,191
350,549,813
350,555,291
350,566,154
350,567,232
350,569,208
350,571,580
350,580,245
350,581,195
350,588,187
350,608,423
350,609,187
350,610,283
350,613,379
350,619,162
350,620,150
350,623,167
350,625,378
350,626,471
350,627,398
350,637,220
350,638,167
350,640,282
350,647,338
350,648,192
350,656,202
350,667,197
350,669,272
350,707,161
350,708,162
350,711,220
350,712,189
350,715,202
350,736,190
350,737,156
350,739,250
350,740,214
350,765,153
350,767,197
350,768,153
350,769,310
350,782,280
350,787,155
350,789,204
350,791,195
350,792,167
350,805,159
350,809,158
350,811,225
350,817,200
350,820,165
350,834,265
350,836,300
350,837,299
350,839,303
350,840,294
350,874,748
350,943,222
350,962,291
350,972,200
350,977,468
351,352,167
351,374,451
351,391,574
351,415,506
351,421,167
351,467,163
351,473,168
351,481,151
351,483,396
351,484,150
351,515,263
351,516,270
351,517,892
351,519,428
351,536,571
351,547,336
351,549,181
351,556,298
351,567,410
351,580,153
351,581,510
351,588,199
351,589,152
351,596,745
351,604,508
351,606,195
351,620,462
351,657,179
351,666,442
351,705,516
351,737,226
351,740,152
351,759,205
351,764,242
351,770,507
351,771,521
351,774,208
351,788,323
351,792,509
351,798,313
351,865,164
352,354,215
352,362,956
352,363,592
352,365,321
352,367,195
352,368,159
352,371,168
352,372,986
352,374,269
352,375,187
352,377,222
352,383,236
352,384,979
352,398,969
352,399,965
352,404,208
352,428,225
352,440,150
352,442,315
352,447,983
352,455,176
352,467,330
352,468,234
352,472,171
352,478,310
352,480,911
352,481,192
352,482,925
352,483,197
352,486,269
352,491,351
352,495,168
352,500,173
352,517,177
352,518,239
352,523,159
352,533,151
352,536,936
352,547,569
352,550,188
352,555,191
352,556,565
352,564,172
352,565,447
352,567,201
352,569,207
352,571,288
352,580,167
352,596,321
352,600,204
352,604,599
352,607,157
352,608,995
352,609,290
352,618,158
352,619,394
352,620,443
352,623,209
352,626,365
352,628,171
352,635,170
352,638,185
352,640,386
352,645,178
352,647,466
352,656,183
352,669,240
352,707,463
352,708,460
352,710,205
352,715,196
352,731,157
352,736,215
352,739,420
352,740,266
352,744,936
352,745,472
352,753,157
352,759,362
352,763,245
352,764,586
352,765,173
352,767,315
352,768,294
352,769,187
352,771,189
352,782,185
352,785,208
352,799,206
352,809,162
352,820,182
352,836,317
352,837,298
352,838,190
352,839,213
352,840,229
352,851,203
352,877,936
352,900,320
352,955,394
353,354,241
353,388,218
353,402,162
353,405,154
353,442,296
353,443,170
353,456,216
353,461,524
353,462,758
353,463,422
353,464,316
353,465,759
353,533,355
353,551,468
353,555,575
353,640,393
353,654,181
353,711,263
353,715,158
353,732,395
353,739,196
353,746,434
353,747,377
353,769,171
353,793,526
353,797,215
353,814,225
353,818,385
353,820,156
353,834,422
353,836,248
353,837,194
353,838,291
353,839,192
353,840,164
353,881,209
353,899,300
353,968,188
353,969,165
353,980,312
354,371,168
354,373,214
354,375,172
354,381,170
354,386,223
354,388,223
354,397,174
354,400,208
354,404,347
354,405,165
354,428,153
354,442,251
354,443,187
354,447,203
354,455,226
354,462,309
354,463,238
354,464,150
354,480,267
354,481,150
354,482,267
354,492,223
354,506,223
354,508,223
354,518,179
354,532,256
354,533,378
354,540,170
354,551,191
354,555,162
354,557,157
354,562,237
354,563,156
354,571,389
354,608,204
354,614,150
354,615,162
354,617,150
354,622,155
354,626,532
354,627,189
354,635,162
354,642,169
354,643,150
354,644,150
354,645,165
354,697,170
354,707,185
354,708,172
354,711,164
354,715,419
354,726,179
354,727,158
354,739,176
354,740,277
354,745,156
354,746,345
354,747,286
354,769,162
354,771,235
354,772,767
354,773,223
354,775,223
354,776,223
354,777,223
354,779,223
354,780,223
354,781,223
354,782,153
354,783,223
354,784,223
354,789,246
354,806,172
354,811,157
354,835,192
354,836,209
354,837,216
354,838,153
354,839,162
354,840,173
354,899,201
354,937,167
354,982,223
354,983,228
354,984,223
355,356,962
355,361,274
355,365,210
355,393,152
355,416,915
355,417,998
355,442,357
355,451,844
355,452,257
355,460,255
355,479,271
355,486,212
355,501,166
355,540,200
355,567,232
355,570,273
355,584,238
355,585,217
355,591,980
355,592,774
355,609,197
355,653,269
355,654,340
355,673,350
355,690,207
355,692,180
355,695,281
355,700,175
355,751,161
355,753,186
355,755,158
355,824,227
355,831,294
355,843,204
355,845,446
355,846,262
355,847,186
355,849,250
355,855,181
355,861,421
355,865,177
355,867,292
355,870,181
355,930,593
355,931,942
355,932,826
355,944,247
355,956,190
355,960,191
356,361,383
356,385,155
356,406,255
356,409,179
356,413,152
356,416,948
356,417,910
356,427,183
356,443,163
356,445,188
356,451,762
356,452,332
356,460,309
356,474,158
356,501,286
356,522,210
356,537,227
356,540,175
356,541,227
356,567,373
356,570,320
356,580,171
356,582,331
356,584,301
356,585,280
356,586,297
356,587,156
356,591,891
356,592,785
356,597,315
356,601,189
356,628,172
356,653,318
356,654,307
356,655,350
356,673,381
356,685,325
356,687,162
356,690,354
356,691,330
356,692,289
356,693,229
356,699,218
356,701,212
356,702,173
356,704,159
356,708,166
356,718,178
356,731,193
356,751,270
356,752,236
356,755,159
356,757,196
356,760,256
356,825,315
356,830,161
356,831,200
356,843,295
356,846,385
356,847,160
356,849,325
356,855,228
356,861,667
356,865,537
356,867,375
356,870,191
356,873,196
356,908,205
356,930,608
356,931,919
356,932,749
356,933,250
356,944,228
356,951,267
356,954,158
356,956,154
356,959,159
356,960,173
356,965,177
356,966,190
357,358,999
357,360,466
357,362,507
357,363,158
357,364,995
357,365,201
357,366,518
357,367,647
357,375,207
357,376,298
357,382,209
357,383,234
357,384,204
357,385,421
357,386,578
357,387,583
357,388,654
357,389,479
357,390,531
357,391,574
357,392,450
357,393,483
357,394,480
357,397,205
357,400,358
357,401,280
357,403,349
357,404,310
357,405,182
357,406,379
357,407,200
357,408,192
357,413,250
357,414,165
357,419,714
357,420,201
357,421,394
357,422,292
357,425,848
357,426,156
357,428,437
357,429,440
357,430,231
357,431,266
357,432,185
357,433,154
357,434,500
357,435,531
357,440,390
357,442,196
357,444,175
357,445,492
357,448,226
357,450,233
357,452,487
357,454,156
357,455,343
357,456,202
357,458,270
357,462,286
357,463,403
357,465,150
357,467,194
357,468,192
357,469,222
357,472,609
357,476,274
357,477,322
357,478,476
357,480,211
357,481,762
357,483,671
357,484,387
357,485,476
357,487,366
357,488,217
357,489,364
357,490,558
357,491,179
357,492,692
357,497,156
357,499,772
357,500,232
357,501,378
357,502,155
357,503,608
357,504,355
357,505,921
357,506,237
357,507,427
357,508,415
357,509,702
357,511,272
357,512,490
357,516,154
357,518,998
357,523,385
357,524,473
357,525,308
357,526,377
357,527,240
357,532,175
357,533,408
357,536,160
357,537,246
357,539,317
357,540,325
357,542,152
357,544,202
357,549,199
357,550,337
357,552,891
357,554,385
357,555,196
357,558,503
357,560,222
357,562,152
357,564,283
357,565,372
357,566,293
357,567,667
357,568,289
357,569,760
357,570,250
357,571,323
357,572,304
357,574,306
357,575,342
357,576,572
357,577,226
357,578,523
357,580,501
357,581,612
357,582,184
357,583,378
357,588,373
357,589,176
357,594,158
357,595,258
357,596,156
357,600,394
357,604,209
357,606,590
357,609,874
357,610,520
357,611,600
357,612,647
357,613,453
357,614,678
357,615,291
357,616,324
357,617,478
357,618,802
357,619,730
357,621,172
357,622,154
357,623,176
357,624,200
357,626,440
357,631,197
357,632,220
357,633,150
357,634,196
357,635,311
357,638,588
357,640,643
357,642,469
357,643,640
357,644,462
357,645,554
357,646,339
357,648,282
357,649,189
357,650,199
357,652,353
357,656,765
357,657,200
357,661,956
357,662,944
357,663,937
357,667,301
357,675,166
357,678,229
357,703,169
357,709,151
357,710,378
357,712,154
357,714,195
357,715,551
357,716,248
357,719,398
357,723,180
357,724,568
357,725,160
357,726,569
357,727,524
357,728,599
357,729,518
357,730,522
357,731,499
357,732,582
357,733,212
357,734,327
357,735,258
357,736,789
357,737,582
357,739,220
357,740,999
357,741,521
357,742,467
357,743,438
357,746,173
357,747,267
357,748,269
357,749,158
357,754,231
357,755,343
357,756,201
357,757,224
357,758,512
357,770,610
357,771,793
357,772,324
357,773,413
357,774,509
357,775,214
357,776,400
357,777,541
357,778,158
357,779,267
357,780,167
357,781,238
357,782,430
357,783,371
357,785,725
357,786,276
357,788,416
357,789,784
357,790,222
357,791,153
357,792,511
357,794,330
357,795,593
357,796,459
357,797,168
357,799,203
357,800,375
357,801,159
357,802,360
357,803,559
357,804,372
357,811,211
357,815,151
357,816,935
357,817,964
357,833,163
357,842,253
357,849,200
357,880,163
357,915,161
357,937,323
357,943,292
357,967,206
357,968,554
357,969,504
357,970,579
357,971,539
357,972,535
357,973,596
357,974,512
357,975,502
357,976,504
357,977,504
357,978,499
357,981,728
357,982,216
357,983,203
357,984,169
358,362,186
358,364,171
358,366,239
358,367,258
358,385,205
358,386,206
358,387,268
358,388,215
358,389,262
358,390,237
358,391,272
358,392,194
358,393,204
358,394,225
358,406,384
358,419,994
358,420,671
358,425,488
358,429,182
358,434,169
358,435,293
358,439,205
358,445,176
358,446,176
358,455,650
358,456,240
358,458,189
358,472,313
358,478,166
358,481,313
358,483,322
358,485,246
358,489,338
358,490,239
358,492,359
358,500,165
358,503,233
358,508,538
358,512,203
358,516,356
358,518,647
358,537,165
358,542,235
358,543,163
358,552,333
358,558,164
358,563,304
358,564,176
358,566,362
358,567,262
358,568,165
358,569,258
358,572,628
358,574,157
358,575,152
358,580,284
358,581,499
358,606,229
358,609,402
358,610,264
358,611,288
358,612,238
358,613,165
358,614,236
358,618,547
358,619,364
358,624,232
358,626,338
358,627,167
358,628,228
358,638,163
358,640,248
358,643,151
358,644,158
358,645,258
358,648,233
358,649,171
358,650,250
358,656,300
358,661,212
358,662,231
358,663,211
358,667,289
358,686,219
358,687,219
358,688,166
358,726,151
358,736,384
358,737,873
358,740,734
358,741,216
358,742,231
358,754,321
358,755,273
358,756,982
358,770,267
358,771,577
358,773,238
358,774,170
358,776,186
358,777,282
358,779,152
358,782,319
358,783,249
358,785,390
358,788,270
358,789,327
358,792,161
358,795,191
358,796,205
358,797,375
358,800,214
358,802,150
358,805,458
358,814,202
358,824,723
358,825,728
358,826,723
358,827,733
358,828,733
358,829,720
358,830,590
358,831,722
358,832,722
358,842,327
358,941,294
358,943,389
358,968,438
358,969,216
358,977,165
358,981,170
359,362,207
359,363,159
359,365,204
359,367,182
359,371,459
359,486,172
359,498,168
359,518,992
359,536,205
359,567,157
359,569,177
359,580,183
359,609,154
359,736,261
359,771,217
359,779,254
359,787,173
359,900,225
360,361,243
360,362,301
360,363,573
360,365,195
360,366,376
360,367,426
360,368,235
360,369,228
360,370,283
360,374,203
360,378,818
360,379,741
360,380,177
360,381,850
360,382,407
360,383,944
360,384,467
360,385,181
360,387,375
360,388,174
360,390,248
360,391,281
360,392,210
360,393,199
360,394,347
360,395,414
360,396,214
360,400,357
360,401,434
360,402,846
360,403,597
360,406,169
360,408,163
360,413,422
360,419,532
360,421,305
360,422,297
360,426,164
360,429,607
360,430,497
360,431,489
360,432,349
360,433,243
360,434,223
360,435,231
360,437,254
360,440,218
360,442,244
360,448,182
360,449,239
360,450,251
360,453,514
360,454,574
360,457,249
360,467,232
360,468,170
360,469,161
360,472,241
360,476,321
360,477,286
360,478,280
360,479,386
360,480,580
360,481,540
360,483,703
360,484,204
360,485,337
360,486,162
360,487,960
360,489,195
360,490,158
360,492,189
360,504,164
360,509,246
360,510,150
360,511,189
360,512,390
360,518,266
360,519,196
360,524,203
360,526,277
360,527,182
360,532,239
360,533,216
360,534,434
360,535,152
360,536,166
360,540,376
360,543,159
360,548,192
360,549,183
360,550,292
360,552,306
360,556,197
360,558,207
360,562,344
360,564,230
360,565,204
360,566,513
360,567,688
360,569,487
360,572,160
360,578,192
360,580,399
360,581,498
360,582,163
360,583,523
360,588,581
360,590,542
360,596,307
360,604,533
360,606,515
360,609,398
360,610,397
360,612,345
360,613,379
360,614,275
360,617,223
360,618,223
360,619,285
360,622,181
360,623,666
360,626,264
360,632,424
360,633,180
360,634,188
360,635,252
360,636,177
360,638,558
360,640,414
360,642,304
360,643,323
360,644,326
360,645,318
360,647,523
360,648,194
360,655,274
360,656,440
360,657,397
360,659,153
360,661,163
360,667,217
360,682,191
360,688,258
360,695,175
360,703,226
360,710,705
360,714,220
360,715,170
360,716,539
360,717,179
360,727,200
360,733,766
360,734,394
360,735,465
360,736,462
360,737,799
360,739,150
360,740,595
360,741,177
360,742,227
360,745,757
360,750,215
360,752,420
360,755,312
360,756,386
360,758,488
360,759,170
360,763,486
360,764,498
360,765,174
360,766,342
360,770,553
360,771,415
360,774,158
360,776,189
360,777,184
360,779,154
360,782,150
360,785,222
360,787,355
360,788,198
360,789,346
360,792,676
360,796,164
360,798,507
360,799,159
360,800,323
360,803,192
360,804,802
360,843,173
360,877,914
360,973,500
360,979,172
360,981,151
360,984,168
361,366,162
361,367,175
361,374,195
361,376,156
361,378,324
361,379,285
361,380,253
361,381,338
361,382,351
361,383,245
361,388,172
361,402,629
361,406,187
361,409,682
361,416,363
361,417,204
361,419,535
361,420,917
361,429,150
361,435,317
361,437,194
361,445,499
361,452,295
361,453,188
361,454,194
361,460,217
361,462,156
361,467,343
361,472,154
361,474,334
361,475,250
361,476,233
361,481,186
361,483,190
361,501,279
361,504,183
361,519,999
361,520,998
361,521,969
361,522,966
361,540,164
361,550,168
361,561,152
361,562,204
361,563,170
361,566,220
361,567,190
361,569,163
361,580,173
361,582,269
361,583,380
361,585,273
361,586,274
361,587,396
361,588,160
361,590,387
361,591,187
361,592,206
361,597,296
361,601,175
361,609,211
361,610,155
361,619,167
361,628,597
361,632,193
361,633,237
361,636,497
361,637,389
361,638,187
361,640,426
361,654,262
361,655,345
361,656,169
361,672,203
361,673,281
361,674,213
361,675,222
361,677,170
361,678,154
361,682,199
361,685,716
361,686,667
361,687,644
361,688,605
361,689,533
361,690,382
361,691,395
361,692,293
361,693,305
361,694,314
361,695,429
361,696,244
361,697,309
361,698,270
361,699,279
361,700,201
361,701,464
361,702,164
361,703,559
361,704,578
361,705,421
361,706,186
361,707,500
361,708,405
361,716,153
361,717,449
361,718,422
361,734,253
361,736,188
361,737,163
361,740,327
361,742,152
361,749,167
361,750,308
361,751,334
361,752,232
361,753,311
361,754,159
361,755,291
361,756,395
361,758,172
361,764,240
361,771,530
361,776,184
361,782,208
361,785,178
361,789,209
361,798,232
361,815,206
361,824,164
361,826,188
361,827,201
361,828,210
361,829,371
361,830,311
361,831,336
361,832,254
361,842,166
361,846,208
361,847,254
361,854,457
361,861,185
361,867,257
361,870,444
361,871,366
361,877,178
361,880,184
361,906,970
361,907,995
361,908,980
361,929,193
361,930,263
361,931,198
361,932,165
361,933,363
361,940,220
361,947,164
361,950,355
361,951,324
361,952,281
361,953,167
361,954,225
361,955,178
361,957,333
361,958,174
361,959,295
361,960,221
361,966,201
361,981,316
362,363,601
362,364,168
362,365,370
362,366,322
362,367,528
362,371,268
362,372,972
362,375,217
362,382,154
362,383,269
362,384,971
362,385,207
362,386,161
362,387,343
362,388,322
362,389,161
362,390,219
362,391,313
362,392,331
362,393,237
362,394,285
362,398,961
362,399,928
362,403,265
362,404,227
362,406,157
362,407,302
362,408,186
362,413,205
362,419,229
362,420,308
362,421,439
362,424,400
362,428,390
362,429,151
362,434,182
362,435,184
362,440,378
362,441,212
362,442,273
362,445,163
362,447,922
362,448,159
362,455,193
362,467,183
362,472,298
362,477,280
362,478,391
362,480,197
362,481,525
362,483,479
362,486,363
362,487,234
362,489,168
362,490,254
362,492,287
362,501,163
362,509,226
362,511,165
362,512,289
362,518,376
362,524,353
362,525,253
362,533,198
362,534,420
362,535,389
362,536,192
362,540,331
362,544,228
362,547,161
362,550,712
362,552,224
362,553,183
362,556,435
362,557,171
362,559,213
362,560,163
362,561,164
362,565,397
362,566,169
362,567,434
362,569,364
362,570,182
362,574,158
362,575,185
362,578,159
362,580,521
362,581,265
362,583,163
362,588,189
362,596,219
362,598,160
362,600,201
362,603,167
362,604,309
362,606,224
362,607,267
362,608,295
362,609,574
362,610,303
362,612,201
362,613,159
362,614,364
362,615,187
362,616,249
362,617,250
362,618,712
362,619,435
362,622,410
362,626,226
362,628,172
362,632,191
362,634,213
362,635,319
362,638,381
362,640,365
362,642,261
362,643,269
362,644,261
362,645,344
362,647,517
362,648,183
362,652,317
362,656,524
362,661,222
362,663,408
362,664,179
362,669,640
362,710,170
362,715,490
362,716,256
362,734,316
362,735,153
362,736,378
362,737,339
362,738,423
362,740,748
362,741,352
362,742,281
362,744,959
362,745,655
362,748,158
362,749,198
362,751,173
362,752,175
362,755,158
362,758,313
362,761,168
362,763,765
362,764,284
362,765,220
362,766,166
362,767,239
362,768,227
362,769,299
362,770,292
362,771,478
362,774,226
362,779,167
362,782,168
362,785,809
362,786,457
362,787,190
362,788,181
362,789,273
362,792,300
362,796,254
362,797,195
362,802,175
362,803,183
362,809,166
362,814,153
362,820,173
362,836,289
362,837,227
362,839,227
362,840,251
362,877,947
362,883,377
362,900,153
362,921,230
362,929,169
362,935,229
362,937,217
362,960,169
363,366,210
363,367,269
363,371,197
363,372,785
363,373,310
363,382,233
363,383,335
363,384,965
363,391,215
363,398,618
363,399,442
363,403,159
363,419,164
363,428,616
363,442,238
363,447,333
363,448,165
363,449,179
363,467,163
363,472,153
363,478,165
363,480,160
363,481,430
363,483,246
363,490,211
363,512,181
363,518,239
363,524,198
363,525,160
363,532,188
363,533,163
363,534,393
363,535,554
363,540,177
363,547,213
363,550,327
363,552,158
363,553,172
363,556,339
363,557,153
363,565,229
363,567,248
363,569,191
363,580,241
363,590,222
363,607,165
363,608,344
363,609,338
363,610,190
363,614,247
363,615,223
363,616,191
363,617,204
363,618,205
363,622,853
363,626,270
363,627,183
363,634,150
363,635,300
363,640,258
363,642,243
363,643,247
363,644,234
363,645,252
363,647,963
363,648,183
363,652,172
363,656,356
363,664,200
363,693,153
363,706,150
363,715,445
363,720,154
363,734,246
363,736,175
363,737,247
363,738,594
363,740,320
363,741,163
363,744,445
363,745,854
363,752,235
363,763,842
363,764,438
363,766,153
363,769,211
363,770,173
363,771,153
363,789,160
363,802,240
363,809,153
363,814,153
363,820,160
363,836,385
363,837,211
363,839,211
363,840,284
363,877,252
363,883,603
363,921,295
363,937,198
364,365,182
364,366,177
364,367,209
364,368,168
364,369,176
364,375,192
364,381,228
364,382,224
364,386,235
364,387,173
364,388,181
364,390,166
364,391,159
364,404,394
364,405,179
364,406,943
364,407,156
364,408,323
364,410,171
364,412,428
364,418,220
364,419,425
364,427,428
364,428,165
364,434,259
364,435,300
364,438,189
364,440,411
364,445,157
364,446,994
364,448,162
364,455,183
364,456,296
364,457,168
364,458,996
364,459,629
364,468,315
364,469,319
364,470,187
364,471,251
364,472,490
364,477,168
364,478,254
364,480,238
364,481,261
364,483,275
364,484,204
364,485,156
364,489,158
364,490,165
364,491,377
364,492,239
364,499,253
364,501,237
364,504,151
364,506,201
364,508,237
364,518,530
364,524,240
364,525,378
364,526,196
364,527,150
364,539,250
364,540,164
364,542,209
364,543,251
364,544,209
364,548,388
364,549,371
364,552,169
364,555,225
364,562,228
364,563,211
364,564,303
364,567,220
364,568,380
364,569,573
364,571,269
364,574,216
364,575,307
364,580,218
364,581,238
364,588,344
364,589,176
364,606,235
364,609,723
364,610,593
364,612,637
364,614,258
364,615,157
364,616,158
364,617,208
364,618,203
364,619,574
364,626,229
364,627,151
364,630,196
364,632,237
364,638,179
364,640,308
364,645,174
364,648,554
364,656,220
364,657,395
364,659,461
364,662,219
364,667,368
364,701,297
364,712,267
364,715,404
364,726,389
364,727,327
364,730,181
364,732,168
364,734,943
364,735,178
364,736,195
364,737,254
364,738,249
364,739,515
364,740,810
364,741,295
364,742,322
364,743,356
364,757,207
364,762,319
364,770,337
364,771,351
364,772,180
364,773,313
364,775,198
364,776,229
364,777,289
364,779,155
364,781,153
364,782,891
364,783,202
364,784,165
364,785,202
364,786,174
364,789,253
364,792,165
364,796,531
364,797,833
364,805,169
364,811,241
364,842,185
364,896,257
364,927,166
364,941,230
364,943,225
364,969,643
364,982,159
364,983,182
365,366,170
365,367,307
365,368,196
365,369,183
365,371,264
365,375,485
365,377,245
365,382,169
365,383,334
365,384,641
365,387,502
365,388,270
365,391,206
365,392,175
365,393,150
365,398,527
365,403,221
365,404,477
365,405,217
365,406,158
365,407,164
365,419,182
365,424,187
365,426,302
365,429,253
365,430,285
365,431,150
365,432,183
365,433,256
365,434,265
365,435,234
365,437,156
365,438,190
365,439,193
365,440,307
365,442,476
365,447,199
365,448,187
365,453,290
365,455,252
365,456,151
365,468,295
365,469,380
365,470,339
365,471,253
365,472,396
365,477,247
365,478,595
365,480,488
365,481,265
365,482,354
365,483,404
365,486,808
365,490,156
365,492,217
365,500,182
365,509,974
365,510,229
365,518,430
365,524,542
365,525,446
365,530,152
365,536,773
365,539,184
365,543,156
365,546,185
365,552,234
365,553,196
365,554,237
365,556,196
365,558,174
365,564,249
365,565,529
365,566,160
365,567,333
365,569,339
365,571,222
365,574,225
365,575,179
365,576,156
365,580,459
365,581,192
365,583,274
365,588,158
365,589,187
365,604,216
365,606,217
365,607,332
365,608,338
365,609,581
365,610,371
365,612,525
365,614,411
365,618,392
365,619,472
365,620,205
365,621,167
365,626,718
365,627,396
365,634,424
365,635,183
365,638,286
365,640,324
365,645,613
365,646,502
365,647,198
365,648,240
365,652,187
365,656,433
365,661,173
365,667,297
365,669,371
365,709,421
365,712,196
365,713,188
365,715,229
365,726,155
365,736,566
365,737,567
365,739,490
365,740,401
365,741,374
365,742,304
365,744,297
365,746,254
365,758,273
365,759,228
365,764,209
365,765,364
365,766,173
365,767,211
365,768,306
365,769,501
365,770,224
365,771,219
365,780,217
365,782,362
365,785,400
365,786,455
365,787,416
365,788,164
365,789,342
365,792,211
365,794,173
365,796,175
365,799,362
365,820,206
365,900,829
365,943,174
366,367,969
366,368,174
366,370,155
366,372,173
366,374,167
366,376,222
366,382,220
366,383,215
366,384,180
366,385,942
366,386,368
366,387,998
366,388,631
366,389,881
366,390,953
366,391,885
366,392,999
366,393,597
366,394,993
366,395,559
366,396,214
366,400,213
366,401,175
366,403,240
366,404,185
366,406,334
366,407,433
366,408,656
366,419,397
366,420,201
366,421,479
366,422,675
366,425,333
366,429,315
366,430,192
366,431,188
366,432,179
366,434,251
366,435,231
366,437,665
366,440,659
366,442,161
366,444,201
366,445,323
366,448,353
366,450,179
366,452,213
366,453,375
366,454,344
366,455,185
366,457,189
366,459,275
366,467,182
366,468,266
366,469,539
366,470,192
366,471,163
366,472,607
366,476,153
366,477,581
366,478,374
366,480,258
366,481,888
366,483,732
366,484,596
366,485,407
366,487,267
366,488,428
366,489,821
366,490,982
366,491,198
366,492,356
366,497,243
366,503,255
366,504,233
366,508,218
366,509,396
366,511,962
366,512,547
366,517,176
366,518,638
366,522,163
366,524,369
366,525,296
366,526,203
366,527,152
366,533,173
366,534,197
366,535,210
366,537,225
366,540,574
366,542,165
366,543,150
366,544,986
366,545,181
366,548,340
366,550,183
366,552,319
366,553,222
366,554,190
366,558,692
366,562,293
366,564,869
366,565,367
366,566,299
366,567,896
366,568,160
366,569,506
366,572,298
366,573,198
366,574,162
366,575,259
366,576,255
366,578,226
366,580,681
366,581,740
366,582,152
366,583,224
366,587,185
366,588,613
366,594,329
366,595,416
366,596,503
366,600,328
366,601,220
366,604,299
366,606,655
366,607,165
366,609,754
366,610,332
366,611,293
366,612,349
366,613,522
366,614,780
366,617,326
366,618,651
366,619,708
366,623,480
366,624,170
366,626,357
366,631,358
366,632,175
366,635,195
366,638,919
366,640,437
366,642,360
366,643,327
366,644,323
366,645,425
366,646,227
366,648,401
366,652,999
366,656,634
366,657,286
366,659,184
366,660,179
366,661,530
366,662,643
366,663,386
366,667,280
366,678,161
366,679,152
366,682,210
366,688,151
366,703,191
366,710,336
366,715,201
366,716,522
366,722,154
366,733,239
366,734,601
366,735,519
366,736,727
366,737,982
366,740,926
366,741,446
366,742,339
366,747,162
366,748,182
366,755,177
366,756,220
366,757,615
366,758,802
366,760,220
366,763,274
366,764,223
366,770,676
366,771,606
366,772,773
366,773,233
366,774,319
366,776,339
366,777,177
366,779,266
366,780,233
366,781,410
366,782,222
366,783,253
366,785,857
366,786,374
366,788,608
366,789,601
366,792,732
366,796,207
366,798,186
366,799,222
366,800,941
366,801,306
366,802,999
366,803,999
366,811,262
366,880,368
366,921,771
366,981,197
366,982,179
366,983,170
367,368,196
367,369,167
367,371,206
367,375,159
367,376,235
367,377,183
367,378,176
367,379,154
367,381,189
367,382,196
367,383,237
367,384,283
367,385,911
367,386,603
367,387,928
367,388,651
367,389,860
367,390,989
367,391,973
367,392,926
367,393,664
367,394,902
367,395,197
367,397,202
367,398,159
367,400,290
367,401,252
367,402,243
367,403,301
367,404,293
367,406,353
367,407,593
367,408,489
367,410,401
367,411,205
367,413,183
367,415,328
367,418,178
367,419,506
367,421,420
367,422,544
367,424,305
367,425,319
367,428,217
367,429,336
367,430,224
367,431,254
367,432,219
367,433,173
367,434,309
367,435,341
367,437,381
367,440,657
367,441,205
367,442,174
367,444,250
367,445,611
367,446,164
367,448,308
367,449,189
367,450,167
367,452,210
367,453,296
367,454,271
367,455,225
367,457,413
367,458,181
367,463,204
367,467,283
367,468,400
367,469,613
367,470,241
367,471,238
367,472,659
367,476,387
367,477,860
367,478,420
367,480,237
367,481,841
367,482,181
367,483,793
367,484,321
367,485,370
367,486,246
367,487,310
367,489,811
367,490,987
367,491,309
367,492,517
367,497,250
367,500,165
367,501,200
367,503,311
367,504,201
367,505,181
367,506,154
367,508,377
367,509,719
367,511,841
367,512,989
367,514,153
367,516,217
367,517,188
367,518,760
367,524,415
367,525,286
367,526,270
367,527,193
367,528,181
367,532,167
367,533,196
367,536,199
367,537,270
367,538,159
367,539,224
367,540,416
367,542,200
367,543,181
367,544,689
367,546,196
367,547,173
367,548,343
367,549,187
367,550,540
367,552,400
367,553,269
367,554,229
367,557,429
367,558,541
367,559,193
367,561,167
367,562,352
367,564,862
367,565,515
367,566,249
367,567,762
367,568,272
367,569,591
367,572,254
367,574,229
367,575,313
367,576,224
367,578,284
367,580,788
367,581,814
367,583,372
367,584,405
367,585,150
367,588,581
367,589,179
367,594,370
367,595,446
367,596,251
367,597,203
367,599,160
367,600,422
367,604,347
367,606,553
367,608,175
367,609,780
367,610,381
367,611,515
367,612,479
367,613,333
367,614,789
367,615,157
367,616,161
367,617,486
367,618,731
367,619,836
367,623,386
367,626,355
367,631,347
367,632,309
367,635,323
367,638,741
367,640,531
367,642,398
367,643,381
367,644,376
367,645,489
367,646,394
367,648,424
367,651,184
367,652,936
367,656,684
367,657,272
367,658,198
367,659,235
367,660,250
367,661,911
367,662,579
367,663,235
367,667,385
367,670,366
367,671,158
367,672,152
367,674,152
367,678,187
367,679,203
367,682,305
367,683,153
367,685,354
367,703,158
367,710,372
367,714,307
367,715,392
367,716,762
367,719,152
367,721,808
367,722,540
367,733,163
367,734,644
367,735,485
367,736,785
367,737,904
367,739,198
367,740,933
367,741,570
367,742,400
367,745,199
367,747,198
367,748,274
367,749,171
367,757,530
367,758,657
367,759,150
367,760,167
367,763,198
367,764,159
367,766,158
367,769,162
367,770,781
367,771,922
367,772,802
367,773,601
367,774,513
367,775,233
367,776,787
367,777,318
367,778,184
367,779,707
367,780,176
367,781,337
367,782,328
367,783,382
367,785,999
367,786,305
367,788,685
367,789,632
367,792,696
367,794,175
367,795,189
367,796,415
367,798,603
367,799,336
367,800,897
367,801,270
367,802,902
367,803,780
367,804,167
367,811,270
367,823,152
367,833,290
367,842,424
367,851,166
367,874,163
367,880,304
367,915,175
367,921,472
367,935,154
367,937,174
367,981,237
367,982,540
367,983,258
367,984,209
368,369,999
368,370,999
368,373,475
368,377,177
368,385,165
368,386,506
368,387,180
368,388,534
368,389,199
368,390,177
368,391,245
368,392,176
368,394,224
368,395,980
368,396,960
368,400,382
368,402,187
368,407,463
368,408,978
368,410,851
368,411,764
368,422,538
368,428,192
368,437,832
368,438,598
368,440,206
368,442,520
368,444,272
368,447,158
368,448,289
368,457,752
368,468,245
368,469,273
368,470,151
368,472,173
368,477,600
368,478,163
368,481,539
368,483,267
368,485,513
368,489,219
368,490,184
368,494,156
368,503,159
368,512,168
368,518,181
368,523,187
368,532,478
368,534,181
368,537,357
368,542,523
368,543,187
368,548,928
368,567,235
368,580,158
368,588,394
368,597,193
368,600,157
368,606,557
368,608,158
368,609,248
368,610,163
368,614,531
368,616,246
368,619,164
368,623,188
368,634,192
368,635,625
368,637,153
368,638,213
368,652,181
368,657,669
368,659,350
368,716,880
368,720,271
368,722,185
368,735,210
368,737,201
368,740,198
368,758,215
368,764,238
368,765,250
368,768,211
368,770,181
368,771,499
368,779,440
368,782,172
368,783,170
368,785,198
368,787,422
368,792,193
368,802,161
368,803,161
368,815,165
368,983,218
368,984,175
369,370,999
369,373,445
369,377,251
369,385,156
369,386,519
369,387,469
369,388,514
369,389,225
369,394,450
369,395,954
369,396,951
369,400,359
369,402,167
369,408,952
369,410,730
369,411,653
369,422,462
369,425,156
369,426,187
369,427,190
369,437,841
369,438,612
369,440,169
369,442,535
369,444,187
369,446,174
369,447,217
369,448,177
369,456,151
369,457,664
369,458,175
369,468,246
369,469,301
369,470,194
369,471,198
369,472,182
369,477,265
369,480,152
369,481,531
369,483,232
369,485,499
369,487,197
369,490,217
369,506,192
369,518,208
369,532,438
369,542,515
369,543,176
369,548,925
369,567,204
369,569,162
369,580,157
369,583,182
369,588,207
369,597,178
369,606,558
369,609,150
369,610,197
369,614,527
369,616,229
369,634,214
369,635,510
369,638,223
369,640,174
369,652,160
369,657,550
369,659,264
369,667,427
369,686,293
369,687,293
369,716,414
369,720,204
369,735,210
369,737,194
369,740,177
369,747,235
369,764,155
369,765,456
369,767,195
369,768,418
369,771,443
369,779,407
369,782,228
369,787,467
369,791,171
369,803,159
369,811,268
369,820,282
369,935,158
369,984,158
370,373,384
370,386,499
370,387,438
370,388,507
370,391,203
370,394,425
370,395,921
370,396,960
370,400,299
370,407,361
370,408,980
370,410,754
370,411,666
370,422,415
370,424,180
370,437,761
370,438,658
370,440,229
370,442,514
370,444,247
370,447,188
370,448,275
370,457,655
370,466,162
370,467,156
370,468,230
370,469,246
370,470,199
370,477,232
370,481,522
370,483,187
370,485,499
370,487,221
370,489,184
370,494,189
370,518,157
370,532,512
370,542,522
370,548,917
370,556,179
370,567,184
370,588,233
370,597,184
370,599,399
370,606,634
370,610,230
370,614,534
370,616,249
370,634,185
370,635,181
370,652,170
370,653,176
370,657,551
370,659,276
370,716,315
370,720,176
370,735,184
370,740,152
370,744,150
370,765,224
370,767,197
370,768,201
370,771,433
370,779,410
370,782,208
370,787,392
370,798,162
370,803,161
370,815,196
370,900,154
370,968,347
370,973,392
371,372,177
371,373,152
371,377,320
371,383,169
371,384,358
371,395,170
371,400,281
371,441,248
371,447,350
371,463,232
371,478,602
371,481,453
371,482,183
371,483,234
371,486,274
371,510,188
371,512,194
371,514,246
371,518,703
371,533,196
371,534,264
371,535,166
371,536,405
371,550,225
371,567,276
371,569,216
371,577,236
371,578,163
371,580,238
371,583,203
371,606,200
371,607,241
371,609,229
371,610,164
371,618,259
371,619,220
371,621,240
371,626,158
371,634,620
371,635,245
371,636,219
371,640,177
371,647,170
371,656,157
371,715,345
371,719,183
371,736,233
371,737,165
371,738,266
371,740,286
371,743,308
371,744,446
371,745,173
371,760,173
371,763,648
371,764,210
371,765,635
371,766,271
371,767,376
371,768,490
371,771,324
371,774,292
371,778,186
371,782,189
371,785,156
371,787,190
371,789,161
371,792,229
371,803,311
371,849,151
371,900,360
372,382,161
372,383,273
372,384,992
372,398,935
372,399,996
372,428,209
372,440,155
372,447,988
372,478,167
372,480,190
372,482,232
372,490,152
372,511,156
372,518,212
372,535,162
372,550,266
372,565,378
372,602,189
372,608,975
372,619,331
372,622,165
372,629,172
372,635,157
372,647,957
372,656,183
372,664,161
372,710,168
372,715,183
372,738,254
372,740,190
372,744,429
372,745,806
372,763,217
372,764,166
372,767,223
372,768,160
372,785,154
372,789,218
372,799,227
372,836,183
372,839,179
372,877,936
372,970,150
372,971,150
373,384,363
373,395,560
373,396,289
373,400,465
373,410,414
373,419,159
373,437,199
373,438,229
373,442,175
373,443,185
373,447,234
373,448,938
373,449,822
373,450,170
373,455,930
373,457,254
373,461,246
373,462,165
373,464,157
373,477,184
373,480,918
373,482,908
373,483,182
373,494,201
373,500,162
373,523,224
373,532,227
373,534,163
373,540,826
373,544,156
373,557,427
373,565,167
373,566,249
373,567,221
373,583,290
373,607,176
373,621,159
373,626,175
373,632,393
373,634,156
373,647,187
373,648,153
373,649,270
373,650,239
373,665,157
373,668,405
373,716,184
373,740,160
373,765,273
373,768,220
373,769,205
373,770,188
373,771,167
373,776,150
373,787,170
373,836,197
373,837,211
373,839,211
373,840,219
373,943,172
374,387,458
374,397,231
374,408,166
374,413,239
374,414,228
374,415,256
374,419,190
374,422,220
374,429,151
374,435,154
374,453,399
374,454,441
374,467,280
374,476,227
374,481,152
374,483,289
374,489,156
374,513,211
374,515,601
374,516,183
374,517,595
374,519,187
374,522,173
374,536,228
374,547,457
374,548,304
374,556,520
374,567,286
374,588,210
374,589,224
374,596,335
374,604,514
374,620,296
374,631,219
374,659,185
374,670,167
374,672,163
374,674,238
374,679,249
374,688,204
374,716,169
374,733,198
374,737,173
374,740,199
374,743,156
374,751,165
374,759,252
374,764,832
374,770,202
374,771,620
374,782,163
374,788,152
374,792,240
374,798,227
374,940,165
374,967,194
375,388,202
375,391,176
375,398,388
375,404,558
375,405,222
375,419,153
375,420,232
375,435,219
375,437,196
375,442,188
375,443,353
375,445,174
375,455,472
375,456,309
375,458,159
375,472,253
375,478,347
375,481,188
375,483,199
375,485,272
375,488,329
375,492,286
375,500,212
375,503,380
375,505,188
375,509,182
375,518,375
375,524,303
375,525,172
375,533,195
375,539,981
375,551,413
375,552,380
375,558,155
375,562,179
375,565,179
375,567,174
375,569,222
375,575,155
375,580,244
375,581,154
375,600,190
375,608,156
375,609,694
375,610,177
375,612,156
375,614,203
375,616,173
375,618,220
375,619,361
375,623,180
375,625,226
375,626,156
375,629,179
375,640,368
375,648,302
375,649,399
375,650,208
375,656,352
375,702,190
375,709,300
375,715,482
375,719,203
375,726,173
375,730,153
375,736,220
375,739,253
375,740,389
375,741,250
375,742,682
375,743,327
375,746,280
375,748,169
375,755,170
375,758,164
375,759,194
375,769,181
375,771,209
375,782,500
375,785,309
375,789,228
375,790,225
375,791,211
375,794,150
375,795,288
375,796,216
375,797,321
375,817,256
375,818,280
375,834,159
375,838,166
375,843,165
375,858,217
375,915,973
375,927,198
375,943,314
375,968,216
375,969,209
375,970,171
376,397,969
376,401,269
376,403,166
376,405,159
376,406,167
376,419,179
376,422,168
376,425,155
376,429,290
376,431,202
376,461,159
376,462,232
376,463,177
376,467,305
376,468,232
376,469,216
376,471,289
376,472,359
376,476,278
376,478,166
376,481,264
376,483,455
376,485,188
376,487,234
376,492,156
376,499,537
376,502,185
376,503,233
376,508,307
376,509,173
376,518,215
376,526,278
376,527,159
376,537,170
376,542,362
376,552,295
376,558,174
376,564,386
376,567,418
376,569,254
376,578,182
376,581,201
376,583,375
376,588,186
376,606,331
376,609,307
376,610,220
376,612,163
376,613,285
376,619,173
376,621,228
376,626,178
376,635,294
376,638,193
376,640,380
376,642,166
376,645,162
376,656,321
376,667,230
376,670,418
376,671,156
376,678,201
376,715,297
376,724,220
376,728,158
376,735,167
376,736,220
376,737,244
376,740,434
376,752,151
376,758,161
376,759,202
376,770,304
376,771,247
376,776,165
376,782,204
376,783,158
376,785,186
376,789,180
376,792,249
376,806,274
376,823,191
376,833,358
376,842,270
376,973,214
376,981,226
377,384,169
377,400,155
377,404,207
377,405,228
377,419,176
377,429,180
377,437,166
377,438,167
377,442,151
377,444,150
377,448,152
377,457,217
377,463,170
377,466,151
377,467,181
377,472,186
377,478,477
377,480,179
377,483,197
377,486,209
377,489,164
377,518,226
377,527,162
377,532,352
377,533,191
377,534,218
377,536,325
377,539,222
377,540,157
377,549,175
377,551,361
377,560,160
377,567,184
377,571,198
377,580,171
377,583,168
377,598,262
377,603,169
377,606,169
377,607,264
377,608,248
377,609,202
377,610,200
377,619,229
377,621,217
377,622,569
377,623,197
377,626,173
377,634,223
377,635,307
377,638,150
377,658,151
377,709,202
377,710,161
377,714,447
377,715,298
377,721,152
377,737,162
377,738,160
377,740,216
377,744,277
377,765,488
377,766,294
377,767,240
377,768,371
377,769,191
377,770,170
377,785,163
377,787,516
377,836,191
377,837,183
377,839,190
377,900,249
377,922,202
377,935,229
377,943,160
377,962,231
378,379,999
378,380,928
378,381,999
378,382,398
378,383,799
378,384,198
378,386,563
378,402,826
378,442,353
378,454,159
378,473,315
378,474,578
378,475,410
378,476,413
378,483,219
378,487,186
378,519,197
378,520,199
378,559,301
378,561,271
378,562,346
378,567,210
378,582,157
378,583,895
378,590,210
378,628,159
378,632,237
378,637,748
378,647,199
378,655,317
378,682,231
378,697,345
378,700,166
378,703,320
378,704,218
378,717,164
378,718,196
378,725,341
378,727,303
378,745,534
378,750,157
378,798,182
378,804,262
378,867,373
378,870,201
378,877,447
378,929,188
378,935,167
378,948,192
378,967,158
378,971,157
378,978,181
379,380,895
379,381,999
379,382,421
379,383,744
379,386,404
379,402,858
379,416,246
379,442,372
379,451,181
379,454,150
379,473,311
379,474,576
379,475,549
379,476,457
379,481,174
379,483,224
379,487,245
379,499,152
379,519,157
379,520,176
379,524,170
379,561,154
379,562,312
379,567,191
379,583,821
379,596,367
379,632,175
379,633,150
379,636,283
379,637,776
379,655,240
379,673,172
379,682,183
379,690,167
379,692,203
379,693,210
379,694,170
379,695,173
379,697,169
379,701,211
379,703,327
379,704,194
379,705,209
379,708,192
379,717,196
379,718,219
379,725,241
379,727,229
379,740,164
379,745,563
379,785,179
379,786,174
379,804,228
379,831,175
379,867,377
379,870,195
379,877,282
379,932,255
379,947,455
379,951,218
379,957,159
379,958,154
379,978,167
380,381,912
380,383,250
380,386,404
380,402,183
380,442,179
380,451,233
380,473,319
380,474,468
380,475,473
380,476,418
380,477,289
380,519,165
380,583,394
380,632,287
380,636,167
380,637,734
380,642,173
380,673,213
380,676,181
380,680,173
380,691,156
380,693,231
380,699,272
380,701,156
380,703,166
380,718,159
380,727,207
380,745,229
380,831,224
380,867,399
380,877,152
380,932,239
380,951,152
380,952,220
380,955,157
380,960,207
380,966,197
381,382,376
381,383,858
381,384,187
381,386,404
381,402,804
381,453,162
381,473,268
381,474,580
381,475,508
381,476,453
381,477,208
381,481,194
381,483,190
381,487,159
381,519,293
381,561,199
381,562,316
381,567,209
381,583,886
381,590,182
381,614,165
381,632,252
381,636,211
381,637,746
381,647,267
381,655,353
381,673,171
381,674,196
381,682,208
381,690,150
381,695,194
381,697,293
381,702,311
381,703,354
381,704,305
381,725,298
381,727,301
381,737,209
381,740,208
381,745,648
381,750,177
381,761,424
381,766,167
381,770,174
381,804,443
381,825,190
381,845,170
381,862,159
381,867,372
381,870,162
381,877,488
381,951,252
381,967,150
381,978,359
382,383,354
382,384,396
382,400,197
382,402,422
382,405,242
382,406,358
382,407,203
382,409,174
382,419,317
382,428,202
382,434,213
382,435,185
382,442,201
382,445,151
382,465,168
382,468,153
382,469,200
382,472,179
382,476,821
382,478,277
382,480,194
382,481,942
382,487,167
382,499,388
382,508,214
382,518,285
382,519,155
382,551,162
382,557,186
382,558,156
382,562,340
382,569,277
382,571,251
382,574,249
382,582,209
382,583,313
382,590,801
382,594,178
382,606,334
382,609,267
382,610,256
382,614,943
382,615,313
382,617,258
382,619,242
382,626,255
382,632,176
382,633,605
382,634,266
382,636,626
382,640,266
382,642,157
382,645,231
382,647,294
382,648,187
382,655,603
382,667,254
382,687,202
382,688,219
382,695,210
382,703,342
382,708,153
382,711,289
382,712,323
382,713,314
382,715,220
382,717,252
382,723,189
382,725,281
382,726,341
382,727,269
382,729,288
382,732,207
382,734,229
382,736,158
382,737,150
382,739,155
382,740,379
382,745,278
382,748,284
382,749,265
382,750,477
382,751,313
382,752,463
382,753,458
382,754,380
382,755,820
382,756,316
382,768,150
382,771,547
382,779,219
382,782,368
382,783,213
382,785,380
382,789,201
382,804,159
382,831,251
382,842,217
382,854,187
382,870,261
382,877,720
382,929,234
382,933,164
382,941,150
382,964,159
382,967,308
382,968,288
382,969,187
382,970,249
382,971,182
382,972,179
382,973,347
382,974,199
383,384,464
383,387,240
383,390,204
383,391,162
383,392,151
383,394,183
383,398,220
383,399,164
383,402,673
383,403,274
383,413,218
383,419,272
383,422,156
383,428,206
383,429,377
383,430,326
383,431,298
383,432,173
383,434,449
383,435,153
383,442,435
383,447,231
383,452,215
383,453,272
383,454,357
383,468,163
383,474,244
383,475,180
383,476,378
383,478,214
383,480,177
383,481,314
383,483,411
383,484,416
383,487,590
383,489,160
383,501,155
383,512,184
383,518,864
383,519,166
383,522,224
383,524,183
383,533,184
383,534,150
383,535,189
383,540,295
383,550,398
383,559,169
383,562,168
383,565,197
383,566,152
383,567,404
383,569,258
383,570,151
383,580,415
383,581,206
383,583,257
383,585,153
383,586,158
383,588,223
383,590,425
383,606,256
383,609,367
383,610,183
383,612,184
383,613,189
383,618,180
383,619,202
383,623,173
383,624,173
383,626,152
383,628,362
383,632,210
383,638,263
383,640,184
383,645,173
383,647,395
383,648,183
383,654,164
383,655,201
383,656,284
383,657,160
383,661,173
383,703,299
383,704,250
383,709,157
383,710,483
383,713,184
383,716,194
383,727,150
383,733,692
383,734,193
383,735,208
383,736,279
383,737,588
383,740,403
383,745,923
383,752,340
383,755,162
383,756,221
383,758,226
383,763,285
383,770,270
383,771,324
383,774,190
383,778,170
383,782,571
383,785,247
383,789,229
383,792,369
383,796,151
383,798,170
383,800,172
383,804,715
383,830,152
383,849,196
383,877,795
384,387,166
384,388,153
384,391,248
384,398,986
384,399,958
384,402,231
384,419,158
384,421,214
384,428,313
384,429,165
384,439,353
384,440,194
384,442,302
384,447,936
384,449,153
384,461,196
384,466,153
384,472,155
384,477,156
384,478,267
384,481,408
384,483,323
384,484,171
384,486,377
384,489,279
384,490,226
384,512,208
384,518,328
384,524,192
384,529,161
384,533,167
384,534,447
384,535,687
384,536,238
384,550,329
384,556,418
384,558,152
384,565,676
384,567,323
384,569,210
384,580,275
384,581,195
384,588,165
384,590,493
384,606,218
384,607,183
384,608,955
384,609,327
384,610,176
384,614,236
384,615,171
384,616,170
384,617,191
384,618,260
384,619,224
384,622,240
384,626,199
384,627,248
384,632,205
384,634,237
384,635,234
384,638,206
384,640,268
384,642,170
384,643,170
384,644,170
384,645,233
384,647,951
384,648,159
384,652,245
384,655,263
384,656,347
384,664,187
384,668,196
384,669,354
384,706,150
384,710,216
384,715,461
384,720,166
384,734,180
384,736,220
384,737,257
384,738,449
384,740,427
384,741,170
384,744,476
384,745,867
384,750,456
384,752,432
384,763,767
384,764,255
384,765,191
384,766,283
384,767,306
384,768,233
384,769,229
384,770,245
384,771,245
384,774,184
384,785,316
384,787,220
384,789,167
384,792,300
384,799,370
384,803,166
384,804,207
384,809,153
384,814,173
384,820,151
384,831,279
384,836,352
384,837,245
384,839,244
384,840,333
384,877,963
384,883,328
384,900,185
384,935,170
384,937,181
384,956,159
384,960,162
385,386,305
385,387,994
385,388,331
385,389,228
385,390,394
385,391,371
385,392,529
385,393,316
385,394,920
385,404,167
385,407,241
385,408,232
385,417,160
385,419,182
385,421,190
385,422,954
385,440,183
385,448,170
385,453,221
385,454,205
385,472,256
385,477,343
385,478,347
385,481,241
385,483,476
385,484,152
385,485,151
385,489,262
385,490,220
385,491,168
385,492,235
385,509,205
385,511,807
385,512,910
385,518,594
385,544,163
385,548,235
385,549,160
385,558,195
385,562,161
385,564,229
385,565,161
385,567,374
385,569,265
385,570,254
385,572,285
385,580,237
385,581,280
385,588,402
385,595,166
385,596,389
385,600,340
385,604,159
385,606,269
385,609,443
385,612,151
385,618,324
385,619,357
385,623,161
385,631,221
385,638,471
385,642,173
385,646,184
385,652,491
385,656,357
385,657,194
385,659,176
385,661,853
385,662,741
385,663,720
385,716,219
385,734,214
385,735,333
385,736,599
385,737,423
385,740,364
385,741,172
385,758,386
385,770,374
385,771,708
385,772,287
385,773,156
385,774,240
385,775,158
385,776,431
385,780,155
385,781,354
385,783,154
385,785,722
385,788,175
385,792,323
385,796,163
385,800,384
385,801,201
385,802,208
385,803,216
385,849,286
385,921,168
385,928,245
385,932,351
385,940,153
385,984,154
386,387,333
386,388,999
386,389,347
386,390,742
386,391,350
386,392,278
386,393,326
386,394,505
386,404,153
386,406,159
386,407,155
386,408,529
386,412,530
386,419,613
386,420,350
386,422,173
386,425,313
386,426,166
386,429,248
386,431,279
386,433,177
386,434,307
386,435,439
386,445,181
386,446,260
386,448,271
386,458,170
386,459,228
386,467,214
386,468,157
386,469,171
386,472,420
386,476,169
386,477,258
386,478,248
386,481,962
386,483,377
386,484,158
386,488,239
386,489,208
386,490,364
386,492,532
386,500,174
386,503,912
386,504,932
386,505,903
386,507,672
386,508,379
386,509,298
386,511,208
386,512,299
386,514,155
386,518,985
386,524,277
386,526,155
386,548,549
386,552,387
386,564,173
386,565,194
386,567,304
386,568,188
386,569,940
386,571,150
386,574,229
386,575,168
386,580,517
386,581,268
386,583,192
386,588,187
386,600,159
386,606,262
386,609,605
386,610,667
386,611,287
386,612,361
386,613,169
386,614,975
386,615,165
386,616,211
386,617,497
386,618,581
386,619,755
386,624,292
386,638,437
386,640,393
386,642,315
386,643,247
386,644,232
386,645,384
386,646,198
386,648,190
386,650,196
386,652,208
386,656,892
386,659,530
386,661,944
386,662,925
386,663,913
386,667,153
386,722,215
386,736,428
386,737,321
386,740,992
386,741,361
386,742,293
386,747,261
386,758,352
386,770,243
386,771,954
386,772,300
386,773,492
386,774,378
386,776,675
386,777,196
386,779,594
386,782,776
386,783,576
386,785,455
386,786,174
386,789,922
386,792,206
386,794,164
386,795,170
386,796,393
386,800,205
386,802,228
386,803,305
386,842,489
386,867,176
386,897,198
386,921,163
386,937,481
386,943,194
386,981,156
386,982,276
386,983,305
386,984,263
387,388,379
387,389,245
387,390,986
387,391,429
387,392,681
387,393,357
387,394,994
387,403,222
387,404,304
387,406,153
387,407,705
387,408,979
387,412,153
387,414,168
387,419,345
387,421,361
387,422,999
387,429,350
387,430,183
387,431,250
387,432,174
387,433,179
387,434,624
387,435,268
387,437,191
387,440,330
387,444,187
387,445,178
387,448,251
387,453,485
387,454,383
387,455,230
387,457,193
387,467,154
387,468,214
387,469,251
387,472,640
387,476,157
387,477,485
387,478,460
387,480,202
387,481,467
387,483,617
387,484,228
387,485,285
387,487,232
387,489,551
387,490,298
387,491,417
387,492,336
387,509,218
387,511,919
387,512,932
387,516,487
387,518,954
387,524,280
387,525,221
387,526,224
387,527,151
387,536,450
387,539,190
387,540,187
387,544,234
387,548,530
387,549,192
387,552,335
387,558,527
387,559,193
387,562,274
387,564,319
387,565,324
387,566,285
387,567,578
387,569,461
387,570,349
387,572,327
387,575,189
387,576,161
387,578,165
387,580,402
387,581,440
387,583,245
387,588,392
387,594,179
387,595,280
387,596,215
387,600,508
387,604,230
387,606,439
387,609,730
387,610,246
387,612,312
387,613,229
387,614,404
387,618,592
387,619,723
387,623,439
387,624,200
387,626,200
387,631,609
387,635,215
387,636,232
387,638,811
387,640,370
387,642,592
387,643,565
387,644,560
387,645,620
387,646,242
387,648,290
387,652,511
387,656,609
387,657,387
387,659,279
387,661,943
387,662,931
387,663,922
387,667,232
387,673,414
387,682,516
387,683,342
387,688,174
387,690,158
387,710,358
387,715,214
387,716,421
387,718,174
387,721,572
387,722,972
387,733,199
387,734,487
387,735,620
387,736,785
387,737,734
387,738,212
387,739,228
387,740,715
387,741,370
387,742,277
387,755,151
387,756,218
387,757,159
387,758,628
387,763,169
387,764,227
387,770,523
387,771,998
387,772,277
387,773,392
387,774,366
387,775,199
387,776,807
387,777,174
387,779,165
387,780,156
387,781,308
387,782,190
387,783,195
387,785,640
387,786,229
387,787,173
387,788,289
387,789,254
387,792,758
387,796,289
387,798,204
387,799,508
387,800,744
387,801,265
387,802,220
387,803,203
387,811,181
387,833,265
387,849,162
387,880,289
387,921,225
387,981,163
387,982,485
387,983,163
387,984,162
388,389,390
388,390,373
388,391,426
388,392,402
388,393,457
388,394,344
388,404,445
388,406,154
388,407,252
388,408,580
388,411,183
388,418,165
388,419,476
388,420,466
388,421,190
388,422,201
388,425,243
388,426,159
388,429,171
388,431,162
388,434,321
388,435,397
388,440,272
388,446,170
388,448,615
388,449,343
388,453,231
388,455,244
388,458,179
388,467,161
388,468,318
388,469,219
388,470,173
388,471,151
388,472,578
388,476,500
388,477,342
388,478,435
388,481,960
388,483,486
388,484,253
388,485,255
388,486,167
388,488,261
388,489,292
388,490,399
388,491,184
388,492,326
388,497,177
388,500,223
388,503,686
388,504,910
388,505,943
388,507,681
388,509,254
388,511,229
388,512,394
388,515,324
388,517,183
388,518,984
388,523,263
388,524,463
388,525,486
388,526,244
388,527,190
388,533,172
388,539,296
388,542,186
388,544,300
388,546,161
388,548,560
388,550,156
388,552,374
388,553,172
388,554,273
388,558,268
388,564,304
388,565,385
388,567,396
388,568,256
388,569,684
388,571,201
388,572,177
388,573,174
388,574,245
388,575,264
388,576,191
388,578,223
388,579,181
388,580,460
388,581,542
388,583,251
388,588,250
388,594,242
388,595,331
388,600,310
388,604,181
388,606,324
388,609,887
388,610,773
388,611,591
388,612,339
388,613,208
388,614,949
388,615,185
388,616,240
388,617,311
388,618,864
388,619,722
388,623,163
388,626,153
388,630,186
388,631,213
388,632,202
388,638,483
388,640,402
388,642,491
388,643,451
388,644,443
388,645,455
388,646,170
388,648,255
388,650,207
388,652,674
388,656,761
388,657,212
388,661,600
388,662,386
388,663,292
388,667,379
388,678,154
388,684,215
388,694,240
388,709,198
388,710,199
388,715,372
388,716,196
388,719,153
388,721,249
388,722,251
388,734,162
388,735,154
388,736,591
388,737,454
388,739,173
388,740,783
388,741,508
388,742,343
388,743,403
388,745,236
388,747,260
388,748,168
388,753,195
388,756,152
388,758,412
388,769,286
388,770,510
388,771,842
388,772,553
388,773,325
388,774,423
388,775,180
388,776,315
388,777,266
388,779,581
388,781,169
388,782,806
388,783,307
388,785,482
388,786,352
388,788,294
388,789,925
388,792,362
388,794,220
388,796,348
388,799,232
388,800,266
388,801,294
388,802,627
388,803,452
388,842,586
388,867,176
388,880,185
388,897,201
388,915,168
388,921,163
388,937,213
388,943,241
388,962,493
388,981,200
388,982,299
388,983,284
388,984,308
389,390,312
389,391,342
389,392,268
389,393,354
389,394,519
389,404,218
389,407,243
389,408,346
389,412,171
389,419,168
389,420,284
389,421,232
389,422,306
389,429,248
389,433,199
389,435,222
389,448,157
389,449,165
389,472,601
389,478,385
389,481,236
389,483,470
389,484,685
389,485,162
389,488,418
389,489,531
389,490,454
389,491,187
389,492,495
389,509,459
389,511,759
389,512,803
389,518,603
389,523,374
389,524,375
389,525,851
389,526,572
389,527,289
389,539,164
389,543,184
389,544,212
389,548,589
389,549,575
389,552,222
389,558,196
389,564,166
389,565,153
389,567,429
389,568,169
389,569,367
389,572,157
389,580,281
389,581,638
389,588,363
389,589,222
389,595,348
389,600,232
389,606,383
389,609,722
389,611,153
389,612,227
389,613,194
389,614,179
389,618,427
389,619,575
389,623,584
389,631,263
389,638,563
389,640,254
389,645,452
389,646,153
389,648,271
389,652,224
389,656,607
389,657,372
389,659,212
389,661,956
389,662,922
389,663,920
389,666,161
389,667,503
389,672,171
389,684,526
389,709,264
389,710,268
389,722,276
389,735,212
389,736,447
389,737,328
389,740,680
389,741,356
389,742,273
389,743,199
389,758,208
389,770,697
389,771,649
389,772,193
389,773,762
389,774,970
389,775,710
389,776,570
389,777,297
389,778,167
389,779,560
389,781,183
389,783,439
389,784,349
389,785,735
389,786,312
389,788,449
389,789,203
389,792,325
389,794,158
389,796,302
389,800,274
389,801,209
389,802,241
389,803,195
389,849,151
389,921,152
389,937,394
389,982,269
389,983,460
390,391,352
390,392,649
390,393,338
390,394,550
390,398,163
390,404,225
390,407,432
390,408,727
390,411,162
390,419,274
390,421,276
390,422,666
390,429,200
390,432,174
390,433,266
390,434,304
390,435,344
390,437,578
390,440,371
390,445,186
390,448,215
390,453,293
390,454,599
390,455,163
390,457,193
390,467,163
390,468,181
390,469,217
390,472,391
390,477,349
390,478,397
390,481,363
390,483,492
390,484,188
390,485,207
390,487,176
390,488,309
390,489,563
390,490,989
390,491,279
390,492,580
390,495,171
390,497,281
390,498,236
390,503,265
390,509,219
390,511,842
390,512,893
390,518,687
390,523,203
390,524,243
390,525,290
390,526,182
390,539,167
390,540,210
390,544,330
390,548,254
390,549,212
390,550,401
390,552,264
390,553,280
390,558,615
390,559,152
390,562,310
390,564,550
390,565,193
390,566,163
390,567,658
390,569,394
390,572,214
390,575,194
390,578,152
390,580,583
390,581,757
390,588,554
390,594,243
390,595,321
390,596,177
390,600,355
390,604,179
390,606,374
390,609,637
390,610,204
390,611,154
390,612,518
390,613,163
390,614,304
390,617,172
390,618,692
390,619,674
390,623,621
390,631,517
390,633,303
390,635,186
390,636,428
390,638,698
390,640,224
390,642,160
390,645,451
390,646,264
390,648,244
390,652,505
390,656,688
390,657,226
390,661,999
390,662,971
390,663,955
390,667,309
390,684,368
390,710,323
390,715,205
390,716,332
390,721,798
390,722,653
390,734,395
390,735,319
390,736,649
390,737,825
390,740,450
390,741,352
390,742,232
390,756,193
390,757,206
390,758,571
390,764,188
390,770,797
390,771,999
390,772,370
390,773,257
390,774,726
390,775,492
390,776,891
390,777,194
390,779,174
390,780,167
390,781,248
390,782,161
390,783,246
390,785,874
390,786,157
390,788,715
390,789,223
390,792,530
390,796,290
390,799,194
390,800,456
390,801,598
390,802,230
390,803,205
390,811,263
390,849,187
390,865,239
390,880,470
390,921,269
390,940,163
390,968,299
390,982,403
390,983,233
390,984,199
391,392,303
391,393,385
391,394,377
391,400,175
391,401,370
391,404,265
391,407,421
391,408,587
391,411,182
391,412,217
391,415,207
391,419,211
391,421,395
391,422,723
391,429,253
391,430,201
391,431,178
391,433,182
391,434,551
391,435,369
391,440,269
391,442,150
391,448,633
391,449,156
391,450,184
391,453,703
391,454,290
391,455,211
391,467,150
391,468,219
391,469,200
391,470,201
391,472,654
391,477,308
391,478,451
391,481,516
391,483,608
391,484,314
391,485,278
391,487,175
391,488,807
391,489,422
391,490,449
391,491,282
391,492,664
391,500,160
391,506,159
391,507,199
391,508,155
391,509,191
391,511,811
391,512,858
391,515,283
391,517,156
391,518,708
391,522,241
391,523,292
391,524,379
391,525,634
391,526,387
391,527,308
391,534,158
391,535,206
391,536,266
391,537,222
391,539,196
391,540,196
391,542,243
391,544,317
391,548,727
391,549,665
391,552,265
391,558,644
391,562,234
391,564,278
391,565,352
391,566,239
391,567,585
391,568,196
391,569,441
391,572,264
391,573,182
391,575,162
391,580,380
391,581,571
391,583,212
391,588,729
391,589,158
391,594,264
391,595,402
391,596,193
391,600,435
391,604,261
391,606,476
391,609,816
391,610,203
391,611,153
391,612,315
391,613,263
391,614,235
391,616,169
391,618,749
391,619,674
391,620,198
391,623,921
391,626,173
391,631,324
391,632,170
391,635,192
391,638,541
391,640,307
391,642,151
391,645,197
391,646,162
391,648,410
391,652,529
391,656,707
391,657,283
391,659,336
391,661,995
391,662,968
391,663,932
391,666,212
391,667,432
391,669,162
391,703,153
391,709,177
391,710,399
391,715,186
391,716,248
391,721,546
391,722,856
391,733,167
391,734,496
391,735,393
391,736,609
391,737,702
391,740,818
391,741,434
391,742,331
391,743,166
391,755,188
391,756,174
391,758,389
391,763,151
391,769,158
391,770,609
391,771,802
391,772,246
391,773,724
391,774,971
391,775,304
391,776,771
391,777,524
391,778,179
391,779,187
391,781,199
391,783,928
391,785,378
391,786,381
391,788,499
391,789,230
391,792,687
391,794,191
391,796,241
391,799,183
391,800,373
391,801,285
391,802,251
391,803,208
391,811,181
391,815,180
391,833,217
391,880,209
391,921,215
391,935,415
391,969,158
391,982,707
391,983,522
391,984,160
392,393,530
392,394,555
392,404,219
392,406,156
392,407,231
392,408,650
392,419,497
392,421,278
392,422,324
392,434,161
392,435,172
392,440,240
392,445,177
392,448,161
392,453,227
392,454,378
392,457,163
392,468,152
392,469,180
392,472,306
392,477,277
392,478,224
392,480,378
392,481,543
392,483,373
392,484,701
392,487,158
392,488,513
392,489,481
392,490,715
392,491,436
392,492,373
392,497,176
392,506,152
392,509,183
392,511,999
392,512,999
392,518,740
392,524,248
392,525,301
392,534,203
392,540,377
392,544,437
392,552,159
392,553,200
392,558,164
392,564,213
392,565,207
392,567,328
392,568,176
392,569,386
392,572,171
392,576,154
392,580,352
392,581,204
392,583,185
392,588,298
392,594,898
392,595,355
392,600,203
392,601,167
392,606,226
392,609,669
392,611,859
392,612,198
392,614,496
392,618,627
392,619,590
392,623,213
392,626,167
392,632,469
392,638,631
392,640,156
392,645,155
392,648,181
392,652,853
392,656,450
392,661,992
392,662,948
392,663,923
392,667,259
392,675,188
392,684,194
392,710,170
392,715,177
392,716,279
392,722,201
392,734,255
392,736,458
392,737,508
392,738,338
392,740,552
392,741,309
392,742,254
392,750,172
392,757,159
392,758,616
392,763,342
392,770,285
392,771,680
392,772,317
392,773,200
392,774,347
392,775,253
392,776,203
392,777,177
392,779,158
392,780,151
392,781,215
392,783,164
392,785,737
392,786,200
392,789,214
392,792,270
392,796,155
392,800,587
392,801,330
392,802,854
392,803,967
392,810,163
392,815,151
392,867,395
392,880,467
392,921,157
392,982,370
392,983,176
393,394,340
393,404,242
393,408,215
393,409,299
393,421,180
393,424,197
393,448,205
393,449,340
393,453,847
393,454,150
393,455,158
393,472,285
393,473,556
393,477,188
393,478,256
393,481,498
393,483,307
393,488,194
393,489,284
393,490,342
393,491,194
393,492,307
393,497,498
393,509,159
393,511,560
393,512,512
393,518,540
393,524,221
393,525,250
393,539,162
393,540,544
393,544,210
393,559,181
393,565,193
393,566,171
393,567,268
393,569,298
393,580,252
393,581,243
393,583,161
393,588,151
393,590,154
393,594,386
393,595,194
393,600,261
393,601,373
393,606,176
393,609,801
393,611,183
393,612,186
393,614,459
393,617,535
393,618,484
393,619,507
393,632,436
393,638,273
393,640,181
393,646,209
393,648,175
393,652,471
393,656,440
393,661,898
393,662,782
393,663,755
393,667,153
393,672,356
393,674,169
393,722,160
393,736,430
393,737,272
393,740,415
393,741,279
393,742,190
393,758,225
393,770,299
393,771,859
393,772,222
393,773,158
393,774,255
393,775,175
393,776,166
393,777,183
393,778,206
393,779,152
393,780,356
393,781,270
393,783,154
393,785,745
393,786,155
393,789,301
393,792,222
393,799,175
393,800,264
393,801,290
393,802,247
393,803,330
393,815,184
393,843,406
393,867,172
393,880,155
393,932,165
393,983,151
393,984,160
394,395,161
394,404,238
394,407,349
394,408,345
394,419,242
394,421,545
394,422,833
394,429,213
394,431,172
394,434,220
394,435,209
394,437,197
394,440,481
394,448,210
394,453,372
394,454,500
394,455,157
394,466,161
394,468,166
394,469,508
394,472,368
394,477,476
394,478,371
394,481,268
394,483,610
394,484,215
394,485,225
394,487,179
394,489,548
394,490,456
394,491,196
394,492,459
394,509,181
394,511,944
394,512,874
394,514,227
394,518,581
394,524,198
394,525,150
394,526,211
394,527,182
394,544,239
394,548,294
394,549,198
394,552,183
394,558,311
394,559,206
394,562,185
394,564,262
394,565,240
394,566,247
394,567,536
394,569,385
394,572,244
394,574,161
394,575,167
394,580,574
394,581,598
394,583,189
394,588,311
394,595,233
394,596,218
394,600,449
394,604,211
394,606,385
394,609,696
394,610,161
394,612,225
394,613,168
394,614,462
394,618,455
394,619,418
394,622,277
394,623,588
394,624,202
394,626,183
394,631,589
394,633,181
394,635,218
394,636,174
394,638,779
394,640,248
394,642,187
394,645,207
394,648,222
394,652,431
394,656,496
394,657,377
394,659,260
394,661,909
394,662,748
394,663,738
394,667,166
394,710,221
394,715,155
394,716,368
394,717,462
394,722,150
394,733,190
394,734,313
394,735,504
394,736,735
394,737,727
394,740,610
394,741,282
394,742,201
394,758,731
394,764,212
394,770,466
394,771,534
394,772,239
394,773,477
394,774,322
394,775,186
394,776,605
394,777,155
394,778,164
394,781,258
394,782,151
394,783,475
394,785,590
394,788,339
394,789,184
394,792,791
394,796,240
394,799,267
394,800,496
394,801,197
394,802,205
394,803,476
394,811,214
394,833,155
394,849,159
394,880,237
394,921,214
394,937,376
394,982,383
394,983,174
394,984,155
395,396,837
395,399,493
395,400,554
395,403,197
395,408,478
395,410,924
395,411,743
395,412,638
395,422,161
395,437,927
395,438,554
395,440,440
395,447,213
395,448,239
395,449,152
395,457,998
395,468,416
395,469,239
395,472,504
395,477,423
395,478,175
395,480,161
395,483,459
395,485,223
395,487,360
395,494,187
395,508,353
395,510,247
395,511,316
395,512,582
395,518,172
395,523,604
395,532,440
395,544,150
395,548,424
395,557,159
395,560,194
395,565,254
395,567,388
395,569,167
395,581,217
395,588,306
395,606,418
395,610,208
395,623,195
395,634,266
395,638,289
395,647,187
395,657,912
395,659,728
395,667,182
395,710,165
395,713,339
395,716,914
395,720,169
395,733,318
395,735,364
395,737,466
395,740,179
395,758,215
395,759,366
395,761,385
395,765,316
395,768,269
395,770,265
395,786,173
395,787,537
395,792,309
395,798,211
395,814,201
395,835,281
396,399,422
396,400,238
396,410,760
396,411,801
396,412,416
396,422,300
396,423,160
396,428,153
396,437,771
396,438,443
396,440,171
396,447,202
396,448,246
396,457,823
396,472,151
396,477,278
396,483,197
396,487,168
396,494,184
396,511,158
396,512,265
396,518,150
396,523,155
396,532,327
396,548,220
396,560,183
396,567,178
396,598,160
396,638,178
396,657,846
396,659,578
396,677,255
396,716,550
396,720,168
396,758,184
396,765,353
396,768,334
396,787,380
397,401,221
397,404,263
397,442,315
397,455,174
397,456,233
397,462,164
397,467,203
397,469,212
397,470,213
397,471,193
397,472,171
397,478,371
397,481,222
397,483,272
397,492,160
397,494,222
397,497,165
397,500,547
397,502,152
397,508,236
397,509,158
397,533,167
397,552,170
397,555,187
397,558,152
397,567,243
397,569,182
397,575,306
397,580,203
397,581,166
397,595,230
397,609,224
397,612,154
397,619,368
397,626,156
397,629,159
397,632,224
397,635,261
397,640,294
397,649,263
397,656,267
397,697,200
397,715,242
397,735,150
397,738,160
397,739,157
397,740,307
397,746,198
397,747,203
397,759,153
397,769,156
397,770,163
397,771,213
397,779,151
397,783,208
397,785,181
397,789,185
397,792,168
397,813,163
397,818,162
397,821,224
397,834,168
397,835,223
398,399,955
398,428,180
398,440,184
398,447,957
398,478,358
398,480,196
398,482,163
398,486,244
398,518,177
398,534,154
398,550,232
398,553,374
398,565,570
398,575,280
398,586,181
398,608,949
398,609,374
398,628,265
398,647,956
398,652,264
398,656,178
398,710,160
398,737,173
398,738,169
398,740,173
398,744,378
398,745,588
398,748,335
398,751,335
398,752,339
398,754,245
398,755,278
398,763,441
398,764,166
398,767,267
398,768,186
398,789,204
398,799,258
398,877,938
398,935,348
398,944,164
399,411,335
399,428,294
399,447,941
399,459,169
399,503,387
399,504,397
399,507,387
399,550,428
399,565,187
399,567,212
399,608,951
399,647,918
399,723,446
399,726,161
399,744,266
399,745,246
399,821,236
399,877,924
399,979,250
400,401,222
400,402,221
400,403,298
400,404,293
400,410,291
400,413,193
400,419,218
400,425,163
400,429,200
400,442,175
400,447,263
400,448,157
400,461,531
400,462,366
400,463,460
400,464,187
400,465,197
400,466,224
400,472,159
400,476,158
400,478,261
400,480,323
400,481,298
400,483,403
400,487,310
400,508,248
400,509,227
400,512,181
400,518,189
400,524,173
400,525,199
400,532,270
400,533,420
400,540,187
400,554,154
400,555,186
400,558,155
400,562,200
400,566,156
400,567,433
400,569,268
400,571,208
400,576,196
400,578,220
400,580,250
400,581,256
400,583,266
400,588,160
400,589,152
400,596,192
400,606,274
400,607,162
400,609,926
400,610,246
400,612,207
400,614,192
400,618,246
400,619,307
400,621,386
400,623,313
400,626,359
400,632,245
400,633,158
400,634,320
400,635,293
400,636,302
400,638,156
400,640,293
400,642,164
400,645,179
400,648,283
400,656,325
400,658,443
400,661,192
400,665,642
400,690,222
400,703,271
400,710,682
400,714,371
400,715,488
400,719,246
400,734,195
400,736,415
400,737,250
400,740,594
400,741,169
400,744,169
400,745,199
400,755,209
400,765,286
400,766,559
400,767,161
400,768,196
400,770,279
400,771,202
400,786,164
400,787,250
400,789,374
400,792,298
400,804,828
400,816,155
400,896,222
400,900,193
400,929,166
400,964,218
401,403,179
401,406,366
401,419,265
401,429,160
401,436,192
401,450,182
401,467,218
401,472,222
401,480,222
401,481,297
401,483,693
401,484,156
401,509,174
401,518,354
401,533,291
401,552,270
401,567,418
401,569,256
401,578,363
401,580,167
401,581,270
401,588,201
401,606,304
401,609,725
401,610,189
401,612,276
401,613,184
401,614,186
401,618,165
401,619,415
401,623,289
401,635,221
401,638,259
401,640,284
401,642,162
401,643,151
401,645,188
401,648,152
401,652,410
401,656,267
401,666,231
401,667,150
401,710,217
401,714,173
401,733,193
401,735,173
401,736,268
401,737,324
401,740,492
401,742,273
401,755,155
401,758,198
401,760,207
401,770,366
401,771,265
401,773,184
401,774,203
401,776,309
401,777,160
401,782,190
401,783,429
401,785,163
401,788,156
401,789,385
401,792,418
401,796,217
401,804,299
401,822,402
401,922,254
402,442,394
402,448,179
402,454,154
402,461,195
402,466,241
402,476,292
402,480,151
402,487,163
402,500,290
402,518,368
402,519,152
402,534,167
402,562,537
402,567,164
402,582,454
402,583,544
402,587,186
402,590,208
402,595,151
402,596,150
402,623,180
402,626,207
402,632,668
402,636,166
402,648,153
402,655,154
402,695,215
402,697,171
402,703,262
402,717,185
402,718,216
402,725,305
402,727,447
402,728,248
402,740,162
402,745,465
402,750,235
402,752,156
402,753,197
402,766,532
402,782,428
402,804,671
402,813,240
402,815,188
402,831,182
402,867,156
402,877,591
402,929,457
402,933,189
402,941,260
402,966,205
402,978,405
403,419,418
403,421,179
403,422,220
403,427,164
403,429,782
403,430,630
403,431,700
403,432,620
403,433,570
403,434,201
403,435,340
403,439,179
403,442,446
403,444,150
403,448,311
403,450,761
403,453,310
403,454,291
403,455,252
403,456,163
403,461,183
403,466,223
403,467,194
403,472,351
403,473,223
403,477,182
403,478,211
403,480,419
403,481,418
403,482,170
403,483,598
403,484,167
403,485,547
403,486,219
403,487,317
403,500,205
403,508,165
403,509,290
403,512,177
403,518,270
403,524,175
403,526,160
403,534,164
403,535,162
403,536,339
403,540,215
403,544,156
403,552,269
403,554,179
403,556,184
403,558,174
403,564,150
403,566,923
403,567,615
403,569,436
403,571,219
403,576,165
403,578,200
403,580,287
403,581,293
403,583,180
403,588,483
403,589,156
403,600,216
403,606,820
403,607,426
403,609,431
403,610,286
403,612,383
403,613,452
403,614,192
403,617,206
403,618,201
403,619,307
403,626,612
403,627,193
403,632,186
403,635,245
403,638,564
403,640,666
403,642,254
403,643,253
403,644,255
403,645,279
403,648,945
403,649,447
403,650,322
403,656,494
403,657,281
403,669,194
403,688,192
403,709,169
403,710,307
403,714,264
403,715,150
403,716,304
403,719,181
403,733,205
403,734,268
403,735,410
403,736,449
403,737,409
403,739,360
403,740,546
403,741,167
403,744,174
403,756,286
403,758,321
403,764,356
403,765,189
403,766,458
403,768,161
403,769,974
403,770,423
403,771,372
403,776,164
403,779,153
403,782,160
403,785,169
403,787,480
403,789,355
403,792,487
403,804,337
403,820,201
403,834,167
403,836,156
403,877,153
403,900,193
403,943,385
404,405,597
404,418,572
404,419,217
404,424,187
404,428,186
404,434,155
404,435,157
404,440,191
404,442,303
404,443,227
404,445,426
404,448,212
404,450,503
404,455,999
404,456,857
404,458,189
404,459,211
404,467,175
404,472,366
404,477,176
404,478,548
404,481,226
404,482,190
404,483,258
404,485,195
404,486,399
404,490,196
404,492,252
404,495,224
404,500,895
404,510,230
404,518,333
404,523,232
404,524,481
404,525,205
404,533,173
404,536,270
404,539,537
404,552,181
404,554,205
404,555,156
404,558,927
404,567,204
404,569,267
404,571,178
404,580,229
404,581,337
404,583,151
404,589,560
404,593,282
404,595,449
404,600,219
404,607,167
404,608,177
404,609,774
404,610,214
404,612,166
404,614,157
404,618,430
404,619,459
404,625,229
404,629,188
404,632,163
404,638,252
404,640,320
404,645,224
404,648,660
404,649,712
404,650,523
404,652,174
404,656,447
404,697,282
404,709,874
404,715,259
404,729,216
404,736,586
404,737,183
404,738,314
404,739,641
404,740,435
404,741,590
404,742,276
404,746,155
404,758,211
404,764,172
404,765,321
404,769,595
404,770,223
404,771,273
404,782,174
404,785,509
404,786,395
404,787,179
404,789,229
404,790,241
404,791,306
404,794,181
404,796,237
404,799,370
404,802,176
404,803,200
404,817,175
404,818,399
404,833,400
404,834,237
404,836,323
404,837,290
404,839,291
404,840,290
404,842,213
404,851,189
404,858,648
404,915,363
404,927,402
404,943,572
404,955,214
404,968,253
404,969,252
404,970,225
404,982,763
405,426,288
405,434,182
405,445,351
405,446,199
405,450,179
405,455,308
405,456,469
405,458,176
405,478,272
405,485,183
405,499,335
405,500,500
405,518,215
405,524,155
405,551,588
405,555,200
405,562,158
405,563,152
405,571,718
405,581,205
405,583,151
405,589,515
405,593,401
405,609,233
405,610,240
405,626,237
405,634,169
405,648,316
405,649,368
405,650,287
405,655,226
405,667,227
405,709,745
405,723,257
405,724,255
405,725,255
405,726,325
405,727,306
405,728,320
405,729,358
405,730,268
405,731,231
405,732,277
405,736,205
405,739,169
405,740,164
405,746,473
405,748,284
405,749,236
405,750,251
405,751,236
405,752,236
405,753,238
405,754,236
405,755,242
405,761,171
405,769,173
405,782,208
405,790,266
405,791,205
405,797,485
405,806,174
405,811,213
405,815,214
405,817,174
405,818,172
405,842,218
405,897,200
405,928,200
405,940,214
405,941,201
405,943,307
405,967,255
405,968,419
405,969,417
405,970,244
405,971,237
405,972,343
405,973,321
405,975,320
405,977,432
405,978,231
405,982,169
406,413,205
406,419,838
406,420,158
406,429,205
406,437,460
406,438,327
406,439,153
406,443,165
406,445,753
406,446,981
406,448,199
406,450,153
406,452,465
406,458,978
406,468,157
406,469,764
406,471,384
406,472,642
406,477,154
406,478,254
406,480,179
406,481,968
406,483,479
406,485,156
406,486,220
406,487,167
406,489,303
406,492,619
406,501,374
406,503,192
406,504,423
406,505,654
406,506,329
406,508,418
406,509,757
406,511,223
406,512,169
406,518,959
406,521,153
406,524,220
406,525,181
406,536,400
406,537,884
406,539,165
406,540,673
406,541,185
406,542,377
406,544,906
406,546,191
406,552,378
406,559,264
406,560,164
406,564,309
406,566,256
406,567,518
406,569,331
406,576,165
406,578,179
406,580,304
406,581,202
406,582,272
406,583,388
406,585,287
406,586,270
406,587,193
406,588,291
406,594,416
406,597,363
406,599,160
406,601,194
406,606,300
406,609,442
406,610,628
406,611,392
406,612,207
406,613,481
406,614,952
406,616,345
406,617,159
406,618,224
406,619,385
406,622,152
406,624,292
406,626,642
406,627,196
406,629,292
406,635,270
406,638,274
406,640,408
406,642,602
406,643,462
406,644,607
406,645,444
406,646,607
406,648,225
406,656,413
406,661,587
406,667,212
406,685,218
406,687,153
406,690,181
406,691,268
406,692,165
406,710,155
406,711,694
406,715,370
406,716,172
406,718,158
406,728,295
406,731,211
406,733,157
406,734,349
406,736,330
406,737,247
406,739,172
406,740,872
406,741,179
406,742,244
406,747,668
406,751,313
406,752,237
406,753,218
406,754,202
406,755,205
406,756,206
406,757,661
406,758,192
406,760,520
406,761,924
406,762,423
406,770,473
406,771,897
406,773,575
406,776,994
406,780,190
406,782,948
406,783,154
406,785,334
406,786,276
406,787,213
406,789,999
406,790,309
406,792,302
406,795,328
406,796,879
406,797,319
406,799,162
406,815,195
406,816,499
406,817,499
406,830,151
406,831,190
406,836,275
406,842,561
406,846,211
406,849,229
406,851,211
406,862,257
406,863,219
406,864,263
406,865,190
406,867,188
406,873,166
406,874,256
406,897,168
406,927,292
406,933,217
406,947,192
406,951,159
406,954,193
406,965,172
406,967,259
406,973,311
406,975,328
406,980,661
406,981,522
407,408,999
407,411,198
407,412,202
407,419,153
407,421,487
407,422,452
407,434,306
407,435,271
407,437,179
407,440,233
407,448,178
407,453,150
407,468,594
407,469,272
407,471,213
407,472,628
407,477,395
407,481,551
407,483,426
407,485,745
407,489,489
407,490,532
407,491,215
407,492,192
407,506,187
407,509,190
407,511,549
407,512,229
407,516,455
407,518,599
407,524,153
407,543,391
407,548,948
407,549,214
407,553,192
407,558,480
407,564,262
407,567,397
407,569,438
407,572,346
407,578,170
407,580,328
407,581,224
407,588,716
407,594,693
407,595,161
407,606,349
407,609,332
407,610,193
407,612,194
407,613,155
407,614,651
407,618,315
407,619,285
407,623,346
407,631,156
407,635,250
407,638,494
407,642,158
407,645,212
407,648,205
407,652,410
407,654,166
407,656,273
407,657,214
407,659,418
407,661,417
407,663,257
407,667,229
407,673,343
407,682,499
407,710,202
407,716,292
407,721,220
407,728,185
407,734,387
407,735,596
407,736,466
407,737,994
407,740,472
407,741,223
407,742,437
407,748,529
407,750,201
407,752,162
407,753,192
407,754,168
407,758,835
407,770,331
407,771,946
407,772,641
407,773,313
407,774,163
407,776,264
407,779,199
407,781,505
407,782,193
407,783,498
407,785,469
407,788,223
407,789,221
407,792,364
407,800,407
407,801,233
407,802,359
407,811,180
407,836,189
407,880,327
407,921,213
407,932,205
407,982,246
408,410,152
408,411,335
408,412,888
408,419,192
408,421,552
408,422,464
408,425,421
408,428,164
408,429,177
408,430,163
408,431,201
408,432,181
408,434,218
408,435,297
408,437,200
408,440,231
408,446,207
408,457,213
408,467,410
408,468,301
408,469,257
408,470,191
408,471,167
408,472,646
408,477,397
408,478,268
408,479,381
408,481,758
408,483,460
408,484,189
408,485,759
408,487,237
408,489,591
408,490,683
408,492,357
408,505,658
408,508,158
408,509,203
408,510,154
408,511,256
408,512,247
408,518,722
408,519,182
408,524,202
408,525,198
408,526,191
408,527,170
408,537,174
408,543,380
408,548,999
408,549,182
408,553,169
408,556,200
408,558,323
408,564,249
408,567,478
408,568,152
408,569,326
408,572,571
408,580,371
408,581,235
408,588,664
408,594,599
408,595,220
408,604,162
408,606,393
408,609,380
408,610,164
408,612,251
408,613,203
408,614,728
408,618,341
408,619,349
408,623,601
408,631,207
408,635,174
408,638,543
408,640,193
408,642,384
408,645,208
408,648,243
408,652,234
408,656,394
408,657,340
408,659,886
408,661,187
408,667,430
408,679,624
408,710,222
408,716,351
408,721,194
408,722,210
408,724,278
408,728,378
408,734,175
408,735,460
408,736,359
408,737,764
408,740,781
408,741,248
408,742,159
408,758,588
408,761,547
408,770,347
408,771,998
408,772,544
408,773,295
408,774,278
408,776,284
408,777,214
408,779,595
408,781,214
408,782,197
408,783,611
408,785,420
408,786,177
408,787,290
408,788,208
408,789,260
408,792,393
408,800,358
408,801,168
408,802,195
408,803,183
408,817,258
408,818,183
408,880,282
408,921,183
408,981,368
408,983,156
409,419,939
409,445,207
409,452,270
409,474,242
409,475,196
409,476,165
409,501,209
409,504,167
409,519,175
409,521,321
409,522,455
409,528,165
409,540,153
409,544,161
409,563,236
409,582,168
409,584,154
409,585,169
409,586,204
409,587,330
409,590,206
409,594,152
409,597,291
409,601,199
409,609,200
409,619,179
409,628,470
409,633,186
409,636,391
409,637,188
409,645,306
409,653,273
409,654,228
409,673,160
409,685,650
409,686,618
409,687,593
409,688,508
409,689,469
409,690,729
409,691,685
409,692,422
409,693,373
409,694,489
409,695,397
409,696,326
409,698,159
409,699,279
409,700,247
409,701,447
409,703,567
409,704,365
409,705,320
409,706,236
409,707,748
409,708,728
409,717,327
409,718,465
409,726,398
409,740,181
409,749,234
409,751,236
409,752,208
409,756,243
409,782,446
409,805,188
409,815,153
409,843,283
409,846,217
409,854,422
409,860,161
409,865,183
409,867,239
409,870,328
409,871,252
409,908,431
409,933,414
409,940,151
409,941,236
409,950,378
409,951,425
409,952,452
409,954,455
409,955,276
409,956,188
409,957,164
409,958,213
409,959,216
409,960,308
409,966,261
410,411,859
410,412,474
410,437,931
410,438,276
410,448,226
410,457,707
410,472,207
410,477,634
410,478,163
410,483,280
410,485,184
410,494,175
410,510,218
410,523,173
410,532,189
410,540,168
410,548,221
410,563,215
410,565,195
410,567,220
410,569,154
410,583,413
410,588,268
410,598,153
410,610,153
410,621,161
410,623,182
410,634,162
410,638,195
410,657,992
410,659,530
410,667,170
410,679,193
410,698,165
410,714,170
410,716,299
410,720,839
410,735,178
410,740,192
410,747,163
410,764,151
410,765,180
410,768,158
410,786,192
410,792,152
410,874,787
411,437,379
411,438,228
411,440,221
411,446,404
411,457,573
411,468,220
411,469,217
411,472,512
411,477,225
411,481,185
411,483,276
411,489,257
411,510,864
411,532,168
411,548,282
411,567,254
411,588,222
411,606,202
411,609,177
411,619,155
411,623,154
411,638,181
411,657,347
411,659,214
411,667,167
411,716,300
411,720,991
411,734,411
411,737,189
411,740,325
411,761,157
411,767,178
411,770,246
411,771,167
411,787,189
411,789,181
411,792,221
411,798,152
411,804,165
411,855,184
411,955,384
412,419,174
412,422,284
412,428,157
412,435,164
412,446,228
412,457,201
412,458,183
412,472,345
412,483,190
412,489,181
412,543,221
412,548,980
412,556,263
412,567,226
412,588,226
412,606,188
412,623,202
412,628,169
412,631,172
412,634,159
412,643,153
412,657,217
412,659,999
412,661,650
412,662,656
412,663,650
412,672,518
412,675,202
412,676,197
412,677,209
412,678,198
412,679,293
412,716,190
412,735,360
412,740,183
412,761,820
412,771,590
412,773,460
412,776,176
412,777,248
412,783,919
412,820,180
412,846,155
412,941,162
412,983,191
413,414,981
413,416,187
413,417,168
413,419,582
413,427,365
413,429,169
413,445,374
413,450,178
413,452,456
413,453,175
413,467,183
413,481,405
413,483,377
413,501,624
413,504,154
413,505,244
413,509,210
413,513,231
413,515,171
413,520,154
413,524,198
413,540,447
413,541,330
413,544,236
413,550,150
413,554,193
413,566,219
413,567,395
413,569,203
413,570,320
413,580,432
413,581,176
413,582,286
413,585,289
413,586,293
413,588,210
413,589,193
413,591,218
413,594,160
413,596,208
413,597,330
413,604,155
413,606,293
413,609,169
413,610,162
413,613,161
413,632,179
413,635,156
413,638,219
413,640,167
413,645,421
413,648,190
413,656,494
413,664,519
413,665,508
413,674,216
413,679,220
413,685,208
413,691,237
413,715,157
413,736,178
413,737,245
413,740,444
413,751,158
413,752,158
413,756,174
413,757,286
413,770,267
413,771,609
413,776,197
413,785,246
413,789,264
413,792,256
413,798,210
413,815,912
413,843,192
413,846,234
413,849,209
413,860,153
413,861,169
413,865,240
413,867,340
413,877,239
413,933,161
413,947,157
413,965,188
413,981,167
414,415,227
414,419,153
414,421,428
414,427,222
414,428,300
414,452,322
414,481,221
414,483,364
414,500,292
414,501,185
414,505,171
414,509,177
414,510,292
414,513,155
414,526,150
414,537,413
414,561,154
414,567,324
414,569,158
414,580,150
414,588,210
414,596,168
414,598,171
414,606,277
414,631,151
414,632,161
414,638,234
414,656,180
414,658,153
414,664,535
414,665,551
414,674,170
414,679,152
414,680,163
414,682,362
414,736,156
414,737,219
414,740,300
414,750,308
414,755,294
414,770,243
414,771,545
414,785,217
414,792,223
414,798,156
414,865,155
414,867,195
414,877,239
414,949,381
415,427,400
415,429,266
415,433,174
415,453,456
415,454,440
415,467,420
415,468,564
415,478,186
415,481,212
415,483,403
415,498,511
415,501,453
415,515,976
415,517,415
415,526,278
415,527,176
415,529,160
415,536,271
415,541,163
415,547,315
415,556,556
415,567,393
415,569,253
415,580,188
415,581,246
415,584,150
415,588,312
415,596,307
415,598,193
415,604,498
415,606,292
415,612,199
415,613,242
415,620,946
415,631,188
415,632,427
415,638,243
415,644,162
415,656,181
415,666,273
415,670,473
415,671,618
415,672,175
415,673,159
415,674,197
415,679,576
415,680,438
415,681,192
415,682,436
415,733,282
415,735,173
415,737,327
415,740,220
415,752,154
415,759,694
415,764,217
415,767,410
415,770,323
415,771,164
415,772,157
415,777,608
415,788,160
415,792,279
415,798,433
415,850,428
415,861,472
415,934,157
415,948,225
415,949,520
415,965,403
415,984,215
416,417,918
416,443,221
416,451,726
416,452,296
416,460,377
416,501,314
416,540,164
416,567,177
416,582,208
416,584,306
416,585,172
416,586,240
416,591,635
416,592,919
416,597,244
416,653,355
416,654,331
416,655,312
416,685,294
416,690,231
416,691,282
416,692,298
416,693,202
416,701,197
416,702,177
416,707,153
416,708,167
416,754,182
416,760,226
416,825,238
416,826,208
416,830,195
416,831,214
416,832,196
416,843,299
416,845,448
416,846,257
416,847,227
416,849,299
416,855,174
416,860,181
416,861,556
416,865,229
416,867,241
416,908,153
416,930,611
416,931,916
416,932,763
416,944,275
416,947,251
416,951,168
416,956,161
417,442,273
417,451,767
417,452,281
417,460,269
417,479,182
417,486,154
417,501,168
417,540,189
417,553,156
417,567,347
417,570,203
417,580,193
417,584,243
417,585,207
417,586,218
417,591,919
417,592,843
417,597,177
417,653,285
417,654,268
417,668,179
417,673,174
417,674,193
417,677,218
417,690,164
417,753,158
417,755,163
417,760,163
417,772,159
417,824,185
417,825,156
417,830,156
417,831,283
417,843,174
417,845,231
417,846,294
417,847,241
417,849,238
417,852,232
417,853,157
417,861,479
417,865,237
417,867,200
417,930,607
417,931,920
417,932,822
417,944,215
417,956,181
417,957,184
417,958,204
417,960,236
418,420,165
418,425,202
418,455,260
418,481,167
418,485,193
418,492,446
418,500,231
418,518,277
418,524,203
418,528,170
418,609,480
418,618,892
418,619,668
418,640,196
418,656,213
418,672,211
418,675,211
418,676,211
418,677,211
418,678,211
418,740,247
418,741,926
418,742,167
418,785,187
418,786,183
418,789,161
418,802,420
418,858,271
418,943,166
419,421,355
419,422,549
419,425,300
419,426,201
419,428,153
419,429,573
419,430,284
419,431,350
419,432,273
419,433,246
419,434,443
419,435,460
419,437,175
419,439,272
419,441,151
419,442,178
419,444,199
419,445,989
419,446,427
419,448,205
419,449,184
419,450,275
419,452,583
419,453,290
419,454,304
419,455,391
419,457,179
419,458,401
419,459,157
419,463,155
419,467,344
419,468,336
419,469,573
419,470,164
419,471,233
419,472,368
419,474,234
419,475,186
419,476,991
419,477,213
419,478,288
419,480,208
419,481,673
419,483,820
419,484,224
419,485,262
419,486,162
419,487,693
419,489,276
419,490,233
419,492,348
419,499,256
419,501,688
419,503,468
419,504,282
419,505,391
419,506,182
419,507,233
419,508,346
419,509,411
419,511,488
419,512,601
419,516,164
419,518,996
419,519,237
419,521,995
419,522,741
419,524,269
419,525,163
419,526,182
419,527,156
419,533,194
419,536,251
419,537,371
419,539,227
419,540,420
419,541,179
419,542,789
419,543,280
419,544,658
419,546,330
419,548,207
419,550,284
419,551,176
419,552,454
419,553,268
419,562,346
419,564,360
419,565,233
419,566,999
419,567,516
419,568,308
419,569,652
419,571,185
419,572,786
419,573,247
419,574,330
419,575,232
419,576,232
419,578,297
419,580,672
419,581,477
419,582,283
419,583,431
419,585,301
419,586,256
419,587,193
419,588,380
419,589,686
419,590,433
419,594,229
419,595,193
419,596,204
419,597,424
419,599,172
419,601,180
419,604,177
419,606,412
419,609,508
419,610,637
419,611,407
419,612,600
419,613,294
419,614,553
419,615,297
419,616,325
419,617,409
419,618,391
419,619,553
419,624,775
419,625,246
419,626,363
419,627,474
419,628,719
419,630,242
419,632,493
419,633,216
419,634,154
419,635,277
419,636,317
419,637,697
419,638,394
419,640,649
419,642,455
419,643,621
419,644,435
419,645,478
419,646,283
419,648,292
419,652,161
419,655,265
419,656,677
419,657,214
419,659,273
419,660,159
419,661,513
419,662,178
419,664,257
419,665,355
419,667,713
419,668,252
419,669,371
419,672,253
419,673,304
419,674,226
419,675,560
419,676,152
419,678,506
419,679,185
419,680,187
419,682,321
419,683,193
419,685,653
419,686,431
419,687,340
419,688,416
419,689,260
419,690,452
419,691,501
419,692,308
419,693,277
419,694,318
419,695,643
419,696,394
419,697,972
419,698,272
419,699,161
419,701,469
419,703,999
419,704,972
419,705,228
419,706,188
419,707,233
419,708,265
419,710,281
419,711,199
419,712,160
419,713,195
419,714,176
419,715,216
419,716,330
419,717,481
419,718,244
419,719,205
419,723,182
419,724,203
419,725,167
419,726,164
419,729,182
419,733,259
419,734,810
419,735,317
419,736,446
419,737,384
419,738,318
419,740,802
419,741,295
419,742,348
419,743,283
419,746,156
419,747,170
419,748,349
419,749,359
419,750,781
419,751,905
419,752,751
419,753,983
419,754,491
419,755,590
419,756,999
419,757,679
419,758,305
419,760,250
419,761,312
419,762,205
419,764,210
419,770,446
419,771,858
419,772,257
419,773,423
419,774,230
419,776,685
419,777,319
419,779,384
419,780,246
419,781,150
419,782,723
419,783,592
419,785,580
419,787,192
419,789,812
419,790,159
419,792,347
419,794,198
419,795,211
419,796,475
419,797,189
419,798,262
419,800,232
419,802,168
419,805,720
419,811,203
419,815,975
419,816,199
419,817,240
419,820,157
419,827,162
419,828,198
419,830,238
419,831,310
419,832,186
419,842,240
419,849,515
419,854,248
419,867,284
419,870,208
419,874,175
419,877,322
419,897,307
419,908,606
419,933,160
419,937,284
419,940,162
419,947,231
419,950,161
419,951,232
419,952,252
419,953,260
419,954,231
419,955,230
419,956,178
419,957,182
419,958,201
419,959,224
419,960,167
419,967,221
419,968,291
419,969,192
419,979,166
419,981,261
419,982,209
419,983,200
419,984,186
420,455,156
420,472,222
420,481,154
420,483,240
420,488,166
420,491,165
420,492,418
420,496,161
420,518,619
420,525,165
420,536,437
420,564,164
420,567,157
420,569,249
420,581,353
420,609,595
420,612,244
420,618,262
420,619,506
420,624,150
420,625,297
420,640,176
420,655,403
420,656,330
420,663,192
420,686,159
420,736,268
420,740,273
420,741,183
420,742,262
420,770,252
420,771,177
420,774,173
420,777,836
420,785,220
420,789,367
420,794,155
420,796,548
420,802,205
420,817,311
420,867,183
420,921,299
420,943,337
421,422,193
421,429,289
421,431,163
421,434,154
421,435,228
421,440,313
421,467,210
421,468,263
421,469,344
421,472,401
421,477,289
421,481,541
421,483,831
421,484,338
421,485,372
421,487,167
421,489,987
421,490,251
421,492,222
421,509,446
421,511,213
421,512,455
421,518,272
421,524,199
421,525,202
421,526,304
421,527,235
421,538,223
421,540,153
421,543,231
421,547,168
421,548,166
421,549,187
421,550,153
421,552,292
421,553,321
421,556,507
421,558,327
421,564,234
421,565,374
421,567,854
421,568,483
421,569,768
421,572,945
421,575,206
421,576,377
421,580,856
421,581,493
421,588,546
421,594,171
421,595,507
421,596,237
421,600,150
421,601,311
421,604,442
421,606,549
421,609,459
421,610,193
421,611,196
421,612,649
421,613,366
421,614,261
421,617,181
421,618,628
421,619,423
421,626,163
421,631,271
421,632,547
421,638,757
421,640,263
421,642,308
421,643,251
421,644,263
421,645,376
421,646,238
421,648,376
421,651,193
421,652,240
421,656,473
421,664,454
421,667,210
421,676,156
421,678,237
421,710,248
421,716,161
421,719,276
421,720,167
421,721,183
421,722,162
421,724,752
421,728,696
421,732,187
421,734,405
421,735,342
421,736,480
421,737,583
421,740,751
421,741,245
421,742,507
421,745,190
421,747,478
421,758,511
421,770,629
421,771,876
421,772,234
421,773,397
421,774,340
421,776,177
421,777,401
421,779,300
421,781,457
421,783,233
421,785,400
421,786,157
421,788,548
421,789,447
421,792,595
421,795,190
421,796,173
421,799,183
421,800,295
421,802,263
421,810,201
421,811,173
421,880,368
421,921,521
421,928,474
421,970,235
421,979,157
422,425,173
422,429,357
422,431,222
422,432,834
422,434,608
422,435,232
422,437,262
422,440,220
422,444,228
422,445,151
422,453,355
422,454,295
422,457,189
422,467,198
422,468,495
422,469,265
422,472,447
422,477,344
422,478,290
422,481,554
422,483,593
422,484,155
422,485,306
422,487,246
422,489,440
422,490,552
422,492,250
422,497,173
422,503,158
422,508,233
422,509,183
422,510,254
422,511,423
422,512,502
422,518,272
422,524,192
422,537,154
422,538,152
422,544,243
422,548,627
422,549,268
422,552,201
422,553,172
422,558,554
422,562,390
422,564,524
422,566,322
422,567,570
422,569,376
422,572,340
422,575,165
422,578,312
422,580,289
422,581,267
422,583,157
422,588,806
422,594,244
422,595,277
422,600,220
422,604,167
422,606,411
422,609,402
422,610,375
422,612,292
422,613,225
422,614,239
422,615,150
422,617,298
422,618,331
422,619,460
422,623,477
422,624,158
422,626,201
422,631,213
422,633,216
422,635,206
422,636,407
422,638,617
422,640,204
422,642,288
422,643,240
422,644,226
422,645,280
422,648,244
422,652,208
422,656,357
422,657,526
422,659,420
422,662,183
422,675,344
422,677,418
422,682,425
422,703,153
422,707,374
422,710,275
422,716,382
422,721,187
422,722,191
422,733,166
422,734,696
422,735,980
422,736,606
422,737,579
422,740,623
422,741,235
422,742,402
422,756,154
422,757,150
422,758,521
422,764,173
422,767,167
422,770,419
422,771,826
422,772,593
422,773,276
422,774,153
422,776,752
422,779,557
422,781,522
422,782,189
422,783,187
422,785,339
422,786,158
422,787,157
422,788,161
422,789,399
422,792,517
422,796,151
422,798,172
422,800,901
422,801,250
422,802,177
422,803,173
422,811,167
422,880,606
422,921,243
422,983,183
423,449,175
423,472,172
423,477,162
423,483,313
423,504,160
423,567,291
423,568,410
423,569,195
423,581,268
423,606,196
423,609,200
423,613,792
423,619,170
423,638,175
423,640,198
423,656,259
423,667,172
423,736,215
423,737,211
423,740,171
423,770,359
423,773,153
423,785,154
423,788,279
423,792,219
423,921,184
423,922,395
424,440,240
424,477,159
424,481,181
424,482,256
424,483,205
424,508,224
424,524,182
424,528,238
424,529,167
424,546,151
424,550,199
424,559,374
424,565,202
424,567,195
424,569,195
424,580,413
424,583,163
424,600,243
424,609,358
424,618,415
424,619,544
424,630,300
424,656,237
424,715,393
424,736,193
424,737,165
424,740,270
424,741,165
424,742,150
424,744,152
424,771,165
424,785,460
424,786,160
424,847,208
424,874,200
424,962,242
425,431,163
425,434,589
425,435,573
425,448,186
425,462,211
425,463,157
425,467,447
425,469,382
425,472,202
425,481,251
425,483,254
425,492,208
425,500,196
425,503,684
425,504,450
425,506,492
425,507,905
425,508,960
425,509,430
425,518,845
425,524,196
425,533,271
425,539,152
425,548,420
425,552,273
425,557,351
425,567,221
425,569,629
425,572,152
425,574,228
425,578,239
425,579,175
425,580,258
425,581,153
425,588,313
425,589,157
425,606,186
425,609,392
425,610,679
425,611,812
425,612,596
425,614,633
425,616,199
425,617,180
425,618,375
425,619,359
425,638,229
425,640,316
425,642,229
425,643,230
425,644,238
425,645,338
425,646,153
425,656,353
425,661,953
425,662,945
425,663,940
425,708,359
425,715,183
425,721,235
425,736,341
425,737,213
425,740,999
425,741,612
425,742,185
425,758,193
425,770,159
425,771,694
425,772,155
425,773,575
425,774,243
425,776,741
425,777,190
425,779,298
425,782,294
425,783,490
425,785,218
425,789,801
425,792,165
425,796,202
425,816,270
425,817,221
425,842,198
425,968,203
426,435,206
426,456,190
426,458,440
426,459,158
426,467,267
426,473,427
426,481,191
426,487,157
426,492,219
426,506,188
426,508,235
426,509,468
426,518,228
426,549,444
426,557,239
426,574,251
426,578,211
426,579,174
426,580,171
426,581,177
426,583,203
426,609,220
426,610,846
426,614,152
426,617,228
426,619,231
426,626,162
426,642,163
426,644,253
426,646,446
426,667,943
426,684,160
426,713,153
426,721,161
426,726,189
426,729,198
426,737,170
426,740,237
426,755,152
426,771,197
426,772,182
426,773,168
426,775,159
426,776,168
426,777,168
426,779,185
426,780,159
426,781,177
426,782,604
426,783,162
426,784,173
426,789,271
426,790,172
426,796,212
426,797,257
426,811,206
426,813,284
426,823,204
426,935,164
426,937,284
426,977,171
426,979,210
426,982,169
426,983,162
426,984,162
427,446,558
427,448,385
427,449,151
427,452,265
427,461,179
427,466,223
427,490,157
427,501,240
427,512,372
427,515,400
427,540,278
427,541,546
427,550,516
427,554,266
427,570,743
427,580,296
427,582,191
427,585,173
427,586,175
427,589,155
427,591,277
427,592,209
427,593,178
427,597,346
427,610,200
427,631,157
427,632,592
427,671,357
427,690,179
427,714,161
427,718,161
427,740,177
427,764,170
427,765,165
427,767,190
427,771,530
427,777,506
427,798,428
427,804,185
427,840,158
427,850,445
427,865,268
427,873,162
427,954,167
427,965,218
428,438,154
428,440,177
428,447,172
428,468,168
428,469,151
428,470,181
428,471,174
428,472,254
428,480,182
428,481,282
428,483,156
428,497,337
428,498,151
428,500,160
428,502,226
428,518,186
428,524,156
428,525,187
428,537,180
428,550,548
428,556,152
428,562,166
428,580,272
428,596,160
428,608,230
428,609,203
428,610,235
428,612,151
428,614,205
428,615,221
428,617,172
428,618,196
428,619,434
428,627,208
428,638,186
428,640,200
428,647,628
428,648,220
428,656,167
428,664,320
428,672,165
428,711,200
428,712,480
428,715,171
428,716,190
428,738,867
428,740,291
428,742,305
428,744,203
428,755,310
428,761,270
428,771,270
428,785,194
428,877,165
428,953,548
428,979,199
429,430,999
429,431,999
429,432,999
429,433,999
429,434,888
429,435,999
429,437,173
429,439,456
429,442,310
429,445,197
429,447,353
429,448,151
429,449,188
429,450,273
429,453,236
429,454,273
429,455,211
429,462,175
429,463,201
429,467,345
429,468,244
429,469,208
429,472,426
429,476,246
429,477,226
429,478,183
429,480,253
429,481,955
429,483,721
429,484,423
429,485,456
429,486,207
429,487,411
429,489,782
429,492,269
429,498,179
429,503,930
429,508,306
429,509,405
429,512,211
429,516,542
429,518,307
429,522,235
429,524,277
429,525,151
429,526,593
429,527,587
429,533,226
429,536,329
429,537,219
429,538,448
429,540,327
429,543,412
429,544,220
429,548,254
429,549,204
429,552,457
429,554,273
429,556,318
429,558,266
429,562,207
429,563,174
429,564,275
429,566,700
429,567,746
429,568,233
429,569,568
429,571,231
429,572,228
429,574,189
429,575,238
429,576,206
429,578,351
429,580,388
429,581,370
429,583,267
429,588,959
429,596,188
429,604,291
429,606,902
429,607,153
429,609,460
429,610,369
429,611,152
429,612,504
429,613,651
429,614,926
429,617,285
429,618,281
429,619,322
429,622,174
429,623,159
429,626,876
429,627,304
429,631,314
429,635,333
429,638,963
429,640,625
429,642,751
429,643,752
429,644,750
429,645,788
429,646,187
429,648,334
429,656,706
429,657,291
429,659,237
429,661,156
429,666,218
429,667,261
429,669,163
429,672,221
429,675,183
429,678,343
429,681,317
429,682,216
429,686,192
429,688,202
429,692,351
429,702,384
429,703,158
429,710,286
429,715,218
429,716,316
429,719,202
429,721,217
429,722,275
429,724,161
429,728,198
429,733,279
429,734,312
429,735,452
429,736,600
429,737,597
429,739,399
429,740,994
429,741,227
429,742,245
429,747,231
429,754,152
429,755,237
429,756,643
429,758,957
429,759,297
429,764,290
429,767,165
429,770,616
429,771,721
429,773,293
429,774,304
429,776,326
429,777,633
429,779,236
429,782,192
429,783,429
429,785,227
429,787,244
429,788,310
429,789,410
429,792,639
429,796,166
429,798,161
429,800,252
429,804,326
429,818,562
429,870,220
429,877,230
429,900,203
429,921,151
429,941,174
429,949,194
429,973,181
429,981,243
429,983,487
430,431,999
430,432,999
430,433,999
430,434,865
430,435,999
430,439,194
430,450,204
430,453,154
430,454,186
430,463,245
430,467,233
430,468,218
430,470,170
430,472,231
430,476,153
430,477,183
430,480,230
430,481,937
430,483,530
430,484,198
430,485,187
430,486,212
430,487,237
430,489,267
430,492,169
430,503,917
430,508,252
430,509,220
430,516,293
430,518,207
430,526,229
430,527,205
430,543,169
430,552,274
430,564,246
430,566,396
430,567,582
430,568,213
430,569,356
430,571,168
430,572,176
430,575,202
430,578,203
430,580,217
430,581,156
430,588,938
430,606,383
430,609,347
430,610,241
430,612,359
430,613,376
430,614,909
430,617,178
430,618,189
430,619,291
430,626,426
430,627,160
430,631,153
430,635,159
430,638,941
430,640,398
430,642,703
430,643,703
430,644,705
430,645,724
430,656,402
430,657,161
430,661,351
430,666,176
430,710,175
430,716,195
430,721,170
430,722,310
430,724,314
430,735,307
430,736,359
430,737,486
430,739,220
430,740,992
430,745,158
430,755,199
430,758,949
430,764,205
430,770,378
430,771,707
430,773,237
430,774,166
430,776,210
430,777,240
430,779,230
430,782,156
430,783,232
430,787,246
430,789,196
430,792,436
430,804,170
430,818,890
430,827,163
430,877,191
430,974,168
430,983,229
431,432,999
431,433,999
431,434,976
431,435,999
431,439,223
431,442,187
431,445,188
431,449,161
431,450,168
431,453,179
431,454,222
431,455,155
431,467,793
431,468,183
431,472,281
431,477,213
431,480,217
431,481,965
431,483,636
431,484,332
431,485,283
431,487,212
431,488,289
431,489,373
431,492,264
431,493,161
431,498,224
431,503,966
431,504,204
431,505,903
431,507,165
431,508,856
431,509,372
431,516,550
431,518,181
431,526,376
431,527,418
431,533,157
431,536,165
431,538,350
431,540,197
431,543,281
431,544,154
431,548,254
431,552,228
431,556,179
431,566,435
431,567,677
431,568,278
431,569,478
431,575,242
431,578,186
431,580,288
431,581,225
431,583,195
431,588,942
431,606,733
431,607,219
431,609,366
431,610,292
431,612,432
431,613,456
431,614,923
431,615,155
431,616,155
431,617,246
431,618,237
431,619,228
431,626,432
431,627,173
431,631,301
431,635,184
431,638,950
431,640,484
431,642,764
431,643,751
431,644,758
431,645,800
431,646,407
431,648,167
431,651,246
431,656,380
431,657,172
431,659,178
431,661,479
431,662,151
431,666,184
431,667,172
431,672,161
431,678,169
431,681,201
431,682,252
431,686,153
431,715,205
431,716,220
431,721,300
431,722,441
431,724,217
431,733,152
431,734,159
431,735,341
431,736,389
431,737,451
431,739,245
431,740,993
431,742,179
431,755,186
431,756,179
431,758,928
431,764,206
431,770,503
431,771,905
431,773,263
431,774,202
431,776,321
431,777,440
431,779,285
431,782,210
431,783,512
431,787,209
431,788,169
431,789,278
431,792,485
431,800,170
431,804,210
431,877,186
431,921,227
431,937,155
431,983,582
432,433,999
432,434,999
432,435,999
432,449,174
432,467,641
432,468,180
432,472,209
432,477,154
432,480,166
432,481,935
432,483,516
432,484,232
432,485,175
432,486,157
432,489,419
432,492,157
432,493,254
432,498,258
432,503,940
432,508,518
432,509,202
432,516,580
432,518,198
432,526,287
432,527,517
432,537,162
432,538,249
432,543,463
432,552,165
432,556,209
432,559,155
432,560,155
432,561,155
432,564,155
432,566,323
432,567,562
432,568,189
432,569,359
432,571,162
432,575,168
432,580,240
432,581,167
432,588,928
432,598,155
432,599,155
432,600,155
432,601,155
432,602,155
432,603,155
432,604,162
432,606,676
432,607,176
432,609,271
432,610,183
432,612,335
432,613,478
432,614,915
432,617,172
432,619,187
432,626,347
432,627,186
432,631,311
432,635,176
432,638,941
432,640,404
432,642,802
432,643,808
432,644,823
432,645,736
432,651,158
432,656,305
432,657,187
432,661,186
432,666,224
432,672,177
432,681,275
432,721,191
432,722,265
432,724,169
432,735,212
432,736,312
432,737,355
432,739,223
432,740,994
432,756,171
432,758,917
432,759,167
432,764,191
432,770,399
432,771,427
432,776,156
432,777,563
432,779,214
432,782,260
432,783,423
432,789,152
432,792,389
432,921,208
432,934,155
432,935,155
432,949,170
432,983,508
433,434,926
433,435,999
433,466,152
433,467,227
433,472,195
433,478,408
433,481,938
433,483,489
433,484,253
433,488,253
433,489,387
433,490,187
433,492,201
433,493,183
433,498,214
433,503,931
433,508,514
433,509,223
433,516,481
433,526,247
433,527,405
433,536,276
433,537,157
433,538,237
433,543,330
433,552,202
433,556,253
433,564,202
433,566,268
433,567,491
433,568,163
433,569,321
433,572,171
433,580,189
433,581,152
433,583,152
433,588,920
433,606,461
433,609,247
433,610,166
433,612,270
433,613,406
433,614,924
433,615,155
433,616,155
433,617,215
433,619,153
433,626,262
433,631,346
433,638,936
433,640,330
433,642,717
433,643,722
433,644,729
433,645,765
433,651,274
433,656,217
433,661,270
433,662,185
433,663,185
433,672,330
433,681,337
433,684,156
433,721,152
433,722,448
433,724,306
433,735,199
433,736,212
433,737,295
433,739,179
433,740,993
433,755,151
433,758,912
433,770,369
433,771,444
433,773,253
433,774,189
433,776,170
433,777,631
433,779,167
433,783,445
433,789,186
433,792,275
433,796,192
433,829,150
433,921,210
433,937,171
433,949,163
433,983,552
434,435,823
434,445,650
434,446,228
434,452,171
434,458,261
434,463,172
434,468,238
434,469,332
434,472,387
434,476,256
434,477,455
434,478,187
434,481,679
434,483,450
434,485,407
434,488,699
434,489,258
434,490,179
434,492,574
434,497,233
434,501,155
434,503,381
434,504,279
434,506,511
434,507,336
434,508,326
434,509,877
434,512,197
434,514,568
434,518,649
434,524,227
434,526,261
434,527,240
434,543,184
434,544,215
434,548,150
434,552,254
434,554,202
434,564,179
434,567,341
434,568,180
434,569,335
434,572,177
434,574,188
434,580,310
434,583,156
434,588,248
434,589,182
434,604,153
434,606,606
434,609,366
434,610,181
434,611,232
434,612,396
434,613,241
434,614,643
434,615,582
434,616,578
434,617,338
434,618,346
434,619,322
434,622,199
434,626,448
434,635,203
434,638,389
434,640,370
434,642,604
434,643,624
434,644,623
434,645,646
434,646,241
434,656,324
434,657,163
434,661,794
434,662,512
434,663,414
434,664,251
434,711,179
434,715,160
434,716,194
434,721,193
434,722,245
434,726,169
434,729,156
434,730,183
434,734,230
434,735,206
434,736,282
434,737,304
434,740,865
434,741,208
434,742,202
434,748,169
434,750,202
434,755,280
434,757,158
434,758,560
434,761,211
434,769,216
434,770,198
434,771,856
434,772,652
434,773,544
434,775,650
434,776,626
434,777,615
434,779,299
434,780,272
434,781,603
434,782,215
434,783,651
434,784,164
434,785,325
434,787,363
434,788,177
434,789,419
434,792,238
434,795,185
434,797,386
434,800,213
434,817,284
434,842,200
434,849,434
434,854,190
434,880,167
434,897,211
434,927,306
434,929,181
434,937,211
434,943,169
434,980,164
434,981,173
434,982,666
434,983,169
434,984,385
435,442,154
435,445,297
435,446,298
435,450,187
435,458,258
435,466,202
435,467,211
435,468,251
435,469,435
435,470,151
435,472,279
435,476,251
435,477,271
435,478,197
435,481,950
435,483,452
435,484,269
435,485,215
435,488,536
435,489,392
435,490,152
435,492,940
435,497,152
435,498,192
435,503,946
435,504,326
435,506,927
435,507,370
435,508,934
435,509,953
435,512,155
435,514,229
435,516,406
435,518,326
435,524,196
435,526,335
435,527,318
435,536,150
435,538,265
435,543,254
435,548,356
435,549,189
435,552,220
435,554,186
435,556,158
435,564,313
435,566,187
435,567,457
435,568,333
435,569,938
435,572,276
435,575,154
435,580,362
435,581,227
435,583,184
435,588,296
435,595,187
435,604,272
435,606,426
435,609,344
435,610,157
435,611,264
435,612,439
435,613,429
435,614,942
435,615,183
435,616,199
435,617,367
435,618,289
435,619,354
435,622,208
435,626,267
435,627,206
435,631,244
435,635,190
435,638,414
435,640,322
435,642,369
435,643,545
435,644,561
435,645,423
435,646,928
435,648,191
435,656,299
435,657,177
435,661,934
435,662,921
435,663,913
435,667,213
435,684,240
435,716,157
435,721,238
435,722,471
435,724,264
435,726,206
435,727,160
435,728,200
435,730,179
435,734,213
435,735,256
435,736,262
435,737,364
435,740,864
435,741,236
435,742,186
435,743,151
435,748,152
435,750,235
435,751,162
435,753,181
435,754,182
435,755,247
435,756,156
435,758,220
435,759,154
435,761,302
435,769,158
435,770,323
435,771,955
435,772,635
435,773,540
435,774,223
435,775,926
435,776,956
435,777,677
435,779,398
435,780,272
435,781,254
435,782,227
435,783,613
435,784,153
435,785,335
435,788,229
435,789,362
435,792,277
435,795,153
435,796,189
435,797,181
435,800,191
435,805,174
435,817,199
435,837,171
435,842,163
435,854,214
435,880,194
435,897,211
435,929,165
435,937,226
435,943,159
435,949,199
435,967,200
435,968,160
435,977,168
435,979,197
435,982,277
435,983,455
435,984,167
436,524,151
436,537,312
436,539,229
436,609,342
436,619,203
436,625,552
436,648,566
436,649,382
436,813,604
436,915,186
437,438,820
437,439,185
437,440,563
437,444,286
437,445,219
437,453,232
437,457,475
437,467,164
437,468,329
437,469,329
437,470,221
437,471,252
437,472,245
437,477,715
437,478,210
437,481,240
437,483,828
437,484,161
437,485,160
437,487,170
437,489,211
437,490,281
437,505,360
437,511,189
437,512,215
437,518,332
437,523,191
437,530,169
437,532,420
437,533,169
437,537,289
437,542,164
437,543,207
437,544,256
437,548,232
437,558,473
437,559,155
437,561,162
437,562,210
437,564,162
437,565,967
437,566,171
437,567,984
437,569,409
437,578,169
437,580,233
437,581,497
437,583,218
437,588,393
437,594,184
437,606,308
437,609,246
437,610,972
437,613,188
437,614,160
437,616,240
437,618,156
437,619,203
437,623,226
437,626,173
437,635,275
437,638,845
437,640,177
437,651,214
437,656,175
437,657,415
437,659,179
437,667,314
437,710,173
437,715,168
437,716,671
437,722,184
437,724,192
437,734,181
437,735,258
437,736,216
437,737,910
437,740,323
437,741,194
437,758,953
437,767,223
437,770,375
437,771,239
437,774,152
437,782,269
437,785,175
437,787,516
437,788,211
437,789,189
437,792,578
437,799,174
437,800,328
437,820,162
437,935,209
437,983,181
438,440,384
438,442,469
438,444,151
438,446,173
438,448,300
438,450,173
438,457,182
438,468,326
438,469,398
438,470,248
438,471,225
438,472,228
438,483,205
438,494,153
438,499,518
438,518,234
438,529,208
438,530,482
438,532,625
438,542,176
438,543,296
438,544,190
438,560,170
438,564,150
438,567,180
438,571,228
438,583,439
438,584,381
438,594,234
438,597,156
438,599,425
438,600,177
438,610,230
438,616,237
438,619,204
438,623,156
438,630,258
438,634,160
438,638,156
438,640,432
438,660,177
438,667,424
438,713,213
438,722,159
438,723,535
438,724,516
438,725,516
438,726,535
438,727,523
438,728,505
438,729,499
438,730,505
438,731,545
438,732,499
438,751,170
438,770,150
438,782,263
438,786,236
438,787,364
438,799,156
438,820,185
438,935,228
438,967,526
438,968,499
438,969,499
438,970,520
438,971,517
438,972,506
438,973,505
438,974,499
438,975,499
438,976,509
438,977,516
438,978,505
438,979,509
439,448,400
439,450,213
439,473,288
439,478,160
439,480,156
439,518,171
439,537,326
439,545,164
439,549,330
439,566,303
439,571,214
439,607,173
439,609,195
439,610,155
439,618,246
439,626,932
439,627,437
439,637,229
439,640,347
439,649,363
439,655,353
439,656,161
439,690,161
439,691,252
439,692,353
439,693,252
439,694,252
439,705,161
439,715,253
439,729,240
439,732,178
439,736,194
439,739,239
439,740,206
439,756,183
439,782,164
439,789,155
439,797,425
439,815,353
439,836,176
439,951,161
439,954,161
439,955,161
439,959,161
439,960,161
439,974,427
439,977,376
440,443,190
440,448,175
440,453,169
440,454,162
440,457,161
440,463,159
440,467,164
440,468,274
440,469,263
440,472,286
440,477,494
440,478,200
440,481,369
440,483,478
440,486,158
440,489,186
440,490,351
440,491,179
440,492,184
440,495,337
440,509,199
440,511,333
440,512,356
440,516,390
440,518,237
440,524,276
440,525,203
440,528,172
440,529,193
440,532,322
440,533,215
440,534,151
440,535,183
440,544,154
440,550,432
440,552,154
440,553,219
440,558,335
440,564,242
440,565,813
440,567,651
440,569,541
440,575,229
440,580,356
440,581,246
440,583,152
440,588,350
440,594,161
440,595,275
440,600,331
440,606,265
440,609,901
440,610,588
440,612,215
440,613,168
440,614,209
440,618,551
440,619,481
440,626,159
440,632,364
440,635,156
440,638,652
440,640,366
440,642,179
440,645,188
440,648,225
440,652,242
440,656,475
440,657,435
440,661,208
440,663,164
440,710,291
440,715,247
440,716,358
440,734,296
440,735,191
440,736,564
440,737,521
440,740,615
440,741,489
440,742,227
440,744,151
440,758,801
440,763,258
440,770,314
440,771,327
440,772,156
440,774,594
440,782,164
440,785,443
440,786,240
440,788,188
440,789,302
440,792,465
440,796,157
440,798,162
440,800,217
440,801,191
440,802,298
440,803,151
440,811,211
440,880,227
440,921,251
441,442,159
441,472,168
441,481,203
441,483,188
441,492,202
441,509,211
441,514,372
441,518,208
441,526,160
441,527,160
441,534,217
441,565,265
441,567,197
441,569,158
441,580,301
441,595,193
441,609,295
441,612,167
441,614,163
441,618,262
441,619,411
441,634,171
441,648,223
441,656,183
441,737,601
441,740,333
441,742,276
441,747,150
441,769,169
441,771,273
441,774,154
441,775,155
441,776,153
441,785,155
441,789,155
441,795,165
441,836,172
441,837,169
441,839,169
441,840,178
441,874,283
442,443,171
442,444,166
442,446,159
442,447,286
442,448,157
442,449,206
442,453,166
442,455,262
442,456,212
442,462,333
442,463,239
442,464,160
442,465,279
442,467,163
442,468,277
442,469,177
442,470,154
442,471,191
442,472,272
442,473,939
442,478,264
442,480,944
442,481,230
442,482,930
442,483,253
442,485,158
442,486,497
442,489,222
442,494,290
442,499,232
442,500,422
442,504,253
442,518,299
442,523,159
442,524,181
442,533,241
442,534,305
442,535,306
442,536,309
442,540,430
442,542,169
442,543,172
442,546,173
442,549,976
442,550,170
442,551,159
442,552,250
442,554,159
442,555,406
442,556,257
442,562,186
442,564,222
442,566,301
442,567,288
442,568,160
442,569,287
442,571,261
442,580,249
442,581,345
442,583,201
442,586,167
442,591,423
442,592,203
442,606,223
442,607,666
442,608,289
442,609,396
442,610,261
442,612,222
442,613,157
442,618,210
442,619,241
442,623,204
442,626,337
442,627,281
442,630,208
442,633,151
442,635,388
442,638,189
442,640,378
442,645,158
442,647,205
442,648,225
442,650,181
442,656,343
442,666,200
442,667,214
442,668,915
442,669,170
442,703,218
442,707,269
442,708,207
442,712,224
442,713,164
442,714,158
442,715,312
442,736,252
442,737,217
442,738,216
442,739,340
442,740,354
442,746,249
442,747,181
442,750,210
442,751,153
442,755,211
442,759,308
442,764,300
442,767,156
442,769,367
442,770,173
442,771,184
442,782,240
442,783,157
442,785,190
442,787,283
442,789,267
442,791,253
442,792,214
442,804,361
442,809,924
442,814,241
442,820,260
442,831,181
442,835,406
442,836,340
442,837,285
442,838,384
442,839,285
442,840,278
442,846,299
442,864,251
442,877,282
442,883,203
442,933,186
442,962,225
442,967,170
442,970,176
442,976,205
443,450,321
443,455,189
443,456,263
443,457,160
443,458,309
443,461,188
443,462,190
443,465,157
443,494,175
443,495,329
443,500,341
443,523,197
443,524,390
443,533,160
443,542,306
443,559,377
443,560,319
443,561,302
443,566,189
443,568,153
443,569,174
443,592,190
443,598,308
443,599,301
443,600,308
443,601,299
443,602,315
443,603,354
443,609,196
443,621,178
443,629,296
443,643,154
443,649,155
443,668,397
443,679,303
443,680,308
443,701,167
443,715,180
443,719,190
443,746,262
443,814,214
443,824,202
443,898,255
443,934,302
443,935,299
443,943,197
444,455,260
444,472,548
444,481,200
444,483,279
444,489,254
444,498,170
444,518,582
444,526,157
444,527,180
444,532,157
444,536,175
444,540,167
444,557,246
444,559,466
444,560,514
444,561,521
444,562,209
444,567,222
444,569,165
444,580,183
444,583,440
444,588,166
444,598,513
444,599,543
444,600,416
444,603,531
444,606,208
444,609,359
444,610,438
444,612,473
444,618,297
444,619,300
444,620,161
444,628,153
444,638,268
444,640,964
444,648,463
444,656,347
444,659,179
444,666,501
444,714,261
444,716,151
444,740,321
444,741,240
444,767,365
444,770,195
444,771,173
444,782,596
444,785,244
444,792,204
444,796,440
444,922,169
444,928,159
444,934,533
444,935,495
444,981,152
445,446,210
445,450,157
445,452,994
445,454,444
445,456,167
445,458,240
445,460,172
445,461,398
445,466,414
445,472,151
445,474,756
445,475,257
445,476,192
445,481,525
445,483,411
445,485,150
445,487,414
445,489,209
445,490,162
445,492,250
445,496,292
445,497,643
445,500,446
445,501,902
445,504,175
445,505,390
445,506,184
445,508,345
445,509,524
445,511,160
445,512,192
445,514,157
445,518,285
445,524,197
445,525,172
445,537,507
445,540,489
445,541,168
445,542,161
445,544,453
445,550,697
445,552,236
445,562,156
445,566,996
445,567,475
445,569,294
445,576,167
445,578,158
445,580,488
445,581,214
445,582,485
445,583,594
445,585,829
445,586,873
445,587,281
445,594,340
445,597,424
445,606,337
445,609,734
445,610,289
445,611,201
445,612,271
445,613,220
445,614,330
445,617,175
445,618,165
445,619,358
445,626,330
445,628,197
445,630,164
445,635,259
445,638,271
445,640,335
445,642,299
445,643,566
445,644,193
445,645,235
445,646,170
445,648,395
445,649,165
445,656,403
445,664,328
445,667,165
445,673,166
445,685,853
445,686,737
445,687,997
445,688,857
445,689,340
445,690,353
445,691,458
445,692,164
445,693,229
445,694,200
445,699,181
445,701,178
445,703,165
445,704,223
445,705,155
445,707,306
445,708,632
445,716,351
445,717,353
445,718,935
445,731,176
445,733,303
445,734,226
445,736,199
445,737,200
445,740,747
445,742,222
445,747,152
445,750,502
445,751,402
445,752,272
445,753,481
445,755,180
445,756,175
445,757,827
445,760,639
445,770,231
445,771,979
445,772,182
445,773,512
445,775,221
445,776,996
445,777,189
445,779,182
445,780,208
445,781,165
445,782,299
445,783,424
445,785,771
445,786,168
445,789,600
445,792,213
445,796,229
445,811,159
445,815,216
445,818,252
445,825,663
445,826,606
445,827,865
445,828,901
445,829,168
445,846,241
445,849,966
445,854,737
445,860,177
445,862,540
445,863,540
445,864,540
445,865,230
445,867,949
445,873,192
445,880,166
445,933,461
445,940,708
445,950,271
445,951,193
445,952,191
445,954,356
445,955,283
445,959,171
445,981,979
445,982,162
446,455,154
446,458,947
446,459,318
446,467,237
446,468,255
446,469,501
446,470,229
446,471,205
446,472,539
446,481,332
446,483,193
446,492,200
446,499,212
446,501,256
446,503,157
446,504,151
446,506,500
446,508,282
446,518,390
446,525,383
446,537,282
446,542,151
446,543,240
446,546,174
446,562,163
446,563,238
446,564,236
446,567,185
446,568,191
446,569,332
446,580,168
446,588,240
446,606,160
446,609,614
446,610,609
446,612,280
446,614,281
446,615,181
446,616,165
446,619,390
446,626,678
446,627,178
446,630,208
446,632,256
446,640,229
446,642,152
446,643,160
446,644,167
446,645,187
446,648,421
446,656,189
446,667,240
446,698,654
446,711,150
446,713,162
446,726,341
446,727,310
446,730,199
446,734,930
446,736,221
446,737,241
446,739,328
446,740,319
446,741,187
446,742,188
446,757,224
446,761,964
446,762,218
446,771,319
446,772,152
446,773,185
446,775,208
446,776,184
446,777,189
446,782,466
446,783,165
446,789,222
446,792,153
446,796,617
446,797,252
446,801,161
446,805,236
446,811,244
446,817,237
446,820,157
446,827,180
446,828,180
446,842,186
446,896,197
446,897,515
446,941,292
446,974,152
446,978,183
446,981,184
446,982,159
447,455,150
447,482,470
447,534,162
447,536,227
447,550,175
447,555,178
447,556,167
447,571,276
447,583,231
447,598,192
447,607,233
447,608,983
447,623,199
447,626,289
447,634,680
447,647,919
447,669,246
447,692,419
447,702,386
447,707,602
447,708,581
447,715,161
447,738,185
447,739,181
447,744,401
447,745,975
447,756,410
447,759,174
447,761,157
447,765,317
447,768,237
447,769,244
447,787,203
447,790,162
447,803,188
447,809,197
447,820,223
447,836,306
447,837,194
447,838,244
447,839,194
447,840,188
447,855,424
447,870,381
447,877,924
447,955,219
448,449,946
448,450,248
448,453,691
448,454,289
448,455,253
448,457,203
448,467,246
448,472,266
448,473,175
448,477,202
448,478,218
448,480,250
448,481,592
448,483,417
448,484,279
448,485,192
448,486,164
448,487,528
448,489,430
448,490,174
448,492,267
448,494,157
448,500,151
448,501,334
448,509,164
448,512,244
448,515,167
448,518,233
448,523,169
448,526,288
448,527,205
448,536,242
448,537,198
448,540,963
448,542,260
448,544,358
448,549,228
448,552,208
448,554,287
448,558,201
448,559,191
448,560,325
448,562,154
448,564,430
448,565,372
448,567,349
448,569,309
448,573,206
448,580,253
448,581,489
448,583,198
448,588,229
448,595,464
448,600,252
448,606,312
448,609,509
448,610,202
448,611,205
448,612,212
448,614,276
448,615,170
448,618,329
448,619,371
448,626,245
448,630,151
448,632,187
448,638,538
448,640,302
448,645,206
448,648,280
448,656,399
448,667,545
448,710,523
448,714,335
448,716,192
448,735,195
448,736,329
448,737,274
448,740,466
448,741,205
448,742,185
448,758,278
448,770,511
448,771,312
448,772,241
448,773,213
448,776,172
448,777,181
448,779,168
448,780,163
448,781,155
448,782,182
448,785,429
448,786,345
448,788,268
448,789,363
448,792,480
448,794,160
448,799,303
448,811,173
448,815,249
448,840,157
448,931,183
448,984,160
449,479,162
449,483,360
449,487,432
449,501,160
449,536,180
449,537,177
449,540,924
449,544,183
449,565,209
449,567,392
449,569,156
449,580,157
449,581,308
449,583,223
449,606,189
449,607,194
449,609,259
449,619,234
449,626,237
449,627,226
449,632,240
449,640,172
449,647,341
449,656,193
449,710,165
449,715,349
449,733,169
449,737,177
449,739,178
449,740,199
449,747,155
449,770,413
449,771,155
449,785,194
450,452,225
450,455,652
450,456,546
450,467,203
450,472,223
450,478,155
450,480,168
450,481,219
450,483,472
450,484,215
450,485,176
450,487,225
450,492,155
450,494,239
450,500,507
450,501,165
450,503,190
450,507,160
450,518,207
450,523,412
450,524,222
450,525,161
450,526,277
450,527,225
450,537,155
450,539,230
450,540,159
450,543,168
450,558,984
450,559,206
450,560,278
450,561,206
450,567,448
450,569,311
450,571,456
450,580,191
450,581,663
450,583,240
450,585,233
450,586,221
450,588,170
450,589,736
450,593,592
450,595,177
450,598,220
450,599,208
450,600,274
450,601,206
450,602,206
450,603,206
450,606,252
450,607,230
450,609,324
450,612,187
450,613,279
450,618,211
450,619,313
450,623,171
450,626,194
450,629,239
450,638,186
450,640,220
450,648,706
450,649,488
450,650,594
450,656,254
450,672,341
450,673,322
450,674,317
450,675,283
450,676,269
450,677,179
450,678,267
450,679,354
450,680,451
450,681,340
450,682,443
450,683,430
450,709,950
450,710,999
450,721,200
450,733,204
450,734,160
450,735,151
450,736,301
450,737,290
450,740,313
450,742,153
450,758,157
450,765,367
450,766,220
450,768,296
450,770,543
450,771,231
450,773,307
450,774,201
450,776,211
450,777,283
450,783,150
450,785,208
450,786,290
450,787,223
450,788,257
450,789,218
450,792,282
450,805,155
450,817,189
450,818,154
450,824,157
450,915,156
450,922,380
450,934,206
450,935,239
450,943,656
450,948,324
450,962,218
450,964,305
451,452,161
451,460,237
451,475,164
451,477,376
451,501,215
451,557,396
451,563,182
451,567,167
451,570,262
451,584,264
451,586,229
451,591,717
451,592,712
451,628,229
451,648,153
451,653,244
451,654,204
451,692,158
451,693,151
451,694,228
451,696,209
451,704,155
451,754,406
451,755,262
451,762,351
451,824,311
451,825,173
451,826,151
451,829,172
451,830,293
451,831,168
451,832,154
451,843,218
451,845,319
451,846,222
451,847,165
451,849,164
451,854,157
451,855,177
451,861,362
451,865,187
451,867,213
451,930,728
451,931,828
451,932,759
451,933,168
451,941,395
451,944,237
452,460,312
452,474,216
452,475,188
452,476,159
452,481,399
452,483,319
452,490,174
452,496,163
452,497,585
452,501,916
452,504,157
452,505,658
452,508,284
452,509,324
452,511,217
452,521,291
452,522,301
452,524,181
452,535,156
452,537,261
452,540,482
452,541,238
452,544,354
452,550,197
452,552,156
452,554,231
452,566,348
452,567,322
452,569,201
452,570,255
452,580,583
452,582,540
452,584,257
452,585,997
452,586,999
452,587,343
452,591,268
452,592,169
452,594,267
452,597,479
452,601,183
452,606,256
452,609,200
452,610,166
452,611,158
452,614,309
452,619,224
452,626,250
452,628,268
452,632,152
452,635,152
452,638,210
452,640,179
452,645,176
452,646,201
452,648,167
452,653,216
452,654,353
452,656,193
452,667,174
452,673,194
452,674,226
452,675,200
452,685,375
452,686,211
452,687,529
452,688,178
452,690,295
452,691,381
452,692,293
452,695,153
452,699,185
452,707,247
452,716,220
452,718,192
452,731,191
452,734,187
452,740,480
452,742,179
452,751,343
452,752,151
452,755,156
452,756,211
452,757,563
452,760,490
452,771,361
452,776,451
452,780,202
452,783,907
452,786,166
452,789,439
452,815,355
452,821,381
452,825,867
452,826,843
452,827,873
452,828,996
452,830,227
452,831,372
452,843,161
452,845,224
452,846,430
452,849,815
452,854,184
452,855,176
452,860,264
452,861,153
452,862,573
452,863,569
452,864,581
452,865,287
452,867,533
452,870,163
452,873,223
452,908,272
452,933,308
452,941,242
452,944,208
452,947,187
452,951,160
452,954,205
452,955,184
452,958,169
452,960,218
452,965,187
452,981,162
453,454,994
453,476,159
453,477,221
453,478,203
453,481,370
453,483,370
453,487,190
453,489,348
453,490,276
453,501,187
453,509,173
453,511,210
453,512,167
453,515,438
453,518,179
453,536,155
453,538,165
453,540,170
453,544,311
453,547,164
453,558,172
453,562,155
453,564,168
453,565,210
453,566,434
453,567,350
453,569,203
453,572,162
453,580,308
453,581,163
453,583,174
453,588,385
453,594,309
453,595,295
453,596,287
453,604,205
453,606,204
453,607,202
453,609,270
453,614,217
453,618,183
453,619,188
453,624,188
453,626,206
453,632,252
453,633,163
453,636,272
453,637,178
453,638,315
453,642,202
453,643,175
453,644,171
453,645,206
453,656,222
453,657,185
453,674,208
453,688,189
453,690,209
453,705,257
453,710,157
453,716,274
453,733,248
453,734,324
453,735,241
453,736,356
453,737,353
453,740,385
453,741,169
453,751,204
453,756,189
453,758,283
453,764,381
453,770,258
453,771,250
453,772,150
453,777,547
453,778,161
453,781,173
453,785,219
453,786,217
453,789,171
453,792,343
453,798,537
453,800,326
453,804,177
453,815,182
453,850,411
453,877,209
453,880,162
453,922,205
453,940,182
453,951,192
453,954,179
454,476,179
454,477,239
454,478,190
454,481,438
454,483,476
454,486,166
454,487,215
454,489,185
454,490,366
454,502,422
454,511,221
454,512,183
454,515,449
454,518,158
454,519,183
454,540,175
454,547,191
454,548,168
454,553,150
454,565,203
454,566,319
454,567,373
454,569,240
454,572,197
454,575,155
454,580,282
454,581,177
454,583,168
454,588,385
454,590,210
454,595,262
454,596,190
454,604,228
454,606,208
454,607,154
454,609,231
454,610,440
454,612,162
454,614,434
454,617,206
454,618,215
454,619,192
454,626,248
454,632,177
454,635,164
454,636,247
454,638,347
454,640,150
454,642,162
454,643,166
454,644,164
454,645,225
454,656,229
454,657,197
454,674,204
454,688,234
454,690,192
454,705,161
454,716,278
454,717,911
454,733,330
454,734,345
454,735,258
454,736,549
454,737,392
454,740,393
454,747,268
454,755,154
454,756,247
454,758,444
454,764,379
454,770,248
454,771,508
454,777,523
454,785,248
454,789,194
454,792,345
454,798,547
454,800,326
454,801,209
454,804,223
454,846,284
454,850,410
454,877,180
454,880,367
455,456,987
455,457,179
455,458,161
455,472,225
455,473,183
455,478,486
455,480,974
455,481,200
455,482,909
455,483,366
455,485,194
455,486,201
455,487,167
455,489,177
455,490,157
455,492,270
455,494,412
455,500,989
455,510,229
455,518,449
455,523,276
455,524,371
455,525,208
455,536,192
455,539,390
455,540,916
455,549,201
455,551,245
455,554,195
455,566,273
455,567,271
455,569,254
455,571,339
455,578,186
455,580,273
455,581,455
455,583,263
455,589,275
455,593,158
455,606,164
455,607,362
455,608,209
455,609,785
455,610,250
455,612,192
455,614,189
455,618,376
455,619,526
455,625,152
455,626,213
455,633,153
455,634,153
455,638,192
455,640,607
455,645,221
455,648,368
455,649,436
455,650,432
455,656,354
455,707,153
455,708,154
455,709,655
455,710,185
455,713,163
455,715,298
455,716,193
455,736,262
455,738,224
455,739,529
455,740,353
455,741,292
455,742,263
455,758,165
455,764,196
455,765,261
455,766,183
455,769,480
455,770,305
455,771,248
455,777,161
455,782,250
455,785,369
455,786,292
455,789,151
455,792,179
455,799,282
455,818,316
455,820,184
455,833,488
455,834,225
455,836,260
455,837,205
455,839,205
455,840,205
455,842,208
455,851,173
455,858,274
455,864,211
455,915,266
455,927,381
455,943,549
455,981,155
455,982,173
455,983,373
456,458,168
456,459,196
456,469,164
456,470,155
456,478,387
456,480,160
456,488,164
456,492,189
456,494,375
456,495,159
456,500,999
456,502,188
456,503,159
456,518,345
456,523,152
456,524,258
456,533,164
456,537,234
456,539,205
456,555,216
456,558,937
456,562,192
456,571,396
456,580,328
456,581,377
456,589,260
456,609,321
456,610,480
456,616,179
456,618,151
456,619,302
456,626,171
456,629,186
456,635,159
456,640,199
456,648,958
456,649,995
456,650,979
456,661,499
456,707,243
456,708,212
456,709,310
456,712,169
456,715,187
456,726,206
456,727,200
456,729,215
456,736,150
456,739,269
456,740,222
456,742,239
456,746,412
456,759,173
456,761,196
456,765,319
456,769,355
456,770,323
456,774,151
456,782,357
456,785,323
456,786,157
456,797,539
456,817,826
456,823,167
456,833,231
456,842,209
456,897,175
456,915,172
456,940,208
456,943,991
457,469,231
457,472,400
457,477,679
457,478,179
457,481,239
457,483,387
457,485,216
457,487,329
457,510,267
457,518,186
457,523,157
457,532,202
457,538,163
457,540,172
457,548,480
457,565,245
457,567,580
457,569,239
457,583,380
457,588,369
457,598,150
457,606,265
457,609,160
457,613,186
457,632,167
457,638,248
457,645,190
457,657,840
457,659,431
457,667,194
457,679,186
457,710,224
457,716,560
457,720,808
457,723,208
457,735,303
457,736,175
457,737,181
457,740,260
457,758,271
457,759,243
457,765,229
457,768,201
457,770,210
457,771,228
457,787,184
457,792,316
457,798,165
457,800,209
458,459,592
458,467,189
458,468,301
458,469,297
458,470,244
458,471,233
458,472,318
458,480,241
458,481,329
458,483,203
458,492,209
458,499,226
458,500,430
458,501,276
458,518,744
458,524,162
458,525,393
458,526,161
458,537,219
458,542,151
458,543,200
458,546,154
458,548,303
458,552,156
458,562,178
458,563,238
458,564,278
458,567,188
458,568,331
458,569,321
458,572,304
458,575,153
458,580,225
458,594,181
458,606,157
458,609,346
458,610,717
458,612,580
458,613,169
458,614,295
458,616,206
458,619,525
458,626,182
458,627,156
458,630,195
458,632,256
458,640,230
458,645,194
458,648,470
458,656,161
458,662,160
458,667,253
458,684,158
458,686,188
458,687,206
458,711,418
458,712,368
458,713,289
458,715,202
458,716,153
458,723,170
458,726,526
458,727,310
458,729,192
458,730,162
458,731,171
458,732,290
458,734,915
458,736,454
458,737,163
458,739,560
458,740,502
458,741,336
458,742,220
458,746,151
458,757,631
458,761,963
458,762,235
458,771,250
458,772,153
458,773,163
458,775,150
458,776,220
458,777,196
458,779,151
458,780,166
458,782,900
458,783,237
458,784,155
458,789,332
458,792,168
458,794,167
458,795,275
458,796,953
458,797,501
458,805,200
458,811,218
458,817,300
458,827,239
458,828,180
458,842,193
458,869,154
458,896,226
458,897,522
458,941,238
458,973,162
458,981,282
458,982,158
458,983,154
459,463,163
459,481,182
459,500,509
459,518,499
459,524,251
459,525,238
459,559,382
459,569,248
459,577,204
459,600,373
459,609,516
459,610,185
459,614,219
459,619,194
459,662,193
459,723,162
459,761,317
459,773,159
459,782,295
459,789,276
459,796,212
459,797,478
459,858,212
459,896,180
459,897,513
459,927,163
459,943,170
459,973,164
460,501,259
460,511,392
460,540,183
460,547,155
460,582,422
460,585,303
460,586,359
460,591,305
460,592,247
460,594,172
460,597,165
460,598,163
460,609,189
460,654,812
460,664,166
460,665,225
460,673,167
460,685,212
460,686,153
460,687,192
460,690,212
460,691,249
460,692,224
460,693,206
460,699,225
460,702,178
460,707,193
460,708,242
460,753,183
460,827,170
460,829,267
460,831,174
460,843,331
460,845,150
460,846,152
460,847,154
460,849,506
460,854,224
460,860,171
460,861,186
460,865,194
460,867,220
460,870,165
460,930,228
460,931,247
460,932,308
460,934,175
460,940,163
460,944,805
460,966,216
461,462,590
461,463,453
461,464,459
461,465,672
461,466,182
461,478,515
461,483,188
461,486,162
461,492,176
461,529,174
461,533,205
461,554,221
461,555,210
461,562,163
461,567,150
461,582,195
461,583,280
461,589,563
461,593,580
461,622,271
461,626,338
461,633,258
461,634,325
461,635,192
461,640,183
461,647,215
461,697,185
461,698,157
461,711,226
461,712,154
461,715,160
461,717,176
461,719,152
461,720,214
461,740,191
461,760,231
461,765,527
461,766,305
461,767,623
461,768,534
461,793,168
461,797,184
461,804,287
461,809,532
461,814,544
461,831,209
461,838,202
461,898,245
461,899,202
461,929,169
461,964,453
462,463,963
462,464,550
462,465,996
462,466,224
462,481,200
462,483,266
462,509,169
462,533,544
462,551,305
462,555,493
462,557,164
462,567,269
462,569,160
462,571,219
462,578,171
462,606,177
462,609,189
462,619,183
462,621,177
462,626,239
462,627,187
462,634,190
462,635,266
462,640,380
462,656,167
462,658,379
462,711,283
462,712,194
462,715,659
462,719,438
462,736,270
462,737,151
462,740,324
462,746,485
462,747,290
462,755,176
462,756,383
462,765,222
462,770,165
462,789,164
462,792,192
462,793,166
462,796,397
462,804,153
462,809,359
462,814,384
462,816,154
462,817,271
462,831,243
462,836,260
462,837,206
462,838,240
462,898,202
462,899,367
462,958,222
462,980,306
463,464,241
463,465,926
463,466,185
463,472,203
463,481,251
463,483,401
463,504,167
463,506,186
463,508,238
463,509,209
463,518,167
463,524,199
463,525,167
463,533,651
463,552,152
463,554,187
463,555,426
463,567,437
463,569,256
463,571,309
463,576,199
463,578,299
463,581,244
463,588,167
463,606,260
463,609,515
463,610,367
463,612,157
463,613,177
463,618,207
463,619,323
463,621,262
463,622,344
463,626,203
463,634,356
463,635,570
463,638,177
463,640,332
463,648,248
463,649,157
463,656,310
463,658,350
463,710,161
463,711,366
463,713,350
463,714,269
463,715,809
463,719,488
463,726,173
463,736,431
463,737,269
463,738,225
463,739,183
463,740,479
463,742,187
463,746,166
463,747,201
463,763,450
463,770,369
463,771,213
463,774,184
463,778,164
463,785,203
463,786,181
463,787,192
463,788,269
463,789,303
463,792,336
463,796,236
463,804,194
463,809,247
463,811,196
463,814,303
463,816,247
463,817,153
463,838,159
463,898,259
463,899,273
463,970,236
464,465,916
464,466,200
464,533,343
464,555,516
464,562,277
464,571,169
464,607,162
464,627,181
464,640,172
464,679,163
464,680,163
464,715,271
464,719,342
464,740,177
464,782,169
464,804,176
464,809,329
464,814,323
464,836,336
464,898,170
464,899,314
464,950,179
465,466,347
465,483,157
465,533,484
465,551,172
465,555,307
465,582,151
465,627,152
465,634,159
465,635,185
465,640,283
465,648,156
465,658,188
465,711,257
465,712,393
465,713,493
465,715,371
465,719,265
465,723,194
465,729,278
465,736,159
465,738,163
465,739,172
465,740,151
465,746,160
465,747,194
465,748,169
465,755,203
465,782,209
465,791,355
465,793,222
465,809,283
465,814,431
465,817,181
465,836,178
465,838,249
465,898,908
465,899,489
465,943,170
465,979,159
466,470,186
466,478,518
466,483,234
466,486,151
466,492,178
466,529,159
466,536,173
466,538,775
466,554,188
466,567,259
466,569,158
466,582,162
466,583,237
466,589,564
466,593,572
466,604,174
466,606,291
466,622,196
466,623,168
466,633,173
466,634,354
466,635,234
466,640,173
466,657,152
466,669,223
466,698,206
466,709,186
466,711,169
466,712,209
466,713,176
466,720,224
466,760,231
466,765,526
466,766,310
466,767,600
466,768,527
466,770,156
466,793,220
466,804,286
466,809,217
466,814,302
466,835,195
466,898,234
466,929,260
466,964,596
467,468,813
467,469,615
467,472,190
467,477,364
467,480,186
467,481,956
467,483,464
467,485,157
467,487,157
467,500,391
467,503,198
467,505,717
467,508,440
467,509,330
467,511,272
467,515,356
467,517,188
467,518,549
467,524,169
467,526,160
467,536,276
467,537,232
467,547,375
467,548,415
467,556,490
467,557,814
467,558,192
467,564,232
467,566,259
467,567,518
467,569,354
467,573,151
467,574,348
467,580,467
467,581,189
467,583,238
467,588,240
467,596,453
467,604,493
467,606,438
467,608,189
467,609,330
467,610,161
467,611,153
467,612,305
467,613,332
467,614,970
467,618,160
467,619,280
467,620,607
467,621,307
467,622,329
467,623,192
467,626,398
467,635,220
467,638,255
467,640,225
467,642,274
467,643,263
467,644,261
467,645,823
467,646,192
467,648,155
467,656,233
467,657,154
467,659,160
467,670,192
467,672,262
467,673,160
467,674,156
467,675,154
467,678,151
467,679,178
467,682,275
467,710,229
467,714,188
467,715,244
467,716,324
467,724,152
467,735,231
467,736,219
467,737,222
467,740,482
467,742,173
467,748,157
467,750,152
467,755,158
467,758,187
467,759,632
467,764,460
467,770,396
467,771,416
467,772,252
467,773,376
467,776,284
467,777,265
467,779,199
467,783,329
467,785,291
467,786,158
467,787,174
467,788,198
467,789,302
467,792,317
467,799,168
467,806,258
467,815,203
467,823,385
467,828,190
467,873,151
467,921,293
467,962,179
467,967,172
467,982,181
467,983,546
468,469,989
468,470,313
468,471,380
468,472,656
468,477,370
468,478,163
468,480,217
468,481,346
468,483,676
468,484,220
468,485,421
468,486,468
468,487,176
468,489,260
468,490,203
468,492,174
468,495,235
468,503,207
468,504,211
468,509,152
468,512,190
468,515,529
468,516,999
468,518,447
468,526,228
468,527,163
468,530,248
468,533,227
468,537,454
468,538,210
468,540,186
468,542,340
468,543,609
468,544,217
468,545,213
468,546,303
468,547,171
468,548,186
468,552,197
468,553,164
468,558,330
468,562,166
468,564,844
468,565,165
468,567,602
468,569,457
468,571,210
468,574,169
468,575,218
468,580,322
468,581,276
468,583,232
468,588,341
468,594,164
468,595,183
468,596,175
468,600,172
468,604,222
468,606,457
468,608,166
468,609,762
468,610,368
468,612,380
468,613,357
468,614,245
468,618,401
468,619,433
468,620,177
468,623,332
468,626,352
468,627,267
468,630,175
468,631,185
468,635,271
468,637,154
468,638,417
468,640,323
468,645,212
468,656,446
468,657,243
468,660,425
468,661,562
468,667,740
468,678,275
468,682,291
468,710,192
468,715,179
468,716,366
468,721,183
468,722,402
468,734,224
468,735,287
468,736,310
468,737,393
468,740,424
468,741,239
468,745,197
468,758,327
468,759,305
468,761,175
468,770,483
468,771,774
468,772,483
468,773,217
468,774,178
468,776,210
468,777,559
468,782,475
468,783,230
468,785,347
468,787,151
468,788,234
468,789,277
468,792,465
468,799,492
468,811,224
468,820,166
468,834,161
468,868,244
468,921,189
468,943,446
468,983,225
469,470,219
469,471,244
469,472,833
469,475,155
469,477,806
469,478,227
469,480,257
469,481,350
469,482,205
469,483,429
469,484,166
469,485,258
469,487,183
469,489,223
469,490,231
469,492,171
469,495,204
469,497,380
469,499,168
469,503,207
469,504,226
469,508,505
469,509,164
469,511,265
469,512,236
469,518,648
469,524,202
469,526,212
469,527,218
469,528,167
469,533,227
469,537,192
469,540,194
469,542,947
469,543,244
469,544,294
469,545,555
469,546,608
469,548,213
469,552,203
469,558,284
469,562,203
469,564,999
469,565,261
469,567,399
469,569,450
469,571,233
469,580,238
469,581,202
469,583,393
469,588,510
469,594,217
469,600,189
469,606,968
469,609,977
469,610,773
469,612,193
469,613,265
469,614,252
469,618,375
469,619,951
469,620,183
469,621,253
469,623,319
469,626,291
469,627,386
469,635,203
469,638,646
469,640,279
469,642,161
469,644,158
469,645,504
469,652,195
469,656,435
469,657,289
469,659,208
469,660,495
469,667,923
469,708,382
469,710,205
469,712,198
469,713,192
469,715,493
469,716,997
469,728,197
469,729,309
469,734,170
469,735,302
469,736,375
469,737,341
469,740,648
469,741,299
469,753,150
469,758,826
469,762,176
469,770,377
469,771,469
469,772,330
469,773,507
469,776,240
469,779,172
469,781,163
469,782,689
469,783,230
469,785,669
469,787,151
469,788,179
469,789,750
469,792,396
469,796,191
469,799,567
469,800,200
469,803,155
469,811,316
469,834,161
469,842,152
469,868,185
469,943,447
469,973,224
469,974,167
470,471,281
470,472,485
470,477,161
470,478,164
470,480,204
470,483,294
470,489,160
470,503,154
470,518,179
470,533,216
470,538,179
470,542,270
470,543,457
470,545,475
470,546,228
470,564,257
470,565,239
470,567,272
470,569,176
470,571,214
470,574,184
470,580,151
470,581,158
470,600,321
470,606,155
470,608,155
470,609,371
470,610,234
470,612,172
470,618,276
470,619,267
470,620,201
470,623,172
470,626,195
470,630,267
470,638,304
470,640,197
470,645,184
470,656,384
470,667,309
470,676,210
470,710,163
470,736,223
470,737,204
470,740,228
470,758,165
470,759,175
470,770,208
470,771,155
470,772,157
470,782,272
470,785,197
470,792,181
470,799,206
470,833,184
470,851,256
470,921,347
470,934,204
470,962,166
470,974,154
471,472,445
471,480,196
471,482,150
471,483,213
471,495,303
471,518,221
471,521,179
471,533,187
471,535,167
471,538,591
471,542,266
471,543,174
471,552,159
471,558,181
471,562,152
471,564,436
471,567,257
471,568,427
471,569,410
471,607,191
471,609,281
471,610,269
471,614,214
471,618,163
471,619,278
471,620,203
471,623,165
471,626,220
471,627,252
471,638,210
471,640,235
471,656,345
471,662,267
471,667,320
471,710,154
471,716,199
471,736,180
471,737,159
471,740,231
471,760,160
471,770,200
471,771,187
471,782,346
471,785,153
471,789,156
471,792,172
471,796,342
471,811,243
471,868,158
472,476,175
472,477,339
472,478,511
472,480,281
472,481,697
472,482,195
472,483,758
472,484,380
472,485,476
472,486,181
472,487,161
472,488,181
472,489,452
472,490,334
472,491,165
472,492,608
472,503,547
472,504,195
472,507,182
472,508,167
472,509,519
472,511,252
472,512,377
472,516,206
472,517,336
472,518,599
472,522,230
472,523,301
472,524,441
472,525,363
472,526,344
472,527,231
472,533,269
472,536,188
472,537,416
472,538,202
472,539,302
472,540,277
472,542,261
472,543,189
472,544,246
472,548,608
472,549,580
472,550,181
472,552,678
472,554,284
472,558,541
472,559,162
472,562,219
472,564,617
472,565,320
472,567,716
472,568,325
472,569,609
472,571,211
472,572,272
472,574,317
472,575,341
472,576,443
472,577,181
472,578,551
472,580,426
472,581,662
472,583,194
472,588,447
472,589,192
472,594,171
472,595,290
472,600,379
472,604,167
472,606,582
472,608,186
472,609,818
472,610,679
472,611,252
472,612,631
472,613,620
472,614,432
472,617,274
472,618,808
472,619,741
472,623,595
472,624,179
472,626,846
472,627,245
472,630,184
472,631,216
472,635,274
472,638,662
472,640,841
472,642,349
472,643,280
472,644,280
472,645,447
472,646,356
472,648,526
472,652,242
472,656,899
472,657,331
472,659,512
472,660,315
472,661,288
472,662,177
472,663,155
472,666,213
472,667,722
472,678,253
472,679,185
472,682,159
472,709,265
472,710,229
472,711,156
472,712,177
472,713,189
472,715,295
472,716,360
472,722,214
472,726,175
472,733,165
472,734,295
472,735,455
472,736,639
472,737,624
472,739,331
472,740,821
472,741,661
472,742,448
472,743,201
472,747,182
472,748,454
472,751,335
472,753,341
472,755,176
472,756,161
472,757,232
472,758,589
472,759,214
472,761,187
472,770,716
472,771,736
472,772,295
472,773,582
472,774,523
472,775,221
472,776,347
472,777,430
472,778,166
472,779,232
472,781,173
472,782,440
472,783,391
472,785,758
472,786,294
472,787,201
472,788,485
472,789,598
472,792,539
472,794,249
472,795,154
472,796,359
472,799,241
472,800,319
472,802,261
472,803,180
472,811,219
472,833,251
472,868,165
472,915,265
472,921,186
472,973,177
472,974,170
472,981,541
472,982,170
472,983,342
473,476,256
473,482,157
473,483,435
473,485,223
473,509,305
473,540,456
473,541,449
473,549,153
473,567,426
473,581,195
473,606,311
473,607,155
473,613,174
473,623,213
473,626,257
473,640,208
473,646,305
473,656,190
473,658,586
473,666,220
473,668,251
473,697,200
473,770,284
473,797,258
473,822,155
473,835,178
473,959,357
473,964,205
474,475,968
474,476,483
474,501,232
474,505,256
474,521,165
474,522,182
474,540,161
474,541,252
474,544,229
474,559,182
474,562,185
474,566,183
474,567,165
474,570,153
474,580,195
474,582,265
474,583,200
474,584,156
474,585,240
474,586,219
474,587,174
474,597,227
474,601,265
474,632,165
474,637,261
474,655,171
474,672,347
474,673,425
474,674,511
474,675,554
474,676,298
474,677,204
474,682,191
474,685,279
474,686,240
474,687,204
474,688,193
474,690,276
474,691,370
474,692,324
474,693,262
474,694,239
474,699,178
474,702,166
474,704,204
474,718,247
474,731,180
474,745,168
474,751,205
474,752,275
474,756,184
474,757,150
474,782,167
474,825,256
474,826,282
474,827,190
474,846,256
474,849,153
474,854,270
474,860,172
474,865,290
474,867,153
474,870,297
474,871,151
474,873,223
474,880,175
474,908,154
474,933,323
474,940,180
474,951,154
474,954,191
474,957,243
474,959,167
474,965,213
474,966,209
475,476,456
475,483,151
475,540,158
475,544,196
475,559,160
475,560,192
475,567,169
475,582,163
475,583,208
475,591,198
475,597,173
475,600,185
475,637,363
475,654,247
475,655,227
475,672,350
475,673,435
475,674,449
475,675,753
475,676,280
475,677,179
475,679,167
475,682,191
475,685,343
475,686,276
475,687,183
475,688,237
475,690,276
475,691,280
475,692,205
475,693,208
475,694,254
475,699,163
475,701,190
475,702,165
475,703,176
475,704,202
475,708,163
475,717,198
475,718,162
475,731,171
475,740,154
475,826,257
475,828,164
475,830,180
475,843,210
475,854,183
475,867,236
475,870,246
475,908,174
475,933,250
475,951,157
475,972,161
476,477,234
476,478,213
476,481,946
476,483,279
476,487,159
476,492,205
476,499,170
476,504,903
476,505,901
476,518,371
476,533,197
476,549,323
476,554,178
476,559,649
476,560,405
476,561,222
476,562,439
476,566,157
476,567,252
476,569,218
476,580,158
476,582,283
476,583,533
476,588,156
476,589,153
476,596,319
476,598,209
476,599,196
476,600,616
476,603,222
476,606,212
476,609,297
476,610,167
476,611,414
476,614,921
476,618,190
476,619,288
476,632,178
476,633,582
476,635,172
476,636,582
476,637,221
476,638,310
476,640,299
476,642,239
476,643,200
476,644,225
476,645,218
476,655,211
476,656,288
476,678,391
476,685,156
476,686,252
476,688,201
476,695,150
476,697,157
476,703,307
476,710,154
476,715,161
476,717,151
476,718,173
476,723,198
476,724,239
476,725,283
476,726,173
476,727,214
476,728,162
476,733,195
476,734,223
476,736,383
476,737,225
476,740,749
476,748,168
476,749,150
476,750,288
476,751,221
476,752,154
476,753,311
476,754,244
476,755,798
476,756,256
476,758,201
476,770,199
476,771,423
476,773,396
476,776,184
476,785,264
476,789,268
476,792,151
476,804,595
476,870,175
476,871,269
476,929,329
476,934,204
476,935,216
476,957,162
476,967,294
476,968,170
476,970,175
476,973,156
477,478,193
477,480,202
477,481,495
477,483,751
477,484,150
477,485,204
477,487,259
477,489,280
477,490,274
477,491,188
477,492,299
477,495,188
477,501,156
477,503,194
477,508,172
477,509,351
477,511,329
477,512,402
477,516,280
477,518,454
477,524,210
477,526,225
477,527,204
477,536,161
477,537,226
477,540,168
477,542,151
477,543,198
477,544,210
477,546,310
477,547,227
477,548,313
477,550,151
477,552,178
477,557,285
477,558,293
477,564,393
477,565,256
477,567,765
477,568,300
477,569,462
477,575,238
477,576,337
477,580,457
477,581,542
477,588,553
477,594,226
477,595,173
477,596,263
477,600,298
477,604,205
477,606,370
477,607,169
477,609,508
477,610,296
477,612,419
477,613,642
477,614,320
477,617,153
477,618,512
477,619,708
477,621,152
477,623,277
477,626,195
477,630,150
477,631,223
477,632,168
477,635,171
477,638,871
477,640,335
477,642,217
477,643,213
477,644,244
477,645,332
477,648,164
477,651,211
477,652,197
477,656,460
477,657,802
477,659,222
477,661,152
477,667,256
477,670,169
477,710,300
477,715,183
477,716,837
477,734,315
477,735,380
477,736,548
477,737,599
477,740,612
477,741,376
477,742,218
477,758,755
477,764,218
477,766,163
477,770,430
477,771,568
477,772,362
477,773,208
477,774,232
477,775,189
477,776,224
477,777,221
477,779,238
477,781,246
477,782,204
477,783,270
477,785,570
477,786,206
477,787,202
477,788,170
477,789,351
477,792,594
477,796,150
477,798,217
477,799,258
477,800,345
477,801,177
477,802,187
477,803,424
477,811,200
477,833,180
477,880,274
477,921,268
477,935,150
477,982,164
477,983,166
478,480,189
478,481,467
478,482,191
478,483,433
478,484,172
478,485,222
478,486,674
478,487,187
478,488,208
478,489,249
478,490,297
478,492,524
478,500,278
478,504,191
478,509,280
478,510,507
478,511,163
478,512,225
478,517,187
478,518,419
478,519,153
478,523,298
478,524,387
478,525,225
478,526,172
478,533,184
478,534,156
478,535,158
478,536,475
478,537,175
478,539,406
478,540,154
478,544,151
478,548,151
478,552,330
478,554,311
478,555,165
478,556,167
478,558,265
478,559,213
478,561,192
478,562,305
478,564,208
478,565,252
478,566,205
478,567,394
478,568,191
478,569,430
478,575,171
478,578,173
478,580,284
478,581,383
478,583,572
478,587,356
478,588,297
478,589,470
478,590,206
478,591,328
478,593,375
478,594,189
478,595,201
478,596,151
478,597,150
478,600,294
478,603,176
478,606,284
478,607,227
478,608,243
478,609,617
478,610,365
478,612,292
478,613,177
478,614,325
478,617,222
478,618,486
478,619,551
478,620,161
478,621,294
478,622,164
478,623,337
478,626,294
478,633,428
478,635,362
478,636,265
478,638,460
478,640,406
478,642,171
478,643,178
478,644,174
478,645,261
478,646,164
478,648,249
478,650,200
478,652,187
478,655,188
478,656,674
478,661,223
478,665,167
478,667,158
478,669,173
478,678,153
478,679,314
478,699,164
478,700,164
478,702,171
478,703,193
478,707,153
478,708,168
478,709,378
478,710,292
478,712,185
478,715,309
478,716,163
478,717,228
478,718,206
478,720,339
478,734,242
478,735,216
478,736,536
478,737,325
478,738,283
478,739,232
478,740,616
478,741,353
478,742,326
478,744,205
478,745,199
478,747,157
478,748,206
478,749,176
478,751,179
478,753,201
478,754,151
478,755,156
478,756,150
478,758,420
478,759,206
478,761,222
478,762,249
478,764,200
478,765,883
478,766,654
478,767,679
478,768,844
478,769,518
478,770,342
478,771,433
478,772,208
478,773,177
478,774,203
478,776,229
478,777,275
478,779,164
478,780,224
478,782,544
478,783,218
478,785,594
478,786,244
478,787,664
478,788,150
478,789,425
478,792,228
478,794,157
478,795,153
478,796,274
478,799,291
478,800,205
478,803,185
478,804,182
478,833,231
478,852,167
478,854,206
478,862,249
478,863,200
478,864,171
478,874,189
478,877,253
478,899,227
478,900,212
478,915,312
478,933,206
478,935,157
478,937,150
478,943,252
478,959,201
478,964,251
478,966,205
478,981,177
478,982,160
479,501,151
479,517,184
479,570,231
479,590,154
479,591,259
479,658,173
479,752,209
479,771,529
479,862,223
479,865,180
479,877,204
479,933,179
479,949,154
479,956,183
479,957,152
480,481,334
480,482,909
480,483,400
480,485,203
480,486,273
480,487,162
480,495,451
480,500,161
480,503,400
480,509,217
480,511,165
480,512,186
480,518,357
480,524,170
480,532,159
480,533,187
480,536,420
480,540,922
480,543,189
480,554,187
480,555,241
480,556,206
480,562,212
480,564,209
480,565,390
480,566,217
480,567,394
480,569,615
480,571,478
480,575,170
480,578,170
480,580,234
480,581,213
480,588,304
480,596,179
480,606,244
480,607,204
480,609,321
480,610,273
480,612,297
480,613,178
480,614,231
480,618,201
480,619,216
480,622,183
480,623,222
480,626,488
480,627,295
480,635,184
480,638,303
480,640,363
480,642,173
480,643,170
480,644,185
480,645,290
480,656,315
480,667,177
480,669,164
480,703,158
480,707,493
480,708,431
480,710,436
480,712,354
480,713,162
480,714,298
480,715,271
480,716,158
480,734,493
480,735,190
480,736,315
480,737,370
480,738,160
480,739,360
480,740,424
480,741,152
480,745,216
480,753,169
480,755,152
480,758,246
480,759,216
480,764,255
480,769,215
480,770,222
480,771,228
480,776,174
480,782,269
480,785,175
480,787,261
480,789,400
480,790,189
480,792,318
480,804,370
480,809,152
480,811,156
480,820,200
480,836,361
480,837,209
480,839,264
480,840,187
480,900,230
480,943,167
480,951,180
480,955,185
481,482,206
481,483,922
481,484,424
481,485,739
481,486,187
481,487,592
481,488,265
481,489,218
481,490,255
481,491,162
481,492,338
481,494,239
481,496,232
481,497,323
481,498,474
481,501,414
481,503,935
481,504,288
481,505,913
481,506,179
481,507,250
481,508,926
481,509,505
481,511,666
481,512,734
481,513,194
481,514,464
481,515,218
481,516,506
481,517,392
481,518,823
481,522,204
481,523,158
481,524,438
481,525,363
481,526,394
481,527,325
481,532,156
481,533,330
481,534,255
481,535,249
481,536,207
481,537,354
481,538,200
481,539,251
481,540,576
481,541,198
481,542,256
481,543,604
481,544,676
481,546,151
481,548,649
481,549,341
481,550,584
481,552,600
481,553,167
481,554,242
481,555,153
481,556,280
481,557,680
481,558,360
481,562,293
481,563,160
481,564,423
481,565,317
481,566,936
481,567,860
481,568,355
481,569,881
481,571,178
481,572,947
481,573,189
481,574,903
481,575,544
481,576,750
481,578,400
481,579,393
481,580,994
481,581,593
481,582,269
481,583,337
481,588,713
481,589,166
481,594,236
481,595,374
481,596,312
481,600,279
481,604,412
481,606,824
481,608,270
481,609,994
481,610,641
481,611,984
481,612,732
481,613,690
481,614,994
481,616,169
481,617,552
481,618,744
481,619,986
481,622,163
481,623,268
481,624,230
481,626,465
481,627,190
481,628,154
481,630,178
481,631,402
481,632,432
481,634,260
481,635,388
481,637,160
481,638,741
481,640,788
481,642,910
481,643,911
481,644,942
481,645,989
481,646,505
481,647,241
481,648,408
481,651,216
481,652,520
481,656,985
481,657,255
481,659,171
481,660,195
481,661,488
481,662,409
481,663,262
481,666,322
481,667,327
481,668,199
481,669,178
481,670,202
481,671,175
481,672,277
481,673,166
481,674,249
481,675,282
481,676,230
481,677,290
481,678,374
481,679,233
481,680,199
481,681,198
481,682,400
481,683,186
481,685,226
481,686,285
481,687,159
481,688,259
481,690,213
481,691,178
481,693,152
481,703,214
481,710,360
481,712,167
481,713,163
481,714,198
481,715,582
481,716,423
481,717,152
481,719,209
481,721,380
481,722,938
481,723,162
481,724,170
481,728,182
481,732,186
481,733,317
481,734,947
481,735,423
481,736,969
481,737,721
481,738,289
481,739,241
481,740,957
481,741,608
481,742,480
481,743,421
481,745,173
481,746,153
481,747,186
481,748,355
481,749,249
481,750,213
481,751,244
481,752,197
481,753,240
481,754,238
481,755,329
481,756,201
481,757,338
481,758,673
481,759,272
481,761,153
481,763,197
481,764,303
481,770,846
481,771,944
481,772,273
481,773,365
481,774,800
481,775,183
481,776,325
481,777,298
481,778,198
481,779,640
481,780,168
481,781,268
481,782,525
481,783,832
481,784,172
481,785,377
481,786,284
481,787,175
481,788,366
481,789,323
481,792,747
481,794,270
481,795,277
481,796,718
481,797,274
481,798,551
481,800,590
481,802,514
481,803,713
481,804,228
481,805,161
481,806,905
481,811,189
481,815,247
481,816,237
481,817,183
481,842,925
481,843,155
481,849,203
481,877,337
481,880,255
481,883,170
481,915,227
481,921,287
481,928,332
481,929,169
481,941,167
481,948,208
481,955,192
481,967,189
481,968,172
481,973,195
481,979,165
481,981,351
481,982,222
481,983,237
481,984,179
482,483,175
482,486,212
482,495,227
482,509,388
482,511,159
482,518,493
482,534,172
482,535,153
482,536,305
482,540,921
482,543,213
482,546,163
482,554,256
482,555,236
482,564,155
482,567,158
482,569,177
482,571,353
482,580,177
482,607,243
482,608,559
482,609,269
482,612,171
482,614,164
482,618,165
482,619,221
482,622,154
482,623,201
482,626,332
482,627,222
482,638,192
482,640,204
482,656,163
482,660,191
482,669,229
482,707,513
482,708,495
482,713,165
482,715,263
482,736,191
482,739,519
482,740,227
482,758,183
482,759,222
482,763,244
482,769,259
482,782,203
482,809,158
482,820,310
482,836,396
482,837,285
482,838,161
482,839,298
482,840,198
482,900,290
482,955,184
482,962,193
483,484,896
483,485,753
483,486,410
483,487,770
483,488,291
483,489,675
483,490,432
483,491,254
483,492,479
483,493,286
483,494,163
483,495,206
483,497,352
483,498,201
483,500,173
483,501,263
483,503,439
483,504,299
483,505,195
483,506,186
483,507,357
483,508,423
483,509,890
483,511,447
483,512,768
483,513,260
483,514,181
483,515,279
483,516,645
483,517,320
483,518,599
483,522,400
483,523,245
483,524,474
483,525,377
483,526,880
483,527,740
483,530,197
483,532,433
483,533,323
483,534,154
483,536,344
483,537,644
483,538,488
483,539,256
483,540,496
483,541,223
483,542,309
483,543,540
483,544,580
483,546,167
483,547,324
483,548,466
483,549,620
483,550,309
483,552,602
483,553,192
483,554,274
483,555,161
483,556,258
483,557,232
483,558,605
483,559,156
483,562,282
483,564,617
483,565,433
483,566,530
483,567,998
483,568,772
483,569,999
483,570,423
483,571,159
483,572,660
483,573,212
483,574,402
483,575,570
483,576,405
483,577,174
483,578,523
483,579,178
483,580,728
483,581,957
483,582,201
483,583,487
483,585,152
483,587,177
483,588,923
483,589,204
483,594,246
483,595,397
483,596,401
483,600,546
483,604,595
483,606,969
483,607,207
483,608,167
483,609,865
483,610,663
483,611,337
483,612,967
483,613,904
483,614,757
483,615,171
483,616,213
483,617,404
483,618,656
483,619,702
483,620,304
483,621,211
483,622,189
483,623,638
483,624,214
483,626,574
483,627,202
483,631,625
483,632,339
483,634,327
483,635,581
483,636,151
483,637,239
483,638,930
483,640,810
483,642,604
483,643,591
483,644,598
483,645,839
483,646,652
483,647,166
483,648,628
483,651,293
483,652,318
483,656,885
483,657,629
483,658,455
483,659,339
483,660,447
483,661,370
483,662,225
483,663,200
483,666,389
483,667,507
483,668,165
483,669,204
483,671,168
483,672,330
483,673,222
483,674,328
483,675,378
483,676,175
483,677,434
483,678,688
483,679,249
483,680,266
483,681,261
483,682,374
483,683,195
483,684,171
483,686,352
483,688,167
483,690,156
483,703,220
483,709,156
483,710,589
483,712,217
483,713,159
483,714,306
483,715,481
483,716,625
483,719,326
483,721,179
483,722,399
483,724,213
483,728,246
483,731,154
483,733,576
483,734,514
483,735,872
483,736,818
483,737,941
483,738,165
483,739,329
483,740,907
483,741,567
483,742,510
483,743,283
483,744,167
483,745,349
483,747,423
483,748,210
483,753,208
483,754,170
483,755,329
483,756,228
483,757,310
483,758,729
483,759,408
483,760,176
483,763,150
483,764,302
483,765,214
483,766,193
483,767,209
483,769,317
483,770,991
483,771,904
483,772,378
483,773,537
483,774,637
483,775,195
483,776,616
483,777,593
483,778,318
483,779,339
483,780,199
483,781,280
483,782,550
483,783,649
483,784,151
483,785,621
483,786,357
483,787,477
483,788,885
483,789,649
483,792,978
483,794,281
483,795,308
483,796,435
483,797,389
483,798,328
483,799,336
483,800,553
483,801,252
483,802,305
483,803,241
483,804,404
483,809,234
483,811,227
483,818,443
483,833,258
483,843,170
483,849,177
483,851,170
483,877,167
483,880,300
483,900,185
483,915,206
483,921,622
483,928,168
483,935,157
483,937,158
483,943,222
483,947,162
483,948,228
483,949,155
483,981,380
483,982,181
483,983,404
484,485,997
484,487,411
484,489,452
484,490,185
484,492,232
484,497,162
484,503,241
484,508,438
484,509,358
484,511,527
484,512,574
484,516,724
484,518,338
484,522,164
484,524,200
484,526,992
484,527,869
484,537,171
484,538,385
484,542,182
484,543,290
484,544,208
484,548,210
484,549,361
484,552,861
484,558,295
484,564,173
484,565,175
484,567,975
484,568,348
484,569,828
484,572,266
484,574,157
484,575,205
484,578,187
484,580,317
484,581,777
484,583,218
484,588,417
484,594,252
484,596,160
484,604,222
484,606,979
484,609,407
484,610,535
484,612,719
484,613,771
484,614,208
484,618,215
484,619,347
484,623,201
484,626,187
484,631,355
484,635,200
484,638,442
484,640,314
484,642,265
484,643,254
484,644,254
484,645,341
484,646,210
484,648,311
484,652,704
484,656,460
484,657,524
484,660,269
484,661,556
484,662,515
484,667,425
484,672,151
484,678,358
484,682,181
484,684,156
484,710,233
484,715,160
484,716,181
484,722,302
484,735,399
484,736,510
484,737,489
484,740,538
484,741,161
484,742,206
484,743,160
484,747,153
484,755,157
484,758,271
484,770,891
484,771,604
484,772,258
484,773,332
484,774,334
484,776,238
484,777,911
484,779,217
484,782,457
484,783,463
484,785,367
484,786,159
484,788,570
484,789,398
484,792,654
484,799,260
484,800,235
484,802,517
484,803,709
484,809,187
484,833,166
484,955,188
484,981,225
484,983,268
485,487,396
485,489,327
485,490,189
485,492,181
485,503,202
485,508,265
485,509,398
485,511,161
485,512,284
485,516,370
485,518,703
485,524,293
485,525,169
485,526,897
485,527,451
485,537,257
485,538,418
485,539,182
485,540,210
485,542,644
485,543,894
485,544,830
485,545,164
485,546,150
485,548,237
485,549,175
485,552,999
485,554,284
485,558,289
485,564,333
485,565,185
485,566,222
485,567,970
485,568,673
485,569,923
485,572,205
485,575,240
485,576,212
485,578,248
485,580,447
485,581,511
485,583,264
485,588,710
485,595,246
485,604,233
485,606,999
485,609,997
485,610,492
485,612,483
485,613,687
485,614,792
485,616,186
485,617,163
485,618,296
485,619,433
485,625,387
485,626,323
485,627,154
485,631,299
485,635,242
485,638,593
485,640,498
485,642,251
485,643,207
485,644,215
485,645,317
485,646,191
485,648,235
485,656,602
485,657,749
485,659,256
485,660,251
485,661,159
485,667,865
485,675,226
485,678,661
485,679,153
485,682,588
485,709,226
485,710,325
485,716,549
485,717,292
485,733,151
485,734,285
485,735,472
485,736,517
485,737,506
485,740,598
485,741,257
485,742,553
485,748,159
485,754,228
485,755,150
485,758,429
485,759,170
485,770,792
485,771,401
485,772,196
485,773,236
485,774,256
485,776,214
485,777,231
485,782,724
485,783,183
485,785,325
485,786,167
485,788,370
485,789,361
485,792,641
485,795,251
485,796,208
485,797,174
485,800,231
485,809,377
485,820,269
485,921,175
485,980,197
485,981,342
486,492,175
486,500,156
486,508,169
486,509,223
486,510,275
486,518,255
486,524,274
486,525,206
486,536,793
486,554,161
486,556,173
486,565,229
486,566,190
486,567,359
486,569,267
486,571,174
486,575,150
486,576,179
486,580,221
486,581,220
486,583,273
486,588,188
486,591,199
486,596,151
486,606,222
486,607,266
486,608,246
486,609,508
486,610,251
486,618,268
486,619,303
486,620,237
486,626,407
486,627,230
486,634,283
486,635,157
486,638,213
486,640,242
486,648,253
486,652,184
486,656,321
486,658,166
486,664,182
486,667,157
486,669,311
486,695,175
486,704,169
486,709,183
486,715,200
486,733,282
486,736,247
486,737,272
486,738,163
486,739,459
486,740,294
486,741,211
486,744,237
486,758,181
486,765,339
486,766,162
486,767,188
486,768,240
486,769,500
486,770,245
486,782,247
486,785,347
486,786,230
486,787,496
486,789,186
486,792,197
486,799,221
486,802,155
486,836,165
486,900,834
487,492,158
487,499,222
487,509,224
487,512,222
487,514,416
487,518,258
487,524,402
487,526,622
487,527,466
487,538,271
487,540,196
487,543,179
487,544,151
487,548,202
487,550,177
487,552,222
487,558,198
487,562,178
487,565,173
487,566,271
487,567,764
487,569,571
487,580,269
487,581,963
487,583,518
487,588,440
487,606,714
487,607,187
487,609,320
487,610,948
487,612,309
487,613,441
487,614,246
487,619,267
487,623,939
487,626,192
487,631,161
487,635,167
487,638,407
487,640,266
487,642,188
487,643,215
487,644,228
487,645,269
487,648,201
487,655,474
487,656,316
487,657,439
487,658,235
487,659,150
487,661,394
487,667,251
487,669,260
487,678,165
487,710,999
487,714,162
487,716,529
487,733,508
487,734,209
487,735,377
487,736,425
487,737,475
487,740,487
487,742,151
487,745,271
487,756,152
487,758,262
487,759,151
487,765,156
487,766,197
487,770,724
487,771,562
487,774,439
487,775,195
487,776,188
487,777,321
487,781,253
487,783,191
487,785,218
487,787,170
487,788,378
487,789,204
487,792,712
487,794,175
487,798,485
487,799,154
487,800,217
487,803,158
487,804,467
487,877,582
487,921,179
487,934,246
487,943,250
487,979,211
487,984,288
488,489,210
488,490,277
488,491,287
488,492,996
488,500,190
488,503,151
488,511,413
488,512,400
488,518,696
488,523,190
488,525,188
488,571,550
488,583,243
488,609,580
488,614,225
488,618,167
488,619,465
488,623,295
488,626,215
488,642,169
488,645,201
488,646,210
488,656,237
488,661,744
488,662,258
488,667,159
488,669,166
488,722,417
488,736,363
488,740,385
488,743,249
488,750,197
488,769,156
488,771,415
488,773,221
488,774,936
488,775,323
488,776,246
488,777,249
488,782,314
488,783,270
488,785,219
488,789,183
488,801,234
488,822,211
488,983,170
488,984,170
489,490,234
489,491,222
489,492,528
489,498,286
489,503,202
489,508,303
489,509,241
489,511,842
489,512,800
489,516,459
489,518,320
489,519,220
489,523,172
489,524,200
489,525,278
489,526,596
489,527,607
489,536,157
489,537,278
489,540,165
489,541,368
489,543,257
489,544,291
489,548,612
489,549,521
489,553,162
489,556,312
489,558,339
489,562,209
489,564,287
489,565,160
489,567,678
489,568,274
489,569,452
489,572,592
489,575,249
489,580,703
489,581,646
489,588,649
489,594,163
489,595,223
489,600,213
489,604,253
489,606,800
489,609,507
489,612,382
489,613,435
489,618,331
489,619,497
489,620,161
489,623,532
489,626,242
489,631,423
489,635,305
489,638,609
489,640,156
489,644,204
489,645,235
489,646,198
489,648,317
489,652,490
489,656,392
489,657,387
489,659,189
489,661,925
489,662,410
489,663,177
489,667,250
489,671,159
489,675,234
489,678,241
489,681,511
489,682,161
489,684,322
489,686,165
489,697,179
489,703,186
489,710,232
489,716,187
489,721,228
489,722,637
489,724,303
489,728,294
489,734,219
489,735,336
489,736,482
489,737,564
489,740,604
489,741,270
489,742,208
489,758,332
489,767,383
489,770,640
489,771,833
489,772,303
489,773,234
489,774,469
489,775,263
489,776,692
489,777,372
489,779,186
489,781,175
489,783,719
489,785,309
489,788,453
489,789,249
489,792,860
489,796,151
489,800,302
489,801,217
489,802,259
489,803,173
489,833,183
489,880,184
489,921,210
489,928,202
489,948,257
489,982,695
489,983,442
490,491,242
490,492,388
490,506,166
490,509,172
490,511,819
490,512,877
490,518,597
490,522,319
490,524,260
490,525,371
490,526,164
490,534,165
490,535,186
490,539,287
490,540,212
490,544,468
490,548,314
490,549,218
490,552,314
490,553,218
490,558,523
490,562,201
490,564,528
490,565,150
490,566,176
490,567,624
490,569,323
490,572,185
490,575,196
490,580,532
490,581,733
490,582,291
490,586,169
490,588,624
490,594,189
490,595,365
490,600,244
490,602,227
490,604,159
490,606,310
490,609,762
490,612,205
490,614,181
490,618,516
490,619,589
490,623,396
490,631,534
490,633,174
490,636,260
490,638,435
490,640,161
490,645,347
490,646,243
490,648,250
490,652,529
490,656,437
490,657,172
490,661,995
490,662,938
490,663,938
490,666,221
490,667,346
490,684,199
490,702,155
490,710,332
490,715,255
490,716,355
490,717,168
490,721,455
490,722,173
490,734,479
490,735,182
490,736,489
490,737,774
490,740,486
490,741,330
490,742,249
490,756,186
490,757,194
490,758,512
490,763,207
490,764,186
490,770,784
490,771,954
490,772,446
490,773,197
490,774,679
490,775,255
490,776,448
490,777,159
490,778,170
490,779,152
490,780,183
490,781,222
490,783,616
490,785,768
490,786,219
490,788,704
490,789,206
490,792,645
490,796,257
490,800,382
490,801,455
490,802,296
490,803,346
490,811,226
490,849,153
490,880,676
490,921,252
490,932,183
490,982,156
490,983,168
490,984,162
491,492,498
491,508,180
491,509,196
491,511,167
491,518,226
491,532,173
491,537,292
491,552,374
491,558,317
491,567,165
491,569,183
491,594,163
491,609,307
491,618,238
491,619,258
491,629,292
491,638,559
491,646,179
491,652,465
491,656,236
491,661,397
491,662,353
491,663,344
491,669,311
491,693,187
491,716,152
491,736,206
491,737,249
491,740,507
491,741,169
491,758,313
491,770,159
491,771,609
491,772,508
491,774,370
491,775,374
491,776,489
491,777,351
491,779,317
491,780,157
491,781,224
491,783,359
491,785,677
491,789,198
491,792,161
491,800,166
491,801,647
491,802,225
491,803,166
491,811,172
491,955,353
491,982,338
491,984,196
492,496,191
492,497,251
492,498,185
492,503,650
492,508,339
492,509,473
492,511,203
492,512,266
492,518,983
492,523,604
492,524,432
492,525,591
492,526,208
492,527,172
492,536,162
492,537,209
492,539,472
492,540,164
492,544,158
492,548,366
492,549,155
492,552,873
492,558,161
492,564,249
492,565,314
492,567,388
492,568,285
492,569,490
492,572,162
492,574,295
492,575,233
492,576,158
492,577,200
492,578,220
492,579,190
492,580,610
492,581,418
492,582,159
492,583,214
492,588,482
492,595,321
492,600,211
492,606,288
492,609,909
492,610,291
492,611,200
492,612,569
492,613,265
492,614,724
492,615,161
492,616,184
492,617,254
492,618,742
492,619,785
492,623,575
492,626,229
492,632,153
492,635,158
492,638,395
492,640,478
492,642,615
492,643,601
492,644,232
492,645,635
492,646,198
492,648,323
492,652,242
492,656,673
492,659,184
492,661,832
492,662,308
492,663,237
492,667,643
492,669,541
492,678,220
492,684,569
492,709,175
492,710,325
492,715,173
492,716,258
492,721,561
492,722,437
492,731,151
492,733,151
492,735,243
492,736,500
492,737,447
492,739,150
492,740,409
492,741,878
492,742,415
492,743,517
492,747,234
492,755,180
492,758,345
492,761,154
492,765,160
492,766,182
492,769,305
492,770,423
492,771,680
492,772,951
492,773,449
492,774,983
492,775,981
492,776,949
492,777,218
492,780,963
492,781,947
492,782,482
492,783,467
492,785,731
492,786,279
492,788,302
492,789,501
492,792,292
492,794,226
492,795,195
492,796,420
492,799,207
492,800,216
492,801,209
492,802,268
492,803,408
492,825,158
492,842,155
492,880,163
492,897,174
492,915,211
492,929,189
492,937,205
492,943,185
492,981,189
492,982,187
492,983,559
492,984,453
493,516,218
493,527,223
493,543,342
493,567,409
493,606,151
493,609,233
493,613,173
493,631,243
493,638,175
493,679,200
493,681,182
493,770,206
493,771,499
493,798,246
493,860,204
493,921,201
493,983,239
494,495,397
494,500,488
494,503,205
494,513,395
494,567,181
494,648,177
494,649,366
494,650,182
494,668,264
494,669,173
494,770,248
494,795,165
494,806,156
494,818,350
494,834,475
494,838,254
494,943,199
495,500,192
495,524,305
495,525,202
495,538,161
495,546,218
495,558,246
495,559,214
495,588,217
495,600,236
495,607,957
495,608,214
495,609,269
495,619,212
495,623,188
495,638,157
495,698,154
495,709,170
495,710,194
495,715,180
495,736,228
495,737,183
495,740,249
495,744,158
495,758,287
495,764,153
495,769,194
495,785,176
495,786,219
495,787,187
495,789,451
495,792,184
495,900,224
496,497,224
496,498,211
496,507,223
496,528,158
496,585,196
496,586,163
496,588,193
496,594,161
496,606,241
496,614,217
496,615,179
496,616,180
496,617,179
496,642,179
496,643,736
496,644,179
496,645,186
496,661,199
496,675,152
496,721,538
496,722,520
496,740,198
496,771,266
496,773,268
496,774,153
496,776,309
496,778,167
496,779,153
496,783,162
496,784,154
496,822,258
496,828,150
496,899,235
496,934,170
496,937,179
496,982,154
497,498,248
497,508,211
497,511,150
497,512,165
497,537,162
497,567,171
497,580,153
497,594,251
497,597,154
497,606,156
497,609,209
497,611,150
497,614,248
497,615,226
497,616,190
497,617,200
497,618,159
497,619,173
497,642,233
497,643,224
497,644,219
497,645,219
497,721,275
497,722,241
497,740,399
497,757,186
497,760,183
497,771,405
497,772,224
497,773,212
497,776,325
497,777,175
497,779,237
497,780,274
497,781,195
497,783,215
497,785,284
497,789,207
497,815,205
497,827,266
497,828,200
497,880,251
497,937,212
497,982,162
497,983,158
498,504,171
498,516,288
498,517,524
498,526,204
498,527,265
498,537,159
498,543,177
498,567,216
498,569,163
498,594,198
498,606,341
498,611,224
498,612,153
498,613,157
498,614,453
498,615,206
498,616,205
498,617,197
498,638,169
498,642,219
498,643,219
498,644,232
498,645,236
498,657,257
498,662,169
498,672,178
498,678,151
498,690,483
498,692,173
498,721,270
498,722,292
498,736,170
498,740,270
498,771,332
498,772,235
498,773,209
498,776,471
498,777,212
498,779,186
498,780,167
498,781,167
498,783,338
498,785,239
498,788,157
498,827,152
498,849,300
498,937,195
498,956,151
498,968,198
498,972,179
498,982,254
498,983,346
499,502,199
499,518,202
499,537,166
499,551,822
499,559,188
499,571,241
499,583,163
499,600,182
499,610,286
499,614,271
499,623,186
499,627,168
499,667,151
499,707,150
499,708,161
499,711,164
499,712,199
499,723,986
499,724,984
499,725,999
499,726,999
499,727,999
499,728,998
499,729,999
499,730,999
499,731,997
499,732,999
499,736,168
499,739,155
499,746,923
499,747,191
499,748,230
499,749,228
499,750,246
499,751,264
499,752,174
499,753,244
499,754,159
499,755,346
499,759,219
499,761,172
499,782,295
499,790,289
499,791,269
499,811,161
499,820,184
499,823,174
499,967,999
499,968,999
499,969,999
499,970,999
499,971,996
499,972,999
499,973,999
499,974,997
499,975,994
499,976,973
499,977,999
499,978,932
499,979,996
499,981,188
500,508,152
500,518,510
500,524,150
500,533,314
500,551,183
500,554,262
500,555,205
500,558,416
500,571,345
500,581,492
500,582,249
500,583,200
500,587,161
500,589,242
500,607,173
500,608,153
500,609,365
500,610,254
500,616,171
500,619,290
500,623,193
500,624,279
500,626,634
500,629,327
500,633,200
500,634,191
500,640,195
500,648,697
500,649,999
500,650,773
500,697,151
500,707,336
500,708,337
500,709,381
500,715,305
500,722,266
500,737,182
500,739,423
500,740,327
500,742,276
500,746,412
500,747,224
500,759,196
500,765,185
500,769,390
500,771,211
500,782,463
500,785,180
500,786,235
500,789,211
500,790,310
500,791,318
500,794,253
500,795,261
500,796,194
500,797,805
500,799,180
500,806,292
500,811,211
500,817,563
500,818,276
500,833,480
500,834,156
500,835,421
500,836,235
500,837,233
500,838,168
500,839,243
500,840,232
500,842,161
500,858,417
500,896,308
500,929,250
500,943,811
500,962,237
500,968,161
500,969,168
500,982,193
501,503,396
501,504,459
501,505,446
501,508,515
501,509,245
501,511,180
501,515,452
501,520,226
501,521,280
501,522,267
501,537,953
501,540,323
501,541,460
501,542,164
501,544,334
501,550,259
501,554,374
501,563,158
501,566,206
501,567,273
501,569,208
501,570,294
501,580,421
501,582,372
501,584,261
501,585,667
501,586,782
501,587,289
501,591,200
501,592,154
501,594,155
501,597,475
501,601,344
501,606,173
501,610,157
501,614,222
501,624,181
501,626,269
501,628,234
501,632,675
501,637,170
501,638,204
501,642,241
501,643,194
501,644,187
501,645,238
501,648,244
501,653,194
501,654,262
501,672,169
501,673,158
501,674,235
501,675,191
501,678,212
501,679,370
501,682,196
501,683,171
501,685,354
501,687,230
501,690,190
501,691,401
501,692,280
501,696,452
501,699,188
501,702,207
501,716,191
501,718,258
501,731,250
501,734,247
501,740,440
501,751,370
501,752,329
501,753,153
501,757,320
501,760,351
501,761,237
501,770,154
501,771,571
501,776,471
501,777,547
501,780,273
501,781,159
501,789,402
501,799,424
501,815,319
501,825,322
501,827,287
501,828,193
501,830,304
501,831,180
501,843,234
501,846,440
501,849,699
501,854,196
501,855,261
501,860,341
501,861,946
501,865,534
501,867,615
501,870,160
501,873,275
501,897,237
501,908,247
501,933,478
501,940,153
501,941,181
501,947,237
501,951,212
501,954,271
501,955,248
501,959,198
501,965,268
502,510,370
502,555,383
502,589,162
502,593,161
502,602,199
502,610,153
502,622,227
502,645,247
502,712,236
502,715,252
502,723,450
502,724,485
502,725,456
502,728,540
502,732,167
502,738,714
502,740,260
502,764,184
502,806,205
502,967,453
502,968,373
502,969,554
502,973,543
502,977,584
503,504,910
503,505,499
503,506,487
503,507,935
503,508,780
503,509,918
503,516,199
503,518,780
503,524,204
503,525,173
503,526,198
503,527,177
503,537,154
503,540,183
503,550,189
503,552,275
503,567,414
503,568,368
503,569,633
503,572,176
503,574,164
503,576,163
503,580,363
503,581,198
503,588,176
503,595,343
503,596,155
503,606,559
503,609,767
503,610,208
503,612,367
503,613,345
503,614,929
503,615,198
503,616,180
503,617,232
503,618,306
503,619,481
503,620,187
503,626,176
503,628,162
503,631,184
503,632,160
503,635,186
503,637,153
503,638,311
503,640,661
503,642,312
503,643,319
503,644,343
503,645,458
503,646,912
503,656,406
503,661,934
503,662,916
503,663,915
503,668,160
503,697,190
503,703,152
503,721,173
503,722,760
503,724,206
503,734,237
503,735,172
503,736,320
503,737,340
503,739,188
503,740,269
503,741,336
503,742,290
503,743,170
503,757,171
503,758,205
503,770,571
503,771,983
503,772,172
503,773,504
503,774,213
503,775,174
503,776,874
503,777,242
503,779,295
503,783,691
503,785,442
503,786,205
503,789,423
503,792,294
503,794,170
503,795,207
503,796,203
503,802,226
503,815,915
503,816,158
503,842,237
503,843,517
503,937,199
503,960,166
503,979,202
503,982,528
503,983,345
503,984,197
504,505,467
504,507,907
504,508,196
504,509,917
504,518,572
504,533,184
504,537,163
504,567,273
504,568,162
504,569,217
504,574,461
504,580,253
504,583,332
504,606,200
504,609,293
504,610,180
504,611,442
504,612,173
504,613,178
504,614,461
504,615,191
504,616,189
504,617,245
504,618,263
504,619,224
504,622,335
504,632,159
504,636,901
504,638,183
504,640,255
504,642,280
504,643,235
504,644,217
504,645,266
504,646,910
504,656,385
504,661,261
504,663,159
504,694,311
504,703,302
504,711,929
504,712,912
504,713,915
504,715,178
504,722,224
504,734,512
504,736,271
504,737,263
504,739,162
504,741,265
504,742,195
504,756,171
504,758,150
504,770,188
504,771,252
504,773,481
504,780,150
504,782,188
504,789,188
504,792,202
504,815,210
504,830,181
504,832,330
504,836,198
504,842,190
504,843,513
504,937,207
504,982,169
505,507,442
505,508,223
505,509,216
505,518,280
505,519,158
505,521,913
505,522,911
505,540,246
505,541,315
505,544,174
505,566,284
505,567,218
505,569,187
505,570,189
505,574,670
505,575,154
505,576,651
505,580,938
505,582,375
505,585,825
505,586,524
505,587,229
505,594,255
505,597,291
505,599,341
505,601,256
505,602,153
505,606,210
505,609,188
505,614,911
505,615,151
505,619,176
505,628,200
505,632,346
505,638,184
505,642,153
505,644,177
505,650,257
505,662,181
505,663,157
505,664,163
505,673,177
505,674,213
505,685,198
505,690,249
505,691,369
505,692,178
505,693,677
505,699,152
505,704,223
505,711,411
505,718,341
505,731,211
505,734,279
505,736,176
505,751,309
505,752,315
505,753,168
505,756,408
505,757,288
505,760,241
505,771,448
505,776,431
505,782,233
505,783,903
505,789,219
505,790,196
505,791,157
505,805,208
505,809,163
505,815,736
505,824,520
505,825,253
505,826,165
505,827,843
505,828,795
505,830,447
505,837,193
505,842,907
505,843,521
505,846,210
505,849,164
505,860,178
505,865,254
505,867,243
505,873,244
505,908,917
505,933,388
505,940,183
505,943,186
505,947,219
505,954,150
505,965,240
505,966,188
505,979,900
505,981,150
506,508,989
506,518,397
506,524,184
506,537,180
506,569,193
506,580,163
506,609,661
506,614,206
506,616,185
506,618,247
506,619,276
506,642,209
506,643,261
506,644,210
506,645,227
506,656,173
506,660,236
506,661,919
506,662,916
506,663,906
506,711,174
506,713,153
506,736,173
506,737,221
506,742,152
506,747,232
506,748,186
506,761,157
506,771,203
506,773,158
506,776,250
506,782,449
506,785,256
506,789,167
506,816,218
506,842,915
506,897,175
506,937,153
506,982,296
507,508,376
507,509,913
507,516,154
507,518,294
507,525,186
507,527,355
507,533,189
507,538,207
507,548,158
507,549,158
507,567,274
507,568,255
507,569,953
507,572,272
507,574,208
507,580,238
507,581,494
507,588,150
507,595,178
507,606,227
507,609,207
507,610,151
507,612,525
507,613,183
507,614,237
507,615,172
507,616,209
507,617,205
507,618,190
507,619,213
507,640,231
507,642,290
507,643,305
507,644,306
507,645,302
507,646,910
507,656,249
507,661,219
507,686,201
507,688,325
507,722,948
507,736,186
507,737,206
507,739,156
507,740,539
507,741,182
507,742,177
507,757,183
507,770,402
507,771,249
507,773,940
507,774,207
507,776,828
507,777,626
507,779,157
507,783,545
507,788,246
507,792,191
507,795,208
507,805,159
507,842,208
507,843,525
507,937,195
507,982,152
507,983,214
508,509,201
508,518,418
508,524,238
508,525,153
508,533,198
508,537,180
508,546,418
508,554,154
508,557,323
508,567,487
508,568,174
508,569,480
508,572,190
508,575,172
508,580,339
508,581,167
508,588,506
508,606,523
508,609,933
508,610,225
508,612,373
508,613,189
508,614,919
508,615,197
508,617,942
508,618,254
508,619,340
508,626,240
508,632,182
508,634,308
508,635,211
508,638,221
508,640,329
508,642,264
508,643,295
508,644,267
508,645,269
508,648,261
508,652,256
508,656,315
508,661,933
508,662,914
508,663,907
508,667,198
508,685,375
508,686,332
508,708,783
508,711,187
508,713,152
508,715,227
508,722,164
508,736,260
508,737,638
508,740,974
508,741,218
508,742,270
508,747,231
508,751,170
508,758,203
508,761,157
508,770,238
508,771,694
508,773,312
508,774,187
508,776,315
508,782,260
508,783,175
508,785,241
508,789,955
508,792,240
508,796,375
508,842,911
508,880,150
508,897,157
508,937,236
508,981,151
508,982,321
509,511,383
509,512,321
509,518,732
509,524,364
509,525,167
509,526,356
509,527,260
509,532,175
509,536,560
509,540,224
509,544,151
509,549,363
509,550,159
509,552,769
509,557,161
509,564,173
509,565,187
509,566,297
509,567,845
509,568,389
509,569,987
509,572,951
509,573,174
509,574,998
509,575,757
509,576,367
509,578,514
509,579,520
509,580,986
509,581,420
509,583,210
509,585,241
509,586,214
509,588,380
509,595,225
509,604,195
509,606,615
509,609,997
509,610,541
509,611,494
509,612,782
509,613,458
509,614,747
509,615,462
509,616,359
509,617,164
509,618,724
509,619,666
509,623,153
509,626,321
509,634,196
509,635,248
509,638,735
509,640,601
509,642,913
509,643,911
509,644,910
509,645,955
509,646,999
509,648,220
509,650,194
509,652,156
509,656,979
509,661,683
509,662,486
509,663,227
509,667,249
509,678,161
509,684,176
509,698,390
509,710,238
509,715,203
509,716,213
509,719,197
509,722,159
509,733,158
509,734,252
509,735,301
509,736,485
509,737,534
509,739,191
509,740,706
509,741,808
509,742,488
509,743,182
509,747,311
509,750,166
509,755,180
509,756,168
509,757,474
509,758,512
509,759,150
509,770,658
509,771,959
509,773,239
509,774,371
509,775,185
509,776,656
509,777,202
509,779,220
509,780,159
509,782,932
509,783,528
509,784,340
509,785,439
509,786,161
509,788,230
509,789,347
509,792,527
509,795,167
509,796,513
509,797,486
509,802,153
509,803,530
509,806,906
509,813,206
509,816,240
509,818,186
509,831,158
509,842,163
509,928,307
509,937,168
509,943,209
509,970,154
509,981,361
509,982,159
509,983,179
509,984,150
510,536,189
510,544,317
510,583,311
510,621,169
510,627,169
510,657,258
510,669,170
510,679,167
510,720,998
510,736,155
510,765,784
510,767,291
510,768,347
510,769,786
510,772,377
510,785,200
510,787,222
510,796,189
510,810,197
510,820,156
510,843,272
510,955,582
511,512,777
511,518,555
511,524,190
511,525,167
511,529,151
511,535,153
511,540,258
511,542,181
511,544,254
511,545,995
511,548,200
511,553,207
511,558,270
511,562,203
511,564,258
511,565,154
511,567,665
511,569,260
511,575,152
511,580,343
511,581,518
511,586,167
511,588,323
511,594,171
511,595,242
511,596,322
511,597,201
511,601,242
511,606,247
511,609,381
511,610,179
511,611,177
511,612,163
511,613,189
511,614,534
511,618,374
511,619,400
511,623,194
511,626,174
511,631,153
511,638,506
511,640,395
511,642,266
511,643,238
511,644,248
511,645,260
511,648,164
511,652,999
511,654,166
511,656,342
511,661,460
511,662,417
511,667,156
511,685,163
511,687,155
511,691,161
511,702,361
511,710,202
511,712,410
511,716,264
511,733,188
511,734,359
511,735,271
511,736,649
511,737,813
511,740,575
511,741,482
511,742,171
511,757,231
511,758,383
511,770,394
511,771,397
511,772,704
511,773,190
511,774,161
511,778,429
511,781,236
511,785,787
511,786,166
511,788,271
511,789,343
511,792,462
511,800,825
511,801,184
511,802,999
511,803,999
511,825,178
511,827,162
511,846,177
511,865,192
511,880,277
511,921,195
511,933,217
511,965,177
511,983,164
512,518,312
512,524,303
512,525,261
512,534,337
512,535,237
512,537,155
512,540,341
512,542,176
512,544,302
512,545,494
512,548,181
512,552,203
512,553,207
512,558,521
512,562,180
512,564,360
512,565,273
512,566,223
512,567,660
512,568,175
512,569,418
512,572,242
512,575,159
512,576,194
512,580,426
512,581,497
512,583,218
512,588,479
512,594,245
512,595,463
512,600,245
512,601,180
512,604,181
512,606,372
512,609,572
512,610,215
512,611,229
512,612,270
512,613,259
512,614,573
512,617,253
512,618,683
512,619,591
512,623,274
512,626,228
512,631,245
512,632,260
512,634,274
512,638,599
512,640,308
512,642,238
512,643,214
512,644,212
512,645,310
512,646,160
512,648,245
512,652,999
512,654,150
512,656,454
512,657,209
512,661,503
512,662,483
512,667,305
512,710,348
512,715,163
512,716,496
512,733,175
512,734,394
512,735,372
512,736,583
512,737,824
512,740,664
512,741,321
512,742,271
512,757,341
512,758,545
512,763,379
512,770,580
512,771,526
512,772,727
512,773,202
512,774,240
512,776,238
512,777,159
512,781,232
512,782,155
512,783,175
512,785,828
512,786,361
512,788,451
512,789,495
512,792,603
512,799,161
512,800,850
512,801,205
512,802,969
512,803,997
512,804,183
512,811,154
512,880,234
512,883,167
512,921,294
512,983,178
513,567,245
513,588,161
513,596,172
513,606,150
513,632,507
513,670,171
513,671,163
513,740,193
513,759,248
513,766,175
513,770,272
513,792,151
513,949,242
513,965,283
513,982,186
514,567,150
514,609,197
514,612,362
514,614,328
514,615,160
514,616,160
514,617,283
514,618,151
514,619,220
514,634,443
514,642,217
514,643,186
514,644,187
514,645,193
514,656,177
514,661,613
514,662,609
514,663,501
514,731,191
514,740,588
514,768,177
514,771,154
514,772,172
514,780,165
514,782,166
514,785,186
514,803,275
514,821,292
514,860,181
514,865,180
514,873,321
514,937,179
515,517,558
515,529,178
515,536,200
515,547,293
515,556,311
515,567,279
515,569,163
515,581,165
515,588,230
515,589,183
515,596,535
515,604,455
515,606,193
515,620,930
515,632,430
515,638,181
515,656,191
515,666,240
515,670,411
515,671,472
515,672,160
515,673,252
515,674,212
515,679,470
515,680,420
515,682,510
515,683,230
515,733,359
515,737,232
515,740,217
515,750,161
515,751,173
515,752,313
515,759,668
515,764,154
515,767,327
515,770,231
515,771,538
515,772,157
515,777,555
515,780,159
515,792,203
515,798,400
515,850,569
515,855,296
515,861,464
515,948,154
515,949,420
515,965,400
516,517,168
516,526,315
516,527,820
516,537,378
516,538,321
516,543,628
516,548,161
516,550,275
516,556,251
516,567,714
516,569,265
516,580,183
516,581,202
516,588,269
516,596,478
516,604,158
516,606,765
516,612,233
516,613,371
516,619,156
516,631,842
516,638,408
516,640,175
516,644,390
516,645,202
516,651,385
516,657,213
516,667,334
516,672,152
516,678,391
516,681,540
516,682,170
516,717,151
516,721,165
516,722,205
516,735,206
516,736,207
516,737,243
516,740,357
516,747,154
516,759,196
516,770,334
516,771,624
516,777,456
516,783,395
516,788,188
516,792,613
516,833,169
516,921,269
516,948,427
516,983,495
517,518,387
517,524,248
517,527,157
517,536,704
517,547,467
517,556,289
517,567,286
517,569,208
517,570,163
517,581,190
517,588,166
517,595,165
517,596,470
517,604,479
517,606,192
517,609,353
517,614,391
517,618,305
517,619,392
517,620,332
517,631,157
517,638,307
517,656,311
517,666,155
517,702,173
517,703,175
517,736,323
517,737,248
517,740,355
517,741,192
517,742,158
517,748,192
517,750,224
517,757,388
517,758,284
517,759,275
517,764,274
517,770,293
517,771,580
517,785,230
517,786,218
517,788,205
517,789,177
517,792,190
517,802,502
517,883,158
518,523,220
518,524,644
518,525,337
518,526,299
518,527,216
518,533,406
518,534,151
518,536,407
518,537,760
518,539,367
518,540,264
518,542,547
518,543,378
518,544,295
518,545,311
518,546,248
518,548,202
518,549,203
518,550,202
518,551,186
518,552,793
518,553,169
518,554,250
518,556,159
518,558,286
518,559,192
518,561,162
518,562,161
518,564,280
518,565,392
518,566,627
518,567,800
518,568,563
518,569,634
518,571,344
518,572,219
518,574,346
518,575,438
518,576,345
518,577,202
518,578,551
518,579,164
518,580,604
518,581,439
518,583,986
518,588,304
518,594,226
518,595,182
518,598,162
518,599,157
518,600,345
518,603,164
518,606,987
518,608,194
518,609,999
518,610,968
518,611,388
518,612,560
518,613,409
518,614,941
518,615,356
518,616,327
518,617,448
518,618,819
518,619,975
518,623,268
518,624,374
518,625,206
518,626,779
518,627,319
518,629,237
518,634,163
518,635,236
518,638,489
518,640,783
518,642,611
518,643,377
518,644,425
518,645,558
518,646,236
518,647,164
518,648,378
518,649,359
518,650,313
518,652,243
518,656,929
518,657,173
518,660,152
518,661,788
518,662,578
518,663,189
518,667,968
518,669,161
518,673,407
518,678,237
518,682,177
518,686,172
518,688,281
518,689,205
518,690,195
518,703,193
518,704,408
518,705,205
518,709,194
518,710,251
518,711,214
518,712,471
518,713,490
518,715,529
518,716,241
518,719,154
518,721,176
518,722,172
518,724,423
518,726,302
518,727,242
518,728,185
518,729,162
518,734,267
518,735,223
518,736,999
518,737,434
518,738,453
518,739,453
518,740,999
518,741,909
518,742,764
518,743,187
518,744,202
518,745,264
518,746,267
518,747,383
518,748,248
518,749,210
518,750,171
518,751,533
518,753,175
518,754,262
518,755,300
518,757,154
518,758,831
518,759,503
518,761,259
518,762,167
518,763,261
518,764,242
518,769,190
518,770,508
518,771,999
518,772,633
518,773,834
518,774,425
518,775,326
518,776,896
518,777,716
518,779,667
518,780,239
518,781,274
518,782,999
518,783,809
518,784,176
518,785,999
518,786,280
518,788,222
518,789,958
518,790,165
518,792,400
518,794,841
518,795,349
518,796,999
518,797,622
518,799,258
518,800,245
518,801,245
518,802,565
518,803,239
518,805,164
518,811,335
518,815,200
518,817,293
518,836,165
518,837,157
518,839,164
518,842,247
518,877,200
518,897,177
518,900,176
518,915,205
518,935,176
518,937,327
518,940,388
518,943,445
518,955,257
518,967,196
518,968,206
518,973,232
518,977,180
518,981,265
518,982,381
518,983,737
518,984,296
519,520,951
519,521,941
519,522,936
519,557,442
519,562,151
519,587,190
519,590,227
519,628,258
519,633,214
519,636,315
519,637,177
519,672,169
519,677,178
519,678,165
519,685,399
519,686,366
519,687,309
519,688,356
519,689,310
519,690,372
519,691,382
519,692,216
519,693,163
519,694,241
519,695,389
519,696,257
519,697,355
519,698,264
519,702,216
519,703,387
519,704,327
519,705,559
519,707,417
519,708,321
519,717,314
519,718,200
519,734,155
519,735,320
519,756,302
519,764,561
519,771,160
519,831,259
519,832,242
519,847,223
519,854,171
519,870,270
519,871,307
519,906,929
519,907,920
519,908,945
519,933,217
519,940,268
519,951,248
519,952,227
519,954,176
519,955,169
519,957,269
519,958,206
519,959,150
519,974,198
520,521,964
520,522,982
520,541,217
520,582,184
520,587,156
520,628,429
520,636,180
520,685,394
520,686,293
520,687,314
520,688,205
520,689,161
520,690,343
520,691,262
520,692,180
520,694,198
520,695,216
520,697,169
520,699,165
520,703,256
520,704,226
520,705,298
520,707,298
520,708,421
520,768,163
520,826,200
520,854,224
520,870,273
520,871,179
520,906,935
520,907,913
520,908,937
520,933,166
520,940,234
520,950,152
520,951,264
520,954,218
520,955,165
520,957,186
520,958,223
520,959,224
520,960,250
520,966,151
521,522,931
521,563,161
521,585,255
521,586,275
521,587,327
521,590,561
521,592,159
521,628,213
521,633,307
521,636,591
521,637,266
521,655,220
521,672,163
521,685,523
521,686,581
521,687,521
521,688,623
521,689,370
521,690,406
521,691,437
521,692,407
521,693,330
521,694,386
521,695,485
521,696,234
521,697,230
521,698,166
521,699,233
521,701,249
521,703,457
521,704,341
521,705,209
521,706,243
521,707,308
521,708,279
521,717,417
521,718,346
521,734,246
521,750,172
521,751,209
521,752,212
521,753,236
521,755,288
521,756,381
521,805,170
521,815,188
521,825,184
521,826,170
521,828,183
521,830,276
521,831,340
521,832,162
521,845,259
521,846,196
521,850,158
521,854,312
521,870,488
521,871,311
521,906,919
521,907,928
521,908,932
521,930,177
521,932,207
521,933,342
521,941,161
521,947,213
521,950,250
521,951,426
521,952,329
521,953,296
521,954,240
521,955,175
521,956,229
521,957,301
521,958,166
521,959,317
521,960,246
521,966,390
522,526,151
522,534,333
522,538,181
522,549,196
522,558,163
522,563,161
522,566,178
522,567,229
522,581,480
522,585,248
522,586,264
522,587,370
522,590,466
522,606,163
522,611,193
522,623,157
522,628,241
522,632,215
522,633,285
522,636,341
522,637,331
522,655,182
522,657,189
522,667,153
522,672,218
522,673,152
522,679,167
522,682,159
522,685,526
522,686,560
522,687,446
522,688,688
522,689,291
522,690,458
522,691,406
522,692,341
522,693,268
522,694,289
522,695,429
522,696,319
522,697,274
522,698,273
522,699,212
522,701,279
522,702,186
522,703,698
522,704,186
522,705,334
522,707,272
522,717,452
522,718,275
522,734,303
522,737,183
522,740,208
522,749,266
522,750,190
522,751,233
522,752,182
522,753,216
522,755,246
522,756,340
522,770,518
522,771,153
522,774,181
522,788,269
522,805,170
522,818,195
522,828,203
522,830,297
522,831,357
522,832,177
522,845,156
522,846,244
522,854,348
522,870,376
522,871,280
522,906,931
522,907,929
522,908,907
522,933,335
522,941,161
522,950,199
522,951,354
522,952,301
522,953,293
522,954,241
522,955,160
522,956,258
522,957,340
522,958,267
522,959,228
522,960,266
522,966,208
523,525,193
523,548,153
523,552,186
523,554,332
523,559,246
523,567,191
523,576,290
523,577,304
523,581,248
523,589,174
523,609,381
523,610,205
523,618,194
523,619,379
523,623,408
523,640,229
523,648,161
523,649,202
523,656,378
523,657,215
523,659,520
523,684,329
523,709,177
523,714,231
523,715,250
523,716,226
523,736,257
523,740,364
523,765,169
523,769,451
523,770,242
523,771,245
523,773,160
523,774,216
523,775,298
523,777,234
523,783,165
523,785,255
523,789,151
523,803,192
523,820,158
523,835,240
523,836,163
523,837,170
523,839,169
523,840,158
524,525,999
524,526,188
524,533,226
524,534,160
524,536,186
524,538,185
524,539,245
524,540,223
524,544,183
524,546,160
524,548,162
524,550,175
524,551,271
524,552,282
524,553,251
524,554,188
524,558,256
524,562,155
524,564,250
524,565,248
524,567,432
524,568,217
524,569,510
524,572,272
524,574,179
524,575,268
524,576,183
524,578,161
524,580,447
524,581,391
524,583,242
524,588,224
524,589,208
524,595,297
524,600,189
524,604,182
524,606,309
524,609,997
524,610,451
524,611,174
524,612,468
524,613,198
524,614,342
524,615,196
524,617,228
524,618,625
524,619,837
524,623,167
524,625,170
524,626,267
524,634,164
524,635,288
524,638,439
524,640,348
524,642,216
524,643,238
524,644,248
524,645,272
524,646,246
524,648,336
524,652,342
524,656,571
524,657,179
524,661,181
524,667,210
524,680,197
524,685,212
524,693,162
524,700,175
524,703,435
524,704,163
524,707,168
524,708,185
524,709,380
524,710,165
524,715,298
524,722,506
524,734,278
524,735,155
524,736,531
524,737,447
524,739,181
524,740,822
524,741,543
524,742,999
524,743,235
524,745,268
524,747,462
524,748,184
524,758,381
524,763,176
524,764,164
524,770,435
524,771,443
524,772,242
524,773,304
524,774,367
524,775,165
524,776,259
524,777,261
524,778,169
524,779,237
524,781,157
524,782,204
524,783,245
524,785,447
524,786,999
524,788,181
524,789,521
524,792,325
524,794,537
524,795,599
524,796,587
524,797,342
524,802,243
524,813,227
524,833,165
524,858,299
524,880,169
524,896,208
524,915,165
524,927,389
524,928,189
524,943,231
524,955,159
524,982,166
524,983,172
524,984,173
525,531,165
525,533,231
525,538,185
525,539,168
525,540,167
525,544,179
525,548,192
525,552,178
525,553,174
525,559,181
525,564,173
525,565,178
525,567,373
525,568,211
525,569,421
525,572,234
525,575,167
525,576,181
525,580,612
525,581,488
525,588,175
525,589,150
525,595,300
525,604,167
525,606,259
525,609,835
525,610,154
525,612,230
525,613,192
525,614,295
525,617,240
525,618,708
525,619,991
525,623,318
525,626,235
525,635,178
525,638,317
525,640,227
525,642,162
525,644,161
525,645,214
525,648,257
525,652,245
525,656,507
525,657,175
525,661,275
525,662,193
525,667,546
525,684,179
525,685,234
525,703,337
525,709,197
525,715,169
525,734,177
525,735,191
525,736,392
525,737,348
525,739,199
525,740,518
525,741,461
525,742,997
525,743,201
525,745,215
525,758,269
525,761,373
525,763,204
525,770,377
525,771,558
525,773,329
525,774,437
525,775,216
525,776,217
525,777,222
525,785,597
525,786,998
525,788,178
525,789,357
525,792,229
525,794,419
525,795,312
525,796,435
525,801,153
525,802,248
525,803,159
525,813,181
525,896,230
525,897,373
525,982,326
526,527,997
526,537,202
526,538,309
526,542,192
526,543,297
526,548,247
526,549,299
526,552,643
526,556,192
526,558,256
526,564,253
526,565,151
526,567,865
526,568,419
526,569,817
526,572,193
526,574,204
526,575,207
526,578,153
526,580,361
526,581,647
526,583,201
526,586,182
526,588,439
526,595,150
526,604,257
526,606,940
526,609,360
526,610,233
526,611,201
526,612,589
526,613,670
526,614,251
526,617,159
526,618,205
526,619,340
526,623,220
526,626,169
526,631,330
526,635,198
526,638,630
526,640,233
526,642,283
526,643,275
526,644,287
526,645,336
526,646,208
526,648,297
526,656,402
526,657,552
526,660,220
526,667,396
526,678,340
526,681,272
526,682,178
526,710,326
526,716,237
526,721,205
526,722,375
526,735,427
526,736,362
526,737,409
526,740,505
526,741,198
526,742,172
526,743,187
526,758,242
526,770,867
526,771,382
526,772,212
526,773,555
526,774,374
526,776,261
526,777,772
526,779,273
526,782,236
526,783,451
526,784,340
526,785,491
526,786,157
526,788,625
526,789,392
526,792,681
526,796,187
526,799,263
526,800,180
526,809,150
526,842,175
526,921,200
526,943,358
526,949,244
526,979,151
526,981,167
526,983,254
527,537,152
527,538,256
527,543,583
527,547,152
527,548,173
527,552,258
527,556,318
527,558,161
527,564,265
527,567,746
527,568,365
527,569,634
527,572,171
527,575,159
527,580,327
527,581,532
527,583,166
527,586,168
527,588,343
527,604,212
527,606,712
527,609,267
527,610,158
527,612,525
527,613,643
527,614,271
527,619,221
527,623,242
527,631,448
527,638,617
527,640,165
527,642,242
527,643,249
527,644,261
527,645,406
527,646,166
527,648,205
527,651,184
527,656,288
527,657,465
527,660,175
527,667,249
527,672,261
527,678,283
527,681,685
527,684,153
527,686,172
527,697,171
527,710,246
527,716,183
527,721,225
527,722,370
527,735,350
527,736,247
527,737,343
527,740,396
527,743,153
527,758,173
527,761,174
527,770,722
527,771,323
527,772,172
527,773,448
527,774,325
527,776,211
527,777,744
527,779,229
527,782,153
527,783,390
527,784,344
527,785,263
527,788,538
527,789,354
527,792,577
527,799,196
527,842,157
527,921,291
527,943,429
527,949,197
527,983,547
528,529,153
528,580,158
528,609,248
528,618,224
528,619,191
528,623,161
528,629,295
528,632,248
528,701,165
528,736,162
528,740,183
528,772,336
528,778,168
528,785,229
528,798,152
528,821,151
528,847,284
528,853,265
528,949,153
529,534,235
529,535,244
529,553,233
529,559,164
529,578,163
529,732,152
529,764,156
529,792,181
529,847,210
529,855,154
529,883,175
530,531,259
530,532,702
530,543,179
530,564,256
530,565,279
530,609,200
530,638,223
530,660,304
530,706,151
530,770,173
530,810,158
530,813,183
530,877,156
530,935,359
530,956,209
531,532,155
531,610,158
531,658,170
531,665,150
531,700,232
531,841,276
532,533,160
532,534,505
532,535,392
532,567,349
532,569,154
532,588,314
532,606,299
532,609,197
532,635,183
532,638,233
532,656,151
532,658,194
532,710,320
532,715,177
532,716,154
532,735,260
532,736,193
532,737,175
532,740,268
532,758,191
532,764,168
532,770,201
532,787,596
532,792,628
532,804,170
532,837,237
532,838,199
532,839,260
532,840,410
532,877,161
532,883,279
532,947,168
533,534,171
533,535,214
533,542,235
533,551,251
533,552,173
533,554,166
533,555,298
533,556,160
533,558,173
533,562,220
533,564,176
533,567,305
533,569,279
533,571,319
533,575,332
533,576,215
533,580,336
533,581,197
533,588,184
533,606,271
533,608,182
533,609,306
533,610,241
533,612,229
533,614,234
533,615,238
533,616,266
533,617,226
533,618,225
533,619,290
533,621,178
533,626,386
533,627,195
533,634,229
533,635,473
533,638,191
533,640,718
533,642,222
533,643,231
533,644,227
533,645,268
533,648,328
533,649,161
533,656,283
533,657,154
533,658,179
533,661,239
533,676,176
533,703,185
533,711,177
533,712,176
533,713,153
533,714,241
533,715,626
533,719,605
533,721,154
533,733,210
533,736,506
533,737,200
533,738,200
533,739,297
533,740,558
533,741,234
533,742,187
533,746,275
533,747,218
533,754,175
533,755,281
533,756,197
533,764,163
533,769,151
533,770,179
533,771,218
533,774,173
533,778,269
533,782,204
533,785,206
533,786,193
533,787,164
533,789,366
533,792,252
533,795,182
533,803,151
533,804,207
533,809,220
533,815,169
533,816,185
533,817,223
533,836,192
533,837,151
533,838,204
533,839,151
533,840,151
533,899,235
533,900,159
533,937,197
533,940,185
533,947,168
533,980,205
533,984,188
534,535,919
534,536,169
534,556,438
534,567,170
534,585,177
534,595,168
534,607,926
534,609,207
534,614,184
534,615,229
534,616,184
534,617,184
534,618,455
534,619,167
534,628,270
534,634,184
534,635,233
534,642,184
534,643,184
534,644,184
534,645,184
534,647,400
534,648,155
534,652,202
534,705,177
534,707,187
534,715,442
534,717,157
534,728,163
534,737,404
534,738,414
534,740,174
534,741,157
534,742,201
534,763,474
534,764,307
534,769,248
534,771,152
534,786,179
534,792,408
534,797,195
534,809,181
534,814,153
534,820,173
534,836,938
534,837,464
534,838,933
534,839,422
534,840,941
534,877,362
534,883,930
534,937,184
534,947,285
534,957,150
534,982,308
535,536,196
535,556,396
535,562,192
535,578,175
535,595,157
535,602,206
535,607,921
535,609,156
535,614,184
535,615,234
535,616,184
535,617,184
535,618,151
535,622,159
535,635,219
535,642,239
535,643,186
535,644,184
535,645,184
535,647,384
535,648,162
535,652,232
535,685,168
535,687,227
535,691,191
535,692,156
535,693,156
535,704,198
535,705,235
535,715,452
535,737,155
535,738,376
535,740,152
535,751,193
535,752,176
535,763,246
535,764,333
535,769,227
535,797,195
535,798,154
535,802,228
535,809,213
535,814,153
535,820,173
535,827,167
535,836,383
535,837,339
535,838,442
535,839,424
535,840,377
535,847,159
535,852,182
535,877,390
535,883,922
535,900,154
535,933,156
535,937,184
535,940,177
535,947,180
535,950,164
535,951,166
535,954,185
535,959,169
535,960,154
536,547,185
536,552,161
536,553,240
536,554,212
536,556,537
536,560,161
536,562,200
536,566,210
536,567,356
536,569,297
536,571,309
536,580,213
536,581,200
536,583,151
536,588,150
536,596,398
536,599,159
536,604,302
536,606,238
536,607,290
536,608,345
536,609,377
536,610,290
536,612,186
536,613,156
536,618,173
536,619,258
536,620,488
536,623,169
536,626,361
536,627,259
536,634,259
536,635,170
536,638,182
536,640,349
536,648,217
536,656,282
536,658,181
536,666,178
536,667,210
536,669,266
536,681,199
536,709,186
536,714,153
536,715,182
536,736,260
536,737,190
536,738,164
536,739,476
536,740,564
536,741,163
536,744,323
536,746,153
536,759,265
536,764,943
536,765,317
536,766,204
536,767,255
536,768,229
536,769,442
536,770,228
536,771,189
536,782,252
536,785,177
536,787,289
536,788,200
536,789,259
536,792,189
536,805,164
536,836,154
536,900,785
536,948,188
537,540,376
537,544,368
537,551,184
537,552,519
537,558,191
537,562,201
537,564,163
537,565,154
537,566,378
537,567,390
537,569,275
537,575,185
537,576,215
537,578,269
537,580,274
537,581,169
537,583,245
537,585,170
537,586,169
537,588,221
537,594,628
537,606,328
537,607,172
537,609,361
537,610,954
537,612,224
537,613,247
537,614,250
537,618,281
537,619,367
537,623,178
537,626,740
537,630,158
537,632,160
537,635,167
537,638,297
537,640,455
537,642,218
537,643,185
537,644,174
537,645,230
537,648,233
537,656,690
537,667,535
537,668,155
537,685,156
537,707,168
537,708,161
537,710,232
537,716,539
537,721,169
537,726,282
537,734,670
537,736,298
537,737,232
537,739,238
537,740,424
537,747,193
537,757,532
537,758,174
537,760,252
537,766,158
537,770,264
537,771,380
537,773,205
537,776,990
537,779,160
537,782,421
537,783,184
537,785,208
537,789,937
537,792,208
537,796,255
537,811,197
537,833,254
537,842,234
537,861,153
537,874,253
537,933,372
537,970,177
537,981,214
537,982,155
538,543,361
538,548,255
538,567,487
538,569,220
538,580,166
538,581,245
538,588,189
538,606,461
538,609,861
538,613,298
538,619,163
538,631,390
538,638,392
538,651,257
538,656,163
538,657,278
538,659,215
538,667,189
538,672,153
538,716,254
538,735,198
538,736,200
538,737,168
538,740,248
538,742,654
538,758,177
538,770,350
538,771,346
538,786,181
538,792,264
538,833,210
538,935,165
539,567,200
539,569,220
539,580,184
539,609,947
539,610,186
539,614,226
539,616,245
539,618,276
539,619,697
539,625,444
539,626,377
539,629,270
539,638,176
539,640,349
539,642,152
539,645,163
539,648,162
539,656,369
539,667,234
539,679,261
539,680,260
539,709,234
539,736,305
539,737,163
539,739,248
539,740,339
539,741,590
539,742,609
539,761,188
539,770,179
539,771,250
539,775,194
539,782,181
539,785,487
539,786,274
539,789,189
539,794,266
539,795,240
539,796,204
539,802,151
539,811,225
539,915,218
539,927,276
539,943,161
540,541,221
540,544,479
540,550,190
540,552,295
540,556,157
540,558,190
540,562,177
540,565,189
540,566,550
540,567,661
540,569,298
540,570,310
540,574,175
540,575,215
540,576,151
540,578,167
540,580,741
540,581,265
540,582,189
540,583,183
540,585,295
540,586,194
540,587,570
540,588,181
540,591,189
540,592,201
540,594,218
540,595,232
540,597,326
540,600,151
540,603,163
540,606,555
540,609,370
540,610,250
540,612,258
540,613,291
540,614,413
540,618,195
540,619,353
540,626,392
540,632,348
540,638,240
540,640,422
540,642,164
540,645,187
540,647,162
540,648,392
540,656,504
540,667,255
540,668,241
540,672,177
540,673,350
540,674,361
540,675,177
540,691,177
540,710,167
540,716,286
540,717,152
540,734,276
540,736,323
540,737,308
540,739,152
540,740,515
540,742,186
540,745,193
540,747,152
540,757,666
540,758,181
540,760,381
540,769,202
540,770,396
540,771,518
540,776,229
540,778,193
540,782,524
540,786,290
540,789,467
540,792,306
540,796,193
540,804,208
540,836,197
540,837,211
540,839,211
540,840,222
540,843,205
540,845,351
540,846,345
540,849,237
540,855,161
540,865,228
540,867,156
540,873,163
540,877,202
540,930,175
540,932,248
540,964,236
540,965,162
540,981,294
541,562,559
541,566,166
541,567,232
541,570,199
541,580,273
541,581,175
541,582,187
541,585,211
541,586,239
541,588,453
541,597,320
541,601,279
541,602,186
541,606,206
541,613,303
541,626,190
541,654,222
541,673,162
541,679,176
541,680,177
541,681,159
541,685,169
541,691,315
541,692,202
541,693,208
541,699,182
541,718,291
541,731,243
541,740,250
541,751,267
541,752,331
541,757,162
541,760,151
541,770,188
541,789,253
541,792,197
541,815,193
541,825,270
541,827,252
541,846,262
541,849,197
541,860,278
541,865,355
541,867,224
541,873,266
541,933,356
541,954,206
541,959,173
541,965,364
542,543,382
542,544,980
542,545,287
542,546,812
542,562,165
542,564,807
542,567,345
542,569,199
542,575,163
542,600,190
542,606,836
542,609,790
542,613,178
542,618,158
542,619,206
542,630,858
542,637,184
542,638,271
542,642,162
542,656,198
542,657,172
542,660,808
542,667,183
542,684,152
542,734,384
542,736,211
542,737,202
542,740,325
542,747,171
542,751,151
542,754,250
542,755,756
542,756,899
542,758,181
542,761,164
542,769,165
542,770,271
542,771,209
542,782,400
542,785,191
542,789,156
542,792,229
542,802,177
542,836,162
542,837,165
542,839,165
542,840,163
542,853,305
543,544,642
543,545,312
543,546,451
543,547,165
543,548,204
543,564,266
543,567,762
543,568,457
543,569,567
543,572,154
543,580,257
543,581,242
543,583,185
543,588,349
543,606,970
543,609,204
543,610,205
543,612,245
543,613,430
543,614,545
543,630,264
543,631,564
543,638,707
543,645,201
543,648,226
543,651,354
543,657,302
543,658,180
543,660,936
543,666,167
543,667,153
543,672,188
543,681,369
543,684,179
543,714,204
543,716,219
543,722,188
543,730,249
543,735,292
543,736,208
543,737,269
543,740,246
543,747,205
543,758,216
543,759,182
543,761,336
543,769,173
543,770,413
543,771,203
543,773,178
543,777,221
543,783,267
543,788,242
543,792,437
543,820,191
543,833,342
543,836,162
543,837,199
543,839,199
543,840,183
543,851,434
543,853,325
543,897,196
543,921,263
543,949,165
543,977,188
543,983,457
543,984,164
544,545,572
544,546,789
544,549,342
544,550,169
544,552,623
544,558,198
544,562,247
544,564,757
544,566,380
544,567,600
544,568,411
544,569,575
544,575,220
544,580,342
544,581,351
544,582,257
544,583,163
544,585,248
544,586,235
544,587,217
544,588,349
544,594,296
544,597,386
544,601,196
544,606,844
544,609,995
544,610,189
544,612,191
544,613,274
544,614,569
544,618,222
544,619,295
544,623,173
544,624,332
544,626,407
544,630,698
544,636,158
544,638,480
544,640,269
544,645,444
544,648,206
544,656,370
544,657,158
544,658,435
544,660,484
544,667,167
544,673,202
544,674,195
544,678,247
544,685,185
544,691,186
544,716,367
544,731,156
544,733,206
544,734,474
544,735,249
544,736,284
544,737,323
544,740,418
544,741,203
544,757,577
544,758,294
544,760,348
544,770,474
544,771,477
544,772,271
544,773,467
544,774,155
544,776,169
544,782,554
544,785,245
544,788,220
544,789,351
544,790,388
544,792,476
544,800,158
544,802,231
544,825,159
544,846,229
544,849,181
544,867,215
544,873,172
544,897,175
544,933,185
544,935,168
544,965,235
545,546,694
545,564,445
545,567,175
545,569,170
545,606,175
545,609,193
545,630,322
545,660,584
545,712,396
545,759,198
545,782,216
545,797,179
545,849,174
546,564,255
546,565,159
546,567,208
546,569,150
546,574,179
546,580,162
546,606,183
546,608,183
546,609,980
546,618,181
546,619,260
546,638,190
546,657,167
546,660,705
546,716,189
546,737,192
546,740,221
546,741,214
546,747,153
546,758,177
546,769,165
546,771,153
546,772,213
546,782,182
546,785,207
546,786,183
546,824,254
546,836,162
546,837,165
546,839,165
546,840,156
546,847,191
546,851,219
546,853,232
547,556,339
547,564,163
547,567,332
547,569,201
547,581,153
547,588,188
547,596,537
547,604,962
547,606,264
547,608,154
547,609,169
547,613,163
547,618,157
547,619,160
547,620,579
547,626,216
547,638,221
547,648,161
547,652,282
547,656,153
547,684,169
547,716,209
547,736,196
547,737,271
547,740,198
547,745,205
547,758,167
547,759,211
547,761,260
547,764,324
547,770,308
547,771,654
547,785,163
547,786,154
547,788,163
547,792,254
547,798,154
547,921,204
548,549,400
548,556,276
548,558,272
548,567,477
548,569,251
548,580,234
548,581,278
548,588,504
548,594,539
548,596,211
548,604,157
548,606,441
548,609,275
548,612,193
548,613,231
548,614,553
548,618,191
548,619,255
548,623,583
548,626,292
548,631,227
548,638,341
548,640,181
548,645,207
548,648,213
548,656,222
548,657,430
548,659,967
548,667,252
548,672,394
548,679,672
548,710,295
548,716,602
548,722,156
548,734,181
548,735,526
548,736,266
548,737,385
548,740,622
548,741,209
548,742,540
548,758,263
548,761,704
548,763,231
548,764,152
548,770,379
548,771,959
548,773,603
548,774,350
548,776,206
548,777,187
548,779,450
548,781,158
548,782,165
548,783,506
548,785,159
548,787,195
548,788,210
548,792,350
548,800,469
548,982,154
548,983,460
549,558,342
549,567,516
549,568,194
549,569,259
549,572,234
549,580,173
549,581,726
549,588,463
549,596,154
549,606,403
549,607,452
549,609,213
549,612,263
549,613,232
549,619,295
549,623,205
549,626,235
549,638,226
549,640,237
549,645,152
549,646,336
549,648,451
549,656,333
549,657,280
549,667,181
549,697,180
549,710,194
549,716,175
549,735,363
549,736,213
549,737,642
549,740,368
549,767,157
549,770,776
549,771,250
549,773,583
549,774,409
549,776,274
549,777,165
549,779,157
549,785,159
549,788,447
549,792,401
549,797,261
549,800,233
549,835,178
549,838,153
549,877,153
549,937,195
549,941,162
549,959,252
549,979,639
550,566,240
550,567,325
550,569,234
550,570,504
550,580,516
550,588,157
550,596,338
550,604,178
550,606,235
550,609,403
550,612,191
550,613,153
550,614,246
550,618,394
550,619,270
550,626,191
550,632,158
550,638,332
550,640,255
550,642,176
550,647,196
550,656,403
550,661,163
550,674,157
550,716,150
550,734,175
550,736,307
550,737,231
550,740,594
550,741,193
550,744,284
550,745,272
550,758,223
550,764,239
550,770,206
550,771,948
550,774,152
550,785,432
550,786,160
550,789,250
550,792,213
550,798,549
550,815,175
550,865,309
550,877,248
551,571,178
551,609,196
551,610,150
551,619,177
551,622,358
551,625,207
551,626,208
551,627,156
551,635,258
551,640,616
551,646,153
551,648,836
551,650,192
551,656,165
551,669,179
551,711,306
551,712,193
551,713,204
551,715,186
551,719,250
551,723,767
551,724,763
551,725,768
551,726,795
551,728,391
551,729,527
551,730,307
551,731,296
551,736,175
551,739,200
551,740,157
551,746,999
551,747,999
551,782,164
551,797,752
551,813,165
551,817,201
551,834,221
551,838,164
551,943,198
551,962,170
551,967,837
551,968,995
551,969,981
551,970,337
551,972,811
551,973,578
551,974,360
551,975,467
551,976,540
551,977,695
551,978,325
551,980,307
552,554,835
552,558,154
552,564,178
552,566,191
552,567,650
552,568,160
552,569,504
552,572,202
552,574,162
552,575,254
552,576,472
552,577,202
552,578,645
552,580,324
552,581,298
552,583,313
552,588,248
552,600,242
552,606,574
552,609,939
552,610,765
552,611,237
552,612,445
552,613,613
552,614,431
552,615,155
552,617,235
552,618,679
552,619,537
552,623,167
552,626,655
552,631,201
552,635,246
552,638,473
552,640,778
552,642,248
552,643,228
552,644,230
552,645,388
552,646,366
552,648,202
552,656,999
552,661,642
552,662,617
552,663,585
552,667,369
552,678,187
552,710,216
552,715,299
552,716,194
552,719,225
552,723,180
552,724,153
552,725,152
552,726,184
552,732,250
552,733,173
552,734,790
552,735,158
552,736,632
552,737,448
552,739,226
552,740,918
552,741,375
552,742,382
552,743,208
552,747,217
552,748,254
552,755,155
552,757,236
552,758,378
552,770,476
552,771,466
552,772,271
552,773,214
552,774,237
552,776,171
552,777,315
552,782,549
552,783,178
552,785,888
552,786,503
552,789,554
552,792,376
552,794,229
552,795,448
552,796,536
552,800,182
552,803,264
552,804,179
552,809,197
552,811,154
552,816,578
552,817,697
552,834,166
552,937,188
552,967,211
552,970,191
552,972,229
552,981,946
552,982,220
553,562,186
553,567,192
553,572,197
553,580,191
553,586,198
553,588,207
553,595,466
553,607,205
553,609,258
553,616,229
553,618,381
553,619,398
553,632,190
553,636,191
553,638,212
553,642,163
553,652,191
553,656,189
553,667,288
553,701,152
553,710,167
553,721,167
553,734,216
553,736,165
553,737,240
553,740,296
553,758,236
553,761,274
553,764,161
553,767,326
553,771,173
553,780,164
553,785,233
553,786,179
553,789,395
553,792,199
553,802,164
553,805,347
553,820,154
553,842,170
553,880,361
553,921,491
553,928,160
554,559,154
554,567,361
554,569,244
554,571,425
554,575,310
554,576,728
554,577,546
554,578,197
554,580,185
554,581,179
554,597,175
554,600,257
554,606,239
554,608,357
554,609,710
554,610,347
554,612,167
554,613,191
554,615,194
554,618,167
554,619,386
554,623,153
554,626,396
554,627,205
554,635,164
554,638,187
554,640,276
554,648,219
554,649,297
554,656,299
554,710,306
554,715,248
554,720,161
554,736,440
554,737,175
554,739,664
554,740,437
554,741,305
554,758,158
554,766,237
554,770,279
554,771,255
554,772,643
554,780,158
554,783,163
554,785,292
554,789,262
554,792,181
554,813,374
554,820,180
554,834,412
554,849,151
554,928,215
555,567,156
555,571,365
555,581,278
555,607,191
555,608,191
555,616,150
555,619,201
555,621,189
555,622,315
555,626,290
555,627,175
555,634,166
555,635,356
555,640,372
555,645,183
555,648,153
555,649,245
555,650,155
555,667,166
555,707,177
555,708,178
555,711,205
555,715,481
555,726,173
555,727,162
555,729,152
555,736,192
555,738,585
555,739,260
555,740,164
555,746,323
555,761,390
555,764,219
555,769,268
555,770,165
555,782,624
555,804,202
555,818,187
555,834,261
555,836,306
555,837,262
555,838,191
555,839,266
555,840,256
555,899,182
555,943,244
555,968,153
555,969,240
555,977,198
556,567,296
556,569,185
556,583,150
556,596,416
556,604,426
556,606,277
556,607,196
556,608,190
556,612,177
556,613,165
556,614,249
556,615,199
556,616,199
556,617,220
556,620,531
556,626,153
556,634,175
556,635,168
556,638,165
556,640,167
556,642,211
556,643,211
556,644,215
556,645,216
556,647,445
556,648,334
556,659,220
556,672,155
556,679,238
556,681,344
556,686,169
556,697,179
556,703,183
556,715,382
556,720,217
556,724,196
556,737,163
556,738,247
556,740,160
556,759,561
556,761,205
556,764,864
556,769,300
556,770,166
556,777,155
556,783,212
556,797,289
556,809,167
556,814,154
556,816,159
556,820,156
556,836,260
556,837,223
556,839,223
556,840,211
556,877,362
556,883,342
556,937,211
556,948,153
556,983,187
557,565,153
557,567,268
557,569,159
557,583,166
557,606,197
557,609,153
557,614,701
557,615,179
557,620,153
557,621,188
557,645,214
557,658,249
557,671,156
557,674,395
557,675,782
557,714,764
557,735,412
557,759,256
557,764,593
557,770,192
557,787,188
557,792,159
557,806,198
558,564,403
558,567,614
558,569,408
558,572,202
558,580,244
558,581,676
558,583,232
558,588,724
558,589,535
558,593,467
558,594,443
558,595,211
558,596,205
558,600,214
558,601,159
558,604,236
558,606,574
558,607,158
558,609,400
558,610,260
558,612,229
558,613,295
558,618,322
558,619,502
558,623,785
558,626,213
558,631,223
558,634,172
558,635,166
558,638,407
558,640,869
558,645,184
558,648,932
558,649,267
558,650,953
558,656,400
558,657,260
558,667,277
558,672,489
558,673,321
558,674,317
558,675,376
558,676,398
558,677,381
558,678,461
558,679,542
558,680,427
558,681,378
558,682,507
558,683,454
558,709,921
558,710,514
558,716,258
558,720,183
558,734,547
558,735,330
558,736,582
558,737,655
558,739,224
558,740,480
558,741,237
558,748,161
558,755,155
558,757,314
558,758,365
558,759,182
558,764,172
558,770,659
558,771,238
558,772,290
558,773,247
558,774,319
558,776,153
558,777,160
558,781,160
558,782,203
558,785,353
558,786,253
558,787,174
558,788,404
558,789,268
558,792,538
558,799,215
558,800,410
558,801,201
558,802,153
558,811,251
558,817,715
558,837,279
558,852,740
558,853,650
558,880,230
558,921,542
558,922,382
558,929,159
558,943,954
558,948,380
558,964,188
559,560,569
559,561,405
559,562,328
559,567,331
559,583,338
559,594,175
559,598,308
559,599,261
559,600,739
559,601,371
559,602,411
559,603,223
559,609,259
559,618,198
559,619,177
559,623,183
559,626,224
559,629,197
559,638,201
559,640,264
559,656,181
559,679,333
559,680,333
559,710,255
559,727,260
559,736,487
559,740,204
559,741,150
559,758,184
559,785,314
559,798,211
559,800,175
559,811,157
559,865,150
559,934,327
559,935,228
559,958,162
559,960,158
559,970,171
559,971,205
559,978,159
559,983,189
560,561,263
560,562,272
560,567,196
560,579,154
560,582,168
560,583,221
560,594,163
560,598,324
560,599,292
560,600,615
560,601,381
560,602,406
560,603,237
560,626,357
560,629,213
560,640,329
560,664,184
560,679,333
560,680,333
560,727,181
560,736,195
560,738,210
560,786,183
560,929,186
560,934,315
560,935,226
560,956,201
560,958,293
560,960,211
560,969,154
561,562,232
561,567,151
561,582,346
561,594,181
561,599,183
561,600,226
561,601,322
561,602,358
561,603,530
561,609,170
561,629,197
561,640,243
561,655,236
561,658,227
561,679,333
561,680,333
561,706,270
561,718,154
561,736,179
561,738,153
561,740,168
561,823,373
561,851,175
561,865,198
561,929,263
561,935,241
561,969,173
562,563,184
562,564,233
562,565,215
562,566,190
562,567,305
562,569,179
562,575,193
562,580,208
562,581,239
562,582,192
562,583,428
562,588,258
562,589,173
562,596,162
562,597,274
562,598,214
562,599,259
562,600,374
562,601,150
562,603,262
562,606,252
562,609,275
562,610,183
562,612,166
562,613,168
562,614,181
562,615,212
562,616,161
562,617,161
562,618,200
562,619,214
562,623,218
562,633,180
562,634,259
562,635,153
562,636,266
562,638,286
562,640,203
562,642,199
562,643,161
562,644,164
562,645,176
562,648,169
562,655,237
562,656,279
562,657,217
562,688,183
562,703,171
562,707,339
562,708,348
562,716,170
562,723,236
562,727,216
562,734,325
562,735,188
562,736,369
562,737,323
562,740,273
562,751,150
562,753,172
562,758,279
562,761,230
562,766,280
562,767,172
562,770,171
562,771,180
562,782,164
562,785,197
562,789,244
562,792,246
562,800,251
562,804,384
562,805,179
562,818,157
562,836,155
562,841,156
562,874,151
562,880,201
562,897,228
562,929,187
562,934,242
562,935,222
562,937,174
562,941,193
562,968,171
562,969,158
562,970,190
562,971,190
563,564,164
563,568,210
563,569,226
563,614,160
563,615,166
563,616,160
563,617,160
563,624,175
563,632,158
563,642,160
563,643,163
563,644,160
563,645,160
563,701,236
563,711,153
563,733,248
563,743,211
563,748,186
563,749,186
563,750,173
563,751,173
563,752,173
563,753,181
563,754,425
563,755,394
563,756,371
563,761,211
563,782,227
563,825,175
563,830,321
563,842,173
563,897,211
563,908,161
563,937,160
563,941,930
563,968,189
563,969,152
564,565,188
564,567,506
564,569,342
564,572,249
564,575,192
564,580,315
564,581,236
564,588,309
564,589,173
564,594,252
564,595,328
564,600,211
564,604,256
564,606,643
564,608,206
564,609,996
564,610,239
564,612,241
564,613,267
564,614,195
564,617,201
564,618,352
564,619,392
564,623,256
564,626,205
564,627,179
564,631,216
564,638,606
564,640,180
564,642,174
564,643,191
564,644,193
564,645,207
564,648,264
564,652,206
564,656,313
564,657,260
564,660,580
564,667,205
564,684,185
564,706,162
564,710,299
564,716,271
564,722,150
564,724,166
564,734,263
564,735,256
564,736,435
564,737,660
564,740,517
564,741,277
564,742,201
564,747,208
564,748,153
564,750,161
564,753,177
564,755,162
564,758,498
564,761,218
564,769,165
564,770,365
564,771,394
564,772,222
564,773,209
564,774,158
564,777,185
564,782,201
564,783,230
564,785,407
564,786,211
564,788,173
564,789,328
564,792,479
564,796,189
564,797,184
564,800,371
564,801,433
564,811,400
564,820,166
564,824,269
564,836,177
564,837,200
564,839,200
564,840,185
564,853,212
564,880,340
564,897,196
564,906,245
564,921,227
564,983,158
565,567,347
565,568,167
565,569,352
565,580,224
565,581,425
565,588,267
565,594,266
565,600,280
565,604,176
565,606,205
565,608,181
565,609,760
565,610,612
565,612,260
565,614,210
565,618,477
565,619,507
565,623,259
565,630,167
565,632,210
565,638,454
565,640,350
565,652,212
565,656,535
565,657,245
565,661,163
565,667,279
565,709,201
565,710,283
565,714,177
565,715,319
565,716,227
565,735,199
565,736,406
565,737,367
565,740,597
565,741,323
565,742,250
565,758,414
565,763,325
565,767,175
565,768,198
565,770,400
565,771,431
565,772,276
565,774,158
565,776,165
565,780,167
565,781,183
565,782,194
565,783,176
565,785,658
565,786,231
565,788,203
565,789,293
565,792,289
565,796,181
565,799,940
565,802,241
565,833,249
565,880,175
566,567,613
566,569,378
566,575,191
566,576,174
566,580,529
566,581,328
566,582,210
566,583,206
566,585,198
566,586,166
566,587,165
566,588,325
566,596,228
566,604,209
566,606,368
566,607,214
566,609,353
566,610,288
566,612,335
566,613,219
566,614,915
566,619,195
566,620,167
566,626,667
566,627,219
566,635,377
566,636,178
566,638,577
566,640,563
566,642,191
566,643,199
566,644,157
566,645,262
566,646,203
566,648,167
566,649,206
566,656,616
566,666,225
566,667,238
566,673,209
566,674,185
566,690,231
566,691,163
566,694,156
566,716,290
566,722,329
566,733,164
566,734,261
566,735,274
566,736,403
566,737,347
566,738,170
566,739,271
566,740,953
566,742,176
566,746,186
566,747,165
566,750,212
566,751,217
566,752,162
566,753,969
566,754,214
566,755,283
566,756,958
566,757,202
566,758,251
566,760,160
566,764,330
566,770,448
566,771,333
566,776,185
566,782,180
566,785,416
566,787,279
566,789,313
566,792,324
566,798,438
566,800,370
566,804,159
566,818,196
566,820,415
566,828,172
566,834,189
566,849,312
566,855,166
566,867,156
566,940,912
567,568,771
567,569,996
567,571,165
567,572,529
567,574,378
567,575,709
567,576,428
567,577,190
567,578,519
567,580,894
567,581,999
567,582,311
567,583,514
567,588,830
567,589,220
567,591,197
567,592,163
567,594,220
567,595,327
567,596,607
567,597,191
567,600,356
567,601,177
567,604,608
567,606,986
567,608,167
567,609,718
567,610,731
567,611,245
567,612,945
567,613,999
567,614,653
567,615,168
567,616,216
567,617,365
567,618,605
567,619,778
567,620,288
567,621,210
567,622,186
567,623,447
567,624,250
567,626,645
567,627,195
567,630,227
567,631,879
567,632,372
567,634,342
567,635,612
567,637,192
567,638,949
567,640,670
567,642,585
567,643,575
567,644,579
567,645,782
567,646,475
567,648,623
567,651,293
567,652,269
567,655,163
567,656,808
567,657,629
567,658,409
567,659,366
567,660,478
567,661,476
567,662,193
567,666,426
567,667,479
567,668,194
567,669,205
567,671,189
567,672,439
567,673,332
567,674,407
567,675,508
567,676,246
567,677,187
567,678,671
567,679,299
567,680,349
567,681,349
567,682,489
567,683,290
567,685,152
567,686,336
567,688,179
567,703,224
567,710,581
567,714,305
567,715,445
567,716,624
567,717,160
567,719,336
567,722,325
567,724,158
567,728,193
567,733,467
567,734,533
567,735,804
567,736,771
567,737,932
567,738,165
567,739,323
567,740,864
567,741,536
567,742,435
567,743,219
567,745,358
567,747,307
567,755,217
567,756,238
567,757,417
567,758,745
567,759,370
567,760,212
567,764,336
567,765,204
567,766,212
567,767,214
567,770,998
567,771,653
567,772,289
567,773,475
567,774,591
567,776,586
567,777,533
567,778,257
567,779,287
567,781,216
567,782,517
567,783,763
567,784,161
567,785,507
567,786,333
567,787,468
567,788,872
567,789,636
567,792,970
567,794,205
567,795,270
567,796,354
567,798,322
567,799,203
567,800,506
567,801,223
567,802,225
567,803,222
567,804,432
567,809,256
567,811,241
567,833,266
567,849,217
567,851,244
567,871,202
567,874,163
567,880,295
567,900,196
567,921,752
567,928,162
567,930,202
567,931,210
567,932,212
567,935,186
567,943,167
567,947,162
567,948,307
567,981,416
567,982,155
567,983,410
568,569,999
568,572,392
568,574,150
568,575,357
568,578,152
568,580,481
568,581,386
568,588,394
568,595,408
568,604,240
568,606,504
568,609,537
568,610,338
568,611,190
568,612,995
568,613,390
568,614,570
568,617,260
568,618,450
568,619,682
568,623,194
568,626,189
568,631,154
568,635,174
568,638,422
568,640,243
568,642,274
568,643,196
568,644,241
568,645,337
568,646,318
568,648,268
568,652,188
568,656,646
568,657,169
568,661,308
568,667,183
568,684,157
568,702,179
568,715,380
568,716,169
568,722,220
568,724,217
568,735,278
568,736,364
568,737,437
568,739,178
568,740,665
568,741,520
568,742,326
568,743,312
568,747,185
568,758,295
568,761,216
568,769,170
568,770,441
568,771,376
568,772,154
568,773,294
568,774,321
568,775,171
568,776,223
568,777,427
568,778,225
568,779,200
568,782,457
568,783,303
568,784,177
568,785,242
568,786,155
568,788,540
568,789,304
568,792,484
568,795,170
568,796,160
568,797,181
568,802,179
568,836,173
568,837,174
568,839,176
568,840,156
568,842,188
568,921,203
568,922,197
568,928,182
568,982,158
568,983,174
569,572,798
569,573,294
569,574,284
569,575,634
569,576,319
569,577,174
569,578,630
569,580,808
569,581,804
569,582,164
569,583,359
569,588,769
569,589,179
569,594,249
569,595,562
569,596,229
569,600,285
569,604,440
569,606,993
569,608,194
569,609,989
569,610,704
569,611,306
569,612,999
569,613,826
569,614,790
569,615,200
569,616,253
569,617,367
569,618,668
569,619,917
569,620,186
569,622,193
569,623,365
569,624,192
569,625,156
569,626,503
569,627,232
569,631,428
569,632,246
569,634,204
569,635,412
569,638,802
569,640,616
569,642,450
569,643,444
569,644,448
569,645,864
569,646,943
569,648,501
569,651,162
569,652,496
569,656,818
569,657,394
569,658,153
569,659,209
569,660,229
569,661,626
569,662,276
569,663,213
569,667,350
569,668,158
569,669,174
569,672,199
569,675,210
569,678,329
569,681,171
569,682,203
569,686,174
569,703,168
569,709,186
569,710,402
569,711,222
569,712,261
569,713,244
569,714,194
569,715,377
569,716,396
569,719,260
569,721,182
569,722,493
569,724,204
569,728,183
569,733,200
569,734,331
569,735,589
569,736,816
569,737,711
569,739,363
569,740,896
569,741,751
569,742,996
569,743,340
569,745,189
569,747,260
569,748,190
569,750,154
569,753,158
569,755,210
569,756,160
569,758,597
569,759,257
569,761,333
569,764,196
569,769,223
569,770,932
569,771,756
569,772,274
569,773,490
569,774,741
569,775,455
569,776,636
569,777,759
569,778,259
569,779,332
569,780,265
569,781,179
569,782,476
569,783,507
569,784,216
569,785,733
569,786,364
569,787,511
569,788,519
569,789,713
569,792,982
569,794,270
569,795,767
569,796,412
569,797,247
569,799,204
569,800,332
569,801,167
569,802,321
569,803,223
569,804,235
569,809,226
569,811,250
569,815,153
569,820,181
569,822,177
569,833,173
569,836,180
569,837,171
569,839,189
569,840,156
569,842,918
569,880,228
569,900,163
569,915,304
569,921,393
569,928,202
569,937,185
569,943,281
569,981,317
569,982,181
569,983,292
570,580,381
570,584,287
570,585,204
570,586,192
570,591,259
570,592,269
570,601,162
570,604,172
570,632,258
570,653,288
570,654,251
570,673,228
570,674,263
570,692,160
570,710,494
570,740,171
570,763,157
570,770,173
570,771,503
570,798,506
570,815,213
570,825,164
570,843,206
570,846,414
570,847,210
570,855,196
570,860,224
570,865,167
570,867,284
570,873,181
570,932,201
570,959,182
570,965,185
571,581,361
571,608,427
571,609,294
571,610,268
571,619,368
571,626,258
571,627,397
571,638,200
571,640,249
571,645,183
571,648,216
571,649,555
571,667,310
571,669,207
571,714,156
571,715,552
571,726,170
571,729,164
571,733,222
571,736,330
571,739,635
571,740,279
571,744,153
571,746,171
571,748,250
571,749,249
571,750,219
571,751,218
571,752,218
571,753,221
571,754,201
571,755,223
571,759,169
571,769,225
571,782,231
571,789,168
571,791,192
571,804,151
571,813,188
571,818,196
571,820,293
571,822,236
571,836,254
571,837,225
571,838,184
571,839,225
571,840,219
571,943,237
571,973,215
571,984,174
572,573,423
572,574,422
572,575,670
572,576,275
572,578,258
572,579,250
572,580,942
572,581,775
572,588,278
572,593,165
572,595,528
572,604,225
572,606,405
572,609,499
572,610,378
572,611,405
572,612,617
572,613,254
572,614,927
572,617,258
572,618,374
572,619,527
572,624,790
572,631,162
572,632,277
572,637,212
572,638,683
572,640,201
572,642,265
572,643,229
572,644,218
572,645,391
572,646,937
572,648,311
572,656,451
572,661,352
572,667,151
572,672,187
572,676,155
572,678,228
572,686,170
572,719,290
572,722,243
572,724,390
572,728,731
572,734,286
572,735,186
572,736,368
572,737,428
572,740,625
572,741,232
572,742,654
572,743,306
572,747,354
572,750,194
572,751,188
572,753,232
572,754,168
572,755,191
572,756,177
572,758,249
572,770,540
572,771,611
572,772,169
572,773,445
572,774,411
572,776,337
572,777,479
572,778,266
572,779,301
572,781,370
572,783,306
572,785,248
572,786,179
572,788,321
572,789,953
572,792,353
572,795,260
572,799,362
572,800,323
572,801,278
572,805,948
572,830,199
572,831,167
572,832,178
572,865,256
572,880,212
572,928,219
573,574,946
573,575,197
573,576,847
573,577,332
573,578,285
573,579,257
573,580,610
573,604,207
573,606,164
573,609,274
573,611,286
573,614,153
573,617,191
573,618,159
573,619,274
573,625,156
573,626,317
573,635,175
573,642,526
573,643,190
573,644,554
573,645,272
573,646,162
573,656,207
573,657,211
573,661,172
573,662,186
573,663,165
573,687,172
573,736,217
573,740,250
573,742,158
573,770,183
573,778,162
573,782,189
573,877,167
574,575,758
574,576,932
574,577,577
574,578,265
574,579,825
574,580,990
574,581,169
574,588,258
574,595,220
574,606,255
574,609,805
574,610,287
574,611,175
574,612,295
574,613,168
574,614,973
574,615,325
574,616,357
574,617,541
574,618,744
574,619,386
574,626,195
574,627,233
574,638,235
574,640,377
574,642,993
574,643,958
574,644,979
574,645,998
574,646,972
574,656,300
574,667,268
574,715,150
574,719,170
574,733,204
574,735,196
574,736,353
574,737,198
574,740,799
574,741,264
574,742,637
574,743,376
574,747,205
574,748,163
574,755,336
574,758,272
574,769,186
574,770,303
574,771,304
574,774,198
574,775,164
574,776,151
574,781,180
574,784,181
574,785,173
574,789,318
574,792,269
574,794,258
574,795,627
574,796,189
574,816,160
574,817,170
574,836,226
574,837,195
574,839,198
574,840,273
574,842,180
574,928,810
574,937,418
575,576,989
575,577,575
575,578,777
575,579,634
575,580,994
575,581,310
575,588,256
575,595,307
575,600,154
575,604,161
575,606,451
575,608,166
575,609,982
575,610,643
575,611,182
575,612,676
575,613,268
575,614,460
575,615,315
575,616,410
575,617,383
575,618,453
575,619,737
575,624,511
575,626,293
575,635,267
575,638,598
575,640,365
575,642,417
575,643,410
575,644,416
575,645,458
575,646,645
575,648,231
575,652,163
575,656,453
575,657,189
575,661,178
575,663,165
575,667,284
575,674,329
575,675,160
575,702,163
575,710,172
575,715,262
575,716,210
575,719,177
575,734,186
575,735,261
575,736,485
575,737,371
575,738,154
575,739,288
575,740,708
575,741,737
575,742,918
575,755,179
575,758,302
575,759,154
575,763,208
575,769,184
575,770,457
575,771,622
575,772,264
575,773,198
575,774,303
575,775,164
575,776,181
575,777,168
575,778,614
575,782,538
575,783,230
575,785,253
575,786,167
575,788,207
575,789,706
575,792,704
575,794,219
575,795,437
575,796,446
575,802,171
575,836,226
575,837,184
575,839,184
575,840,287
575,842,262
575,880,164
575,921,150
575,928,725
575,937,302
575,959,316
575,968,159
575,972,167
575,981,188
576,577,629
576,578,942
576,579,234
576,580,831
576,588,322
576,606,286
576,608,162
576,609,450
576,610,975
576,611,954
576,612,419
576,613,296
576,614,702
576,618,347
576,619,392
576,626,359
576,638,255
576,640,453
576,643,162
576,645,211
576,646,220
576,648,198
576,656,597
576,667,480
576,710,208
576,713,181
576,715,329
576,716,238
576,736,499
576,737,356
576,739,297
576,740,826
576,741,315
576,742,153
576,754,155
576,755,188
576,757,159
576,758,150
576,770,269
576,771,297
576,773,152
576,774,181
576,776,249
576,782,282
576,785,186
576,788,406
576,789,932
576,792,814
576,796,224
576,797,545
576,811,445
576,815,156
576,900,157
576,928,347
576,948,216
576,981,317
576,982,163
577,578,932
577,579,751
577,580,315
577,595,206
577,609,301
577,610,411
577,618,184
577,619,246
577,626,159
577,640,252
577,646,181
577,656,316
577,667,205
577,736,229
577,740,277
577,741,156
577,773,212
577,782,155
577,897,404
577,928,338
578,579,254
578,580,573
578,581,175
578,583,308
578,588,228
578,606,409
578,609,510
578,610,999
578,612,352
578,613,467
578,614,276
578,617,189
578,618,349
578,619,370
578,622,433
578,624,229
578,626,423
578,635,199
578,638,288
578,640,614
578,642,201
578,643,205
578,644,206
578,645,513
578,646,329
578,648,230
578,656,716
578,661,204
578,662,415
578,667,933
578,693,163
578,710,154
578,715,341
578,719,230
578,735,219
578,736,438
578,737,335
578,739,264
578,740,606
578,741,244
578,742,592
578,748,225
578,754,306
578,755,341
578,756,181
578,758,188
578,770,351
578,771,274
578,774,204
578,782,427
578,785,241
578,788,260
578,789,457
578,792,367
578,796,244
578,804,177
578,811,196
578,852,570
578,853,590
578,928,195
578,958,165
578,981,394
579,580,983
579,595,154
579,609,204
579,610,198
579,614,398
579,615,307
579,616,325
579,617,427
579,619,260
579,642,436
579,643,416
579,644,396
579,645,464
579,646,620
579,698,476
579,736,190
579,740,215
579,742,253
579,769,184
579,770,167
579,774,151
579,784,178
579,794,182
579,795,200
579,796,166
579,836,226
579,837,195
579,839,195
579,840,275
579,842,154
579,928,653
579,937,384
580,581,828
580,582,331
580,583,184
580,585,288
580,586,249
580,587,169
580,588,407
580,591,163
580,595,543
580,596,248
580,597,203
580,600,224
580,604,321
580,606,599
580,608,192
580,609,952
580,610,497
580,611,526
580,612,808
580,613,740
580,614,992
580,615,392
580,616,453
580,617,720
580,618,942
580,619,965
580,622,167
580,623,163
580,624,277
580,625,194
580,626,318
580,631,206
580,632,239
580,634,314
580,635,291
580,638,694
580,640,485
580,642,960
580,643,957
580,644,958
580,645,985
580,646,977
580,648,407
580,652,276
580,656,784
580,657,261
580,661,644
580,662,221
580,663,217
580,667,287
580,672,212
580,673,240
580,674,354
580,675,220
580,678,205
580,679,164
580,680,164
580,681,167
580,682,215
580,685,153
580,686,159
580,690,194
580,691,225
580,702,236
580,710,301
580,714,220
580,715,268
580,716,359
580,719,222
580,721,183
580,722,223
580,724,203
580,728,552
580,733,235
580,734,523
580,735,347
580,736,805
580,737,719
580,738,168
580,739,247
580,740,746
580,741,753
580,742,823
580,743,440
580,744,156
580,745,286
580,747,258
580,748,178
580,750,189
580,751,205
580,753,206
580,754,163
580,755,217
580,756,181
580,757,317
580,758,681
580,760,178
580,763,214
580,764,200
580,769,184
580,770,751
580,771,986
580,772,328
580,773,435
580,774,520
580,775,222
580,776,634
580,777,357
580,778,617
580,779,373
580,780,245
580,781,317
580,782,584
580,783,395
580,784,226
580,785,530
580,786,574
580,788,352
580,789,543
580,792,756
580,794,318
580,795,328
580,796,325
580,798,197
580,800,225
580,802,263
580,803,229
580,809,196
580,815,217
580,816,157
580,836,226
580,837,184
580,839,184
580,840,293
580,842,181
580,849,333
580,855,254
580,865,173
580,867,299
580,877,168
580,880,228
580,900,420
580,921,193
580,928,723
580,937,442
580,941,150
580,947,237
580,959,152
580,965,197
580,981,152
580,982,281
580,983,310
580,984,193
581,583,284
581,588,624
581,589,203
581,593,178
581,594,200
581,595,327
581,596,283
581,600,425
581,604,391
581,606,731
581,609,741
581,610,347
581,611,183
581,612,585
581,613,529
581,614,411
581,617,221
581,618,595
581,619,709
581,623,368
581,624,195
581,626,265
581,627,269
581,630,181
581,631,418
581,634,174
581,635,271
581,638,601
581,640,488
581,642,350
581,643,331
581,644,316
581,645,436
581,646,252
581,648,550
581,649,296
581,650,204
581,652,158
581,656,758
581,657,411
581,658,227
581,660,192
581,661,530
581,662,477
581,663,441
581,666,305
581,667,440
581,668,155
581,672,183
581,675,188
581,678,311
581,682,150
581,686,394
581,706,161
581,709,265
581,710,483
581,714,173
581,715,203
581,716,356
581,722,618
581,726,189
581,727,189
581,733,237
581,734,220
581,735,579
581,736,583
581,737,763
581,739,285
581,740,692
581,741,319
581,742,676
581,745,154
581,746,191
581,748,169
581,758,472
581,759,174
581,769,378
581,770,990
581,771,571
581,772,295
581,773,913
581,774,956
581,776,661
581,777,477
581,778,211
581,779,311
581,782,267
581,783,349
581,785,609
581,786,263
581,787,216
581,788,958
581,789,364
581,790,315
581,791,315
581,792,853
581,794,172
581,795,155
581,796,254
581,799,465
581,800,321
581,802,156
581,804,231
581,813,332
581,818,163
581,822,204
581,833,290
581,836,305
581,837,299
581,838,198
581,839,299
581,840,299
581,921,277
581,943,316
581,964,153
581,968,159
581,969,164
581,983,165
582,583,255
582,584,363
582,585,357
582,586,267
582,587,277
582,590,169
582,594,165
582,597,651
582,599,169
582,601,270
582,602,156
582,606,152
582,609,205
582,615,160
582,626,303
582,628,165
582,636,189
582,638,252
582,642,167
582,653,306
582,654,179
582,655,280
582,672,156
582,673,194
582,674,236
582,675,507
582,681,153
582,685,324
582,686,163
582,687,168
582,690,340
582,691,507
582,692,370
582,693,164
582,699,159
582,707,206
582,708,223
582,718,319
582,731,280
582,734,188
582,740,263
582,750,174
582,751,433
582,752,396
582,753,269
582,757,367
582,760,333
582,766,187
582,771,252
582,776,213
582,780,167
582,789,221
582,792,173
582,813,240
582,825,436
582,846,329
582,847,157
582,849,283
582,865,270
582,867,297
582,870,170
582,873,264
582,883,184
582,908,235
582,933,363
582,944,189
582,947,152
582,951,172
582,954,159
582,959,175
582,965,309
582,966,214
582,967,152
583,587,349
583,588,207
583,589,215
583,590,368
583,593,214
583,596,182
583,600,199
583,604,290
583,606,462
583,609,438
583,610,559
583,612,296
583,613,270
583,614,197
583,618,196
583,619,344
583,621,195
583,623,406
583,626,363
583,628,170
583,631,179
583,632,517
583,633,183
583,634,466
583,635,286
583,636,447
583,637,246
583,638,314
583,640,241
583,642,183
583,643,164
583,644,173
583,645,194
583,647,211
583,648,227
583,652,208
583,655,469
583,656,260
583,658,187
583,660,171
583,667,349
583,672,211
583,675,198
583,678,201
583,679,151
583,680,212
583,682,459
583,683,202
583,685,203
583,686,304
583,687,163
583,688,243
583,690,241
583,691,182
583,695,279
583,697,402
583,699,171
583,700,171
583,702,176
583,703,479
583,704,260
583,708,168
583,710,263
583,714,276
583,715,230
583,716,153
583,717,380
583,718,389
583,719,202
583,720,256
583,723,216
583,724,250
583,725,207
583,727,189
583,728,158
583,734,314
583,735,170
583,736,313
583,737,376
583,739,181
583,740,392
583,742,210
583,745,221
583,748,194
583,749,270
583,750,219
583,751,252
583,753,291
583,754,256
583,755,489
583,756,254
583,757,191
583,758,200
583,759,328
583,765,311
583,766,220
583,767,161
583,768,188
583,769,352
583,770,400
583,771,416
583,773,160
583,777,160
583,782,986
583,783,364
583,785,306
583,786,174
583,788,187
583,789,235
583,790,169
583,792,318
583,796,848
583,802,161
583,804,168
583,815,228
583,816,944
583,817,922
583,854,408
583,870,208
583,871,190
583,929,346
583,933,340
583,935,524
583,951,152
583,960,180
583,962,195
583,966,295
583,967,171
583,982,179
584,585,416
584,586,339
584,587,223
584,591,283
584,592,245
584,597,279
584,598,175
584,601,155
584,648,447
584,653,299
584,654,695
584,655,219
584,661,374
584,670,157
584,673,206
584,681,184
584,685,197
584,686,193
584,687,155
584,690,210
584,691,250
584,692,277
584,693,192
584,707,270
584,708,268
584,734,271
584,750,204
584,751,243
584,752,301
584,794,201
584,806,176
584,825,173
584,831,193
584,845,378
584,846,235
584,847,168
584,849,380
584,855,233
584,863,295
584,865,245
584,867,305
584,870,180
584,930,269
584,931,272
584,932,323
584,933,178
584,934,328
584,951,218
584,954,227
584,955,233
584,959,248
585,586,997
585,587,229
585,591,155
585,594,264
585,597,392
585,601,183
585,606,161
585,626,186
585,628,364
585,653,445
585,654,379
585,673,181
585,674,179
585,685,336
585,686,177
585,687,302
585,688,207
585,690,209
585,691,304
585,692,293
585,699,179
585,707,213
585,708,150
585,717,174
585,740,201
585,751,236
585,752,177
585,756,206
585,757,317
585,760,411
585,776,156
585,780,201
585,815,225
585,825,869
585,826,867
585,827,875
585,828,936
585,829,204
585,831,208
585,845,217
585,846,410
585,849,878
585,854,162
585,860,199
585,862,592
585,863,587
585,864,590
585,865,290
585,867,526
585,870,221
585,873,183
585,908,300
585,930,211
585,932,244
585,933,331
585,940,195
585,944,251
585,947,322
585,951,239
585,960,223
585,965,180
586,587,182
586,591,226
586,592,158
586,594,173
586,597,461
586,601,177
586,606,157
586,626,364
586,628,170
586,653,174
586,654,532
586,677,188
586,685,407
586,686,203
586,687,324
586,688,167
586,690,279
586,691,241
586,692,278
586,707,257
586,737,457
586,740,178
586,751,265
586,752,291
586,753,154
586,757,249
586,760,307
586,776,163
586,780,272
586,783,902
586,789,162
586,815,262
586,825,852
586,826,837
586,827,858
586,828,936
586,830,413
586,831,163
586,832,161
586,845,340
586,846,393
586,847,157
586,849,802
586,854,194
586,860,248
586,861,484
586,862,596
586,863,601
586,864,715
586,865,257
586,867,508
586,870,193
586,873,231
586,908,279
586,930,155
586,931,186
586,933,332
586,934,171
586,940,157
586,941,263
586,944,253
586,947,211
586,952,159
586,954,178
586,960,197
586,965,174
586,966,243
586,981,214
587,590,924
587,591,195
587,592,205
587,596,174
587,597,228
587,619,183
587,624,535
587,626,462
587,628,420
587,633,438
587,634,207
587,636,449
587,637,167
587,640,224
587,648,158
587,653,201
587,654,209
587,656,175
587,675,184
587,685,513
587,686,310
587,687,323
587,688,266
587,689,269
587,690,465
587,691,389
587,692,345
587,693,334
587,694,349
587,695,237
587,696,287
587,699,292
587,700,197
587,701,216
587,702,239
587,703,426
587,704,329
587,705,382
587,706,167
587,707,335
587,708,304
587,717,710
587,718,553
587,757,264
587,815,466
587,830,202
587,831,178
587,846,199
587,849,212
587,854,559
587,865,240
587,867,201
587,870,312
587,871,158
587,873,188
587,908,354
587,932,157
587,933,994
587,950,158
587,951,379
587,952,314
587,954,207
587,955,193
587,956,167
587,957,181
587,958,302
587,959,424
587,960,427
587,970,161
588,594,152
588,595,231
588,596,258
588,600,181
588,604,348
588,606,772
588,609,503
588,610,297
588,612,787
588,613,506
588,614,671
588,617,311
588,618,379
588,619,425
588,620,167
588,621,167
588,622,240
588,623,536
588,624,157
588,626,307
588,631,413
588,632,161
588,634,162
588,635,522
588,636,157
588,638,748
588,640,376
588,642,311
588,643,295
588,644,291
588,645,388
588,646,190
588,648,353
588,651,196
588,652,262
588,656,589
588,657,674
588,658,175
588,659,420
588,661,168
588,662,326
588,666,230
588,667,303
588,670,171
588,678,202
588,682,323
588,710,669
588,715,168
588,716,756
588,733,278
588,734,413
588,735,979
588,736,604
588,737,648
588,739,179
588,740,678
588,741,326
588,742,247
588,745,155
588,747,161
588,752,163
588,754,154
588,755,170
588,756,220
588,757,284
588,758,640
588,759,167
588,762,188
588,764,322
588,770,748
588,771,551
588,772,279
588,773,416
588,774,349
588,775,235
588,776,281
588,777,360
588,778,160
588,779,224
588,781,314
588,783,467
588,785,417
588,786,228
588,787,398
588,788,527
588,789,452
588,792,907
588,795,162
588,796,151
588,798,225
588,799,227
588,800,618
588,801,235
588,802,191
588,803,172
588,804,305
588,811,189
588,833,248
588,880,617
588,921,379
588,982,160
588,983,191
589,593,913
589,597,172
589,609,411
589,619,218
589,634,277
589,635,170
589,640,154
589,644,164
589,648,435
589,649,153
589,650,319
589,656,248
589,670,169
589,672,198
589,673,213
589,675,166
589,678,171
589,679,212
589,680,235
589,681,256
589,682,327
589,683,245
589,709,879
589,711,192
589,712,173
589,734,167
589,736,319
589,740,325
589,765,427
589,766,406
589,767,490
589,768,336
589,769,278
589,770,165
589,771,301
589,783,157
589,785,203
589,786,150
589,793,207
589,943,296
589,948,225
589,964,605
590,596,232
590,628,288
590,632,199
590,633,637
590,634,209
590,637,334
590,647,317
590,655,635
590,674,153
590,685,467
590,686,350
590,687,515
590,688,649
590,689,224
590,690,326
590,691,248
590,692,272
590,694,278
590,695,799
590,696,806
590,697,674
590,698,416
590,699,218
590,700,151
590,702,199
590,703,745
590,704,279
590,705,183
590,706,188
590,707,357
590,708,322
590,717,561
590,718,547
590,734,351
590,745,236
590,750,170
590,751,152
590,752,878
590,753,185
590,755,323
590,756,527
590,815,444
590,826,184
590,829,159
590,830,206
590,831,556
590,850,216
590,854,552
590,870,521
590,871,305
590,877,818
590,908,531
590,933,917
590,950,155
590,951,313
590,952,293
590,953,510
590,954,200
590,955,208
590,956,321
590,957,180
590,958,269
590,959,259
590,960,204
590,970,180
591,592,560
591,597,189
591,609,175
591,628,153
591,653,260
591,654,250
591,673,170
591,676,212
591,678,153
591,685,156
591,690,218
591,700,150
591,786,156
591,821,159
591,825,191
591,826,215
591,830,172
591,831,264
591,832,190
591,843,216
591,845,492
591,846,343
591,847,245
591,849,305
591,855,150
591,861,492
591,867,312
591,922,163
591,930,746
591,931,751
591,932,629
591,933,183
591,944,235
591,956,189
591,959,200
591,960,220
592,596,349
592,597,192
592,625,150
592,653,318
592,654,240
592,673,246
592,674,167
592,691,155
592,693,175
592,694,178
592,760,171
592,821,159
592,825,188
592,843,192
592,845,412
592,846,312
592,847,214
592,849,203
592,855,185
592,860,157
592,861,446
592,865,246
592,867,172
592,908,178
592,930,616
592,931,765
592,932,930
592,944,241
592,957,228
592,958,224
592,959,213
592,960,175
593,597,224
593,609,153
593,634,208
593,644,180
593,648,446
593,650,238
593,672,156
593,680,192
593,681,175
593,682,241
593,683,186
593,709,643
593,736,226
593,765,393
593,766,426
593,767,419
593,768,336
593,769,223
593,793,161
593,943,289
593,948,150
593,964,312
594,595,152
594,598,165
594,599,210
594,600,454
594,601,455
594,602,273
594,603,162
594,606,152
594,609,410
594,611,561
594,614,819
594,618,273
594,619,321
594,623,167
594,638,305
594,652,193
594,656,201
594,685,162
594,691,182
594,692,166
594,694,151
594,715,156
594,716,191
594,721,161
594,722,329
594,726,189
594,734,202
594,735,212
594,736,309
594,737,557
594,740,599
594,741,185
594,751,198
594,752,230
594,753,175
594,757,395
594,758,272
594,760,209
594,770,212
594,771,832
594,772,211
594,776,254
594,780,265
594,782,188
594,785,777
594,788,163
594,789,185
594,792,234
594,799,292
594,800,200
594,802,229
594,803,152
594,811,179
594,833,246
594,845,454
594,867,178
594,880,210
594,934,169
594,935,192
594,954,151
594,981,172
595,604,221
595,606,221
595,609,551
595,612,496
595,614,258
595,617,199
595,618,930
595,619,893
595,631,159
595,638,418
595,642,158
595,643,173
595,644,163
595,645,213
595,646,158
595,648,233
595,652,589
595,656,495
595,661,460
595,668,156
595,684,196
595,710,165
595,722,195
595,734,266
595,736,415
595,737,471
595,740,533
595,741,340
595,742,966
595,758,343
595,763,180
595,770,399
595,771,369
595,773,632
595,774,435
595,776,318
595,777,281
595,778,195
595,781,150
595,783,193
595,785,377
595,786,258
595,788,279
595,789,824
595,792,188
595,794,215
595,795,240
595,796,215
595,798,273
595,800,232
595,801,177
595,802,254
595,803,189
595,880,309
595,921,209
595,928,436
595,932,152
595,971,150
595,983,170
596,604,667
596,606,300
596,609,223
596,612,162
596,613,165
596,614,173
596,618,222
596,619,179
596,620,380
596,636,152
596,638,313
596,645,206
596,656,235
596,662,302
596,664,210
596,665,166
596,671,480
596,674,266
596,679,228
596,682,257
596,734,161
596,735,216
596,736,243
596,737,310
596,740,371
596,745,157
596,751,150
596,752,222
596,753,298
596,756,167
596,758,230
596,759,274
596,764,550
596,766,150
596,770,348
596,771,647
596,785,388
596,788,186
596,789,203
596,792,310
596,798,302
596,815,183
596,826,170
596,831,247
596,843,190
596,855,220
596,860,203
596,861,382
596,933,150
596,947,234
596,948,483
597,601,346
597,615,184
597,628,172
597,653,181
597,654,229
597,655,429
597,672,181
597,685,482
597,687,197
597,690,370
597,691,414
597,692,281
597,693,220
597,699,456
597,701,202
597,702,237
597,705,214
597,707,184
597,711,153
597,718,264
597,728,177
597,731,280
597,734,185
597,740,183
597,751,470
597,752,355
597,757,378
597,760,506
597,780,205
597,793,162
597,809,217
597,815,218
597,825,296
597,826,224
597,827,244
597,843,274
597,845,324
597,846,586
597,847,238
597,849,281
597,860,402
597,861,162
597,865,439
597,867,385
597,873,274
597,929,247
597,933,408
597,940,161
597,947,246
597,954,195
597,965,368
597,966,216
598,599,224
598,600,325
598,601,316
598,602,315
598,629,197
598,634,195
598,640,263
598,679,333
598,680,333
598,736,224
598,738,190
598,934,734
598,935,400
598,944,279
598,958,173
599,600,227
599,601,292
599,602,328
599,603,183
599,629,197
599,640,332
599,660,264
599,667,191
599,679,338
599,680,333
599,693,191
599,736,161
599,752,171
599,847,183
599,929,160
599,934,226
599,935,259
600,601,465
600,602,377
600,603,254
600,606,190
600,609,577
600,610,189
600,612,177
600,614,152
600,618,391
600,619,411
600,623,217
600,626,164
600,629,203
600,638,622
600,640,338
600,645,171
600,648,194
600,652,174
600,656,560
600,667,169
600,679,333
600,680,333
600,715,225
600,736,944
600,737,291
600,740,486
600,741,264
600,742,186
600,758,396
600,770,347
600,771,305
600,772,267
600,785,605
600,786,189
600,788,242
600,789,206
600,792,248
600,796,178
600,799,547
600,800,326
600,802,247
600,811,464
600,833,372
600,921,171
600,934,290
600,935,200
601,602,191
601,603,257
601,615,160
601,629,197
601,632,375
601,638,166
601,640,160
601,652,212
601,679,333
601,680,333
601,685,270
601,687,166
601,690,215
601,691,375
601,692,295
601,693,167
601,699,152
601,718,268
601,731,271
601,737,188
601,751,402
601,752,387
601,757,217
601,802,187
601,823,373
601,825,267
601,827,248
601,843,155
601,846,405
601,854,166
601,860,268
601,865,456
601,867,210
601,870,157
601,873,278
601,908,160
601,933,443
601,934,271
601,935,422
601,947,190
601,951,478
601,954,219
601,959,207
601,960,158
601,965,327
601,966,153
602,603,275
602,610,181
602,629,197
602,652,156
602,679,333
602,680,338
602,690,162
602,691,201
602,693,183
602,718,158
602,731,194
602,738,153
602,751,160
602,752,166
602,823,201
602,867,196
602,873,188
602,933,189
602,934,328
602,935,404
602,951,226
602,954,170
602,959,170
602,966,220
603,629,197
603,640,315
603,658,152
603,679,338
603,680,333
603,736,185
603,738,161
603,847,163
603,870,177
603,935,242
604,606,459
604,609,402
604,610,188
604,612,425
604,613,298
604,614,221
604,618,338
604,619,297
604,620,627
604,622,166
604,626,161
604,631,196
604,632,183
604,633,163
604,636,160
604,638,431
604,640,159
604,642,167
604,643,153
604,644,169
604,645,217
604,648,181
604,652,330
604,656,408
604,657,343
604,671,443
604,672,240
604,674,220
604,679,190
604,680,155
604,681,157
604,682,308
604,684,171
604,710,187
604,716,150
604,717,177
604,722,153
604,734,239
604,735,193
604,736,366
604,737,440
604,740,479
604,741,167
604,742,154
604,758,347
604,759,307
604,764,508
604,770,498
604,771,840
604,773,248
604,774,210
604,776,177
604,777,210
604,779,203
604,785,305
604,786,210
604,788,301
604,789,278
604,792,412
604,794,156
604,798,220
604,800,153
604,854,158
604,865,159
604,880,166
604,921,361
604,948,182
604,949,319
606,609,592
606,610,470
606,611,245
606,612,872
606,613,916
606,614,606
606,617,280
606,618,434
606,619,473
606,620,190
606,621,160
606,622,231
606,623,325
606,626,631
606,627,487
606,630,156
606,631,571
606,632,228
606,634,242
606,635,584
606,637,203
606,638,934
606,640,521
606,642,469
606,643,453
606,644,458
606,645,762
606,646,407
606,648,450
606,651,203
606,652,180
606,656,724
606,657,739
606,658,330
606,659,350
606,660,590
606,661,925
606,662,912
606,663,909
606,666,246
606,667,953
606,672,245
606,673,150
606,674,202
606,675,376
606,678,725
606,679,198
606,681,430
606,682,360
606,684,192
606,686,217
606,688,150
606,703,160
606,710,445
606,714,252
606,715,354
606,716,436
606,717,197
606,719,262
606,721,280
606,722,381
606,733,205
606,734,362
606,735,646
606,736,657
606,737,721
606,739,202
606,740,769
606,741,305
606,742,342
606,743,177
606,745,175
606,747,207
606,755,152
606,756,164
606,757,185
606,758,679
606,759,231
606,764,171
606,770,946
606,771,880
606,772,270
606,773,402
606,774,450
606,776,390
606,777,831
606,779,306
606,780,157
606,781,193
606,782,555
606,783,542
606,784,534
606,785,429
606,786,251
606,787,260
606,788,656
606,789,577
606,792,847
606,795,220
606,796,307
606,798,159
606,799,224
606,800,364
606,803,186
606,804,285
606,809,252
606,811,184
606,833,166
606,880,175
606,921,492
606,948,183
606,981,316
606,982,154
606,983,441
607,608,254
607,609,179
607,619,233
607,626,225
607,627,223
607,634,193
607,635,349
607,640,191
607,648,201
607,649,218
607,650,262
607,668,918
607,669,158
607,715,197
607,720,186
607,738,166
607,739,377
607,740,181
607,744,389
607,764,208
607,765,276
607,766,295
607,768,291
607,769,404
607,787,237
607,820,231
607,834,556
607,835,257
607,836,941
607,837,150
607,838,235
607,839,150
607,840,917
607,851,178
607,877,166
607,883,917
607,900,324
607,943,180
608,609,274
608,610,174
608,612,151
608,614,158
608,618,167
608,619,215
608,622,233
608,623,197
608,626,377
608,647,917
608,656,156
608,669,280
608,707,508
608,708,492
608,710,226
608,715,230
608,731,213
608,736,202
608,738,155
608,739,581
608,740,227
608,744,286
608,745,320
608,753,155
608,759,185
608,763,267
608,768,163
608,769,206
608,785,167
608,809,159
608,820,229
608,834,200
608,836,419
608,837,194
608,839,194
608,840,187
608,877,911
608,900,334
608,955,254
608,962,156
609,610,824
609,611,619
609,612,915
609,613,876
609,614,998
609,615,211
609,616,248
609,617,597
609,618,946
609,619,997
609,622,318
609,623,392
609,624,201
609,625,838
609,626,514
609,627,292
609,629,329
609,630,203
609,631,290
609,632,223
609,634,203
609,635,380
609,638,838
609,640,911
609,642,960
609,643,946
609,644,943
609,645,994
609,646,982
609,647,156
609,648,539
609,649,159
609,650,172
609,652,662
609,656,999
609,657,294
609,660,248
609,661,853
609,662,394
609,663,518
609,667,556
609,669,288
609,677,386
609,678,224
609,682,188
609,684,202
609,686,154
609,688,255
609,702,152
609,703,222
609,709,400
609,710,656
609,711,925
609,712,370
609,713,320
609,714,202
609,715,533
609,716,325
609,719,527
609,721,262
609,722,290
609,723,183
609,724,169
609,733,194
609,734,418
609,735,369
609,736,999
609,737,809
609,738,173
609,739,609
609,740,994
609,741,999
609,742,999
609,743,967
609,744,197
609,745,173
609,747,306
609,748,446
609,754,156
609,755,314
609,756,396
609,757,252
609,758,669
609,759,158
609,760,289
609,761,174
609,762,365
609,763,283
609,764,186
609,768,181
609,769,222
609,770,834
609,771,884
609,772,539
609,773,531
609,774,728
609,775,371
609,776,657
609,777,654
609,778,559
609,779,343
609,780,286
609,781,285
609,782,987
609,783,612
609,784,290
609,785,935
609,786,591
609,787,229
609,788,398
609,789,992
609,792,600
609,794,756
609,795,741
609,796,602
609,797,415
609,798,167
609,799,398
609,800,417
609,801,479
609,802,718
609,803,532
609,804,200
609,809,347
609,810,250
609,811,306
609,813,213
609,816,774
609,817,569
609,833,305
609,834,359
609,836,189
609,837,178
609,842,714
609,851,154
609,858,193
609,874,188
609,877,226
609,880,327
609,897,171
609,900,175
609,915,873
609,921,175
609,927,162
609,928,467
609,937,225
609,943,322
609,947,158
609,955,179
609,965,195
609,967,264
609,979,158
609,981,476
609,982,329
609,983,292
609,984,220
610,611,261
610,612,711
610,613,473
610,614,375
610,615,180
610,616,211
610,617,357
610,618,460
610,619,541
610,622,234
610,623,423
610,624,201
610,626,975
610,627,310
610,630,175
610,632,204
610,634,239
610,635,282
610,638,413
610,640,738
610,642,542
610,643,542
610,644,574
610,645,402
610,646,376
610,648,271
610,649,209
610,656,738
610,659,165
610,661,201
610,662,151
610,664,275
610,665,247
610,667,995
610,681,158
610,685,196
610,686,158
610,687,182
610,688,151
610,690,152
610,710,597
610,711,413
610,712,252
610,713,225
610,714,160
610,715,458
610,716,568
610,722,164
610,723,178
610,724,177
610,726,650
610,727,376
610,730,187
610,734,190
610,735,219
610,736,540
610,737,453
610,738,200
610,739,700
610,740,971
610,741,467
610,742,302
610,743,154
610,746,303
610,747,150
610,748,340
610,749,228
610,750,212
610,751,181
610,753,172
610,754,428
610,755,515
610,756,261
610,757,239
610,758,347
610,759,159
610,761,485
610,762,518
610,763,156
610,766,160
610,770,419
610,771,492
610,772,172
610,773,286
610,774,215
610,776,360
610,777,282
610,779,296
610,782,983
610,783,153
610,784,151
610,785,721
610,788,164
610,789,663
610,790,189
610,791,154
610,792,419
610,796,710
610,797,358
610,804,161
610,810,341
610,811,495
610,813,157
610,817,199
610,818,171
610,821,182
610,834,271
610,841,156
610,842,206
610,874,257
610,897,477
610,921,171
610,922,210
610,928,210
610,937,224
610,943,213
610,960,153
610,967,205
610,968,231
610,970,209
610,971,182
610,979,189
610,981,459
611,612,486
611,614,989
611,616,221
611,617,951
611,618,434
611,619,464
611,633,192
611,638,281
611,640,260
611,642,187
611,643,186
611,644,180
611,645,655
611,646,175
611,648,221
611,652,703
611,656,418
611,661,309
611,662,225
611,663,241
611,690,161
611,702,187
611,715,184
611,718,186
611,721,181
611,726,154
611,727,183
611,736,336
611,737,203
611,740,216
611,741,258
611,742,446
611,758,222
611,770,195
611,771,592
611,772,223
611,773,175
611,774,217
611,776,566
611,777,235
611,778,187
611,782,261
611,783,176
611,784,226
611,785,200
611,789,537
611,794,238
611,796,543
611,802,380
611,803,205
611,817,157
611,818,198
611,937,174
612,613,681
612,614,496
612,616,270
612,617,308
612,618,670
612,619,639
612,623,224
612,624,215
612,626,385
612,627,166
612,631,256
612,632,410
612,634,172
612,635,313
612,638,704
612,640,596
612,642,456
612,643,429
612,644,430
612,645,829
612,646,671
612,648,408
612,652,171
612,656,730
612,657,268
612,659,178
612,660,161
612,661,773
612,662,183
612,667,244
612,678,201
612,681,154
612,710,235
612,711,322
612,712,266
612,714,169
612,715,256
612,716,265
612,719,204
612,722,292
612,728,248
612,730,369
612,734,222
612,735,607
612,736,735
612,737,648
612,739,258
612,740,849
612,741,524
612,742,599
612,743,254
612,745,180
612,747,282
612,748,163
612,754,292
612,755,153
612,758,507
612,759,178
612,761,186
612,764,152
612,769,169
612,770,714
612,771,797
612,772,197
612,773,425
612,774,441
612,775,157
612,776,554
612,777,630
612,778,243
612,779,299
612,782,708
612,783,465
612,785,413
612,786,210
612,787,208
612,788,404
612,789,578
612,792,754
612,794,219
612,795,497
612,796,339
612,797,207
612,800,205
612,802,176
612,809,199
612,811,185
612,820,155
612,836,172
612,837,169
612,839,169
612,840,156
612,842,177
612,921,270
612,928,162
612,937,190
612,977,377
612,981,290
612,982,186
612,983,225
613,614,342
613,617,186
613,618,381
613,619,385
613,623,209
613,626,419
613,627,153
613,631,354
613,632,295
613,635,315
613,638,568
613,640,780
613,642,292
613,643,271
613,644,321
613,645,562
613,646,556
613,648,321
613,656,817
613,657,297
613,660,206
613,661,249
613,667,585
613,669,180
613,672,372
613,673,242
613,674,189
613,675,412
613,676,187
613,678,793
613,680,230
613,681,284
613,682,408
613,683,201
613,686,187
613,703,180
613,710,347
613,715,203
613,716,641
613,719,178
613,722,292
613,724,155
613,733,151
613,734,295
613,735,440
613,736,506
613,737,570
613,740,617
613,741,354
613,742,207
613,743,231
613,747,155
613,757,186
613,758,358
613,759,209
613,770,893
613,771,456
613,773,272
613,774,281
613,776,275
613,777,703
613,782,251
613,783,364
613,785,260
613,786,151
613,788,563
613,789,403
613,792,707
613,796,248
613,800,159
613,802,296
613,804,252
613,809,301
613,871,277
613,921,271
613,948,242
613,981,336
613,983,311
614,615,153
614,617,580
614,618,683
614,619,983
614,623,469
614,624,190
614,626,348
614,627,152
614,631,224
614,634,150
614,635,225
614,638,684
614,640,775
614,642,906
614,643,927
614,644,907
614,645,995
614,646,671
614,647,191
614,648,223
614,652,486
614,656,969
614,657,157
614,661,659
614,662,358
614,663,342
614,667,219
614,668,154
614,672,164
614,675,157
614,678,212
614,690,154
614,703,184
614,710,222
614,715,279
614,716,231
614,721,342
614,722,933
614,724,171
614,726,204
614,729,160
614,732,232
614,734,943
614,735,205
614,736,985
614,737,482
614,738,297
614,739,212
614,740,988
614,741,732
614,742,534
614,743,583
614,748,233
614,749,180
614,750,173
614,751,176
614,752,153
614,753,231
614,754,192
614,755,266
614,757,209
614,758,408
614,759,227
614,762,181
614,764,230
614,769,159
614,770,627
614,771,932
614,772,211
614,773,624
614,774,680
614,775,199
614,776,526
614,777,240
614,778,174
614,779,594
614,780,157
614,781,171
614,782,506
614,783,829
614,784,179
614,785,336
614,786,175
614,788,179
614,789,742
614,792,373
614,794,197
614,795,255
614,796,642
614,797,300
614,802,473
614,803,506
614,805,195
614,806,905
614,815,264
614,816,256
614,817,200
614,842,954
614,877,214
614,883,170
614,921,189
614,928,316
614,941,165
614,972,276
614,973,178
614,975,237
614,981,245
614,982,225
614,983,197
614,984,164
615,616,838
615,617,170
615,618,220
615,619,213
615,626,153
615,638,294
615,642,164
615,643,156
615,644,171
615,646,174
615,647,170
615,656,223
615,677,156
615,685,200
615,687,190
615,688,167
615,690,167
615,691,238
615,692,169
615,693,167
615,701,162
615,704,157
615,715,172
615,718,189
615,721,196
615,722,225
615,738,204
615,740,421
615,741,164
615,748,171
615,749,171
615,750,153
615,751,252
615,752,241
615,753,153
615,754,172
615,755,186
615,762,150
615,764,208
615,771,179
615,780,208
615,782,235
615,789,156
615,796,185
615,797,288
615,805,209
615,815,228
615,816,161
615,827,155
615,835,254
615,836,163
615,842,201
615,867,150
615,877,194
615,883,170
615,928,302
615,933,161
615,937,182
615,940,211
615,941,160
615,951,180
615,954,212
615,956,158
615,957,195
615,959,166
615,982,161
616,617,234
616,618,225
616,619,258
616,638,155
616,644,160
616,646,222
616,647,170
616,648,170
616,656,195
616,672,197
616,675,158
616,676,158
616,677,158
616,678,158
616,701,154
616,711,173
616,712,170
616,713,154
616,715,159
616,721,194
616,722,207
616,736,240
616,737,184
616,738,227
616,739,156
616,740,489
616,741,235
616,748,200
616,749,176
616,750,166
616,751,153
616,752,153
616,753,153
616,754,171
616,755,240
616,762,235
616,764,201
616,770,351
616,771,179
616,775,152
616,782,214
616,784,219
616,789,271
616,792,166
616,794,151
616,797,274
616,805,329
616,816,168
616,827,241
616,832,212
616,842,245
616,858,166
616,877,191
616,880,171
616,883,170
616,927,173
616,928,302
616,937,227
616,941,160
616,982,169
617,618,435
617,619,447
617,626,188
617,634,150
617,635,159
617,638,340
617,640,334
617,647,191
617,656,459
617,657,260
617,661,176
617,662,163
617,668,154
617,675,159
617,686,404
617,688,157
617,694,164
617,703,181
617,711,207
617,712,180
617,713,180
617,715,204
617,721,260
617,722,188
617,732,232
617,733,155
617,734,941
617,735,250
617,736,399
617,737,379
617,738,250
617,740,358
617,741,303
617,742,232
617,743,623
617,748,180
617,749,180
617,750,153
617,751,153
617,752,153
617,753,153
617,754,180
617,755,349
617,756,499
617,758,260
617,764,243
617,770,252
617,771,570
617,772,185
617,773,198
617,774,217
617,775,173
617,776,212
617,777,177
617,779,214
617,781,167
617,782,312
617,783,192
617,784,369
617,785,210
617,789,213
617,792,272
617,794,161
617,795,200
617,796,476
617,797,274
617,815,152
617,816,178
617,842,514
617,874,156
617,877,191
617,883,170
617,928,304
617,937,205
617,940,157
617,941,165
617,952,152
617,982,201
617,983,166
617,984,185
618,619,969
618,623,248
618,624,161
618,626,278
618,627,185
618,629,173
618,631,239
618,632,315
618,634,173
618,635,233
618,638,799
618,640,674
618,642,523
618,643,365
618,644,350
618,645,576
618,646,398
618,648,350
618,652,679
618,656,958
618,657,268
618,660,167
618,661,474
618,662,462
618,663,278
618,667,270
618,672,156
618,677,156
618,678,212
618,709,181
618,710,214
618,712,231
618,715,660
618,716,239
618,719,201
618,721,196
618,722,283
618,734,584
618,735,327
618,736,876
618,737,645
618,739,228
618,740,923
618,741,999
618,742,833
618,743,279
618,747,174
618,748,376
618,750,175
618,757,154
618,758,738
618,763,252
618,770,488
618,771,875
618,772,412
618,773,375
618,774,602
618,775,195
618,776,391
618,777,451
618,778,196
618,779,334
618,781,245
618,782,945
618,783,597
618,785,904
618,786,629
618,788,312
618,789,987
618,792,648
618,794,305
618,795,900
618,796,412
618,799,183
618,800,301
618,801,323
618,802,633
618,803,413
618,805,208
618,811,178
618,858,159
618,874,160
618,880,300
618,915,178
618,921,223
618,927,150
618,928,185
618,937,207
618,943,185
618,981,255
618,982,336
618,983,215
618,984,199
619,621,154
619,622,174
619,623,447
619,624,214
619,625,235
619,626,399
619,627,163
619,629,412
619,631,246
619,632,214
619,635,387
619,638,704
619,640,660
619,642,355
619,643,356
619,644,321
619,645,710
619,646,422
619,648,548
619,649,228
619,650,251
619,652,507
619,656,955
619,657,196
619,659,167
619,660,309
619,661,675
619,662,354
619,663,275
619,667,484
619,669,218
619,678,177
619,684,212
619,703,254
619,709,317
619,710,335
619,712,298
619,713,286
619,715,508
619,716,385
619,719,370
619,721,277
619,722,290
619,723,185
619,724,196
619,725,158
619,733,177
619,734,368
619,735,297
619,736,993
619,737,796
619,738,155
619,739,305
619,740,928
619,741,981
619,742,991
619,743,783
619,744,200
619,746,208
619,747,258
619,748,309
619,750,164
619,755,275
619,756,223
619,757,282
619,758,634
619,760,177
619,762,297
619,763,368
619,766,209
619,770,659
619,771,805
619,772,488
619,773,504
619,774,628
619,775,288
619,776,431
619,777,565
619,778,284
619,779,352
619,780,203
619,781,241
619,782,716
619,783,503
619,784,288
619,785,886
619,786,842
619,787,155
619,788,426
619,789,996
619,791,166
619,792,659
619,794,390
619,795,949
619,796,527
619,797,611
619,798,150
619,799,321
619,800,365
619,801,307
619,802,520
619,803,434
619,809,323
619,810,300
619,811,317
619,813,251
619,833,212
619,834,150
619,842,209
619,858,416
619,874,232
619,880,273
619,897,186
619,900,155
619,915,328
619,921,192
619,927,155
619,928,268
619,937,194
619,943,515
619,954,220
619,955,278
619,967,167
619,972,153
619,981,343
619,982,431
619,983,286
619,984,165
620,638,221
620,666,222
620,682,211
620,737,223
620,759,992
620,764,391
620,767,366
620,770,252
620,792,200
621,622,364
621,623,280
621,634,545
621,635,815
621,658,407
621,710,281
621,714,443
621,715,295
621,716,165
621,719,177
621,738,342
621,740,231
621,752,389
621,765,284
621,772,560
621,785,161
621,787,286
621,792,156
621,803,272
621,804,178
621,899,250
621,962,248
621,967,153
621,977,157
622,635,630
622,638,163
622,640,152
622,647,221
622,656,230
622,658,248
622,667,177
622,710,189
622,711,167
622,715,461
622,720,159
622,735,210
622,736,214
622,738,471
622,740,270
622,745,163
622,769,174
622,789,164
622,792,252
622,806,244
622,820,191
622,837,172
622,839,173
622,877,251
622,962,204
623,626,164
623,627,196
623,631,641
623,633,247
623,634,167
623,635,160
623,636,208
623,638,642
623,640,223
623,648,187
623,650,151
623,656,367
623,657,368
623,658,228
623,659,316
623,667,445
623,710,931
623,714,189
623,716,197
623,724,204
623,734,175
623,735,263
623,736,303
623,737,431
623,739,347
623,740,608
623,741,202
623,742,156
623,757,215
623,758,637
623,759,329
623,762,150
623,770,423
623,771,270
623,772,176
623,774,223
623,777,177
623,781,209
623,782,440
623,783,209
623,785,292
623,788,234
623,789,178
623,792,385
623,797,179
623,798,495
623,799,412
623,800,312
623,804,226
623,811,200
623,833,256
623,921,238
623,922,389
624,626,398
624,637,188
624,640,179
624,648,167
624,656,212
624,695,320
624,696,221
624,711,168
624,733,426
624,735,150
624,736,194
624,737,163
624,740,305
624,741,231
624,748,180
624,749,175
624,750,196
624,751,165
624,752,165
624,753,212
624,754,216
624,755,305
624,756,243
624,770,152
624,778,213
624,782,218
624,789,842
624,792,251
624,795,418
624,803,203
624,805,689
624,842,375
624,941,173
625,640,194
625,648,154
625,656,196
625,736,160
625,740,155
625,741,175
625,747,175
625,786,308
625,794,440
625,813,162
625,858,595
625,915,251
625,927,213
626,627,912
626,633,181
626,634,182
626,635,252
626,638,430
626,640,675
626,642,272
626,643,255
626,644,240
626,645,584
626,646,182
626,648,378
626,652,169
626,656,998
626,666,193
626,667,469
626,669,175
626,675,187
626,678,204
626,707,176
626,708,181
626,710,248
626,711,252
626,712,265
626,713,198
626,715,262
626,716,231
626,719,246
626,726,159
626,729,173
626,734,274
626,735,211
626,736,511
626,737,396
626,738,156
626,739,644
626,740,568
626,741,245
626,742,295
626,746,295
626,747,307
626,748,337
626,749,336
626,750,172
626,751,265
626,752,171
626,753,185
626,754,417
626,755,424
626,757,275
626,758,291
626,760,336
626,764,167
626,769,175
626,770,424
626,771,298
626,776,227
626,782,870
626,785,237
626,786,161
626,787,338
626,788,158
626,789,477
626,790,257
626,791,163
626,792,433
626,794,165
626,795,172
626,796,563
626,797,230
626,799,406
626,804,162
626,805,904
626,817,196
626,818,184
626,820,289
626,834,286
626,836,151
626,849,355
626,900,315
626,915,268
626,929,207
626,968,155
626,980,178
626,981,341
627,640,445
627,656,202
627,666,214
627,667,272
627,669,155
627,726,185
627,729,264
627,736,209
627,739,766
627,740,263
627,746,334
627,747,175
627,755,161
627,759,268
627,770,204
627,771,150
627,782,304
627,785,168
627,789,162
627,797,169
627,820,185
627,834,193
627,836,179
627,837,163
627,839,211
627,900,171
627,962,201
627,968,184
627,969,163
627,973,240
627,975,171
627,977,284
628,636,315
628,637,218
628,642,157
628,654,227
628,655,176
628,673,250
628,685,534
628,686,400
628,687,556
628,688,406
628,689,373
628,690,452
628,691,437
628,692,388
628,693,628
628,694,421
628,695,664
628,696,460
628,697,562
628,698,893
628,699,446
628,700,301
628,701,487
628,702,382
628,703,972
628,704,975
628,705,579
628,706,304
628,707,712
628,708,676
628,717,929
628,718,925
628,748,360
628,749,241
628,750,309
628,751,392
628,752,388
628,754,392
628,755,362
628,756,203
628,760,232
628,793,161
628,797,476
628,814,305
628,825,271
628,826,174
628,830,254
628,831,206
628,832,214
628,845,457
628,846,407
628,849,164
628,854,936
628,867,184
628,870,340
628,871,280
628,873,163
628,908,386
628,933,369
628,935,365
628,947,250
628,950,357
628,951,396
628,952,454
628,953,451
628,954,342
628,955,331
628,956,341
628,957,338
628,958,329
628,959,432
628,960,387
628,966,930
629,649,214
629,661,355
629,679,614
629,680,614
629,740,174
629,742,254
629,762,166
629,773,187
629,782,281
629,797,198
629,915,250
629,934,197
629,935,197
629,943,173
630,638,243
630,660,302
630,684,189
630,706,325
630,740,193
630,747,182
630,749,190
630,761,214
630,769,165
630,771,167
630,785,171
630,836,162
630,837,199
630,839,199
630,840,185
630,851,160
630,897,196
630,962,179
630,984,151
631,638,605
631,642,171
631,643,161
631,644,160
631,645,268
631,651,465
631,656,290
631,657,217
631,659,166
631,666,162
631,667,512
631,672,191
631,678,173
631,679,264
631,681,507
631,710,169
631,717,150
631,722,159
631,730,351
631,735,553
631,736,388
631,737,634
631,740,472
631,758,391
631,759,212
631,770,599
631,771,677
631,773,162
631,774,256
631,777,285
631,783,225
631,785,602
631,788,415
631,789,182
631,792,996
631,800,236
631,833,180
631,921,441
631,977,362
631,983,580
632,637,284
632,638,208
632,640,213
632,642,173
632,645,205
632,647,162
632,648,261
632,652,262
632,655,218
632,656,274
632,664,210
632,665,177
632,667,216
632,671,165
632,678,152
632,682,183
632,696,186
632,703,192
632,710,229
632,714,165
632,725,235
632,727,229
632,734,418
632,736,592
632,737,263
632,740,440
632,741,204
632,745,154
632,748,154
632,749,196
632,750,364
632,751,334
632,753,204
632,755,231
632,756,175
632,758,165
632,759,181
632,761,237
632,770,197
632,771,637
632,773,177
632,776,219
632,777,563
632,779,367
632,781,205
632,789,304
632,792,196
632,798,471
632,802,213
632,803,204
632,805,161
632,839,157
632,861,191
632,871,150
632,877,242
632,897,237
632,941,158
633,634,419
633,635,393
633,636,999
633,637,516
633,661,167
633,662,169
633,685,199
633,687,221
633,688,463
633,690,288
633,695,463
633,696,535
633,697,643
633,698,363
633,699,171
633,700,171
633,702,208
633,703,479
633,705,178
633,707,253
633,708,358
633,711,202
633,715,177
633,717,658
633,718,398
633,734,308
633,748,162
633,749,185
633,750,202
633,751,195
633,752,150
633,753,233
633,754,206
633,755,665
633,756,505
633,764,190
633,765,189
633,766,213
633,767,164
633,800,173
633,826,170
633,831,594
633,832,161
633,854,516
633,870,158
633,871,181
633,906,360
633,908,212
633,929,169
633,933,394
633,940,202
633,951,220
633,953,664
633,958,171
633,966,281
633,984,170
634,635,370
634,636,206
634,638,177
634,640,170
634,642,162
634,643,187
634,644,150
634,645,184
634,648,167
634,652,216
634,658,222
634,665,477
634,672,177
634,699,164
634,700,167
634,702,165
634,707,156
634,708,153
634,710,266
634,715,411
634,717,206
634,718,206
634,737,175
634,738,326
634,739,220
634,740,241
634,744,228
634,747,157
634,755,172
634,764,196
634,765,862
634,766,620
634,767,674
634,768,841
634,770,164
634,771,189
634,773,261
634,776,287
634,782,217
634,787,249
634,789,154
634,792,193
634,803,597
634,852,152
634,854,206
634,874,164
634,899,410
634,900,231
634,933,209
634,937,150
634,966,205
635,638,458
635,640,272
635,642,159
635,643,167
635,644,164
635,645,213
635,646,156
635,648,246
635,649,152
635,656,347
635,657,208
635,658,307
635,667,235
635,681,172
635,682,151
635,703,183
635,710,245
635,714,259
635,715,628
635,716,185
635,719,286
635,720,151
635,721,155
635,728,166
635,734,195
635,735,393
635,736,391
635,737,365
635,738,433
635,739,180
635,740,496
635,741,190
635,742,198
635,746,313
635,748,152
635,750,155
635,753,194
635,758,300
635,759,175
635,764,205
635,765,250
635,766,224
635,767,242
635,770,442
635,771,284
635,773,234
635,774,173
635,776,262
635,778,157
635,782,177
635,783,198
635,785,181
635,786,157
635,787,623
635,788,155
635,789,294
635,792,584
635,795,508
635,800,178
635,803,185
635,804,210
635,840,175
635,877,151
635,899,615
635,921,172
635,929,180
635,962,151
635,969,205
635,983,170
635,984,180
636,637,618
636,638,160
636,640,151
636,673,210
636,675,406
636,685,453
636,686,417
636,687,479
636,688,712
636,689,395
636,690,549
636,691,333
636,692,209
636,693,220
636,694,389
636,695,552
636,696,552
636,697,734
636,698,506
636,699,224
636,701,220
636,702,188
636,703,617
636,704,337
636,705,449
636,706,178
636,707,426
636,708,452
636,717,160
636,718,150
636,734,471
636,736,151
636,740,177
636,755,644
636,756,476
636,800,246
636,830,200
636,831,679
636,845,159
636,854,152
636,870,443
636,871,248
636,907,275
636,908,435
636,921,318
636,933,443
636,940,269
636,951,394
636,952,364
636,953,726
636,954,175
636,955,206
636,956,246
636,957,248
636,958,227
636,959,324
636,960,307
637,638,223
637,655,281
637,666,212
637,672,199
637,673,328
637,674,269
637,675,167
637,682,166
637,683,199
637,685,360
637,686,450
637,687,192
637,688,403
637,689,232
637,690,366
637,691,266
637,694,204
637,695,378
637,696,368
637,697,571
637,698,262
637,701,163
637,703,466
637,704,248
637,705,212
637,706,174
637,708,273
637,716,208
637,717,411
637,722,151
637,734,258
637,740,377
637,741,169
637,749,226
637,750,170
637,751,214
637,753,169
637,754,161
637,755,163
637,756,432
637,770,173
637,771,190
637,789,150
637,831,515
637,854,249
637,867,391
637,870,272
637,908,275
637,932,159
637,951,236
637,952,211
637,953,604
637,957,157
637,959,153
638,640,731
638,642,431
638,643,428
638,644,462
638,645,532
638,646,333
638,648,391
638,651,409
638,652,364
638,656,804
638,657,428
638,658,174
638,659,232
638,660,342
638,661,305
638,662,179
638,663,155
638,666,253
638,667,753
638,671,179
638,672,169
638,675,202
638,677,186
638,678,255
638,679,159
638,682,289
638,686,152
638,703,188
638,710,468
638,713,407
638,715,384
638,716,893
638,717,205
638,719,167
638,721,160
638,722,271
638,724,266
638,728,452
638,732,175
638,733,379
638,734,489
638,735,650
638,736,824
638,737,968
638,739,207
638,740,827
638,741,514
638,742,394
638,745,219
638,747,234
638,748,314
638,755,172
638,757,227
638,758,918
638,759,310
638,764,205
638,770,751
638,771,970
638,772,383
638,773,291
638,774,418
638,775,170
638,776,322
638,777,347
638,778,188
638,779,293
638,781,573
638,782,237
638,783,345
638,785,655
638,786,375
638,787,278
638,788,479
638,789,612
638,792,809
638,794,211
638,795,205
638,796,318
638,798,203
638,799,268
638,800,576
638,801,305
638,802,318
638,803,239
638,804,188
638,810,153
638,811,320
638,833,276
638,851,468
638,880,396
638,898,353
638,921,448
638,928,156
638,935,151
638,981,213
638,982,187
638,983,342
640,642,433
640,643,425
640,644,425
640,645,485
640,646,577
640,647,195
640,648,309
640,649,219
640,650,216
640,656,997
640,657,186
640,659,150
640,661,233
640,667,495
640,668,244
640,669,218
640,678,280
640,686,275
640,688,197
640,690,155
640,709,295
640,710,253
640,711,960
640,712,978
640,713,961
640,714,191
640,715,336
640,716,355
640,719,857
640,729,190
640,733,250
640,734,394
640,735,551
640,736,648
640,737,472
640,738,450
640,739,527
640,740,812
640,741,799
640,742,400
640,743,196
640,746,570
640,747,565
640,748,278
640,750,263
640,751,246
640,752,207
640,753,248
640,754,293
640,755,354
640,756,288
640,757,446
640,758,494
640,759,161
640,760,171
640,761,242
640,764,273
640,766,157
640,770,570
640,771,567
640,772,184
640,773,324
640,774,319
640,776,588
640,777,251
640,778,172
640,779,252
640,782,608
640,783,266
640,785,502
640,786,224
640,787,226
640,788,222
640,789,693
640,790,270
640,791,269
640,792,447
640,794,262
640,795,228
640,796,389
640,799,173
640,800,179
640,804,167
640,809,179
640,811,157
640,814,191
640,818,169
640,820,334
640,833,154
640,834,714
640,836,161
640,842,401
640,874,181
640,897,207
640,900,155
640,915,364
640,934,331
640,935,305
640,937,160
640,941,164
640,943,323
640,968,272
640,969,254
640,977,238
640,980,330
640,981,505
640,983,197
642,643,856
642,644,765
642,645,622
642,646,908
642,647,183
642,648,152
642,656,652
642,661,464
642,662,256
642,663,213
642,672,192
642,675,210
642,677,166
642,678,250
642,685,177
642,686,239
642,687,154
642,688,154
642,689,191
642,690,212
642,691,205
642,693,193
642,694,180
642,704,157
642,715,218
642,716,183
642,721,217
642,722,210
642,733,180
642,734,216
642,735,292
642,736,577
642,737,431
642,738,250
642,739,171
642,740,940
642,741,376
642,742,388
642,743,335
642,748,180
642,749,180
642,750,153
642,751,188
642,752,191
642,753,155
642,754,181
642,755,260
642,758,297
642,759,185
642,764,229
642,770,404
642,771,751
642,772,174
642,773,218
642,774,226
642,775,186
642,776,594
642,777,176
642,779,212
642,780,184
642,782,244
642,783,217
642,784,170
642,785,171
642,788,426
642,789,206
642,792,360
642,794,178
642,795,405
642,796,196
642,797,274
642,815,178
642,816,190
642,817,153
642,830,191
642,842,198
642,877,198
642,883,170
642,928,327
642,937,159
642,940,170
642,941,171
642,950,154
642,952,169
642,954,194
642,955,151
642,959,171
642,960,170
642,981,169
642,982,178
642,983,164
642,984,230
643,644,915
643,645,552
643,646,909
643,647,170
643,656,421
643,661,439
643,662,257
643,663,247
643,672,257
643,675,212
643,676,156
643,677,151
643,678,239
643,685,156
643,686,230
643,687,150
643,688,178
643,689,150
643,690,192
643,693,326
643,694,159
643,715,211
643,719,170
643,721,191
643,722,197
643,733,158
643,734,208
643,735,238
643,736,576
643,737,398
643,738,250
643,739,167
643,740,937
643,741,358
643,742,230
643,748,180
643,749,180
643,750,153
643,751,156
643,752,171
643,753,170
643,754,186
643,755,242
643,758,312
643,759,164
643,764,222
643,770,398
643,771,743
643,772,179
643,773,279
643,774,217
643,775,176
643,776,597
643,777,173
643,779,195
643,781,162
643,782,233
643,783,225
643,784,347
643,785,179
643,789,211
643,792,351
643,794,157
643,795,159
643,796,221
643,797,274
643,815,193
643,816,171
643,824,194
643,827,150
643,842,198
643,871,153
643,874,155
643,877,195
643,883,170
643,928,328
643,937,361
643,940,186
643,941,165
643,950,150
643,955,156
643,982,162
643,983,176
643,984,170
644,645,587
644,646,941
644,647,170
644,656,621
644,661,212
644,662,204
644,663,193
644,672,167
644,675,241
644,678,256
644,682,152
644,685,158
644,686,225
644,687,150
644,688,150
644,689,150
644,690,203
644,694,150
644,700,280
644,703,170
644,715,270
644,721,191
644,722,231
644,733,166
644,734,208
644,735,238
644,736,570
644,737,401
644,738,251
644,739,172
644,740,937
644,741,346
644,742,247
644,748,181
644,749,199
644,750,153
644,751,153
644,752,153
644,753,153
644,754,180
644,755,232
644,758,306
644,764,243
644,770,398
644,771,742
644,772,163
644,773,230
644,774,215
644,775,156
644,776,596
644,777,174
644,779,194
644,782,238
644,783,233
644,784,167
644,785,189
644,788,157
644,789,209
644,792,357
644,794,153
644,795,168
644,796,216
644,797,274
644,805,154
644,815,200
644,816,171
644,817,164
644,842,198
644,874,157
644,877,191
644,880,166
644,883,170
644,922,161
644,928,320
644,941,165
644,950,158
644,954,150
644,959,150
644,982,169
644,983,184
644,984,152
645,646,942
645,647,170
645,648,199
645,656,701
645,657,152
645,661,363
645,662,257
645,663,244
645,667,171
645,669,162
645,672,219
645,675,264
645,678,264
645,679,542
645,682,154
645,685,189
645,686,260
645,687,164
645,688,188
645,689,173
645,690,193
645,703,157
645,710,220
645,715,224
645,716,231
645,719,187
645,721,294
645,722,470
645,732,150
645,733,160
645,734,243
645,735,553
645,736,693
645,737,632
645,738,273
645,739,198
645,740,990
645,741,591
645,742,437
645,747,205
645,748,223
645,749,180
645,750,156
645,751,153
645,752,153
645,753,166
645,754,209
645,755,240
645,757,156
645,758,392
645,759,299
645,764,270
645,770,769
645,771,818
645,772,344
645,773,273
645,774,554
645,775,198
645,776,749
645,777,234
645,779,236
645,780,161
645,781,183
645,782,384
645,783,289
645,784,685
645,785,491
645,787,154
645,788,205
645,789,626
645,792,635
645,794,185
645,795,402
645,796,289
645,797,274
645,803,223
645,805,160
645,815,210
645,816,240
645,817,182
645,842,205
645,877,191
645,880,170
645,883,170
645,921,185
645,928,350
645,940,175
645,941,165
645,943,242
645,950,154
645,960,152
645,970,167
645,979,156
645,981,207
645,982,237
645,983,799
645,984,178
646,648,176
646,650,167
646,656,957
646,661,479
646,662,162
646,663,213
646,684,171
646,690,165
646,718,181
646,722,164
646,734,179
646,736,264
646,737,309
646,740,508
646,741,278
646,742,380
646,747,274
646,756,187
646,758,231
646,770,550
646,771,954
646,773,199
646,774,240
646,776,515
646,777,150
646,779,156
646,782,914
646,783,513
646,784,230
646,785,180
646,788,155
646,789,341
646,792,318
646,797,482
646,803,203
646,806,906
646,816,155
646,818,201
646,928,476
646,943,173
646,970,151
646,981,169
646,983,168
646,984,157
647,652,187
647,655,431
647,668,153
647,710,161
647,715,353
647,738,439
647,740,170
647,744,208
647,745,985
647,752,327
647,761,152
647,763,744
647,764,479
647,769,211
647,778,253
647,809,153
647,814,173
647,820,151
647,836,300
647,837,226
647,839,226
647,840,311
647,877,975
647,883,323
647,937,171
648,649,711
648,650,955
648,652,179
648,656,419
648,657,182
648,658,151
648,666,156
648,667,188
648,668,172
648,670,154
648,703,172
648,709,399
648,710,238
648,712,294
648,715,350
648,733,194
648,734,230
648,735,240
648,736,415
648,737,447
648,739,272
648,740,504
648,741,349
648,742,290
648,746,793
648,747,155
648,755,218
648,757,228
648,758,270
648,761,334
648,763,161
648,769,952
648,770,637
648,771,335
648,772,164
648,773,400
648,774,276
648,776,227
648,777,195
648,778,231
648,781,202
648,782,259
648,783,199
648,784,190
648,785,290
648,786,280
648,788,272
648,789,320
648,792,510
648,794,241
648,795,169
648,796,178
648,800,311
648,805,207
648,806,175
648,817,292
648,818,203
648,845,398
648,852,900
648,853,902
648,897,288
648,943,967
648,964,365
648,968,396
648,969,392
648,979,187
648,982,155
648,983,162
649,650,794
649,709,198
649,711,189
649,712,189
649,713,188
649,715,334
649,739,298
649,742,195
649,747,177
649,750,190
649,751,178
649,752,178
649,753,179
649,769,238
649,782,217
649,786,193
649,793,187
649,794,204
649,795,348
649,817,445
649,818,360
649,834,283
649,835,222
649,943,839
649,969,333
650,651,208
650,706,237
650,709,409
650,715,323
650,737,196
650,740,264
650,746,153
650,765,199
650,768,189
650,769,945
650,779,238
650,782,186
650,783,173
650,785,159
650,790,619
650,791,161
650,794,408
650,797,278
650,817,202
650,818,263
650,834,167
650,836,155
650,837,263
650,840,209
650,852,295
650,922,190
650,943,984
650,962,215
650,977,246
650,980,163
651,716,177
651,722,169
651,736,173
651,737,229
651,740,185
651,758,262
651,770,199
651,783,183
651,792,189
651,921,187
651,983,180
652,656,389
652,661,924
652,662,819
652,663,735
652,710,428
652,716,196
652,721,188
652,722,460
652,734,221
652,736,375
652,737,631
652,738,479
652,740,371
652,741,307
652,742,228
652,756,176
652,757,154
652,758,314
652,763,267
652,770,237
652,771,958
652,772,559
652,774,787
652,776,425
652,777,153
652,780,447
652,781,173
652,783,365
652,785,744
652,786,220
652,789,186
652,792,202
652,800,159
652,801,279
652,802,987
652,803,632
652,810,198
652,815,153
652,827,177
652,880,250
652,983,162
653,654,953
653,655,214
653,685,191
653,686,205
653,690,229
653,691,201
653,692,510
653,693,183
653,699,152
653,701,157
653,707,222
653,708,220
653,750,198
653,751,199
653,753,156
653,831,241
653,846,229
653,847,163
653,849,411
653,861,257
653,863,211
653,864,185
653,865,325
653,908,187
653,930,290
653,931,338
653,932,290
653,944,302
654,655,238
654,674,175
654,677,245
654,685,177
654,690,185
654,691,150
654,692,200
654,698,212
654,705,244
654,707,197
654,718,158
654,750,183
654,751,277
654,753,186
654,757,177
654,780,150
654,825,318
654,843,180
654,845,151
654,846,293
654,847,167
654,849,249
654,862,153
654,863,277
654,865,163
654,867,333
654,930,204
654,931,242
654,932,230
654,933,201
654,940,328
654,944,545
654,951,167
654,952,201
654,958,216
654,966,186
654,979,202
655,685,229
655,687,212
655,688,162
655,689,159
655,690,222
655,691,348
655,692,423
655,693,367
655,694,296
655,697,226
655,699,179
655,700,201
655,701,315
655,703,246
655,704,167
655,708,191
655,717,265
655,734,257
655,748,162
655,750,192
655,751,202
655,752,638
655,753,211
655,755,232
655,756,196
655,815,383
655,825,268
655,830,155
655,832,246
655,846,369
655,863,159
655,870,297
655,871,151
655,877,575
655,907,796
655,908,212
655,929,389
655,932,157
655,951,255
655,954,151
655,959,203
655,966,255
656,657,209
656,659,165
656,660,167
656,661,675
656,662,313
656,663,258
656,667,640
656,668,202
656,669,182
656,678,261
656,684,238
656,686,409
656,688,365
656,703,171
656,709,311
656,710,370
656,711,771
656,712,781
656,713,308
656,714,185
656,715,372
656,716,394
656,719,255
656,722,299
656,728,159
656,733,314
656,734,478
656,735,540
656,736,946
656,737,689
656,739,372
656,740,993
656,741,820
656,742,558
656,743,476
656,745,155
656,747,296
656,748,419
656,750,172
656,753,163
656,754,665
656,755,632
656,756,241
656,757,331
656,758,716
656,759,158
656,761,171
656,762,156
656,763,166
656,764,186
656,770,795
656,771,860
656,772,325
656,773,691
656,774,647
656,775,238
656,776,428
656,777,665
656,778,468
656,779,279
656,781,197
656,782,679
656,783,446
656,785,849
656,786,470
656,787,215
656,788,594
656,789,731
656,792,607
656,794,313
656,795,263
656,796,479
656,798,154
656,799,592
656,800,387
656,801,191
656,802,386
656,803,274
656,804,192
656,811,210
656,833,290
656,842,904
656,849,409
656,880,517
656,915,280
656,921,269
656,937,172
656,943,175
656,973,153
656,981,623
656,982,239
656,983,250
656,984,151
657,659,694
657,666,202
657,667,217
657,679,185
657,682,181
657,710,312
657,715,271
657,716,913
657,720,245
657,733,219
657,734,163
657,735,734
657,736,322
657,737,381
657,740,348
657,741,217
657,758,268
657,764,334
657,770,546
657,771,264
657,774,190
657,777,174
657,778,156
657,781,152
657,783,172
657,785,224
657,786,156
657,787,170
657,788,334
657,792,672
657,798,215
657,800,468
657,809,167
657,921,161
657,928,159
657,983,160
658,665,166
658,710,155
658,714,292
658,715,384
658,719,160
658,727,353
658,738,169
658,740,181
658,770,373
658,787,221
658,788,223
658,792,280
658,877,222
658,899,180
659,661,863
659,662,650
659,663,650
659,667,226
659,672,338
659,679,510
659,684,155
659,716,398
659,722,222
659,735,542
659,736,154
659,737,226
659,740,318
659,742,409
659,761,558
659,770,211
659,771,747
659,773,259
659,776,218
659,777,285
659,779,171
659,783,946
659,787,190
659,792,248
659,800,177
659,983,185
660,735,152
660,736,158
660,737,242
660,740,232
660,758,201
660,770,400
660,774,392
660,785,226
660,792,304
660,935,190
661,662,999
661,663,997
661,667,177
661,710,168
661,715,205
661,722,971
661,734,480
661,736,369
661,737,485
661,740,995
661,741,575
661,742,211
661,755,155
661,756,178
661,758,291
661,762,170
661,770,269
661,771,998
661,772,733
661,773,939
661,774,609
661,775,508
661,776,988
661,777,947
661,779,266
661,780,252
661,781,188
661,782,155
661,783,964
661,785,995
661,786,179
661,788,165
661,789,497
661,792,463
661,795,330
661,796,184
661,800,735
661,801,301
661,802,824
661,803,798
661,815,155
661,816,158
661,831,150
661,982,707
661,983,741
661,984,226
662,663,999
662,715,209
662,722,912
662,736,296
662,737,189
662,740,971
662,741,213
662,742,156
662,770,179
662,771,959
662,772,578
662,773,773
662,774,208
662,776,955
662,777,925
662,779,160
662,780,182
662,781,175
662,782,197
662,783,930
662,785,985
662,789,370
662,796,157
662,800,604
662,802,844
662,803,736
662,982,554
662,983,704
663,722,910
663,736,247
663,737,170
663,740,962
663,741,206
663,754,163
663,771,961
663,772,551
663,773,487
663,774,256
663,775,530
663,776,937
663,777,927
663,780,190
663,783,921
663,785,975
663,789,347
663,802,817
663,803,735
663,829,152
663,941,187
663,982,728
663,983,688
664,665,945
664,667,375
664,668,650
664,669,445
664,711,165
664,737,169
664,740,191
664,771,503
664,789,179
664,815,150
664,947,409
665,668,630
665,669,336
665,677,154
665,703,665
665,717,207
665,737,386
665,740,188
665,765,156
665,771,503
665,789,158
665,827,171
665,947,335
666,667,159
666,737,242
666,739,163
666,759,189
666,770,459
666,788,170
666,792,181
667,669,210
667,678,646
667,682,365
667,712,190
667,715,193
667,716,468
667,720,158
667,734,181
667,735,208
667,736,380
667,737,363
667,739,167
667,740,661
667,741,265
667,742,177
667,747,162
667,748,311
667,749,260
667,750,277
667,751,246
667,753,194
667,754,481
667,755,572
667,756,399
667,757,196
667,758,335
667,759,190
667,761,200
667,770,597
667,771,346
667,772,213
667,773,243
667,774,620
667,776,185
667,777,259
667,782,718
667,783,201
667,785,388
667,788,292
667,789,288
667,792,408
667,796,211
667,799,168
667,803,207
667,805,168
667,810,154
667,811,376
667,823,182
667,833,176
667,874,158
667,915,206
667,943,196
667,974,179
667,976,165
667,981,224
668,669,436
668,679,162
668,684,475
668,706,194
668,713,849
668,715,349
668,766,151
668,838,154
668,852,317
668,855,191
668,947,278
669,707,190
669,708,193
669,720,213
669,732,154
669,739,381
669,740,232
669,744,176
669,747,390
669,766,157
669,769,180
669,775,235
669,784,189
669,789,229
669,818,413
669,820,230
669,845,198
669,931,403
669,947,290
670,671,906
670,679,439
670,680,438
670,682,426
670,732,183
670,740,286
670,751,172
670,777,533
670,849,244
670,949,511
671,672,285
671,675,230
671,676,272
671,677,232
671,678,196
671,679,444
671,680,466
671,681,166
671,682,435
671,736,165
671,740,246
671,747,211
671,770,160
671,777,526
671,785,182
671,798,396
671,850,302
671,948,160
671,949,507
671,980,183
672,673,914
672,674,991
672,675,976
672,676,982
672,677,995
672,678,987
672,679,954
672,680,860
672,681,809
672,682,929
672,683,888
672,684,302
672,685,153
672,686,315
672,687,198
672,690,152
672,700,150
672,703,193
672,721,153
672,722,235
672,734,321
672,736,162
672,737,185
672,740,270
672,741,167
672,748,184
672,751,175
672,761,191
672,770,240
672,771,223
672,777,372
672,783,229
672,789,160
672,792,199
672,842,186
672,843,451
672,847,201
672,849,177
672,862,156
672,863,168
672,865,193
672,871,167
672,898,159
672,908,222
672,930,189
672,948,899
672,949,440
672,959,167
672,983,301
673,674,992
673,675,945
673,676,976
673,677,982
673,678,852
673,679,710
673,680,763
673,681,702
673,682,811
673,683,867
673,684,159
673,685,203
673,686,164
673,687,201
673,690,240
673,695,182
673,699,180
673,701,163
673,703,181
673,704,235
673,705,151
673,734,324
673,740,177
673,751,222
673,760,213
673,781,187
673,792,156
673,849,159
673,854,170
673,855,167
673,865,173
673,867,155
673,870,156
673,930,212
673,932,283
673,944,179
673,948,715
673,949,272
673,951,158
673,952,173
673,955,150
673,957,206
673,958,172
673,959,209
673,960,186
674,675,991
674,676,986
674,677,993
674,678,979
674,679,706
674,680,758
674,681,699
674,682,788
674,683,778
674,685,363
674,686,220
674,687,278
674,689,152
674,690,243
674,691,174
674,693,150
674,694,276
674,705,193
674,718,168
674,733,152
674,734,300
674,740,181
674,756,154
674,760,309
674,770,159
674,771,152
674,779,152
674,789,169
674,792,203
674,798,229
674,849,151
674,854,177
674,855,228
674,867,162
674,870,155
674,929,171
674,932,277
674,948,667
674,949,331
674,951,207
674,952,193
674,959,377
675,676,977
675,677,993
675,678,995
675,679,714
675,680,741
675,681,626
675,682,849
675,683,756
675,685,177
675,686,243
675,721,153
675,722,151
675,734,288
675,736,151
675,740,282
675,741,184
675,770,274
675,771,238
675,773,155
675,776,187
675,783,248
675,789,158
675,792,345
675,842,186
675,862,150
675,863,161
675,864,164
675,870,183
675,871,208
675,948,637
675,949,306
675,979,152
676,677,971
676,678,948
676,679,638
676,680,787
676,681,708
676,682,804
676,683,802
676,684,193
676,721,153
676,722,160
676,734,194
676,740,199
676,741,170
676,770,156
676,773,219
676,842,186
676,862,173
676,863,213
676,864,167
676,871,150
676,948,730
676,949,475
677,678,949
677,679,590
677,680,752
677,681,784
677,682,768
677,683,809
677,684,183
677,721,153
677,734,173
677,740,217
677,741,167
677,771,169
677,824,236
677,842,186
677,862,212
677,863,161
677,864,161
677,867,150
677,908,171
677,937,191
677,948,731
677,949,367
677,953,159
678,679,720
678,680,680
678,681,574
678,682,768
678,683,688
678,684,179
678,686,216
678,690,157
678,721,153
678,734,370
678,735,153
678,736,278
678,737,251
678,740,388
678,741,199
678,758,184
678,770,456
678,771,246
678,776,154
678,777,167
678,785,229
678,788,241
678,789,241
678,792,404
678,842,186
678,871,287
678,948,534
678,949,287
678,959,263
678,983,151
679,680,532
679,681,447
679,682,679
679,683,161
679,716,288
679,734,267
679,736,163
679,737,158
679,740,323
679,764,216
679,765,159
679,770,177
679,771,603
679,777,522
679,787,175
679,789,183
679,792,214
679,797,431
679,843,171
679,860,425
679,915,260
679,934,333
679,935,333
679,948,484
679,949,474
679,952,162
680,681,882
680,682,726
680,683,566
680,684,275
680,685,157
680,690,194
680,694,156
680,734,263
680,740,217
680,770,223
680,771,553
680,777,508
680,792,194
680,797,431
680,850,309
680,851,222
680,860,179
680,865,158
680,915,266
680,934,333
680,935,335
680,948,384
680,949,514
680,952,162
681,682,326
681,683,762
681,684,458
681,697,191
681,734,187
681,740,203
681,767,298
681,770,207
681,771,540
681,777,187
681,783,217
681,792,243
681,847,162
681,849,278
681,855,164
681,921,155
681,948,766
681,949,228
681,965,159
681,983,375
682,683,578
682,703,178
682,734,380
682,735,162
682,736,224
682,737,246
682,740,375
682,758,210
682,770,311
682,771,787
682,777,499
682,792,321
682,798,409
682,843,177
682,948,300
682,949,632
683,695,477
683,703,444
683,734,277
683,740,200
683,770,171
683,771,556
683,792,163
683,843,186
683,861,188
683,865,165
683,948,635
683,949,201
684,686,159
684,709,221
684,713,383
684,740,202
684,747,224
684,752,247
684,761,177
684,773,300
684,774,240
684,775,555
684,776,199
684,777,310
684,783,261
684,797,157
684,851,370
684,948,162
684,949,275
684,983,208
685,686,934
685,687,983
685,688,982
685,689,986
685,690,923
685,691,621
685,692,382
685,693,334
685,694,336
685,695,687
685,696,325
685,697,320
685,698,407
685,699,650
685,700,315
685,701,531
685,702,436
685,703,453
685,704,451
685,705,708
685,706,306
685,707,980
685,708,999
685,717,382
685,718,472
685,731,192
685,734,223
685,738,171
685,751,340
685,752,301
685,755,177
685,756,307
685,757,295
685,760,194
685,764,235
685,771,215
685,776,368
685,797,476
685,825,272
685,826,206
685,827,153
685,830,256
685,831,271
685,832,220
685,846,280
685,849,209
685,854,566
685,865,284
685,867,224
685,870,522
685,871,346
685,873,196
685,906,251
685,907,244
685,908,514
685,930,159
685,933,525
685,950,637
685,951,557
685,952,219
685,953,187
685,954,325
685,955,360
685,956,253
685,957,250
685,958,279
685,959,342
685,960,328
685,965,240
685,966,225
686,687,722
686,688,765
686,689,882
686,690,566
686,691,342
686,692,329
686,693,528
686,694,337
686,695,480
686,696,396
686,697,383
686,698,638
686,699,568
686,700,308
686,701,429
686,702,237
686,703,466
686,704,453
686,705,296
686,706,274
686,707,945
686,708,992
686,717,399
686,718,349
686,734,243
686,740,248
686,755,179
686,756,207
686,770,375
686,771,272
686,773,566
686,776,613
686,782,394
686,792,165
686,797,476
686,814,256
686,830,169
686,831,154
686,849,187
686,854,624
686,867,169
686,870,377
686,871,416
686,908,505
686,933,354
686,949,241
686,950,437
686,951,293
686,952,247
686,953,244
686,954,253
686,955,275
686,956,243
686,957,232
686,958,283
686,959,500
686,960,276
687,688,743
687,689,644
687,690,390
687,691,608
687,692,382
687,693,582
687,694,597
687,695,573
687,696,421
687,697,360
687,698,435
687,699,405
687,700,217
687,701,430
687,702,336
687,703,456
687,704,396
687,705,303
687,706,294
687,707,986
687,708,991
687,717,501
687,718,636
687,734,370
687,751,197
687,752,208
687,753,175
687,755,347
687,756,495
687,757,180
687,771,363
687,776,292
687,797,476
687,814,246
687,825,246
687,828,220
687,830,304
687,831,259
687,832,169
687,846,206
687,849,176
687,854,565
687,865,226
687,867,273
687,870,522
687,871,327
687,906,252
687,907,246
687,908,511
687,933,440
687,944,160
687,950,433
687,951,567
687,952,626
687,953,254
687,954,318
687,955,274
687,956,251
687,957,224
687,958,275
687,959,304
687,960,347
687,966,282
688,689,449
688,690,625
688,691,372
688,692,328
688,693,298
688,694,342
688,695,710
688,696,872
688,697,581
688,698,554
688,699,188
688,701,371
688,702,271
688,703,531
688,704,437
688,705,575
688,706,257
688,707,986
688,708,974
688,717,683
688,718,613
688,733,220
688,734,476
688,736,305
688,737,199
688,740,248
688,751,159
688,753,282
688,754,150
688,755,401
688,756,582
688,764,267
688,771,761
688,776,734
688,782,365
688,797,476
688,800,157
688,829,155
688,830,193
688,831,360
688,854,596
688,867,195
688,870,558
688,871,271
688,877,170
688,907,204
688,908,478
688,933,271
688,950,425
688,951,565
688,952,263
688,953,571
688,954,292
688,955,278
688,956,244
688,957,225
688,958,265
688,959,264
688,960,317
688,966,157
689,690,309
689,691,311
689,692,313
689,693,265
689,694,308
689,695,298
689,696,220
689,697,173
689,698,250
689,699,157
689,701,209
689,702,228
689,703,379
689,704,370
689,705,284
689,706,277
689,707,904
689,708,952
689,717,234
689,718,242
689,734,152
689,756,180
689,797,476
689,854,287
689,861,169
689,867,151
689,870,292
689,871,220
689,873,178
689,908,310
689,933,355
689,950,444
689,951,309
689,952,264
689,954,290
689,955,301
689,956,258
689,957,222
689,958,286
689,959,261
689,960,290
690,691,546
690,692,470
690,693,290
690,694,304
690,695,551
690,696,669
690,697,417
690,698,394
690,699,502
690,700,422
690,701,519
690,702,391
690,703,436
690,704,448
690,705,964
690,706,432
690,707,858
690,708,822
690,717,412
690,718,471
690,734,254
690,736,215
690,740,189
690,750,164
690,751,558
690,753,515
690,755,260
690,756,302
690,757,179
690,760,202
690,764,332
690,771,483
690,776,485
690,797,486
690,815,193
690,825,208
690,826,179
690,827,156
690,829,179
690,830,340
690,831,420
690,832,215
690,846,201
690,847,176
690,853,557
690,854,524
690,865,224
690,867,347
690,870,531
690,871,329
690,907,234
690,908,407
690,928,172
690,929,158
690,933,387
690,940,317
690,941,202
690,944,172
690,947,185
690,950,243
690,951,782
690,952,348
690,953,506
690,954,646
690,955,346
690,956,347
690,957,690
690,958,942
690,959,730
690,960,452
690,966,426
691,692,763
691,693,786
691,694,910
691,695,527
691,696,480
691,697,483
691,698,402
691,699,523
691,700,420
691,701,483
691,702,454
691,703,432
691,704,436
691,705,245
691,706,399
691,707,907
691,708,891
691,710,206
691,717,314
691,718,489
691,731,259
691,734,243
691,749,423
691,751,519
691,752,475
691,753,178
691,755,157
691,756,327
691,757,270
691,760,235
691,797,476
691,815,364
691,824,224
691,825,323
691,826,227
691,827,364
691,828,188
691,830,310
691,831,250
691,846,307
691,849,197
691,854,408
691,860,202
691,865,440
691,867,330
691,870,464
691,871,208
691,873,285
691,906,157
691,907,225
691,908,444
691,932,208
691,933,599
691,940,150
691,944,172
691,947,180
691,950,261
691,951,332
691,952,351
691,953,339
691,954,554
691,955,233
691,956,527
691,957,381
691,958,278
691,959,317
691,960,312
691,965,256
691,966,167
692,693,461
692,694,428
692,695,217
692,696,278
692,697,298
692,699,503
692,700,238
692,701,348
692,702,523
692,703,351
692,704,362
692,705,220
692,706,205
692,707,770
692,708,771
692,718,362
692,731,190
692,751,312
692,752,295
692,753,208
692,756,165
692,757,187
692,780,157
692,797,476
692,815,460
692,825,353
692,826,170
692,828,202
692,830,154
692,831,199
692,845,158
692,846,339
692,849,221
692,854,275
692,865,328
692,867,314
692,870,394
692,871,160
692,873,219
692,877,189
692,907,200
692,908,301
692,930,180
692,932,163
692,933,515
692,944,220
692,947,225
692,950,267
692,951,284
692,952,307
692,954,283
692,955,225
692,956,242
692,957,223
692,958,266
692,959,286
692,960,249
692,965,201
692,966,175
693,694,740
693,695,335
693,696,243
693,697,202
693,698,325
693,699,522
693,700,363
693,701,418
693,702,295
693,703,352
693,704,368
693,705,226
693,706,239
693,707,772
693,708,785
693,717,251
693,718,328
693,751,333
693,752,398
693,797,476
693,815,321
693,827,166
693,830,259
693,831,238
693,832,157
693,846,167
693,847,233
693,849,204
693,854,308
693,865,179
693,867,229
693,870,401
693,871,152
693,907,216
693,908,311
693,933,332
693,937,157
693,950,250
693,951,286
693,952,346
693,954,231
693,955,235
693,956,200
693,957,212
693,958,270
693,959,266
693,960,199
693,966,303
694,695,733
694,696,620
694,697,910
694,698,839
694,699,501
694,700,400
694,701,404
694,702,381
694,703,476
694,704,552
694,705,229
694,706,242
694,707,797
694,708,844
694,717,266
694,718,447
694,734,166
694,752,189
694,754,196
694,782,241
694,797,476
694,815,268
694,824,203
694,826,163
694,830,214
694,832,230
694,845,159
694,847,240
694,854,480
694,867,152
694,870,401
694,871,232
694,908,225
694,929,404
694,931,197
694,932,265
694,933,326
694,950,266
694,951,251
694,952,565
694,953,183
694,954,206
694,955,270
694,956,218
694,957,220
694,958,264
694,959,262
694,960,237
694,966,356
695,696,559
695,697,971
695,698,914
695,699,341
695,701,224
695,703,999
695,704,879
695,705,215
695,706,227
695,707,414
695,708,297
695,717,891
695,718,381
695,727,262
695,734,453
695,740,154
695,751,221
695,755,281
695,756,767
695,830,251
695,831,593
695,843,223
695,854,432
695,870,303
695,871,206
695,907,192
695,908,432
695,931,308
695,950,222
695,951,413
695,952,346
695,953,905
695,955,503
695,956,231
695,958,215
695,959,212
696,697,965
696,698,886
696,701,193
696,703,999
696,704,523
696,705,254
696,707,289
696,708,269
696,717,890
696,718,340
696,734,397
696,755,162
696,756,747
696,829,176
696,831,746
696,843,202
696,854,371
696,861,164
696,870,199
696,908,430
696,933,196
696,951,160
696,952,176
696,953,791
696,954,153
696,957,215
696,958,294
696,960,204
696,962,313
697,698,950
697,699,181
697,700,155
697,703,999
697,704,846
697,705,291
697,707,371
697,708,418
697,717,683
697,718,224
697,734,299
697,739,230
697,755,178
697,756,447
697,767,152
697,822,152
697,831,841
697,854,287
697,870,279
697,871,236
697,908,446
697,929,155
697,948,179
697,951,231
697,952,289
697,953,827
697,954,167
697,955,269
697,957,266
697,958,309
697,959,180
697,983,177
698,699,220
698,701,257
698,703,925
698,704,966
698,705,323
698,707,342
698,708,342
698,717,496
698,734,224
698,756,305
698,831,720
698,854,285
698,870,167
698,880,167
698,951,201
698,952,183
698,953,794
698,957,260
698,958,322
699,700,484
699,701,187
699,702,480
699,703,327
699,704,417
699,705,337
699,706,385
699,707,675
699,708,681
699,717,340
699,718,423
699,727,157
699,731,177
699,751,195
699,752,213
699,778,212
699,824,212
699,825,189
699,826,182
699,827,229
699,828,163
699,829,227
699,830,528
699,831,166
699,832,318
699,846,223
699,854,453
699,860,201
699,865,227
699,867,278
699,870,336
699,871,198
699,873,193
699,908,316
699,933,464
699,940,243
699,950,352
699,951,422
699,952,464
699,953,164
699,954,589
699,955,496
699,956,437
699,957,358
699,958,336
699,959,456
699,960,523
699,965,177
699,966,156
700,702,439
700,703,268
700,704,398
700,705,257
700,706,335
700,707,615
700,708,591
700,717,318
700,718,295
700,749,200
700,774,424
700,793,196
700,824,192
700,828,178
700,830,184
700,831,198
700,832,165
700,846,190
700,867,246
700,870,255
700,898,250
700,933,180
700,950,379
700,951,398
700,952,385
700,954,495
700,955,499
700,956,282
700,957,406
700,958,395
700,959,343
700,960,457
701,703,468
701,704,344
701,705,381
701,706,421
701,707,635
701,708,696
701,717,261
701,718,151
701,751,209
701,752,159
701,753,174
701,756,190
701,782,328
701,805,199
701,827,158
701,846,194
701,854,195
701,870,198
701,908,304
701,933,186
701,941,236
701,947,425
701,950,455
701,951,505
701,952,539
701,954,282
701,955,319
701,956,291
701,957,393
701,958,405
701,959,327
701,960,441
701,966,214
702,703,261
702,704,388
702,705,298
702,706,390
702,707,581
702,708,601
702,717,194
702,718,259
702,726,372
702,740,171
702,751,150
702,756,163
702,778,169
702,830,186
702,831,166
702,832,165
702,843,388
702,846,211
702,849,309
702,854,259
702,860,170
702,867,254
702,870,426
702,871,150
702,906,153
702,933,305
702,950,413
702,951,397
702,952,319
702,954,436
702,955,408
702,956,342
702,957,353
702,958,403
702,959,317
702,960,305
703,704,947
703,705,362
703,706,294
703,707,717
703,708,700
703,710,189
703,711,164
703,717,992
703,718,948
703,722,159
703,725,168
703,727,232
703,733,184
703,734,486
703,736,197
703,737,209
703,740,246
703,741,181
703,751,197
703,753,194
703,754,186
703,755,406
703,756,727
703,765,179
703,771,161
703,786,286
703,787,158
703,789,154
703,793,154
703,797,476
703,804,207
703,829,196
703,830,267
703,831,602
703,832,313
703,843,157
703,854,954
703,867,169
703,870,396
703,871,282
703,906,186
703,907,183
703,908,646
703,933,406
703,950,354
703,951,347
703,952,413
703,953,872
703,954,366
703,955,308
703,956,330
703,957,309
703,958,317
703,959,348
703,960,320
703,966,917
704,705,407
704,706,305
704,707,699
704,708,678
704,717,925
704,718,936
704,727,221
704,734,202
704,749,153
704,751,378
704,753,180
704,782,380
704,793,161
704,797,476
704,854,934
704,870,279
704,871,241
704,906,235
704,908,207
704,930,481
704,931,167
704,933,347
704,937,152
704,950,396
704,951,368
704,952,426
704,953,491
704,954,353
704,955,337
704,956,325
704,957,332
704,958,348
704,959,395
704,960,323
704,966,917
704,979,187
705,706,153
705,707,811
705,708,739
705,718,274
705,731,192
705,738,213
705,751,204
705,753,190
705,755,176
705,764,194
705,797,480
705,815,156
705,816,186
705,825,220
705,831,327
705,832,187
705,838,222
705,846,159
705,854,279
705,865,156
705,867,167
705,870,342
705,871,229
705,907,186
705,908,377
705,933,363
705,941,184
705,950,258
705,951,437
705,952,275
705,953,186
705,954,189
705,955,206
705,956,194
705,957,234
705,958,225
705,959,519
705,960,158
705,966,166
706,707,637
706,708,607
706,717,193
706,733,165
706,749,153
706,754,186
706,755,214
706,756,203
706,782,292
706,797,476
706,805,153
706,829,576
706,830,177
706,840,192
706,852,645
706,853,978
706,870,226
706,871,153
706,908,214
706,950,308
706,951,175
706,952,249
706,953,219
706,954,340
706,955,192
706,956,225
706,957,267
706,958,304
706,959,188
706,960,479
706,966,225
707,708,630
707,715,165
707,717,398
707,718,384
707,734,175
707,739,160
707,751,196
707,752,170
707,756,317
707,773,317
707,776,317
707,790,184
707,791,184
707,809,173
707,813,168
707,814,181
707,825,229
707,826,153
707,830,306
707,831,343
707,832,260
707,840,181
707,846,210
707,849,159
707,854,453
707,867,196
707,870,342
707,871,247
707,906,316
707,907,253
707,908,248
707,930,163
707,933,367
707,950,766
707,951,761
707,952,774
707,953,271
707,954,726
707,955,670
707,956,692
707,957,675
707,958,774
707,959,684
707,960,891
707,972,176
708,715,166
708,717,309
708,718,287
708,739,161
708,746,164
708,752,166
708,756,198
708,773,548
708,790,185
708,791,184
708,809,150
708,813,168
708,814,229
708,820,170
708,825,174
708,829,174
708,830,311
708,831,415
708,832,217
708,846,180
708,854,279
708,867,227
708,870,390
708,871,195
708,907,189
708,929,150
708,930,164
708,933,416
708,941,335
708,950,844
708,951,771
708,952,778
708,953,366
708,954,747
708,955,670
708,956,587
708,957,634
708,958,765
708,959,700
708,960,840
708,972,308
709,711,196
709,712,206
709,713,200
709,736,221
709,739,160
709,740,276
709,741,156
709,742,163
709,746,333
709,747,512
709,769,210
709,771,192
709,772,179
709,773,168
709,785,269
709,786,167
709,799,200
709,811,496
709,818,187
709,820,494
709,900,189
709,915,156
709,927,222
709,941,337
709,943,371
709,964,178
709,980,579
710,714,396
710,715,179
710,716,276
710,733,402
710,734,201
710,735,352
710,736,355
710,737,475
710,740,527
710,741,278
710,742,191
710,758,368
710,759,185
710,765,184
710,766,180
710,770,575
710,771,300
710,773,305
710,774,245
710,776,196
710,777,152
710,780,156
710,785,475
710,786,155
710,787,222
710,788,282
710,789,384
710,792,714
710,798,182
710,799,758
710,800,192
710,804,909
710,834,163
710,840,172
710,922,181
710,943,158
710,962,228
710,964,150
710,983,172
711,712,979
711,713,917
711,729,190
711,731,227
711,732,193
711,736,163
711,740,153
711,746,518
711,747,316
711,748,187
711,749,200
711,750,174
711,751,267
711,752,179
711,753,234
711,754,303
711,755,345
711,756,212
711,771,407
711,782,471
711,789,166
711,796,332
711,797,243
711,824,157
711,827,212
711,858,490
711,929,257
711,941,219
711,968,208
711,969,268
711,973,264
711,980,221
712,713,969
712,715,181
712,732,178
712,736,244
712,737,173
712,738,179
712,740,222
712,742,219
712,746,472
712,748,181
712,749,180
712,750,186
712,752,155
712,753,226
712,754,262
712,755,265
712,759,190
712,771,450
712,779,224
712,782,388
712,785,185
712,789,151
712,797,315
712,836,186
712,837,445
712,858,498
712,929,208
712,943,195
712,968,200
712,969,316
712,973,316
712,980,180
713,730,175
713,732,192
713,736,238
713,740,229
713,742,187
713,746,489
713,748,181
713,749,180
713,750,166
713,751,174
713,753,226
713,754,203
713,755,223
713,759,151
713,771,158
713,773,157
713,782,315
713,797,558
713,827,160
713,839,169
713,858,487
713,941,182
713,943,199
713,968,200
713,969,274
713,973,294
713,980,158
714,715,425
714,735,174
714,740,284
714,745,156
714,770,158
714,787,196
714,789,150
714,792,221
714,804,239
714,874,242
714,899,156
714,962,998
715,719,447
715,736,645
715,737,358
715,738,619
715,739,329
715,740,697
715,741,256
715,742,214
715,745,151
715,747,175
715,755,226
715,756,229
715,758,313
715,759,166
715,763,458
715,764,389
715,769,379
715,770,298
715,771,330
715,774,262
715,779,188
715,782,332
715,785,680
715,786,217
715,787,190
715,789,440
715,792,410
715,795,176
715,796,203
715,799,194
715,802,191
715,803,248
715,804,183
715,809,309
715,811,183
715,814,306
715,816,214
715,817,268
715,820,275
715,822,162
715,835,297
715,836,505
715,837,396
715,838,312
715,839,386
715,840,375
715,858,180
715,877,355
715,883,331
715,898,159
715,899,472
715,900,218
715,937,198
715,943,252
715,962,432
715,968,151
716,720,176
716,723,152
716,733,369
716,734,504
716,735,600
716,736,434
716,737,464
716,740,525
716,741,218
716,747,153
716,757,487
716,758,641
716,764,232
716,770,447
716,771,402
716,772,236
716,773,439
716,774,161
716,775,178
716,776,243
716,777,181
716,779,272
716,781,179
716,782,192
716,783,212
716,785,244
716,787,203
716,788,174
716,789,563
716,792,575
716,798,392
716,800,345
716,811,153
716,814,363
716,849,190
716,880,243
716,921,234
717,718,958
717,733,198
717,734,760
717,737,163
717,740,150
717,750,170
717,753,170
717,754,269
717,755,485
717,756,729
717,826,159
717,829,161
717,830,381
717,831,639
717,832,188
717,849,162
717,854,973
717,867,181
717,870,446
717,871,297
717,907,155
717,908,369
717,921,252
717,929,158
717,933,532
717,947,164
717,950,175
717,951,343
717,952,326
717,953,612
717,955,169
717,956,243
717,957,166
717,958,166
717,959,153
717,966,905
718,731,202
718,734,369
718,751,271
718,752,356
718,754,170
718,755,272
718,756,417
718,757,186
718,815,162
718,825,371
718,827,327
718,830,202
718,831,197
718,846,340
718,854,977
718,860,188
718,865,315
718,870,468
718,871,209
718,873,338
718,908,442
718,933,666
718,951,392
718,952,380
718,953,151
718,954,338
718,955,208
718,956,301
718,957,392
718,958,342
718,959,344
718,960,396
718,965,254
718,966,906
719,733,152
719,736,642
719,737,189
719,740,446
719,741,167
719,742,201
719,747,305
719,755,191
719,756,167
719,770,256
719,771,413
719,778,172
719,785,370
719,789,266
719,792,248
719,795,230
719,816,220
719,817,225
719,899,200
719,981,159
720,723,171
720,724,202
720,734,165
720,764,182
720,765,223
720,769,243
720,838,155
720,877,182
720,955,707
721,722,742
721,736,154
721,740,385
721,771,834
721,772,252
721,773,466
721,774,163
721,775,575
721,776,428
721,777,250
721,779,808
721,783,390
721,785,935
721,787,163
721,789,197
721,800,200
721,803,456
721,805,169
721,835,171
721,858,170
721,937,191
721,982,235
721,983,267
721,984,187
722,723,242
722,724,525
722,736,185
722,737,310
722,740,436
722,741,235
722,742,395
722,750,390
722,753,533
722,770,585
722,771,917
722,772,214
722,773,926
722,774,730
722,775,153
722,776,810
722,777,953
722,779,743
722,780,184
722,781,151
722,783,953
722,785,522
722,786,160
722,788,236
722,789,225
722,792,258
722,800,185
722,802,160
722,803,267
722,937,184
722,949,188
722,982,220
722,983,517
722,984,176
723,724,950
723,725,963
723,726,994
723,727,991
723,728,998
723,729,994
723,730,934
723,731,943
723,732,992
723,740,295
723,746,588
723,747,189
723,748,221
723,749,223
723,750,198
723,751,182
723,752,182
723,753,182
723,754,153
723,755,213
723,782,161
723,820,157
723,838,283
723,896,177
723,967,977
723,968,999
723,969,997
723,970,977
723,971,947
723,972,995
723,973,999
723,974,950
723,975,987
723,976,855
723,977,998
723,978,934
723,979,997
723,980,224
724,725,940
724,726,988
724,727,998
724,728,999
724,729,993
724,730,921
724,731,956
724,732,993
724,737,253
724,740,192
724,746,594
724,747,184
724,748,153
724,749,153
724,750,182
724,751,182
724,752,182
724,753,184
724,754,153
724,755,173
724,770,177
724,771,474
724,779,373
724,782,162
724,783,402
724,792,172
724,820,178
724,829,157
724,838,314
724,922,165
724,929,161
724,967,960
724,968,998
724,969,996
724,970,969
724,971,947
724,972,994
724,973,998
724,974,835
724,975,985
724,976,840
724,977,995
724,978,924
724,979,991
724,983,583
725,726,999
725,727,999
725,728,999
725,729,999
725,730,996
725,731,986
725,732,999
725,747,184
725,748,153
725,749,166
725,750,275
725,751,226
725,752,182
725,753,231
725,754,153
725,755,153
725,782,169
725,803,150
725,820,155
725,829,150
725,838,282
725,922,154
725,967,937
725,968,999
725,969,999
725,970,998
725,971,982
725,972,998
725,973,999
725,974,989
725,975,993
725,976,946
725,977,999
725,978,960
725,979,998
726,727,989
726,728,999
726,729,999
726,730,999
726,731,993
726,732,999
726,739,332
726,740,173
726,745,157
726,746,913
726,748,205
726,749,198
726,750,211
726,751,250
726,753,213
726,754,198
726,755,421
726,759,187
726,761,301
726,782,374
726,811,161
726,817,161
726,822,183
726,843,361
726,897,301
726,967,998
726,968,999
726,969,999
726,970,999
726,971,996
726,972,999
726,973,999
726,974,993
726,975,998
726,976,951
726,977,999
726,978,934
726,979,995
726,980,156
727,728,999
727,729,999
727,730,998
727,731,997
727,732,997
727,739,307
727,745,278
727,746,910
727,748,198
727,749,205
727,751,171
727,753,196
727,754,198
727,755,227
727,761,301
727,782,199
727,804,158
727,897,301
727,967,999
727,968,998
727,969,995
727,970,998
727,971,997
727,972,999
727,973,999
727,974,951
727,975,999
727,976,955
727,977,999
727,978,953
727,979,947
728,729,999
728,730,989
728,731,987
728,732,997
728,736,168
728,740,321
728,746,213
728,766,151
728,771,270
728,777,225
728,781,156
728,810,152
728,817,175
728,868,163
728,967,999
728,968,999
728,969,998
728,970,983
728,971,974
728,972,999
728,973,971
728,974,947
728,975,996
728,976,971
728,977,999
728,978,961
728,979,996
729,730,999
729,731,998
729,732,999
729,736,198
729,746,771
729,747,179
729,748,154
729,750,331
729,751,216
729,752,216
729,753,276
729,755,151
729,782,264
729,805,167
729,811,201
729,817,226
729,842,196
729,967,999
729,968,999
729,969,999
729,970,999
729,971,995
729,972,999
729,973,999
729,974,993
729,975,902
729,976,962
729,977,999
729,978,972
729,979,995
729,980,361
729,982,224
730,731,961
730,732,998
730,746,617
730,967,997
730,968,996
730,969,998
730,970,998
730,971,990
730,972,999
730,973,999
730,974,983
730,975,995
730,976,961
730,977,999
730,978,566
730,979,996
730,980,239
731,732,981
731,746,603
731,750,211
731,751,392
731,752,288
731,753,192
731,757,229
731,760,284
731,815,157
731,825,321
731,827,177
731,846,265
731,865,277
731,867,162
731,873,274
731,933,337
731,934,171
731,965,310
731,966,181
731,967,997
731,968,990
731,969,995
731,970,997
731,971,994
731,972,997
731,973,980
731,974,973
731,975,997
731,976,971
731,977,997
731,978,563
731,979,978
732,735,169
732,746,611
732,748,223
732,749,158
732,750,243
732,751,171
732,752,232
732,753,169
732,754,223
732,755,189
732,761,154
732,790,178
732,797,373
732,810,188
732,897,178
732,960,226
732,967,999
732,968,999
732,969,999
732,970,999
732,971,992
732,972,999
732,973,999
732,974,997
732,975,989
732,976,986
732,977,999
732,978,969
732,979,999
732,980,282
733,734,315
733,735,259
733,736,207
733,737,442
733,740,411
733,755,522
733,756,435
733,758,336
733,770,270
733,785,211
733,787,368
733,789,256
733,792,353
733,804,475
733,855,179
733,877,215
734,735,226
734,736,497
734,737,520
734,740,692
734,741,430
734,742,222
734,745,161
734,750,187
734,753,155
734,754,503
734,755,682
734,756,631
734,757,237
734,758,498
734,761,934
734,770,349
734,771,998
734,772,267
734,773,159
734,776,263
734,779,734
734,781,517
734,782,205
734,783,172
734,785,347
734,786,176
734,788,158
734,789,432
734,792,428
734,796,185
734,800,378
734,801,295
734,802,214
734,811,153
734,830,202
734,831,255
734,854,375
734,862,305
734,870,246
734,880,507
734,921,297
734,929,190
734,948,173
734,951,190
734,952,157
734,953,250
734,956,161
734,981,177
734,982,281
735,736,451
735,737,526
735,740,538
735,741,206
735,742,198
735,745,151
735,758,492
735,761,156
735,764,505
735,766,155
735,770,693
735,771,421
735,772,192
735,773,239
735,774,194
735,776,159
735,777,222
735,778,219
735,781,208
735,783,468
735,785,311
735,787,307
735,788,405
735,789,250
735,792,810
735,795,159
735,798,207
735,799,238
735,800,564
735,804,208
735,833,184
735,877,322
735,880,234
735,921,273
735,983,288
736,737,838
736,738,157
736,739,387
736,740,932
736,741,609
736,742,983
736,743,220
736,744,159
736,745,185
736,747,287
736,748,351
736,750,207
736,755,269
736,756,300
736,757,292
736,758,731
736,759,203
736,762,183
736,763,206
736,764,244
736,768,167
736,770,665
736,771,872
736,772,495
736,773,335
736,774,510
736,775,160
736,776,289
736,777,333
736,778,233
736,779,255
736,780,157
736,781,351
736,782,883
736,783,518
736,785,690
736,786,384
736,787,187
736,788,375
736,789,653
736,792,692
736,794,288
736,795,804
736,796,752
736,797,163
736,798,178
736,799,277
736,800,649
736,801,202
736,802,317
736,803,366
736,804,336
736,809,163
736,811,716
736,813,167
736,816,153
736,817,201
736,833,161
736,834,170
736,842,153
736,880,250
736,900,211
736,915,194
736,921,306
736,928,188
736,934,161
736,935,157
736,943,196
736,950,224
736,968,444
736,975,388
736,979,190
736,981,380
736,982,247
736,983,190
737,739,175
737,740,868
737,741,605
737,742,407
737,743,240
737,745,241
737,747,371
737,748,204
737,755,247
737,756,251
737,757,157
737,758,962
737,759,175
737,764,215
737,766,165
737,770,888
737,771,787
737,772,409
737,773,428
737,774,532
737,775,192
737,776,429
737,777,379
737,778,161
737,779,352
737,780,167
737,781,330
737,782,298
737,783,356
737,784,159
737,785,635
737,786,323
737,787,428
737,788,606
737,789,634
737,792,851
737,794,211
737,795,186
737,796,336
737,798,228
737,799,183
737,800,545
737,801,354
737,802,344
737,803,337
737,804,371
737,810,152
737,811,371
737,833,160
737,843,167
737,877,248
737,880,405
737,921,545
737,943,208
737,968,151
737,981,248
737,982,242
737,983,282
737,984,183
738,740,194
738,742,302
738,745,265
738,748,183
738,754,181
738,761,184
738,764,206
738,769,250
738,782,151
738,794,283
738,795,279
738,796,249
738,809,178
738,814,154
738,818,151
738,820,152
738,836,218
738,837,237
738,839,238
738,840,224
738,864,165
738,877,228
738,883,246
738,897,196
738,900,224
738,934,162
738,937,250
738,982,256
739,740,505
739,741,301
739,746,332
739,748,159
739,755,224
739,757,177
739,759,380
739,764,168
739,769,298
739,770,294
739,771,197
739,776,159
739,782,388
739,785,205
739,787,204
739,789,325
739,790,227
739,791,218
739,792,217
739,797,202
739,809,238
739,814,239
739,817,405
739,820,337
739,834,157
739,835,158
739,836,298
739,837,293
739,838,264
739,839,298
739,840,292
739,897,204
739,900,408
739,915,312
739,935,410
739,943,166
739,962,243
739,968,175
739,969,170
739,973,174
739,977,234
739,980,159
740,741,995
740,742,758
740,743,732
740,744,164
740,745,286
740,746,194
740,747,512
740,748,437
740,750,159
740,751,184
740,753,236
740,754,242
740,755,384
740,756,331
740,757,423
740,758,846
740,759,230
740,760,189
740,761,235
740,762,193
740,763,239
740,764,263
740,769,182
740,770,817
740,771,995
740,772,391
740,773,799
740,774,810
740,775,263
740,776,834
740,777,610
740,778,251
740,779,687
740,781,227
740,782,850
740,783,820
740,785,552
740,786,652
740,787,311
740,788,507
740,789,996
740,790,162
740,792,720
740,794,627
740,795,811
740,796,712
740,798,290
740,799,338
740,800,659
740,801,239
740,802,366
740,803,440
740,804,402
740,805,166
740,809,205
740,811,313
740,815,714
740,816,310
740,817,357
740,833,202
740,842,736
740,843,165
740,849,239
740,867,172
740,868,199
740,877,170
740,880,417
740,897,229
740,900,159
740,915,288
740,921,315
740,928,255
740,929,156
740,937,213
740,943,678
740,948,181
740,973,187
740,979,183
740,981,611
740,982,644
740,983,348
740,984,258
741,742,903
741,743,255
741,748,173
741,758,476
741,770,442
741,771,697
741,772,265
741,773,319
741,774,887
741,775,225
741,776,229
741,777,217
741,778,278
741,779,168
741,782,387
741,783,681
741,785,588
741,786,450
741,788,236
741,789,529
741,792,490
741,794,358
741,795,216
741,796,775
741,797,169
741,800,222
741,801,167
741,802,386
741,803,185
741,805,254
741,880,151
741,900,167
741,915,201
741,921,261
741,928,166
741,937,168
741,943,459
741,968,160
741,981,237
741,982,201
742,743,903
742,745,385
742,747,200
742,758,370
742,759,175
742,763,500
742,764,168
742,770,420
742,771,430
742,772,491
742,773,284
742,774,559
742,775,166
742,776,235
742,777,205
742,778,162
742,779,198
742,781,462
742,782,375
742,783,205
742,785,439
742,786,999
742,788,171
742,789,510
742,791,155
742,792,337
742,794,195
742,795,925
742,796,735
742,799,362
742,802,194
742,803,164
742,809,167
742,813,156
742,858,153
742,874,164
742,915,251
742,928,463
742,943,177
743,770,228
743,771,301
743,774,468
743,783,207
743,785,210
743,788,185
743,789,170
743,795,573
743,796,256
743,809,583
743,814,420
743,873,219
743,941,197
744,745,199
744,765,356
744,766,183
744,767,337
744,768,341
744,769,181
744,774,171
744,794,547
744,877,197
744,900,379
744,962,172
745,758,153
745,763,486
745,766,230
745,767,155
745,770,194
745,771,182
745,786,208
745,789,229
745,791,165
745,792,214
745,836,194
745,840,251
745,877,989
745,899,153
745,929,162
745,973,744
746,747,713
746,755,160
746,782,277
746,791,159
746,797,445
746,811,152
746,813,202
746,817,181
746,820,339
746,836,321
746,943,314
746,967,586
746,968,985
746,969,961
746,970,611
746,971,558
746,972,931
746,973,445
746,975,666
746,976,209
746,977,938
746,980,755
747,756,150
747,767,238
747,769,298
747,770,225
747,771,400
747,772,232
747,773,379
747,775,238
747,776,376
747,777,359
747,779,355
747,780,231
747,781,231
747,782,177
747,783,374
747,784,338
747,789,346
747,792,245
747,797,270
747,814,244
747,818,349
747,820,710
747,834,248
747,836,352
747,837,333
747,839,318
747,840,289
747,941,163
747,967,184
747,968,522
747,969,419
747,972,150
747,977,250
747,980,995
747,982,391
747,983,379
747,984,360
748,750,631
748,751,629
748,752,599
748,753,600
748,754,202
748,755,324
748,756,272
748,758,284
748,771,229
748,782,159
748,785,218
748,789,257
748,831,176
748,832,151
748,842,162
748,870,223
748,935,356
748,937,180
748,941,222
748,967,154
748,968,152
748,976,159
749,750,634
749,751,654
749,752,603
749,753,633
749,754,219
749,755,242
749,756,317
749,767,157
749,782,158
749,785,181
749,823,574
749,831,241
749,842,154
749,870,155
749,871,162
749,929,151
749,935,263
749,937,202
749,941,223
749,967,153
749,984,184
750,752,274
750,754,649
750,755,793
750,756,351
750,760,193
750,762,196
750,780,419
750,782,196
750,789,168
750,828,198
750,830,191
750,831,454
750,832,249
750,870,219
750,877,292
750,908,176
750,935,349
750,937,153
750,941,174
750,967,242
750,969,163
750,970,320
750,972,184
750,975,266
751,752,687
751,753,291
751,754,627
751,755,788
751,756,585
751,757,266
751,760,207
751,780,225
751,785,173
751,789,205
751,805,151
751,809,171
751,815,286
751,824,218
751,825,298
751,827,197
751,828,185
751,829,172
751,830,201
751,831,363
751,832,162
751,842,158
751,846,354
751,849,157
751,854,174
751,860,231
751,865,401
751,867,306
751,870,226
751,873,263
751,877,172
751,908,188
751,930,192
751,933,420
751,935,353
751,937,153
751,940,483
751,941,311
751,950,172
751,951,179
751,954,227
751,959,164
751,965,303
751,967,354
751,970,163
751,971,193
751,972,188
751,975,216
752,754,615
752,755,620
752,756,248
752,757,202
752,760,192
752,780,239
752,789,185
752,799,188
752,815,170
752,817,313
752,825,333
752,827,225
752,828,187
752,830,177
752,831,199
752,845,192
752,846,335
752,860,272
752,865,436
752,867,198
752,873,324
752,877,780
752,908,189
752,929,161
752,933,450
752,935,353
752,937,153
752,940,159
752,941,192
752,951,181
752,952,170
752,954,220
752,959,175
752,965,328
752,967,229
752,975,216
753,754,640
753,755,776
753,756,357
753,762,150
753,771,164
753,776,159
753,780,155
753,782,223
753,783,210
753,789,216
753,815,201
753,824,248
753,829,157
753,830,173
753,831,307
753,832,298
753,842,165
753,849,201
753,867,220
753,870,227
753,877,170
753,908,208
753,929,229
753,935,250
753,937,153
753,940,419
753,941,294
753,967,300
753,970,159
753,971,185
753,972,172
753,975,216
754,755,935
754,756,590
754,782,246
754,789,160
754,816,156
754,824,444
754,830,529
754,831,560
754,832,221
754,842,154
754,854,283
754,935,353
754,937,182
754,941,785
754,967,153
754,979,151
755,756,886
755,758,161
755,771,200
755,782,377
755,785,245
755,789,266
755,792,151
755,804,152
755,811,169
755,817,166
755,824,184
755,830,361
755,831,487
755,832,285
755,842,209
755,854,382
755,867,180
755,870,241
755,908,161
755,935,366
755,937,180
755,941,611
755,956,192
755,967,167
755,968,150
755,971,272
755,979,153
756,758,154
756,765,457
756,771,178
756,785,203
756,789,242
756,801,151
756,802,160
756,804,188
756,805,219
756,815,244
756,824,159
756,828,164
756,829,391
756,830,369
756,831,759
756,832,254
756,842,900
756,843,169
756,846,193
756,849,172
756,854,461
756,855,450
756,870,310
756,908,282
756,933,202
756,940,179
756,941,347
756,951,289
756,952,171
756,953,432
757,760,390
757,761,183
757,762,250
757,770,347
757,771,426
757,776,634
757,780,153
757,782,176
757,786,220
757,789,426
757,792,212
757,796,187
757,827,155
757,846,204
757,849,271
757,865,195
757,867,196
757,873,193
757,933,190
757,940,151
757,951,192
757,981,661
758,759,179
758,764,259
758,770,587
758,771,972
758,772,408
758,773,150
758,774,333
758,776,226
758,777,175
758,779,202
758,781,560
758,782,204
758,783,180
758,785,738
758,786,360
758,787,213
758,788,323
758,789,571
758,792,704
758,794,196
758,795,212
758,796,262
758,798,225
758,799,248
758,800,482
758,801,456
758,802,244
758,803,250
758,810,177
758,811,312
758,833,202
758,880,482
758,921,290
758,981,209
758,982,224
759,764,332
759,767,285
759,770,305
759,782,156
759,783,199
759,789,226
759,790,188
759,791,167
759,792,252
759,797,203
759,799,194
759,849,153
759,937,355
759,943,156
760,766,258
760,771,181
760,776,260
760,782,175
760,785,178
760,789,203
760,796,198
760,802,208
760,823,382
760,827,191
760,865,204
760,867,262
760,868,158
760,873,236
760,930,153
760,932,219
760,933,169
760,967,172
760,981,162
761,762,321
761,771,208
761,773,195
761,775,154
761,776,164
761,777,197
761,779,156
761,782,317
761,783,171
761,784,164
761,789,173
761,796,161
761,805,169
761,811,171
761,896,226
761,941,228
761,982,166
761,983,189
762,769,151
762,782,150
762,786,189
762,789,193
762,796,228
762,981,343
763,771,156
763,778,323
763,782,174
763,785,212
763,786,262
763,789,198
763,791,210
763,799,667
763,803,163
763,877,761
763,947,306
763,953,170
764,769,309
764,770,200
764,771,164
764,785,180
764,792,263
764,798,197
764,800,203
764,809,166
764,814,153
764,831,198
764,836,217
764,837,231
764,838,195
764,839,231
764,840,211
764,877,447
764,883,204
764,922,176
764,937,201
764,950,152
764,975,196
765,766,830
765,767,277
765,768,403
765,769,725
765,785,152
765,787,343
765,803,192
765,804,229
765,843,166
765,877,167
765,900,186
765,943,222
765,964,319
766,767,775
766,768,848
766,769,206
766,780,219
766,792,165
766,793,208
766,799,160
766,804,576
766,865,211
766,929,154
766,941,339
766,955,154
766,964,332
766,978,195
767,768,277
767,769,264
767,792,189
767,820,203
767,834,165
767,948,184
767,964,298
768,769,312
768,787,220
768,803,199
768,804,153
768,943,250
768,964,230
769,770,194
769,771,157
769,777,158
769,785,263
769,813,196
769,820,306
769,838,232
769,877,233
769,883,211
769,900,251
769,928,184
769,943,960
769,962,196
770,771,607
770,772,328
770,773,749
770,774,823
770,776,458
770,777,669
770,778,237
770,779,264
770,781,152
770,782,295
770,783,547
770,785,647
770,786,337
770,787,252
770,788,939
770,789,492
770,792,938
770,794,216
770,795,248
770,796,334
770,798,203
770,799,409
770,800,457
770,801,170
770,802,231
770,803,190
770,804,214
770,809,163
770,811,175
770,833,227
770,851,157
770,880,175
770,921,504
770,928,160
770,943,257
770,948,212
770,981,293
770,983,269
771,772,660
771,773,876
771,774,900
771,775,269
771,776,999
771,777,261
771,779,998
771,780,297
771,781,688
771,782,451
771,783,989
771,785,999
771,786,293
771,787,156
771,788,392
771,789,867
771,792,733
771,794,230
771,795,648
771,796,414
771,798,589
771,799,212
771,800,221
771,801,387
771,802,923
771,803,631
771,804,157
771,809,155
771,811,206
771,832,450
771,833,363
771,836,150
771,842,635
771,843,530
771,849,311
771,855,503
771,860,514
771,865,499
771,880,358
771,897,180
771,915,150
771,921,196
771,928,189
771,937,531
771,943,194
771,948,540
771,954,167
771,981,296
771,982,973
771,983,449
772,773,206
772,774,282
772,775,253
772,780,713
772,781,808
772,782,202
772,783,775
772,785,834
772,788,230
772,790,173
772,792,251
772,799,361
772,800,198
772,801,388
772,802,329
772,803,411
772,833,423
772,880,186
772,937,184
772,982,163
772,983,413
773,774,790
773,775,314
773,776,998
773,777,752
773,779,912
773,781,157
773,782,319
773,783,905
773,784,436
773,785,357
773,786,215
773,788,471
773,789,518
773,792,323
773,794,156
773,795,306
773,796,205
773,799,194
773,800,172
773,803,156
773,836,156
773,842,553
773,897,388
773,921,157
773,937,175
773,943,155
773,947,165
773,949,223
773,982,809
773,983,493
773,984,424
774,775,518
774,776,734
774,777,492
774,778,181
774,779,526
774,780,159
774,781,235
774,782,198
774,783,782
774,785,516
774,786,272
774,788,852
774,789,441
774,792,456
774,794,212
774,795,176
774,796,320
774,800,238
774,802,270
774,803,194
774,943,162
774,982,600
774,983,395
774,984,180
775,776,230
775,777,340
775,780,180
775,781,330
775,782,297
775,783,177
775,785,687
775,792,177
775,802,184
775,803,200
775,815,173
775,828,166
775,897,154
775,982,168
775,983,206
775,984,166
776,777,876
776,779,885
776,781,674
776,782,313
776,783,996
776,785,807
776,788,545
776,789,723
776,792,285
776,795,256
776,796,353
776,802,206
776,803,163
776,836,150
776,842,726
776,849,365
776,867,152
776,880,184
776,897,176
776,981,153
776,982,994
776,983,413
776,984,575
777,779,509
777,781,320
777,782,168
777,783,997
777,785,246
777,786,155
777,788,335
777,789,196
777,792,352
777,794,185
777,795,152
777,796,292
777,798,511
777,836,151
777,850,499
777,861,499
777,934,184
777,937,153
777,943,242
777,949,614
777,965,499
777,982,182
777,983,420
778,782,153
778,792,261
778,849,165
778,877,203
778,921,163
778,947,177
779,782,254
779,783,948
779,785,489
779,789,294
779,792,422
779,796,156
779,816,183
779,836,162
779,842,160
779,880,160
779,943,163
779,949,166
779,982,514
779,983,457
779,984,762
780,781,759
780,785,655
780,801,163
780,802,462
780,810,165
780,815,189
780,827,185
780,837,164
780,839,164
780,840,157
780,867,206
780,880,277
780,940,208
780,981,153
781,785,340
781,792,181
781,800,338
781,801,157
781,802,211
781,803,194
781,840,155
781,845,380
781,880,200
781,937,166
782,783,510
782,785,520
782,788,150
782,789,621
782,790,153
782,792,225
782,794,180
782,795,363
782,796,812
782,797,698
782,802,316
782,811,271
782,816,628
782,817,543
782,818,165
782,834,312
782,842,184
782,851,174
782,860,163
782,897,246
782,921,173
782,922,221
782,937,285
782,941,160
782,943,306
782,960,243
782,967,296
782,968,196
782,969,152
782,970,168
782,973,155
782,981,398
782,982,210
783,784,450
783,785,376
783,788,221
783,789,207
783,792,353
783,795,166
783,796,189
783,802,368
783,803,150
783,833,208
783,836,150
783,842,571
783,849,150
783,896,201
783,897,157
783,921,152
783,943,172
783,948,163
783,982,823
783,983,743
783,984,430
784,788,176
784,789,463
784,816,164
784,855,161
784,858,246
784,860,161
784,897,164
784,927,302
784,937,156
784,982,152
784,984,151
785,786,356
785,788,447
785,789,575
785,792,448
785,794,203
785,795,173
785,796,485
785,799,825
785,800,454
785,801,268
785,802,765
785,803,829
785,811,273
785,833,574
785,842,227
785,847,198
785,868,160
785,880,373
785,915,293
785,922,308
785,937,154
785,943,209
785,968,188
785,981,197
785,982,687
785,983,506
785,984,192
786,788,154
786,789,333
786,792,278
786,794,402
786,795,272
786,796,426
786,799,170
786,802,198
786,803,164
786,813,161
786,833,170
786,858,168
786,915,194
787,789,163
787,792,459
787,798,151
787,799,213
787,837,357
787,841,226
787,877,203
787,900,160
787,964,302
788,789,213
788,792,796
788,799,338
788,800,332
788,833,179
788,921,240
789,790,604
789,791,226
789,792,454
789,794,256
789,795,284
789,796,717
789,798,150
789,800,175
789,801,199
789,802,181
789,803,183
789,804,187
789,805,906
789,809,182
789,816,249
789,817,189
789,842,602
789,849,181
789,867,202
789,874,170
789,880,213
789,937,171
789,943,228
789,947,212
789,981,412
789,982,209
789,983,239
790,791,987
790,796,217
790,806,161
790,818,309
790,834,167
790,835,303
790,899,191
790,906,165
790,940,156
790,943,202
790,970,181
791,794,153
791,796,189
791,806,175
791,818,186
791,834,161
791,835,303
791,922,151
791,940,156
791,943,217
791,977,172
792,794,152
792,795,214
792,796,240
792,798,230
792,799,175
792,800,713
792,801,203
792,802,175
792,803,181
792,804,408
792,811,220
792,814,436
792,833,223
792,880,257
792,921,732
792,948,221
792,981,222
792,983,221
793,818,465
793,838,277
793,915,151
793,964,167
793,970,241
794,795,300
794,796,658
794,806,208
794,858,185
794,897,176
794,915,190
794,928,155
794,934,170
795,796,565
795,915,183
795,928,672
795,983,165
796,797,157
796,802,176
796,869,191
796,896,172
796,897,201
796,928,409
796,934,222
796,937,172
796,981,349
797,817,236
797,842,223
797,937,274
797,941,166
797,943,512
797,950,476
797,951,486
797,952,476
797,954,476
797,955,476
797,956,476
797,957,476
797,958,476
797,959,476
797,960,476
797,968,547
797,969,539
798,843,201
798,850,406
798,877,266
798,965,417
798,980,237
799,833,797
799,880,161
799,935,154
799,965,194
800,801,215
800,811,212
800,833,163
800,880,226
800,921,178
801,802,275
801,803,183
801,810,183
801,811,304
801,880,272
801,955,228
802,803,790
802,810,418
802,867,154
802,880,163
802,982,166
802,983,164
803,810,156
803,826,163
803,880,244
803,983,169
804,962,155
804,964,239
804,978,297
805,825,159
805,827,211
805,842,623
805,849,187
805,853,160
805,873,182
805,897,169
805,908,226
805,956,150
805,957,162
805,968,196
805,969,152
806,818,371
806,841,288
809,811,211
809,812,165
809,813,266
809,814,431
809,835,229
809,836,191
809,837,150
809,839,199
809,873,158
809,877,153
809,883,153
809,959,235
810,811,774
810,812,274
810,880,151
811,813,222
811,842,188
811,880,171
811,897,181
811,899,246
812,814,176
812,868,236
812,929,217
813,816,162
813,817,161
813,818,184
813,836,210
813,837,206
813,839,212
813,840,196
813,929,240
813,943,173
814,829,223
814,834,163
814,835,236
814,836,186
814,837,151
814,877,153
814,883,163
814,899,167
814,980,210
815,826,215
815,827,204
815,828,216
815,842,169
815,843,617
815,846,233
815,852,719
815,853,677
815,860,399
815,861,153
815,865,201
815,867,206
815,933,178
815,937,150
815,940,452
815,941,181
815,947,186
815,950,188
815,951,217
815,952,184
815,954,161
816,817,999
816,839,151
816,842,282
816,937,171
816,940,183
816,960,182
817,818,291
817,828,183
817,836,160
817,837,169
817,842,301
817,943,215
817,962,245
817,973,223
817,977,182
818,820,913
818,922,239
818,943,263
818,962,194
820,836,344
820,837,284
820,838,181
820,839,284
820,840,255
820,967,173
820,968,275
820,969,236
820,973,152
820,980,567
822,837,188
822,899,201
822,973,232
822,976,170
823,979,241
823,980,156
824,825,974
824,826,986
824,827,976
824,828,968
824,829,962
824,830,997
824,831,897
824,832,900
824,842,650
824,854,257
824,881,203
824,930,229
824,931,208
824,941,511
824,953,169
824,955,153
824,958,166
825,826,905
825,827,939
825,828,913
825,829,915
825,830,912
825,831,779
825,832,938
825,842,650
825,846,298
825,849,794
825,854,209
825,860,243
825,862,540
825,863,540
825,864,543
825,865,429
825,867,494
825,873,358
825,908,259
825,930,297
825,931,238
825,932,180
825,933,424
825,937,161
825,940,199
825,947,188
825,951,243
825,952,173
825,954,204
825,956,162
825,957,292
825,958,307
825,959,317
825,960,193
825,965,327
826,827,951
826,828,906
826,829,937
826,830,928
826,831,793
826,832,962
826,842,650
826,846,198
826,849,774
826,862,540
826,863,540
826,864,540
826,867,416
826,871,204
826,930,252
826,931,196
826,933,239
826,937,346
826,951,466
826,954,167
826,957,197
826,959,154
827,828,944
827,829,930
827,830,885
827,831,801
827,832,942
827,842,703
827,846,240
827,849,804
827,854,182
827,862,553
827,863,543
827,864,547
827,865,243
827,867,460
827,873,341
827,908,186
827,933,413
827,941,201
827,954,187
827,965,186
827,967,182
828,829,923
828,830,900
828,831,767
828,832,930
828,842,697
828,843,274
828,849,743
828,853,299
828,862,550
828,863,543
828,864,547
828,867,614
828,908,243
828,933,174
828,955,173
828,956,178
828,957,254
828,958,243
828,959,153
829,830,930
829,831,948
829,832,990
829,842,663
829,852,448
829,853,475
829,977,157
830,831,942
830,832,937
830,842,668
830,846,160
830,854,259
830,870,162
830,908,230
830,930,212
830,931,174
830,933,438
830,951,378
830,952,190
830,954,488
830,956,186
830,958,185
830,959,228
831,832,961
831,842,668
831,846,157
831,854,211
831,867,267
831,870,162
831,877,154
831,908,207
831,929,169
831,933,203
831,944,177
831,951,440
831,953,620
831,954,164
831,956,255
831,959,152
831,960,319
832,842,668
832,854,238
832,867,233
832,870,206
832,907,173
832,908,220
832,930,236
832,931,226
832,933,199
832,954,163
832,955,218
832,959,213
833,851,535
833,921,158
834,836,174
834,839,156
834,858,151
834,868,392
834,943,222
834,947,204
834,980,217
835,841,151
835,898,153
836,837,221
836,838,947
836,839,366
836,840,200
836,877,224
836,883,342
836,899,238
836,900,193
836,922,180
836,928,226
836,943,168
836,962,216
836,968,153
836,982,151
836,983,150
836,984,150
837,838,247
837,839,155
837,840,455
837,877,211
837,883,339
837,928,184
837,962,196
837,973,162
837,980,150
838,839,262
838,840,934
838,899,254
838,900,157
838,967,283
839,840,464
839,869,173
839,877,230
839,883,343
839,928,184
839,943,154
839,962,196
839,976,223
840,852,154
840,853,155
840,877,243
840,883,393
840,922,162
840,928,273
840,962,202
841,868,213
841,871,185
841,978,220
842,897,156
842,928,154
842,937,198
842,941,173
842,962,158
842,970,154
842,971,201
842,972,176
842,975,188
842,982,549
843,861,186
843,867,188
843,931,223
843,932,231
843,948,156
843,982,692
845,846,585
845,847,705
845,855,173
845,862,215
845,863,221
845,864,150
845,867,150
845,880,182
845,908,175
845,929,172
845,930,257
845,931,315
845,932,315
845,959,289
845,975,161
846,847,671
846,849,295
846,860,281
846,863,182
846,865,415
846,867,399
846,870,265
846,873,266
846,896,213
846,908,287
846,930,234
846,931,246
846,932,280
846,933,495
846,944,173
846,947,182
846,950,158
846,951,227
846,954,252
846,957,198
846,958,150
846,959,235
846,960,203
846,965,455
847,855,168
847,860,267
847,863,171
847,867,157
847,929,213
847,930,220
847,931,245
847,932,290
847,944,153
847,951,216
847,974,211
849,860,203
849,862,567
849,863,574
849,864,566
849,865,503
849,867,558
849,873,169
849,930,257
849,931,235
849,932,296
849,933,212
849,940,190
849,944,408
849,947,212
849,948,378
849,982,207
850,950,165
850,965,457
851,863,209
851,921,212
852,853,921
852,930,178
852,931,178
852,940,744
852,947,189
853,880,243
853,940,651
853,947,157
854,865,150
854,870,508
854,871,343
854,907,173
854,908,429
854,933,574
854,951,401
854,952,393
854,954,260
854,955,267
854,956,283
854,957,252
854,958,323
854,959,333
854,960,378
854,962,179
854,966,906
855,860,458
855,862,490
855,863,486
855,864,477
855,865,481
855,867,180
855,931,162
855,932,163
855,948,153
855,964,197
858,927,991
858,980,167
860,862,478
860,863,453
860,864,449
860,865,720
860,867,203
860,873,179
860,933,258
860,959,167
860,965,316
861,862,255
861,863,178
861,864,154
861,865,329
861,867,253
861,930,392
861,931,371
861,932,568
861,958,198
861,960,156
861,965,173
862,863,995
862,864,962
862,865,533
862,867,372
862,944,267
863,864,890
863,865,563
863,867,403
863,907,212
863,944,276
864,865,500
864,867,383
865,867,241
865,873,350
865,908,153
865,932,211
865,933,678
865,944,227
865,951,210
865,954,255
865,955,385
865,959,381
865,960,180
865,965,495
867,870,206
867,873,161
867,908,235
867,931,171
867,933,250
867,944,297
867,947,179
867,950,161
867,951,296
867,954,197
867,955,263
867,957,170
867,958,162
867,959,177
867,965,171
867,981,164
868,973,225
870,871,549
870,907,185
870,908,471
870,929,212
870,930,150
870,931,158
870,933,299
870,950,283
870,951,358
870,952,413
870,954,336
870,955,281
870,956,176
870,957,332
870,958,381
870,959,419
870,960,331
870,966,290
871,907,201
871,908,303
871,929,204
871,950,238
871,951,238
871,952,191
871,954,227
871,955,508
871,956,187
871,957,247
871,958,216
871,959,263
871,960,173
871,966,485
873,931,177
873,933,360
873,954,236
873,959,452
873,965,267
873,981,167
874,962,497
877,883,362
877,937,218
877,950,166
877,956,152
880,921,193
880,982,175
881,980,205
883,937,170
883,947,150
883,982,248
896,897,892
896,927,172
896,967,174
896,970,156
896,982,232
897,928,156
897,941,211
897,949,163
897,982,187
897,984,191
906,907,911
906,908,933
906,957,180
907,908,937
907,929,184
907,940,270
907,951,211
907,955,197
907,956,223
907,957,236
907,958,204
907,959,204
907,960,184
907,966,194
908,930,176
908,933,440
908,941,161
908,950,213
908,951,469
908,952,380
908,953,249
908,954,317
908,955,253
908,956,339
908,957,478
908,958,389
908,959,406
908,960,419
908,966,263
915,927,264
915,937,156
915,982,172
921,983,172
922,943,183
922,962,185
922,977,158
928,937,302
928,983,165
929,931,184
929,932,151
929,956,180
929,977,154
930,931,934
930,932,601
930,941,250
930,944,235
930,950,261
930,957,237
930,959,226
930,975,186
931,932,763
931,944,251
932,944,237
932,948,188
932,952,159
932,955,184
932,957,200
932,958,224
932,959,272
932,960,357
933,951,362
933,952,320
933,954,335
933,955,177
933,956,204
933,958,304
933,959,441
933,960,326
933,965,449
934,935,427
934,944,186
935,958,151
937,940,245
937,941,329
937,982,151
937,984,165
940,951,184
941,947,152
941,949,173
941,951,235
941,968,221
941,969,152
941,971,222
943,962,215
943,973,172
943,977,159
944,951,165
947,951,207
947,960,152
948,949,221
949,971,207
949,983,165
950,951,247
950,952,177
950,954,277
950,955,285
950,956,311
950,957,232
950,958,290
950,959,272
950,960,257
951,952,468
951,954,585
951,955,323
951,956,162
951,957,329
951,958,689
951,959,709
951,960,429
951,966,442
952,953,310
952,954,256
952,955,256
952,956,239
952,957,256
952,958,260
952,959,293
952,960,235
952,966,382
953,958,471
954,955,529
954,956,218
954,957,372
954,958,233
954,959,261
954,960,276
954,965,190
954,971,800
955,956,452
955,957,464
955,958,467
955,959,280
955,960,197
955,966,192
956,957,497
956,958,442
956,959,215
956,960,190
956,966,272
957,958,486
957,959,215
957,960,195
957,966,203
958,959,220
958,960,233
958,966,353
959,960,246
959,965,157
960,964,150
960,966,333
967,968,999
967,969,999
967,970,999
967,971,973
967,972,999
967,973,999
967,974,995
967,975,995
967,976,958
967,977,999
967,978,950
967,979,999
968,969,999
968,970,999
968,971,980
968,972,999
968,973,999
968,974,998
968,975,993
968,976,977
968,977,999
968,978,960
968,979,999
968,980,277
969,970,999
969,971,984
969,972,999
969,973,999
969,974,998
969,975,994
969,976,991
969,977,999
969,978,970
969,979,999
969,980,280
970,971,977
970,972,999
970,973,998
970,974,997
970,975,989
970,976,973
970,977,999
970,978,935
970,979,996
970,980,178
971,972,997
971,973,977
971,974,937
971,975,997
971,976,950
971,977,996
971,978,951
971,979,967
971,980,226
972,973,999
972,974,998
972,975,999
972,976,971
972,977,999
972,978,986
972,979,997
972,980,375
973,974,990
973,975,996
973,976,948
973,977,999
973,978,953
973,979,999
973,980,473
974,975,956
974,976,942
974,977,998
974,978,885
974,979,991
975,976,943
975,977,998
975,978,978
975,979,964
975,980,317
976,977,978
976,978,882
976,979,944
977,978,990
977,979,987
977,980,375
978,979,941
978,980,184
982,983,739
