ID,Drug,Name,SMILES
0,DB00014,Goserelin,CC(C)C[C@H](NC(=O)[C@@H](COC(C)(C)C)NC(=O)[C@H](CC1=CC=C(O)C=C1)NC(=O)[C@H](CO)NC(=O)[C@H](CC1=CNC2=CC=CC=C12)NC(=O)[C@H](CC1=CN=CN1)NC(=O)[C@@H]1CCC(=O)N1)C(=O)N[C@@H](CCCN=C(N)N)C(=O)N1CCC[C@H]1C(=O)NNC(N)=O
1,DB00027,Gramicidin D,CC(C)C[C@@H](NC(=O)CNC(=O)[C@@H](NC=O)C(C)C)C(=O)N[C@@H](C)C(=O)N[C@H](C(C)C)C(=O)N[C@@H](C(C)C)C(=O)N[C@H](C(C)C)C(=O)N[C@@H](CC1=CNC2=C1C=CC=C2)C(=O)N[C@H](CC(C)C)C(=O)N[C@@H](CC1=CNC2=C1C=CC=C2)C(=O)N[C@H](CC(C)C)C(=O)N[C@@H](CC1=CNC2=C1C=CC=C2)C(=O)N[C@H](CC(C)C)C(=O)N[C@@H](CC1=CNC2=C1C=CC=C2)C(=O)NCCO
2,DB00035,Desmopressin,NC(=O)CC[C@@H]1NC(=O)[C@H](CC2=CC=CC=C2)NC(=O)[C@H](CC2=CC=C(O)C=C2)NC(=O)CCSSC[C@H](NC(=O)[C@H](CC(N)=O)NC1=O)C(=O)N1CCC[C@H]1C(=O)N[C@H](CCCNC(N)=N)C(=O)NCC(N)=O
3,DB00091,Cyclosporine,CC[C@@H]1NC(=O)[C@H]([C@H](O)[C@H](C)C\C=C\C)N(C)C(=O)[C@H](C(C)C)N(C)C(=O)[C@H](CC(C)C)N(C)C(=O)[C@H](CC(C)C)N(C)C(=O)[C@@H](C)NC(=O)[C@H](C)NC(=O)[C@H](CC(C)C)N(C)C(=O)[C@@H](NC(=O)[C@H](CC(C)C)N(C)C(=O)CN(C)C1=O)C(C)C
4,DB00104,Octreotide,C[C@@H](O)[C@@H]1NC(=O)[C@H](CCCCN)NC(=O)[C@@H](Cc2c[nH]c3ccccc23)NC(=O)[C@H](Cc2ccccc2)NC(=O)[C@@H](NC(=O)[C@H](N)Cc2ccccc2)CSSC[C@@H](C(=O)N[C@H](CO)[C@@H](C)O)NC1=O
5,DB00106,Abarelix,CC(C)C[C@H](NC(=O)[C@@H](CC(N)=O)NC(=O)[C@H](CC1=CC=C(O)C=C1)N(C)C(=O)[C@H](CO)NC(=O)[C@@H](CC1=CN=CC=C1)NC(=O)[C@@H](CC1=CC=C(Cl)C=C1)NC(=O)[C@@H](CC1=CC2=C(C=CC=C2)C=C1)NC(C)=O)C(=O)N[C@@H](CCCCNC(C)C)C(=O)N1CCC[C@H]1C(=O)N[C@H](C)C(N)=O
6,DB00122,Choline,C[N+](C)(C)CCO
7,DB00123,Lysine,NCCCC[C@H](N)C(O)=O
8,DB00125,Arginine,N=C(N)NCCC[C@H](N)C(=O)O
9,DB00126,Ascorbic acid,[H][C@@]1(OC(=O)C(O)=C1O)[C@@H](O)CO
10,DB00128,Aspartic acid,N[C@@H](CC(O)=O)C(O)=O
11,DB00130,L-Glutamine,N[C@@H](CCC(N)=O)C(O)=O
12,DB00131,Adenosine phosphate,NC1=C2N=CN([C@@H]3O[C@H](COP(O)(O)=O)[C@@H](O)[C@H]3O)C2=NC=N1
13,DB00133,Serine,N[C@@H](CO)C(O)=O
14,DB00136,Calcitriol,C[C@H](CCCC(C)(C)O)[C@@]1([H])CC[C@@]2([H])\C(CCC[C@]12C)=C\C=C1\C[C@@H](O)C[C@H](O)C1=C
15,DB00137,Lutein,C\C(\C=C\C=C(/C)\C=C\[C@H]1C(C)=C[C@H](O)CC1(C)C)=C/C=C/C=C(\C)/C=C/C=C(\C)/C=C/C1=C(C)C[C@@H](O)CC1(C)C
16,DB00139,Succinic acid,OC(=O)CCC(O)=O
17,DB00140,Riboflavin,CC1=C(C)C=C2N(C[C@H](O)[C@H](O)[C@H](O)CO)C3=NC(=O)NC(=O)C3=NC2=C1
18,DB00145,Glycine,NCC(O)=O
19,DB00146,Calcifediol,C[C@H](CCCC(C)(C)O)[C@@]1([H])CC[C@@]2([H])\C(CCC[C@]12C)=C\C=C1\C[C@@H](O)CCC1=C
20,DB00151,Cysteine,N[C@@H](CS)C(O)=O
21,DB00152,Thiamine,CC1=C(CCO)SC=[N+]1CC1=CN=C(C)N=C1N
22,DB00153,Ergocalciferol,CC(C)[C@@H](C)\C=C\[C@@H](C)[C@@]1([H])CC[C@@]2([H])\C(CCC[C@]12C)=C\C=C1\C[C@@H](O)CCC1=C
23,DB00158,Folic acid,NC1=NC(=O)C2=NC(CNC3=CC=C(C=C3)C(=O)N[C@@H](CCC(O)=O)C(O)=O)=CN=C2N1
24,DB00162,Vitamin A,C\C(=C/CO)\C=C\C=C(/C)\C=C\C1=C(C)CCCC1(C)C
25,DB00163,Vitamin E,CC(C)CCC[C@@H](C)CCC[C@@H](C)CCC[C@]1(C)CCC2=C(O1)C(C)=C(C)C(O)=C2C
26,DB00165,Pyridoxine,CC1=C(O)C(CO)=C(CO)C=N1
27,DB00169,Cholecalciferol,CC(C)CCC[C@@H](C)[C@@]1([H])CC[C@@]2([H])\C(CCC[C@]12C)=C\C=C1\C[C@@H](O)CCC1=C
28,DB00171,ATP,[H][C@]1(COP(O)(=O)OP(O)(=O)OP(O)(O)=O)O[C@@]([H])(N2C=NC3=C(N)N=CN=C23)[C@]([H])(O)[C@]1([H])O
29,DB00175,Pravastatin,[H][C@]12[C@H](C[C@H](O)C=C1C=C[C@H](C)[C@@H]2CC[C@@H](O)C[C@@H](O)CC(O)=O)OC(=O)[C@@H](C)CC
30,DB00176,Fluvoxamine,COCCCC\C(=N/OCCN)C1=CC=C(C=C1)C(F)(F)F
31,DB00177,Valsartan,CCCCC(=O)N(CC1=CC=C(C=C1)C1=CC=CC=C1C1=NNN=N1)[C@@H](C(C)C)C(O)=O
32,DB00178,Ramipril,[H][C@@]12CCC[C@]1([H])N([C@@H](C2)C(O)=O)C(=O)[C@H](C)N[C@@H](CCC1=CC=CC=C1)C(=O)OCC
33,DB00179,Masoprocol,C[C@@H](CC1=CC(O)=C(O)C=C1)[C@H](C)CC1=CC(O)=C(O)C=C1
34,DB00180,Flunisolide,[H][C@@]12C[C@@]3([H])[C@]4([H])C[C@H](F)C5=CC(=O)C=C[C@]5(C)[C@@]4([H])[C@@H](O)C[C@]3(C)[C@@]1(OC(C)(C)O2)C(=O)CO
35,DB00181,Baclofen,NCC(CC(O)=O)C1=CC=C(Cl)C=C1
36,DB00182,Amphetamine,CC(N)CC1=CC=CC=C1
37,DB00184,Nicotine,CN1CCC[C@H]1C1=CN=CC=C1
38,DB00186,Lorazepam,OC1N=C(C2=CC=CC=C2Cl)C2=C(NC1=O)C=CC(Cl)=C2
39,DB00187,Esmolol,COC(=O)CCC1=CC=C(OCC(O)CNC(C)C)C=C1
40,DB00188,Bortezomib,CC(C)C[C@H](NC(=O)[C@H](CC1=CC=CC=C1)NC(=O)C1=CN=CC=N1)B(O)O
41,DB00189,Ethchlorvynol,CCC(O)(\C=C\Cl)C#C
42,DB00190,Carbidopa,C[C@@](CC1=CC(O)=C(O)C=C1)(NN)C(O)=O
43,DB00191,Phentermine,CC(C)(N)CC1=CC=CC=C1
44,DB00193,Tramadol,COC1=CC=CC(=C1)C1(O)CCCCC1CN(C)C
45,DB00194,Vidarabine,NC1=NC=NC2=C1N=CN2[C@@H]1O[C@H](CO)[C@@H](O)[C@@H]1O
46,DB00195,Betaxolol,CC(C)NCC(O)COC1=CC=C(CCOCC2CC2)C=C1
47,DB00196,Fluconazole,OC(CN1C=NC=N1)(CN1C=NC=N1)C1=C(F)C=C(F)C=C1
48,DB00197,Troglitazone,CC1=C(C)C2=C(CCC(C)(COC3=CC=C(CC4SC(=O)NC4=O)C=C3)O2)C(C)=C1O
49,DB00198,Oseltamivir,CCOC(=O)C1=C[C@@H](OC(CC)CC)[C@H](NC(C)=O)[C@@H](N)C1
50,DB00199,Erythromycin,CC[C@H]1OC(=O)[C@H](C)[C@@H](O[C@H]2C[C@@](C)(OC)[C@@H](O)[C@H](C)O2)[C@H](C)[C@@H](O[C@@H]2O[C@H](C)C[C@@H]([C@H]2O)N(C)C)[C@](C)(O)C[C@@H](C)C(=O)[C@H](C)[C@@H](O)[C@]1(C)O
51,DB00201,Caffeine,CN1C=NC2=C1C(=O)N(C)C(=O)N2C
52,DB00203,Sildenafil,CCCC1=NN(C)C2=C1N=C(NC2=O)C1=CC(=CC=C1OCC)S(=O)(=O)N1CCN(C)CC1
53,DB00204,Dofetilide,CN(CCOC1=CC=C(NS(C)(=O)=O)C=C1)CCC1=CC=C(NS(C)(=O)=O)C=C1
54,DB00205,Pyrimethamine,CCC1=C(C(N)=NC(N)=N1)C1=CC=C(Cl)C=C1
55,DB00206,Reserpine,[H][C@]12C[C@@H](OC(=O)C3=CC(OC)=C(OC)C(OC)=C3)[C@H](OC)[C@@H](C(=O)OC)[C@@]1([H])C[C@@]1([H])N(CCC3=C1NC1=C3C=CC(OC)=C1)C2
56,DB00207,Azithromycin,CC[C@H]1OC(=O)[C@H](C)[C@@H](O[C@H]2C[C@@](C)(OC)[C@@H](O)[C@H](C)O2)[C@H](C)[C@@H](O[C@@H]2O[C@H](C)C[C@@H]([C@H]2O)N(C)C)[C@](C)(O)C[C@@H](C)CN(C)[C@H](C)[C@@H](O)[C@]1(C)O
57,DB00209,Trospium,[H][C@]12CC[C@]([H])(C[C@@H](C1)OC(=O)C(O)(C1=CC=CC=C1)C1=CC=CC=C1)[N+]21CCCC1
58,DB00213,Pantoprazole,COC1=C(OC)C(CS(=O)C2=NC3=C(N2)C=C(OC(F)F)C=C3)=NC=C1
59,DB00214,Torasemide,CC(C)NC(=O)NS(=O)(=O)C1=C(NC2=CC=CC(C)=C2)C=CN=C1
60,DB00215,Citalopram,CN(C)CCCC1(OCC2=C1C=CC(=C2)C#N)C1=CC=C(F)C=C1
61,DB00218,Moxifloxacin,[H][C@]12CN(C[C@@]1([H])NCCC2)C1=C(F)C=C2C(=O)C(=CN(C3CC3)C2=C1OC)C(O)=O
62,DB00220,Nelfinavir,[H][C@@]12CCCC[C@]1([H])CN(C[C@@H](O)[C@H](CSC1=CC=CC=C1)NC(=O)C1=C(C)C(O)=CC=C1)[C@@H](C2)C(=O)NC(C)(C)C
63,DB00223,Diflorasone,[H][C@@]12C[C@H](C)[C@](O)(C(=O)CO)[C@@]1(C)C[C@H](O)[C@@]1(F)[C@@]2([H])C[C@H](F)C2=CC(=O)C=C[C@]12C
64,DB00224,Indinavir,CC(C)(C)NC(=O)[C@@H]1CN(CC2=CN=CC=C2)CCN1C[C@@H](O)C[C@@H](CC1=CC=CC=C1)C(=O)N[C@@H]1[C@H](O)CC2=CC=CC=C12
65,DB00226,Guanadrel,NC(N)=NCC1COC2(CCCCC2)O1
66,DB00227,Lovastatin,[H][C@]12[C@H](C[C@@H](C)C=C1C=C[C@H](C)[C@@H]2CC[C@@H]1C[C@@H](O)CC(=O)O1)OC(=O)[C@@H](C)CC
67,DB00230,Pregabalin,CC(C)C[C@H](CN)CC(O)=O
68,DB00231,Temazepam,CN1C2=C(C=C(Cl)C=C2)C(=NC(O)C1=O)C1=CC=CC=C1
69,DB00232,Methyclothiazide,CN1C(CCl)NC2=CC(Cl)=C(C=C2S1(=O)=O)S(N)(=O)=O
70,DB00233,Aminosalicylic acid,NC1=CC(O)=C(C=C1)C(O)=O
71,DB00234,Reboxetine,[H][C@@]1(CNCCO1)[C@H](OC1=CC=CC=C1OCC)C1=CC=CC=C1
72,DB00235,Milrinone,CC1=C(C=C(C#N)C(=O)N1)C1=CC=NC=C1
73,DB00237,Butabarbital,CCC(C)C1(CC)C(=O)NC(=O)NC1=O
74,DB00238,Nevirapine,CC1=C2NC(=O)C3=C(N=CC=C3)N(C3CC3)C2=NC=C1
75,DB00239,Oxiconazole,ClC1=CC(Cl)=C(CO\N=C(/CN2C=CN=C2)C2=CC=C(Cl)C=C2Cl)C=C1
76,DB00240,Alclometasone,[H][C@@]12C[C@@H](C)[C@](O)(C(=O)CO)[C@@]1(C)C[C@H](O)[C@@]1([H])[C@@]2([H])[C@H](Cl)CC2=CC(=O)C=C[C@]12C
77,DB00241,Butalbital,CC(C)CC1(CC=C)C(=O)NC(=O)NC1=O
78,DB00242,Cladribine,NC1=C2N=CN([C@H]3C[C@H](O)[C@@H](CO)O3)C2=NC(Cl)=N1
79,DB00243,Ranolazine,COC1=CC=CC=C1OCC(O)CN1CCN(CC(=O)NC2=C(C)C=CC=C2C)CC1
80,DB00244,Mesalazine,NC1=CC(C(O)=O)=C(O)C=C1
81,DB00245,Benzatropine,[H][C@]12CC[C@]([H])(C[C@@]([H])(C1)OC(C1=CC=CC=C1)C1=CC=CC=C1)N2C
82,DB00246,Ziprasidone,ClC1=C(CCN2CCN(CC2)C2=NSC3=CC=CC=C23)C=C2CC(=O)NC2=C1
83,DB00248,Cabergoline,[H][C@@]12CC3=CNC4=CC=CC(=C34)[C@@]1([H])C[C@H](CN2CC=C)C(=O)N(CCCN(C)C)C(=O)NCC
84,DB00249,Idoxuridine,OC[C@H]1O[C@H](C[C@@H]1O)N1C=C(I)C(=O)NC1=O
85,DB00250,Dapsone,NC1=CC=C(C=C1)S(=O)(=O)C1=CC=C(N)C=C1
86,DB00252,Phenytoin,O=C1NC(=O)C(N1)(C1=CC=CC=C1)C1=CC=CC=C1
87,DB00253,Medrysone,[H][C@@]12CC[C@H](C(C)=O)[C@@]1(C)C[C@H](O)[C@@]1([H])[C@@]2([H])C[C@H](C)C2=CC(=O)CC[C@]12C
88,DB00254,Doxycycline,[H][C@@]12[C@@H](C)C3=CC=CC(O)=C3C(=O)C1=C(O)[C@]1(O)C(=O)C(C(N)=O)=C(O)[C@@H](N(C)C)[C@]1([H])[C@H]2O
89,DB00257,Clotrimazole,ClC1=CC=CC=C1C(N1C=CN=C1)(C1=CC=CC=C1)C1=CC=CC=C1
90,DB00258,Calcium acetate,[Ca++].CC([O-])=O.CC([O-])=O
91,DB00259,Sulfanilamide,NC1=CC=C(C=C1)S(N)(=O)=O
92,DB00260,Cycloserine,N[C@@H]1CONC1=O
93,DB00262,Carmustine,ClCCNC(=O)N(CCCl)N=O
94,DB00263,Sulfisoxazole,CC1=NOC(NS(=O)(=O)C2=CC=C(N)C=C2)=C1C
95,DB00264,Metoprolol,COCCC1=CC=C(OCC(O)CNC(C)C)C=C1
96,DB00265,Crotamiton,CCN(C(=O)C=CC)C1=CC=CC=C1C
97,DB00266,Dicoumarol,OC1=C(CC2=C(O)C3=C(OC2=O)C=CC=C3)C(=O)OC2=C1C=CC=C2
98,DB00268,Ropinirole,CCCN(CCC)CCC1=C2CC(=O)NC2=CC=C1
99,DB00273,Topiramate,[H][C@@]12CO[C@@]3(COS(N)(=O)=O)OC(C)(C)O[C@@]3([H])[C@]1([H])OC(C)(C)O2
100,DB00274,Cefmetazole,[H][C@]12SCC(CSC3=NN=NN3C)=C(N1C(=O)[C@]2(NC(=O)CSCC#N)OC)C(O)=O
101,DB00275,Olmesartan,CCCC1=NC(=C(N1CC1=CC=C(C=C1)C1=C(C=CC=C1)C1=NN=NN1)C(O)=O)C(C)(C)O
102,DB00277,Theophylline,CN1C2=C(NC=N2)C(=O)N(C)C1=O
103,DB00279,Liothyronine,N[C@@H](CC1=CC(I)=C(OC2=CC(I)=C(O)C=C2)C(I)=C1)C(O)=O
104,DB00281,Lidocaine,CCN(CC)CC(=O)NC1=C(C)C=CC=C1C
105,DB00282,Pamidronic acid,NCCC(O)(P(O)(O)=O)P(O)(O)=O
106,DB00283,Clemastine,CN1CCC[C@@H]1CCO[C@](C)(C1=CC=CC=C1)C1=CC=C(Cl)C=C1
107,DB00285,Venlafaxine,COC1=CC=C(C=C1)C(CN(C)C)C1(O)CCCCC1
108,DB00287,Travoprost,CC(C)OC(=O)CCC\C=C/C[C@H]1[C@@H](O)C[C@@H](O)[C@@H]1\C=C\[C@@H](O)COC1=CC=CC(=C1)C(F)(F)F
109,DB00288,Amcinonide,[H][C@@]12C[C@H]3OC4(CCCC4)O[C@@]3(C(=O)COC(C)=O)[C@@]1(C)C[C@H](O)[C@@]1(F)[C@@]2([H])CCC2=CC(=O)C=C[C@]12C
110,DB00290,Bleomycin,[H][C@](C)(NC(=O)[C@@]([H])(NC(=O)C1=NC(=NC(N)=C1C)[C@H](CC(N)=O)NC[C@H](N)C(N)=O)[C@@]([H])(OC1OC(CO)C(O)C(O)C1OC1OC(CO)C(O)C(OC(N)=O)C1O)C1=CNC=N1)[C@@H](O)[C@H](C)C(=O)N[C@]([H])(C(=O)NCCC1=NC(=CS1)C1=NC(=CS1)C(=O)NCCC[S+](C)C)[C@@]([H])(C)O
111,DB00291,Chlorambucil,OC(=O)CCCC1=CC=C(C=C1)N(CCCl)CCCl
112,DB00295,Morphine,[H][C@@]12OC3=C(O)C=CC4=C3[C@@]11CCN(C)[C@]([H])(C4)[C@]1([H])C=C[C@@H]2O
113,DB00297,Bupivacaine,CCCCN1CCCCC1C(=O)NC1=C(C)C=CC=C1C
114,DB00299,Penciclovir,NC1=NC(=O)C2=C(N1)N(CCC(CO)CO)C=N2
115,DB00300,Tenofovir disoproxil,[H][C@@](C)(CN1C=NC2=C(N)N=CN=C12)OCP(=O)(OCOC(=O)OC(C)C)OCOC(=O)OC(C)C
116,DB00302,Tranexamic acid,NC[C@H]1CC[C@@H](CC1)C(O)=O
117,DB00303,Ertapenem,[H][C@]12[C@@H](C)C(S[C@]3([H])CN[C@@]([H])(C3)C(=O)NC3=CC=CC(=C3)C(O)=O)=C(N1C(=O)[C@]2([H])[C@@H](C)O)C(O)=O
118,DB00305,Mitomycin,[H][C@]12CN3C4=C([C@@H](COC(N)=O)[C@@]3(OC)[C@@]1([H])N2)C(=O)C(N)=C(C)C4=O
119,DB00306,Talbutal,CCC(C)C1(CC=C)C(=O)NC(=O)NC1=O
120,DB00309,Vindesine,[H][C@@]12N3CC[C@@]11C4=CC(=C(OC)C=C4N(C)[C@@]1([H])[C@](O)([C@H](O)[C@]2(CC)C=CC3)C(N)=O)[C@]1(C[C@@]2([H])CN(C[C@](O)(CC)C2)CCC2=C1NC1=C2C=CC=C1)C(=O)OC
121,DB00310,Chlorthalidone,NS(=O)(=O)C1=C(Cl)C=CC(=C1)C1(O)NC(=O)C2=CC=CC=C12
122,DB00312,Pentobarbital,CCCC(C)C1(CC)C(=O)NC(=O)NC1=O
123,DB00313,Valproic acid,CCCC(CCC)C(O)=O
124,DB00315,Zolmitriptan,CN(C)CCC1=CNC2=CC=C(C[C@H]3COC(=O)N3)C=C12
125,DB00316,Acetaminophen,CC(=O)NC1=CC=C(O)C=C1
126,DB00318,Codeine,[H][C@]12C=C[C@H](O)[C@@H]3OC4=C5C(C[C@H]1N(C)CC[C@@]235)=CC=C4OC
127,DB00319,Piperacillin,[H][C@]12SC(C)(C)[C@@H](N1C(=O)[C@H]2NC(=O)[C@H](NC(=O)N1CCN(CC)C(=O)C1=O)C1=CC=CC=C1)C(O)=O
128,DB00320,Dihydroergotamine,[H][C@@]12CCCN1C(=O)[C@H](CC1=CC=CC=C1)N1C(=O)[C@](C)(NC(=O)[C@H]3CN(C)[C@]4([H])CC5=CNC6=CC=CC(=C56)[C@@]4([H])C3)O[C@@]21O
129,DB00321,Amitriptyline,CN(C)CCC=C1C2=CC=CC=C2CCC2=CC=CC=C12
130,DB00322,Floxuridine,OC[C@H]1O[C@H](C[C@@H]1O)N1C=C(F)C(=O)NC1=O
131,DB00323,Tolcapone,CC1=CC=C(C=C1)C(=O)C1=CC(=C(O)C(O)=C1)[N+]([O-])=O
132,DB00324,Fluorometholone,[H][C@@]12CC[C@](O)(C(C)=O)[C@@]1(C)C[C@H](O)[C@@]1(F)[C@@]2([H])C[C@H](C)C2=CC(=O)C=C[C@]12C
133,DB00325,Nitroprusside,O=N[Fe--](C#N)(C#N)(C#N)(C#N)C#N
134,DB00327,Hydromorphone,[H][C@@]12OC3=C(O)C=CC4=C3[C@@]11CCN(C)[C@]([H])(C4)[C@]1([H])CCC2=O
135,DB00328,Indomethacin,COC1=CC2=C(C=C1)N(C(=O)C1=CC=C(Cl)C=C1)C(C)=C2CC(O)=O
136,DB00330,Ethambutol,CC[C@@H](CO)NCCN[C@@H](CC)CO
137,DB00331,Metformin,CN(C)C(=N)NC(N)=N
138,DB00332,Ipratropium,[H][C@]12CC[C@]([H])(C[C@@H](C1)OC(=O)C(CO)C1=CC=CC=C1)[N+]2(C)C(C)C
139,DB00333,Methadone,CCC(=O)C(CC(C)N(C)C)(C1=CC=CC=C1)C1=CC=CC=C1
140,DB00334,Olanzapine,CN1CCN(CC1)C1=NC2=CC=CC=C2NC2=C1C=C(C)S2
141,DB00335,Atenolol,CC(C)NCC(O)COC1=CC=C(CC(N)=O)C=C1
142,DB00336,Nitrofural,NC(=O)N\N=C\C1=CC=C(O1)[N+]([O-])=O
143,DB00338,Omeprazole,COC1=CC2=C(C=C1)N=C(N2)S(=O)CC1=NC=C(C)C(OC)=C1C
144,DB00339,Pyrazinamide,NC(=O)C1=NC=CN=C1
145,DB00341,Cetirizine,OC(=O)COCCN1CCN(CC1)C(C1=CC=CC=C1)C1=CC=C(Cl)C=C1
146,DB00342,Terfenadine,CC(C)(C)C1=CC=C(C=C1)C(O)CCCN1CCC(CC1)C(O)(C1=CC=CC=C1)C1=CC=CC=C1
147,DB00343,Diltiazem,COC1=CC=C(C=C1)[C@@H]1SC2=C(C=CC=C2)N(CCN(C)C)C(=O)[C@@H]1OC(C)=O
148,DB00344,Protriptyline,CNCCCC1C2=CC=CC=C2C=CC2=CC=CC=C12
149,DB00346,Alfuzosin,COC1=CC2=C(C=C1OC)C(N)=NC(=N2)N(C)CCCNC(=O)C1CCCO1
150,DB00348,Nitisinone,[O-][N+](=O)C1=C(C=CC(=C1)C(F)(F)F)C(=O)C1C(=O)CCCC1=O
151,DB00349,Clobazam,CN1C2=C(C=C(Cl)C=C2)N(C2=CC=CC=C2)C(=O)CC1=O
152,DB00350,Minoxidil,NC1=CC(=NC(N)=[N+]1[O-])N1CCCCC1
153,DB00351,Megestrol acetate,[H][C@@]12CC[C@](OC(C)=O)(C(C)=O)[C@@]1(C)CC[C@@]1([H])[C@@]2([H])C=C(C)C2=CC(=O)CC[C@]12C
154,DB00352,Tioguanine,NC1=NC(=S)C2=C(N1)N=CN2
155,DB00353,Methylergometrine,[H][C@@]12CC3=CNC4=CC=CC(=C34)C1=C[C@H](CN2C)C(=O)N[C@@H](CC)CO
156,DB00354,Buclizine,CC(C)(C)C1=CC=C(CN2CCN(CC2)C(C2=CC=CC=C2)C2=CC=C(Cl)C=C2)C=C1
157,DB00355,Aztreonam,C[C@H]1[C@H](NC(=O)C(=N/OC(C)(C)C(=O)O)\C2=CSC([NH3+])=N2)C(=O)N1S([O-])(=O)=O
158,DB00356,Chlorzoxazone,O=c1[nH]c2cc(Cl)ccc2o1
159,DB00357,Aminoglutethimide,CCC1(CCC(=O)NC1=O)C1=CC=C(N)C=C1
160,DB00358,Mefloquine,OC(C1CCCCN1)C1=CC(=NC2=C1C=CC=C2C(F)(F)F)C(F)(F)F
161,DB00359,Sulfadiazine,NC1=CC=C(C=C1)S(=O)(=O)NC1=NC=CC=N1
162,DB00360,Sapropterin,[H][C@@]1(CNC2=C(N1)C(=O)NC(N)=N2)[C@@H](O)[C@H](C)O
163,DB00362,Anidulafungin,CCCCCOc1ccc(-c2ccc(-c3ccc(C(=O)N[C@H]4C[C@@H](O)[C@@H](O)NC(=O)[C@@H]5[C@@H](O)[C@@H](C)CN5C(=O)[C@H]([C@@H](C)O)NC(=O)[C@H]([C@H](O)[C@@H](O)c5ccc(O)cc5)NC(=O)[C@@H]5C[C@@H](O)CN5C(=O)[C@H]([C@@H](C)O)NC4=O)cc3)cc2)cc1
164,DB00365,Grepafloxacin,CC1CN(CCN1)C1=C(F)C(C)=C2C(=O)C(=CN(C3CC3)C2=C1)C(O)=O
165,DB00366,Doxylamine,CN(C)CCOC(C)(C1=CC=CC=C1)C1=CC=CC=N1
166,DB00367,Levonorgestrel,[H][C@@]12CC[C@@](O)(C#C)[C@@]1(CC)CC[C@]1([H])[C@@]3([H])CCC(=O)C=C3CC[C@@]21[H]
167,DB00368,Norepinephrine,NC[C@H](O)C1=CC(O)=C(O)C=C1
168,DB00370,Mirtazapine,CN1CCN2C(C1)C1=CC=CC=C1CC1=C2N=CC=C1
169,DB00371,colchicine,CCCC(C)(COC(N)=O)COC(N)=O
170,DB00372,Thiethylperazine,CCSC1=CC2=C(SC3=CC=CC=C3N2CCCN2CCN(C)CC2)C=C1
171,DB00373,Timolol,[H][C@](O)(CNC(C)(C)C)COC1=NSN=C1N1CCOCC1
172,DB00374,Treprostinil,[H][C@]12C[C@@H](O)[C@H](CC[C@@H](O)CCCCC)[C@@]1([H])CC1=C(C2)C(OCC(O)=O)=CC=C1
173,DB00376,Trihexyphenidyl,OC(CCN1CCCCC1)(C1CCCCC1)C1=CC=CC=C1
174,DB00377,Palonosetron,[H][C@]12CCCC3=C1C(=CC=C3)C(=O)N(C2)[C@@H]1CN2CCC1CC2
175,DB00379,Mexiletine,CC(N)COC1=C(C)C=CC=C1C
176,DB00381,Amlodipine,CCOC(=O)C1=C(COCCN)NC(C)=C(C1C1=CC=CC=C1Cl)C(=O)OC
177,DB00382,Tacrine,NC1=C2CCCCC2=NC2=CC=CC=C12
178,DB00383,Oxyphencyclimine,CN1CCCN=C1COC(=O)C(O)(C1CCCCC1)C1=CC=CC=C1
179,DB00384,Triamterene,NC1=NC(N)=C2N=C(C(N)=NC2=N1)C1=CC=CC=C1
180,DB00385,Valrubicin,[H][C@@]1(C[C@@](O)(CC2=C(O)C3=C(C(O)=C12)C(=O)C1=C(OC)C=CC=C1C3=O)C(=O)COC(=O)CCCC)O[C@H]1C[C@H](NC(=O)C(F)(F)F)[C@H](O)[C@H](C)O1
181,DB00387,Procyclidine,OC(CCN1CCCC1)(C1CCCCC1)C1=CC=CC=C1
182,DB00388,Phenylephrine,CNC[C@H](O)C1=CC(O)=CC=C1
183,DB00389,Carbimazole,CCOC(=O)N1C=CN(C)C1=S
184,DB00390,Digoxin,[H][C@]12CC[C@]3([H])[C@]([H])(C[C@@H](O)[C@]4(C)[C@H](CC[C@]34O)C3=CC(=O)OC3)[C@@]1(C)CC[C@@H](C2)O[C@H]1C[C@H](O)[C@H](O[C@H]2C[C@H](O)[C@H](O[C@H]3C[C@H](O)[C@H](O)[C@@H](C)O3)[C@@H](C)O2)[C@@H](C)O1
185,DB00394,Beclomethasone dipropionate,[H][C@@]12C[C@H](C)[C@](OC(=O)CC)(C(=O)COC(=O)CC)[C@@]1(C)C[C@H](O)[C@@]1(Cl)[C@@]2([H])CCC2=CC(=O)C=C[C@]12C
186,DB00395,Carisoprodol,CCCC(C)(COC(N)=O)COC(=O)NC(C)C
187,DB00396,Progesterone,[H][C@@]12CC[C@H](C(C)=O)[C@@]1(C)CC[C@@]1([H])[C@@]2([H])CCC2=CC(=O)CC[C@]12C
188,DB00397,Phenylpropanolamine,CC(N)C(O)C1=CC=CC=C1
189,DB00398,Sorafenib,CNC(=O)C1=NC=CC(OC2=CC=C(NC(=O)NC3=CC(=C(Cl)C=C3)C(F)(F)F)C=C2)=C1
190,DB00399,Zoledronic acid,OC(CN1C=CN=C1)(P(O)(O)=O)P(O)(O)=O
191,DB00400,Griseofulvin,COC1=CC(OC)=C(Cl)C2=C1C(=O)[C@]1(O2)[C@H](C)CC(=O)C=C1OC
192,DB00404,Alprazolam,CC1=NN=C2CN=C(C3=CC=CC=C3)C3=C(C=CC(Cl)=C3)N12
193,DB00405,Dexbrompheniramine,CN(C)CC[C@@H](C1=CC=C(Br)C=C1)C1=CC=CC=N1
194,DB00408,Loxapine,CN1CCN(CC1)C1=NC2=CC=CC=C2OC2=C1C=C(Cl)C=C2
195,DB00410,Mupirocin,C[C@H](O)[C@H](C)[C@@H]1O[C@H]1C[C@H]1CO[C@@H](C\C(C)=C\C(=O)OCCCCCCCCC(O)=O)[C@H](O)[C@@H]1O
196,DB00411,Carbamoylcholine,C[N+](C)(C)CCOC(N)=O
197,DB00413,Pramipexole,CCCN[C@H]1CCC2=C(C1)SC(N)=N2
198,DB00414,Acetohexamide,CC(=O)C1=CC=C(C=C1)S(=O)(=O)NC(=O)NC1CCCCC1
199,DB00415,Ampicillin,[H][C@]12SC(C)(C)[C@@H](N1C(=O)[C@H]2NC(=O)[C@H](N)C1=CC=CC=C1)C(O)=O
200,DB00417,Phenoxymethylpenicillin,[H][C@]12SC(C)(C)[C@@H](N1C(=O)[C@H]2NC(=O)COC1=CC=CC=C1)C(O)=O
201,DB00418,Secobarbital,CCCC(C)C1(CC=C)C(=O)NC(=O)NC1=O
202,DB00419,Miglustat,CCCCN1C[C@H](O)[C@@H](O)[C@H](O)[C@H]1CO
203,DB00420,Promazine,CN(C)CCCN1C2=CC=CC=C2SC2=CC=CC=C12
204,DB00421,Spironolactone,[H][C@@]12CC[C@@]3(CCC(=O)O3)[C@@]1(C)CC[C@@]1([H])[C@@]2([H])[C@@]([H])(CC2=CC(=O)CC[C@]12C)SC(C)=O
205,DB00422,Methylphenidate,COC(=O)C(C1CCCCN1)C1=CC=CC=C1
206,DB00423,Methocarbamol,COC1=C(OCC(O)COC(N)=O)C=CC=C1
207,DB00424,Hyoscyamine,CN1[C@H]2CC[C@@H]1C[C@@H](C2)OC(=O)[C@H](CO)C1=CC=CC=C1
208,DB00425,Zolpidem,CN(C)C(=O)CC1=C(N=C2C=CC(C)=CN12)C1=CC=C(C)C=C1
209,DB00426,Famciclovir,CC(=O)OCC(CCN1C=NC2=CN=C(N)N=C12)COC(C)=O
210,DB00427,Triprolidine,CC1=CC=C(C=C1)C(=C/CN1CCCC1)\C1=CC=CC=N1
211,DB00428,Streptozocin,CN(N=O)C(=O)N[C@@H](C=O)[C@@H](O)[C@H](O)[C@H](O)CO
212,DB00429,Carboprost tromethamine,NC(CO)(CO)CO.CCCCC[C@](C)(O)\C=C\[C@H]1[C@H](O)C[C@H](O)[C@@H]1C\C=C/CCCC(O)=O
213,DB00431,Lindane,Cl[C@H]1[C@H](Cl)[C@@H](Cl)[C@@H](Cl)[C@H](Cl)[C@H]1Cl
214,DB00432,Trifluridine,OC[C@H]1O[C@H](C[C@@H]1O)N1C=C(C(=O)NC1=O)C(F)(F)F
215,DB00433,Prochlorperazine,CN1CCN(CCCN2C3=CC=CC=C3SC3=C2C=C(Cl)C=C3)CC1
216,DB00434,Cyproheptadine,CN1CCC(CC1)=C1C2=CC=CC=C2C=CC2=CC=CC=C12
217,DB00435,Nitric Oxide,[N]=O
218,DB00436,Bendroflumethiazide,NS(=O)(=O)C1=CC2=C(NC(CC3=CC=CC=C3)NS2(=O)=O)C=C1C(F)(F)F
219,DB00437,Allopurinol,OC1=NC=NC2=C1C=NN2
220,DB00438,Ceftazidime,[O-]C(=O)C1=C(CS[C@]2([H])[C@H](NC(=O)C(=N/OC(C)(C)C(O)=O)\C3=CSC(N)=N3)C(=O)N12)C[N+]1=CC=CC=C1
221,DB00439,Cerivastatin,COCC1=C(C2=CC=C(F)C=C2)C(\C=C\[C@@H](O)C[C@@H](O)CC(O)=O)=C(C(C)C)N=C1C(C)C
222,DB00440,Trimethoprim,COC1=CC(CC2=CN=C(N)N=C2N)=CC(OC)=C1OC
223,DB00441,Gemcitabine,NC1=NC(=O)N(C=C1)[C@@H]1O[C@H](CO)[C@@H](O)C1(F)F
224,DB00442,Entecavir,NC1=NC(=O)C2=C(N1)N(C=N2)[C@H]1C[C@H](O)[C@@H](CO)C1=C
225,DB00443,Betamethasone,[H][C@@]12C[C@H](C)[C@](O)(C(=O)CO)[C@@]1(C)C[C@H](O)[C@@]1(F)[C@@]2([H])CCC2=CC(=O)C=C[C@]12C
226,DB00444,Teniposide,[H][C@]12COC(=O)[C@]1([H])[C@H](C1=CC(OC)=C(O)C(OC)=C1)C1=C(C=C3OCOC3=C1)[C@H]2O[C@]1([H])O[C@]2([H])CO[C@H](O[C@@]2([H])[C@H](O)[C@H]1O)C1=CC=CS1
227,DB00445,Epirubicin,COC1=CC=CC2=C1C(=O)C1=C(O)C3=C(C[C@](O)(C[C@@H]3O[C@H]3C[C@H](N)[C@@H](O)[C@H](C)O3)C(=O)CO)C(O)=C1C2=O
228,DB00446,Chloramphenicol,OC[C@@H](NC(=O)C(Cl)Cl)[C@H](O)C1=CC=C(C=C1)[N+]([O-])=O
229,DB00447,Loracarbef,N[C@@H](C(=O)N[C@H]1[C@H]2CCC(Cl)=C(N2C1=O)C(O)=O)C1=CC=CC=C1
230,DB00448,Lansoprazole,CC1=C(OCC(F)(F)F)C=CN=C1CS(=O)C1=NC2=CC=CC=C2N1
231,DB00449,Dipivefrin,CNCC(O)C1=CC(OC(=O)C(C)(C)C)=C(OC(=O)C(C)(C)C)C=C1
232,DB00450,Droperidol,FC1=CC=C(C=C1)C(=O)CCCN1CCC(=CC1)N1C(=O)NC2=CC=CC=C12
233,DB00451,Levothyroxine,N[C@@H](CC1=CC(I)=C(OC2=CC(I)=C(O)C(I)=C2)C(I)=C1)C(O)=O
234,DB00454,Meperidine,CCOC(=O)C1(CCN(C)CC1)C1=CC=CC=C1
235,DB00455,Loratadine,CCOC(=O)N1CCC(CC1)=C1C2=C(CCC3=C1N=CC=C3)C=C(Cl)C=C2
236,DB00456,Cefalotin,[H][C@@]1(NC(=O)CC2=CC=CS2)C(=O)N2C(C(O)=O)=C(COC(C)=O)CS[C@]12[H]
237,DB00457,Prazosin,COC1=C(OC)C=C2C(N)=NC(=NC2=C1)N1CCN(CC1)C(=O)C1=CC=CO1
238,DB00458,Imipramine,CN(C)CCCN1C2=CC=CC=C2CCC2=CC=CC=C12
239,DB00459,Acitretin,COC1=C(C)C(C)=C(\C=C\C(\C)=C\C=C\C(\C)=C\C(O)=O)C(C)=C1
240,DB00461,Nabumetone,COC1=CC2=C(C=C1)C=C(CCC(C)=O)C=C2
241,DB00462,Methscopolamine bromide,[Br-].[H][C@@]12O[C@]1([H])[C@H]1C[C@H](C[C@@H]2[N+]1(C)C)OC(=O)[C@H](CO)C1=CC=CC=C1
242,DB00463,Metharbital,CCC1(CC)C(=O)NC(=O)N(C)C1=O
243,DB00465,Ketorolac,OC(=O)C1CCN2C1=CC=C2C(=O)C1=CC=CC=C1
244,DB00467,Enoxacin,CCN1C=C(C(O)=O)C(=O)C2=CC(F)=C(N=C12)N1CCNCC1
245,DB00468,Quinine,[H][C@]1(C[C@@H]2CC[N@]1C[C@@H]2C=C)[C@H](O)C1=CC=NC2=CC=C(OC)C=C12
246,DB00470,Dronabinol,[H][C@@]12C=C(C)CC[C@@]1([H])C(C)(C)OC1=C2C(O)=CC(CCCCC)=C1
247,DB00471,Montelukast,OC(=O)CC1(CC1)CS[C@H](CCC1=CC=CC=C1C(O)(C)C)C1=CC=CC(\C=C\C2=NC3=C(C=CC(Cl)=C3)C=C2)=C1
248,DB00472,Fluoxetine,CNCCC(OC1=CC=C(C=C1)C(F)(F)F)C1=CC=CC=C1
249,DB00475,Chlordiazepoxide,CNC1=NC2=C(C=C(Cl)C=C2)C(C2=CC=CC=C2)=[N+]([O-])C1
250,DB00476,Duloxetine,CNCC[C@H](OC1=CC=CC2=CC=CC=C12)C1=CC=CS1
251,DB00477,Chlorpromazine,CN(C)CCCN1C2=CC=CC=C2SC2=C1C=C(Cl)C=C2
252,DB00479,Amikacin,NCC[C@H](O)C(=O)N[C@@H]1C[C@H](N)[C@@H](O[C@H]2O[C@H](CN)[C@@H](O)[C@H](O)[C@H]2O)[C@H](O)[C@H]1O[C@H]1O[C@H](CO)[C@@H](O)[C@H](N)[C@H]1O
253,DB00482,Celecoxib,CC1=CC=C(C=C1)C1=CC(=NN1C1=CC=C(C=C1)S(N)(=O)=O)C(F)(F)F
254,DB00484,Brimonidine,BrC1=C(NC2=NCCN2)C=CC2=NC=CN=C12
255,DB00485,Dicloxacillin,[H][C@]12SC(C)(C)[C@@H](N1C(=O)[C@H]2NC(=O)C1=C(C)ON=C1C1=C(Cl)C=CC=C1Cl)C(O)=O
256,DB00486,Nabilone,[H][C@@]12CC(=O)CC[C@@]1([H])C(C)(C)OC1=CC(=CC(O)=C21)C(C)(C)CCCCCC
257,DB00489,Sotalol,CC(C)NCC(O)C1=CC=C(NS(C)(=O)=O)C=C1
258,DB00490,Buspirone,O=C1CC2(CCCC2)CC(=O)N1CCCCN1CCN(CC1)C1=NC=CC=N1
259,DB00493,Cefotaxime,[H][C@]12SCC(COC(C)=O)=C(N1C(=O)[C@H]2NC(=O)C(=N/OC)\C1=CSC(N)=N1)C(O)=O
260,DB00496,Darifenacin,NC(=O)C([C@@H]1CCN(CCC2=CC3=C(OCC3)C=C2)C1)(C1=CC=CC=C1)C1=CC=CC=C1
261,DB00497,Oxycodone,COC1=C2O[C@H]3C(=O)CC[C@@]4(O)[C@H]5CC(C=C1)=C2[C@@]34CCN5C
262,DB00499,Flutamide,CC(C)C(=O)NC1=CC(=C(C=C1)[N+]([O-])=O)C(F)(F)F
263,DB00500,Tolmetin,CN1C(CC(O)=O)=CC=C1C(=O)C1=CC=C(C)C=C1
264,DB00501,Cimetidine,CN\C(NCCSCC1=C(C)NC=N1)=N\C#N
265,DB00502,Haloperidol,OC1(CCN(CCCC(=O)C2=CC=C(F)C=C2)CC1)C1=CC=C(Cl)C=C1
266,DB00503,Ritonavir,CC(C)[C@H](NC(=O)N(C)CC1=CSC(=N1)C(C)C)C(=O)N[C@H](C[C@H](O)[C@H](CC1=CC=CC=C1)NC(=O)OCC1=CN=CS1)CC1=CC=CC=C1
267,DB00505,Tridihexethyl,CC[N+](CC)(CC)CCC(O)(C1CCCCC1)C1=CC=CC=C1
268,DB00507,Nitazoxanide,CC(=O)OC1=CC=CC=C1C(=O)NC1=NC=C(S1)[N+]([O-])=O
269,DB00508,Triflupromazine,CN(C)CCCN1C2=CC=CC=C2SC2=C1C=C(C=C2)C(F)(F)F
270,DB00509,Dextrothyroxine,N[C@H](CC1=CC(I)=C(OC2=CC(I)=C(O)C(I)=C2)C(I)=C1)C(O)=O
271,DB00511,Acetyldigitoxin,[H][C@@]1(CC[C@]2(O)[C@]3([H])CC[C@]4([H])C[C@H](CC[C@]4(C)[C@@]3([H])CC[C@]12C)O[C@H]1C[C@H](O)[C@H](O[C@H]2C[C@H](O)[C@H](O[C@H]3C[C@H](OC(C)=O)[C@H](O)[C@@H](C)O3)[C@@H](C)O2)[C@@H](C)O1)C1=CC(=O)OC1
272,DB00512,Vancomycin,CN[C@H](CC(C)C)C(=O)N[C@@H]1[C@H](O)C2=CC=C(OC3=C(O[C@@H]4O[C@H](CO)[C@@H](O)[C@H](O)[C@H]4O[C@H]4C[C@](C)(N)[C@H](O)[C@H](C)O4)C4=CC(=C3)[C@@H](NC(=O)[C@H](CC(N)=O)NC1=O)C(=O)N[C@@H]1C3=CC(=C(O)C=C3)C3=C(O)C=C(O)C=C3[C@H](NC(=O)[C@@H](NC1=O)[C@H](O)C1=CC(Cl)=C(O4)C=C1)C(O)=O)C(Cl)=C2
273,DB00514,Dextromethorphan,[H][C@]12CCCC[C@]11CCN(C)[C@H]2CC2=C1C=C(OC)C=C2
274,DB00518,Albendazole,CCCSC1=CC2=C(C=C1)N=C(NC(=O)OC)N2
275,DB00519,Trandolapril,[H][C@@]12C[C@H](N(C(=O)[C@H](C)N[C@@H](CCC3=CC=CC=C3)C(=O)OCC)[C@@]1([H])CCCC2)C(O)=O
276,DB00520,Caspofungin,[H][C@@]12C[C@@H](O)CN1C(=O)[C@@H](NC(=O)[C@]([H])(C[C@@H](O)[C@@H](NCCN)NC(=O)[C@@H]1[C@@H](O)CCN1C(=O)[C@@H](NC(=O)[C@@H](NC2=O)[C@H](O)[C@@H](O)C1=CC=C(O)C=C1)[C@H](O)CCN)NC(=O)CCCCCCCC[C@@H](C)C[C@@H](C)CC)[C@@H](C)O
277,DB00521,Carteolol,CC(C)(C)NCC(O)COC1=CC=CC2=C1CCC(=O)N2
278,DB00524,Metolazone,CC1NC2=CC(Cl)=C(C=C2C(=O)N1C1=CC=CC=C1C)S(N)(=O)=O
279,DB00525,Tolnaftate,CN(C(=S)OC1=CC2=CC=CC=C2C=C1)C1=CC=CC(C)=C1
280,DB00527,Cinchocaine,CCCCOC1=NC2=CC=CC=C2C(=C1)C(=O)NCCN(CC)CC
281,DB00528,Lercanidipine,COC(=O)C1=C(C)NC(C)=C(C1C1=CC(=CC=C1)[N+]([O-])=O)C(=O)OC(C)(C)CN(C)CCC(C1=CC=CC=C1)C1=CC=CC=C1
282,DB00529,Foscarnet,OC(=O)P(O)(O)=O
283,DB00530,Erlotinib,COCCOC1=CC2=C(C=C1OCCOC)C(NC1=CC(=CC=C1)C#C)=NC=N2
284,DB00531,Cyclophosphamide,ClCCN(CCCl)P1(=O)NCCCO1
285,DB00532,Mephenytoin,CCC1(NC(=O)N(C)C1=O)C1=CC=CC=C1
286,DB00533,Rofecoxib,CS(=O)(=O)C1=CC=C(C=C1)C1=C(C(=O)OC1)C1=CC=CC=C1
287,DB00535,Cefdinir,[H][C@]12SCC(C=C)=C(N1C(=O)[C@H]2NC(=O)C(=N/O)\C1=CSC(N)=N1)C(O)=O
288,DB00536,Guanidine,N=C(N)N
289,DB00537,Ciprofloxacin,OC(=O)C1=CN(C2CC2)C2=CC(N3CCNCC3)=C(F)C=C2C1=O
290,DB00541,Vincristine,[H][C@@]12N3CC[C@@]11C4=C(C=C(OC)C(=C4)[C@]4(C[C@H]5C[N@](C[C@](O)(CC)C5)CCC5=C4NC4=CC=CC=C54)C(=O)OC)N(C=O)[C@@]1([H])[C@](O)([C@H](OC(C)=O)[C@]2(CC)C=CC3)C(=O)OC
291,DB00542,Benazepril,[H][C@@]1(CCC2=CC=CC=C2N(CC(O)=O)C1=O)N[C@@H](CCC1=CC=CC=C1)C(=O)OCC
292,DB00543,Amoxapine,ClC1=CC2=C(OC3=CC=CC=C3N=C2N2CCNCC2)C=C1
293,DB00544,Fluorouracil,FC1=CNC(=O)NC1=O
294,DB00547,Desoximetasone,[H][C@@]12C[C@@H](C)[C@H](C(=O)CO)[C@@]1(C)C[C@H](O)[C@@]1(F)[C@@]2([H])CCC2=CC(=O)C=C[C@]12C
295,DB00548,Azelaic acid,OC(=O)CCCCCCCC(O)=O
296,DB00549,Zafirlukast,COC1=CC(=CC=C1CC1=CN(C)C2=C1C=C(NC(=O)OC1CCCC1)C=C2)C(=O)NS(=O)(=O)C1=CC=CC=C1C
297,DB00550,Propylthiouracil,CCCc1cc(=O)[nH]c(=S)[nH]1
298,DB00551,Acetohydroxamic acid,CC(=O)NO
299,DB00553,Methoxsalen,COC1=C2OC(=O)C=CC2=CC2=C1OC=C2
300,DB00554,Piroxicam,CN1C(C(=O)NC2=NC=CC=C2)=C(O)C2=C(C=CC=C2)S1(=O)=O
301,DB00555,Lamotrigine,NC1=NC(N)=C(N=N1)C1=C(Cl)C(Cl)=CC=C1
302,DB00557,Hydroxyzine,OCCOCCN1CCN(CC1)C(C1=CC=CC=C1)C1=CC=C(Cl)C=C1
303,DB00558,Zanamivir,[H][C@]1(OC(=C[C@H](N=C(N)N)[C@H]1NC(C)=O)C(O)=O)[C@H](O)[C@H](O)CO
304,DB00559,Bosentan,COC1=CC=CC=C1OC1=C(NS(=O)(=O)C2=CC=C(C=C2)C(C)(C)C)N=C(N=C1OCCO)C1=NC=CC=N1
305,DB00560,Tigecycline,[H][C@@]12CC3=C(C(O)=C(NC(=O)CNC(C)(C)C)C=C3N(C)C)C(=O)C1=C(O)[C@]1(O)C(=O)C(C(N)=O)=C(O)[C@@H](N(C)C)[C@]1([H])C2
306,DB00561,Doxapram,CCN1CC(CCN2CCOCC2)C(C1=O)(C1=CC=CC=C1)C1=CC=CC=C1
307,DB00563,Methotrexate,[H][C@@](CCC(O)=O)(NC(=O)C1=CC=C(C=C1)N(C)CC1=NC2=C(N)NC(=N)N=C2N=C1)C(O)=O
308,DB00564,Carbamazepine,NC(=O)N1C2=CC=CC=C2C=CC2=CC=CC=C12
309,DB00567,Cephalexin,[H][C@]12SCC(C)=C(N1C(=O)[C@H]2NC(=O)[C@H](N)C1=CC=CC=C1)C(O)=O
310,DB00568,Cinnarizine,C(\C=C\C1=CC=CC=C1)N1CCN(CC1)C(C1=CC=CC=C1)C1=CC=CC=C1
311,DB00569,Fondaparinux,CO[C@H]1O[C@H](COS(O)(=O)=O)[C@@H](O[C@@H]2O[C@H]([C@@H](O[C@H]3O[C@H](COS(O)(=O)=O)[C@@H](O[C@@H]4O[C@@H]([C@@H](O[C@H]5O[C@H](COS(O)(=O)=O)[C@@H](O)[C@H](O)[C@H]5NS(O)(=O)=O)[C@H](O)[C@H]4O)C(O)=O)[C@H](OS(O)(=O)=O)[C@H]3NS(O)(=O)=O)[C@H](O)[C@H]2OS(O)(=O)=O)C(O)=O)[C@H](O)[C@H]1NS(O)(=O)=O
312,DB00570,Vinblastine,[H][C@@]12N(C)C3=CC(OC)=C(C=C3[C@@]11CCN3CC=C[C@@](CC)([C@@H](OC(C)=O)[C@]2(O)C(=O)OC)[C@@]13[H])[C@]1(C[C@@]2([H])CN(C[C@](O)(CC)C2)CCC2=C1NC1=C2C=CC=C1)C(=O)OC
313,DB00571,Propranolol,CC(C)NCC(O)COC1=CC=CC2=C1C=CC=C2
314,DB00573,Fenoprofen,CC(C(O)=O)C1=CC(OC2=CC=CC=C2)=CC=C1
315,DB00574,Fenfluramine,CCNC(C)CC1=CC=CC(=C1)C(F)(F)F
316,DB00575,Clonidine,ClC1=CC=CC(Cl)=C1NC1=NCCN1
317,DB00576,Sulfamethizole,CC1=NN=C(NS(=O)(=O)C2=CC=C(N)C=C2)S1
318,DB00577,Valaciclovir,CC(C)[C@H](N)C(=O)OCCOCN1C=NC2=C1NC(N)=NC2=O
319,DB00578,Carbenicillin,[H][C@]12SC(C)(C)[C@@H](N1C(=O)[C@H]2NC(=O)C(C(O)=O)C1=CC=CC=C1)C(O)=O
320,DB00579,Mazindol,OC1(N2CCN=C2C2=CC=CC=C12)C1=CC=C(Cl)C=C1
321,DB00581,Lactulose,OC[C@H]1O[C@](O)(CO)[C@@H](O)[C@@H]1O[C@@H]1O[C@H](CO)[C@H](O)[C@H](O)[C@H]1O
322,DB00582,Voriconazole,C[C@@H](C1=NC=NC=C1F)[C@](O)(CN1C=NC=N1)C1=C(F)C=C(F)C=C1
323,DB00583,Levocarnitine,C[N+](C)(C)C[C@H](O)CC([O-])=O
324,DB00584,Enalapril,CCOC(=O)[C@H](CCC1=CC=CC=C1)N[C@@H](C)C(=O)N1CCC[C@H]1C(O)=O
325,DB00585,Nizatidine,CNC(NCCSCC1=CSC(CN(C)C)=N1)=C[N+]([O-])=O
326,DB00586,Diclofenac,OC(=O)CC1=CC=CC=C1NC1=C(Cl)C=CC=C1Cl
327,DB00588,Fluticasone propionate,[H][C@@]12C[C@@H](C)[C@](OC(=O)CC)(C(=O)SCF)[C@@]1(C)C[C@H](O)[C@@]1(F)[C@@]2([H])C[C@H](F)C2=CC(=O)C=C[C@]12C
328,DB00589,Lisuride,[H][C@@]12CC3=CNC4=CC=CC(=C34)C1=C[C@@H](CN2C)NC(=O)N(CC)CC
329,DB00590,Doxazosin,COC1=C(OC)C=C2C(N)=NC(=NC2=C1)N1CCN(CC1)C(=O)C1COC2=CC=CC=C2O1
330,DB00591,Fluocinolone acetonide,[H][C@@]12C[C@@]3([H])[C@]4([H])C[C@H](F)C5=CC(=O)C=C[C@]5(C)[C@@]4(F)[C@@H](O)C[C@]3(C)[C@@]1(OC(C)(C)O2)C(=O)CO
331,DB00592,Piperazine,C1CNCCN1
332,DB00593,Ethosuximide,CCC1(C)CC(=O)NC1=O
333,DB00594,Amiloride,NC(=N)NC(=O)C1=NC(Cl)=C(N)N=C1N
334,DB00595,Oxytetracycline,[H][C@@]12[C@@H](O)[C@@]3([H])C(C(=O)C4=C(C=CC=C4O)[C@@]3(C)O)=C(O)[C@]1(O)C(=O)C(C(N)=O)=C(O)[C@H]2N(C)C
335,DB00596,Ulobetasol,[H][C@@]12C[C@H](C)[C@](O)(C(=O)CCl)[C@@]1(C)C[C@H](O)[C@@]1(F)[C@@]2([H])C[C@H](F)C2=CC(=O)C=C[C@]12C
336,DB00598,Labetalol,CC(CCC1=CC=CC=C1)NCC(O)C1=CC(C(N)=O)=C(O)C=C1
337,DB00599,Thiopental,CCCC(C)C1(CC)C(=O)NC(=S)NC1=O
338,DB00601,Linezolid,CC(=O)NC[C@H]1CN(C(=O)O1)C1=CC(F)=C(C=C1)N1CCOCC1
339,DB00602,Ivermectin,[H][C@@]12OC\C3=C/C=C/[C@H](C)[C@H](O[C@H]4C[C@H](OC)[C@@H](O[C@H]5C[C@H](OC)[C@@H](O)[C@H](C)O5)[C@H](C)O4)\C(C)=C\C[C@]4([H])C[C@@]([H])(C[C@]5(CC[C@H](C)[C@]([H])(O5)C(C)C)O4)OC(=O)[C@]([H])(C=C(C)[C@H]1O)[C@@]23O.[H][C@@]12OC\C3=C/C=C/[C@H](C)[C@H](O[C@H]4C[C@H](OC)[C@@H](O[C@H]5C[C@H](OC)[C@@H](O)[C@H](C)O5)[C@H](C)O4)\C(C)=C\C[C@]4([H])C[C@@]([H])(C[C@]5(CC[C@H](C)[C@]([H])(O5)[C@@H](C)CC)O4)OC(=O)[C@]([H])(C=C(C)[C@H]1O)[C@@]23O
340,DB00603,Medroxyprogesterone acetate,[H][C@@]12CC[C@](OC(C)=O)(C(C)=O)[C@@]1(C)CC[C@@]1([H])[C@@]2([H])C[C@H](C)C2=CC(=O)CC[C@]12C
341,DB00604,Cisapride,CO[C@H]1CN(CCCOC2=CC=C(F)C=C2)CC[C@H]1NC(=O)C1=CC(Cl)=C(N)C=C1OC
342,DB00605,Sulindac,CC1=C(CC(O)=O)C2=CC(F)=CC=C2\C1=C/C1=CC=C(C=C1)S(C)=O
343,DB00607,Nafcillin,[H][C@]12SC(C)(C)[C@@H](N1C(=O)[C@H]2NC(=O)C1=C(OCC)C=CC2=CC=CC=C12)C(O)=O
344,DB00608,Chloroquine,CCN(CC)CCCC(C)NC1=CC=NC2=CC(Cl)=CC=C12
345,DB00609,Ethionamide,CCC1=NC=CC(=C1)C(N)=S
346,DB00610,Metaraminol,C[C@H](N)[C@H](O)C1=CC(O)=CC=C1
347,DB00611,Butorphanol,[H][C@@]12CC3=C(C=C(O)C=C3)[C@]3(CCCC[C@@]13O)CCN2CC1CCC1
348,DB00612,Bisoprolol,CC(C)NCC(O)COC1=CC=C(COCCOC(C)C)C=C1
349,DB00615,Rifabutin,CO[C@H]1\C=C\O[C@@]2(C)OC3=C(C2=O)C2=C(C(O)=C3C)C(=O)C(NC(=O)\C(C)=C/C=C/[C@H](C)[C@H](O)[C@@H](C)[C@@H](O)[C@@H](C)[C@H](OC(C)=O)[C@@H]1C)=C1NC3(CCN(CC3)CC(C)C)N=C21
350,DB00617,Paramethadione,CCC1(C)OC(=O)N(C)C1=O
351,DB00618,Demeclocycline,[H][C@]12C[C@@]3([H])[C@H](N(C)C)C(O)=C(C(N)=O)C(=O)[C@@]3(O)C(O)=C1C(=O)C1=C([C@H]2O)C(Cl)=CC=C1O
352,DB00619,Imatinib,CN1CCN(CC2=CC=C(C=C2)C(=O)NC2=CC(NC3=NC=CC(=N3)C3=CN=CC=C3)=C(C)C=C2)CC1
353,DB00620,Triamcinolone,[H][C@@]12C[C@@H](O)[C@](O)(C(=O)CO)[C@@]1(C)C[C@H](O)[C@@]1(F)[C@@]2([H])CCC2=CC(=O)C=C[C@]12C
354,DB00622,Nicardipine,COC(=O)C1=C(C)NC(C)=C(C1C1=CC(=CC=C1)[N+]([O-])=O)C(=O)OCCN(C)CC1=CC=CC=C1
355,DB00623,Fluphenazine,OCCN1CCN(CCCN2C3=CC=CC=C3SC3=C2C=C(C=C3)C(F)(F)F)CC1
356,DB00624,Testosterone,C[C@]12CC[C@H]3[C@@H](CCC4=CC(=O)CC[C@]34C)[C@@H]1CC[C@@H]2O
357,DB00626,Bacitracin,CC[C@H](C)[C@H](N)C1=N[C@@H](CS1)C(=O)N[C@@H](CC(C)C)C(=O)N[C@H](CCC(O)=O)C(=O)N[C@@H]([C@@H](C)CC)C(=O)N[C@H]1CCCCNC(=O)[C@H](CC(N)=O)NC(=O)[C@@H](CC(O)=O)NC(=O)[C@H](CC2=CNC=N2)NC(=O)[C@@H](CC2=CC=CC=C2)NC(=O)[C@@H](NC(=O)[C@@H](CCCN)NC1=O)[C@@H](C)CC
358,DB00627,Niacin,OC(=O)C1=CN=CC=C1
359,DB00628,Clorazepic acid,OC(=O)C1N=C(C2=CC=CC=C2)C2=C(NC1=O)C=CC(Cl)=C2
360,DB00629,Guanabenz,NC(N)=NN=CC1=C(Cl)C=CC=C1Cl
361,DB00630,Alendronic acid,NCCCC(O)(P(O)(O)=O)P(O)(O)=O
362,DB00631,Clofarabine,[H][C@]1(F)[C@H](O)[C@@H](CO)O[C@H]1N1C=NC2=C(N)N=C(Cl)N=C12
363,DB00632,Docosanol,CCCCCCCCCCCCCCCCCCCCCCO
364,DB00634,Sulfacetamide,CC(=O)NS(=O)(=O)C1=CC=C(N)C=C1
365,DB00635,Prednisone,[H][C@@]12CC[C@](O)(C(=O)CO)[C@@]1(C)CC(=O)[C@@]1([H])[C@@]2([H])CCC2=CC(=O)C=C[C@]12C
366,DB00636,Clofibrate,CCOC(=O)C(C)(C)OC1=CC=C(Cl)C=C1
367,DB00637,Astemizole,COC1=CC=C(CCN2CCC(CC2)NC2=NC3=CC=CC=C3N2CC2=CC=C(F)C=C2)C=C1
368,DB00640,Adenosine,NC1=C2N=CN([C@@H]3O[C@H](CO)[C@@H](O)[C@H]3O)C2=NC=N1
369,DB00641,Simvastatin,[H][C@]12[C@H](C[C@@H](C)C=C1C=C[C@H](C)[C@@H]2CC[C@@H]1C[C@@H](O)CC(=O)O1)OC(=O)C(C)(C)CC
370,DB00643,Mebendazole,COC(=O)NC1=NC2=C(N1)C=C(C=C2)C(=O)C1=CC=CC=C1
371,DB00644,Gonadorelin,CC(C)CC(C(=O)NC(CCCN=C(N)N)C(=O)N1CCCC1C(=O)NCC(=O)N)NC(=O)CNC(=O)C(CC2=CC=C(C=C2)O)NC(=O)C(CO)NC(=O)C(CC3=CNC4=CC=CC=C43)NC(=O)C(CC5=CN=CN5)NC(=O)C6CCC(=O)N6
372,DB00645,Dyclonine,CCCCOC1=CC=C(C=C1)C(=O)CCN1CCCCC1
373,DB00646,Nystatin,[H][C@]12C[C@@H](O[C@@H]3O[C@H](C)[C@@H](O)[C@H](N)[C@@H]3O)\C=C\C=C\C=C\C=C\CC\C=C\C=C\[C@H](C)[C@@H](O)[C@@H](C)[C@H](C)OC(=O)C[C@H](O)C[C@H](O)C[C@H](O)CC[C@@H](O)[C@H](O)C[C@](O)(C[C@H](O)[C@H]1C(O)=O)O2
374,DB00648,Mitotane,ClC(Cl)C(C1=CC=C(Cl)C=C1)C1=CC=CC=C1Cl
375,DB00649,Stavudine,CC1=CN([C@@H]2O[C@H](CO)C=C2)C(=O)NC1=O
376,DB00650,Leucovorin,[H]C(=O)N1C(CNC2=CC=C(C=C2)C(=O)N[C@@H](CCC(O)=O)C(O)=O)CNC2=C1C(=O)NC(N)=N2
377,DB00651,Dyphylline,CN1C2=C(N(CC(O)CO)C=N2)C(=O)N(C)C1=O
378,DB00653,Magnesium sulfate,[Mg++].[O-]S([O-])(=O)=O
379,DB00654,Latanoprost,CC(C)OC(=O)CCC\C=C/C[C@H]1[C@@H](O)C[C@@H](O)[C@@H]1CC[C@@H](O)CCC1=CC=CC=C1
380,DB00655,Estrone,[H][C@@]12CCC(=O)[C@@]1(C)CC[C@]1([H])C3=C(CC[C@@]21[H])C=C(O)C=C3
381,DB00660,Metaxalone,CC1=CC(OCC2CNC(=O)O2)=CC(C)=C1
382,DB00661,Verapamil,COC1=C(OC)C=C(CCN(C)CCCC(C#N)(C(C)C)C2=CC(OC)=C(OC)C=C2)C=C1
383,DB00662,Trimethobenzamide,COC1=CC(=CC(OC)=C1OC)C(=O)NCC1=CC=C(OCCN(C)C)C=C1
384,DB00663,Flumethasone,[H][C@@]12C[C@@H](C)[C@](O)(C(=O)CO)[C@@]1(C)C[C@H](O)[C@@]1(F)[C@@]2([H])C[C@H](F)C2=CC(=O)C=C[C@]12C
385,DB00666,Nafarelin,CC(C)C[C@H](NC(=O)[C@@H](CC1=CC2=C(C=CC=C2)C=C1)NC(=O)[C@H](CC1=CC=C(O)C=C1)NC(=O)[C@H](CO)NC(=O)[C@H](CC1=CNC2=CC=CC=C12)NC(=O)[C@H](CC1=CNC=N1)NC(=O)[C@@H]1CCC(=O)N1)C(=O)N[C@@H](CCCNC(N)=N)C(=O)N1CCC[C@H]1C(=O)NCC(N)=O
386,DB00668,Epinephrine,CNC[C@H](O)C1=CC(O)=C(O)C=C1
387,DB00669,Sumatriptan,CNS(=O)(=O)CC1=CC=C2NC=C(CCN(C)C)C2=C1
388,DB00670,Pirenzepine,CN1CCN(CC(=O)N2C3=CC=CC=C3C(=O)NC3=C2N=CC=C3)CC1
389,DB00671,Cefixime,[H][C@]12SCC(C=C)=C(N1C(=O)[C@H]2NC(=O)C(=N/OCC(O)=O)\C1=CSC(N)=N1)C(O)=O
390,DB00673,Aprepitant,C[C@@H](O[C@H]1OCCN(CC2=NNC(=O)N2)[C@H]1C1=CC=C(F)C=C1)C1=CC(=CC(=C1)C(F)(F)F)C(F)(F)F
391,DB00674,Galantamine,[H][C@]12C[C@@H](O)C=C[C@]11CCN(C)CC3=C1C(O2)=C(OC)C=C3
392,DB00675,Tamoxifen,CC\C(=C(/C1=CC=CC=C1)C1=CC=C(OCCN(C)C)C=C1)C1=CC=CC=C1
393,DB00678,Losartan,CCCCC1=NC(Cl)=C(CO)N1CC1=CC=C(C=C1)C1=CC=CC=C1C1=NNN=N1
394,DB00680,Moricizine,CCOC(=O)NC1=CC2=C(SC3=CC=CC=C3N2C(=O)CCN2CCOCC2)C=C1
395,DB00681,Amphotericin B,[H][C@]12C[C@@H](O[C@@H]3O[C@H](C)[C@@H](O)[C@H](N)[C@@H]3O)\C=C\C=C\C=C\C=C\C=C\C=C\C=C\[C@H](C)[C@@H](O)[C@@H](C)[C@H](C)OC(=O)C[C@H](O)C[C@H](O)CC[C@@H](O)[C@H](O)C[C@H](O)C[C@](O)(C[C@H](O)[C@H]1C(O)=O)O2
396,DB00682,Warfarin,CC(=O)CC(C1=CC=CC=C1)C1=C(O)C2=C(OC1=O)C=CC=C2
397,DB00683,Midazolam,CC1=NC=C2CN=C(C3=CC=CC=C3F)C3=C(C=CC(Cl)=C3)N12
398,DB00684,Tobramycin,NC[C@H]1O[C@H](O[C@@H]2[C@@H](N)C[C@@H](N)[C@H](O[C@H]3O[C@H](CO)[C@@H](O)[C@H](N)[C@H]3O)[C@H]2O)[C@H](N)C[C@@H]1O
399,DB00685,Trovafloxacin,[H][C@@]12CN(C[C@]1([H])[C@H]2N)C1=NC2=C(C=C1F)C(=O)C(=CN2C1=C(F)C=C(F)C=C1)C(O)=O
400,DB00686,Pentosan polysulfate,O[C@@H]1CO[C@@H](O[C@@H]2CO[C@@H](O)[C@H](OS(O)(=O)=O)[C@H]2OS(O)(=O)=O)[C@H](OS(O)(=O)=O)[C@H]1OS(O)(=O)=O
401,DB00687,Fludrocortisone,[H][C@@]12CC[C@](O)(C(=O)CO)[C@@]1(C)C[C@H](O)[C@@]1(F)[C@@]2([H])CCC2=CC(=O)CC[C@]12C
402,DB00688,Mycophenolate mofetil,COC1=C(C\C=C(/C)CCC(=O)OCCN2CCOCC2)C(O)=C2C(=O)OCC2=C1C
403,DB00690,Flurazepam,CCN(CC)CCN1C2=C(C=C(Cl)C=C2)C(=NCC1=O)C1=CC=CC=C1F
404,DB00691,Moexipril,CCOC(=O)[C@H](CCc1ccccc1)N[C@@H](C)C(=O)N1Cc2cc(OC)c(OC)cc2C[C@H]1C(=O)O
405,DB00692,Phentolamine,CC1=CC=C(C=C1)N(CC1=NCCN1)C1=CC(O)=CC=C1
406,DB00694,Daunorubicin,COC1=CC=CC2=C1C(=O)C1=C(O)C3=C(C[C@](O)(C[C@@H]3O[C@H]3C[C@H](N)[C@H](O)[C@H](C)O3)C(C)=O)C(O)=C1C2=O
407,DB00695,Furosemide,NS(=O)(=O)C1=C(Cl)C=C(NCC2=CC=CO2)C(=C1)C(O)=O
408,DB00696,Ergotamine,[H][C@@]12CCCN1C(=O)[C@H](CC1=CC=CC=C1)N1C(=O)[C@](C)(NC(=O)[C@H]3CN(C)[C@]4([H])CC5=CNC6=CC=CC(=C56)C4=C3)O[C@@]21O
409,DB00697,Tizanidine,ClC1=C(NC2=NCCN2)C2=NSN=C2C=C1
410,DB00698,Nitrofurantoin,[O-][N+](=O)C1=CC=C(O1)\C=N\N1CC(=O)NC1=O
411,DB00700,Eplerenone,[H][C@@]12CC[C@@]3(CCC(=O)O3)[C@@]1(C)C[C@H]1O[C@@]11[C@@]2([H])[C@@H](CC2=CC(=O)CC[C@]12C)C(=O)OC
412,DB00701,Amprenavir,CC(C)CN(C[C@@H](O)[C@H](CC1=CC=CC=C1)NC(=O)O[C@H]1CCOC1)S(=O)(=O)C1=CC=C(N)C=C1
413,DB00703,Methazolamide,CN1N=C(S\C1=N\C(C)=O)S(N)(=O)=O
414,DB00704,Naltrexone,[H][C@@]12OC3=C(O)C=CC4=C3[C@@]11CCN(CC3CC3)[C@]([H])(C4)[C@]1(O)CCC2=O
415,DB00706,Tamsulosin,CCOC1=CC=CC=C1OCCN[C@H](C)CC1=CC(=C(OC)C=C1)S(N)(=O)=O
416,DB00708,Sufentanil,CCC(=O)N(C1=CC=CC=C1)C1(COC)CCN(CCC2=CC=CS2)CC1
417,DB00709,Lamivudine,NC1=NC(=O)N(C=C1)[C@@H]1CS[C@H](CO)O1
418,DB00710,Ibandronate,CCCCCN(C)CCC(O)(P(O)(O)=O)P(O)(O)=O
419,DB00711,Diethylcarbamazine,CCN(CC)C(=O)N1CCN(C)CC1
420,DB00713,Oxacillin,[H][C@]12SC(C)(C)[C@@H](N1C(=O)[C@H]2NC(=O)C1=C(C)ON=C1C1=CC=CC=C1)C(O)=O
421,DB00715,Paroxetine,FC1=CC=C(C=C1)[C@@H]1CCNC[C@H]1COC1=CC2=C(OCO2)C=C1
422,DB00716,Nedocromil,CCCC1=C2N(CC)C(=CC(=O)C2=CC2=C1OC(=CC2=O)C(O)=O)C(O)=O
423,DB00717,Norethisterone,[H][C@@]12CC[C@@](O)(C#C)[C@@]1(C)CC[C@]1([H])[C@@]3([H])CCC(=O)C=C3CC[C@@]21[H]
424,DB00718,Adefovir dipivoxil,CC(C)(C)C(=O)OCOP(=O)(COCCN1C=NC2=C(N)N=CN=C12)OCOC(=O)C(C)(C)C
425,DB00719,Azatadine,CN1CCC(CC1)=C1C2=CC=CC=C2CCC2=C1N=CC=C2
426,DB00722,Lisinopril,NCCCC[C@H](N[C@@H](CCC1=CC=CC=C1)C(O)=O)C(=O)N1CCC[C@H]1C(O)=O
427,DB00723,Methoxamine,COC1=CC(C(O)C(C)N)=C(OC)C=C1
428,DB00724,Imiquimod,CC(C)CN1C=NC2=C1C1=C(C=CC=C1)N=C2N
429,DB00726,Trimipramine,CC(CN(C)C)CN1C2=CC=CC=C2CCC2=CC=CC=C12
430,DB00727,Nitroglycerin,[O-][N+](=O)OCC(CO[N+]([O-])=O)O[N+]([O-])=O
431,DB00730,Thiabendazole,N1C2=CC=CC=C2N=C1C1=CSC=N1
432,DB00731,Nateglinide,CC(C)[C@H]1CC[C@@H](CC1)C(=O)N[C@H](CC1=CC=CC=C1)C(O)=O
433,DB00733,Pralidoxime,C[n+]1ccccc1/C=N/O
434,DB00734,Risperidone,CC1=C(CCN2CCC(CC2)C2=NOC3=C2C=CC(F)=C3)C(=O)N2CCCCC2=N1
435,DB00735,Naftifine,CN(CC=CC1=CC=CC=C1)CC1=CC=CC2=CC=CC=C12
436,DB00736,Esomeprazole,COC1=CC2=C(NC(=N2)[S@@](=O)CC2=NC=C(C)C(OC)=C2C)C=C1
437,DB00737,Meclizine,CC1=CC(CN2CCN(CC2)C(C2=CC=CC=C2)C2=CC=C(Cl)C=C2)=CC=C1
438,DB00740,Riluzole,NC1=NC2=C(S1)C=C(OC(F)(F)F)C=C2
439,DB00741,Hydrocortisone,[H][C@@]12CC[C@](O)(C(=O)CO)[C@@]1(C)C[C@H](O)[C@@]1([H])[C@@]2([H])CCC2=CC(=O)CC[C@]12C
440,DB00742,Mannitol,OC[C@@H](O)[C@@H](O)[C@H](O)[C@H](O)CO
441,DB00744,Zileuton,CC(N(O)C(N)=O)C1=CC2=CC=CC=C2S1
442,DB00745,Modafinil,NC(=O)CS(=O)C(C1=CC=CC=C1)C1=CC=CC=C1
443,DB00747,Scopolamine,CN1[C@H]2C[C@@H](C[C@@H]1[C@H]1O[C@@H]21)OC(=O)[C@H](CO)C1=CC=CC=C1
444,DB00748,Carbinoxamine,CN(C)CCOC(C1=CC=C(Cl)C=C1)C1=CC=CC=N1
445,DB00749,Etodolac,CCC1=C2NC3=C(CCOC3(CC)CC(O)=O)C2=CC=C1
446,DB00750,Prilocaine,CCCNC(C)C(=O)NC1=CC=CC=C1C
447,DB00751,Epinastine,NC1=NCC2N1C1=CC=CC=C1CC1=CC=CC=C21
448,DB00752,Tranylcypromine,NC1CC1C1=CC=CC=C1
449,DB00754,Ethotoin,CCN1C(=O)NC(C1=O)C1=CC=CC=C1
450,DB00755,Tretinoin,C\C(\C=C\C1=C(C)CCCC1(C)C)=C/C=C/C(/C)=C/C(O)=O
451,DB00757,Dolasetron,[H][C@@]1(C[C@@]2([H])C[C@]3([H])C[C@@]([H])(C1)N2CC3=O)OC(=O)C1=CNC2=C1C=CC=C2
452,DB00758,Clopidogrel,[H][C@@](N1CCC2=C(C1)C=CS2)(C(=O)OC)C1=CC=CC=C1Cl
453,DB00759,Tetracycline,[H][C@@]12C[C@@]3([H])C(=C(O)[C@]1(O)C(=O)C(C(N)=O)=C(O)[C@H]2N(C)C)C(=O)C1=C(O)C=CC=C1[C@@]3(C)O
454,DB00760,Meropenem,[H][C@]1([C@@H](C)O)C(=O)N2C(C(O)=O)=C(S[C@@H]3CN[C@@H](C3)C(=O)N(C)C)[C@H](C)[C@]12[H]
455,DB00761,Potassium chloride,[Cl-].[K+]
456,DB00762,Irinotecan,CCC1=C2CN3C(=CC4=C(COC(=O)[C@]4(O)CC)C3=O)C2=NC2=CC=C(OC(=O)N3CCC(CC3)N3CCCCC3)C=C12
457,DB00763,Methimazole,CN1C=CNC1=S
458,DB00764,Mometasone,[H][C@@]12C[C@@H](C)[C@](O)(C(=O)CCl)[C@@]1(C)C[C@H](O)[C@@]1(Cl)[C@@]2([H])CCC2=CC(=O)C=C[C@]12C
459,DB00765,Metyrosine,C[C@](N)(CC1=CC=C(O)C=C1)C(O)=O
460,DB00766,Clavulanic acid,[H][C@@]12CC(=O)N1[C@@H](C(O)=O)\C(O2)=C\CO
461,DB00768,Olopatadine,CN(C)CC\C=C1\C2=CC=CC=C2COC2=C1C=C(CC(O)=O)C=C2
462,DB00770,Alprostadil,CCCCC[C@H](O)\C=C\[C@H]1[C@H](O)CC(=O)[C@@H]1CCCCCCC(O)=O
463,DB00771,Clidinium,C[N@@+]12CC[C@@H](CC1)C(C2)OC(=O)C(O)(C1=CC=CC=C1)C1=CC=CC=C1
464,DB00772,Malathion,CCOC(=O)CC(SP(=S)(OC)OC)C(=O)OCC
465,DB00773,Etoposide,[H][C@]12COC(=O)[C@]1([H])[C@H](C1=CC(OC)=C(O)C(OC)=C1)C1=CC3=C(OCO3)C=C1[C@H]2O[C@@H]1O[C@]2([H])CO[C@@H](C)O[C@@]2([H])[C@H](O)[C@H]1O
466,DB00774,Hydroflumethiazide,NS(=O)(=O)C1=CC2=C(NCNS2(=O)=O)C=C1C(F)(F)F
467,DB00775,Tirofiban,CCCCS(=O)(=O)N[C@@H](CC1=CC=C(OCCCCC2CCNCC2)C=C1)C(O)=O
468,DB00776,Oxcarbazepine,NC(=O)N1C2=CC=CC=C2CC(=O)C2=C1C=CC=C2
469,DB00779,Nalidixic acid,CCN1C=C(C(O)=O)C(=O)C2=C1N=C(C)C=C2
470,DB00780,Phenelzine,NNCCC1=CC=CC=C1
471,DB00781,Polymyxin B,CCC(C)CCCCC(=O)N[C@@H](CCN)C(=O)N[C@@H]([C@@H](C)O)C(=O)N[C@@H](CCN)C(=O)N[C@H]1CCNC(=O)[C@@H](NC(=O)[C@H](CCN)NC(=O)[C@H](CCN)NC(=O)[C@H](CC(C)C)NC(=O)[C@@H](Cc2ccccc2)NC(=O)[C@@H](CCN)NC1=O)[C@@H](C)O
472,DB00782,Propantheline,CC(C)[N+](C)(CCOC(=O)C1C2=CC=CC=C2OC2=CC=CC=C12)C(C)C
473,DB00783,Estradiol,[H][C@@]12CC[C@H](O)[C@@]1(C)CC[C@]1([H])C3=C(CC[C@@]21[H])C=C(O)C=C3
474,DB00784,Mefenamic acid,CC1=C(C)C(NC2=CC=CC=C2C(O)=O)=CC=C1
475,DB00787,Acyclovir,NC1=NC(=O)C2=C(N1)N(COCCO)C=N2
476,DB00788,Naproxen,COC1=CC2=C(C=C1)C=C(C=C2)[C@H](C)C(O)=O
477,DB00790,Perindopril,[H][C@]12C[C@H](N(C(=O)[C@H](C)N[C@@H](CCC)C(=O)OCC)[C@@]1([H])CCCC2)C(O)=O
478,DB00791,Uracil mustard,ClCCN(CCCl)C1=CNC(=O)NC1=O
479,DB00792,Tripelennamine,CN(C)CCN(CC1=CC=CC=C1)C1=CC=CC=N1
480,DB00793,Haloprogin,ClC1=CC(Cl)=C(Cl)C=C1OCC#CI
481,DB00794,Primidone,CCC1(C(=O)NCNC1=O)C1=CC=CC=C1
482,DB00795,Sulfasalazine,OC(=O)C1=CC(=CC=C1O)\N=N\C1=CC=C(C=C1)S(=O)(=O)NC1=NC=CC=C1
483,DB00796,Candesartan cilexetil,CCOC1=NC2=C(N1CC1=CC=C(C=C1)C1=CC=CC=C1C1=NN=NN1)C(=CC=C2)C(=O)OC(C)OC(=O)OC1CCCCC1
484,DB00797,Tolazoline,C(C1=NCCN1)C1=CC=CC=C1
485,DB00798,Gentamicin,[H][C@@]1(CN)CC[C@@H](N)[C@@H](O[C@]2([H])[C@@H](N)C[C@@H](N)[C@H](O[C@@]3([H])OC[C@](C)(O)[C@H](NC)[C@H]3O)[C@H]2O)O1.[H][C@]1(CC[C@@H](N)[C@@H](O[C@]2([H])[C@@H](N)C[C@@H](N)[C@H](O[C@@]3([H])OC[C@](C)(O)[C@H](NC)[C@H]3O)[C@H]2O)O1)C(C)N.[H][C@]1(CC[C@@H](N)[C@@H](O[C@]2([H])[C@@H](N)C[C@@H](N)[C@H](O[C@@]3([H])OC[C@](C)(O)[C@H](NC)[C@H]3O)[C@H]2O)O1)C(C)NC
486,DB00799,Tazarotene,CCOC(=O)C1=CN=C(C=C1)C#CC1=CC2=C(SCCC2(C)C)C=C1
487,DB00800,Fenoldopam,OC1=CC=C(C=C1)C1CNCCC2=C(Cl)C(O)=C(O)C=C12
488,DB00801,Halazepam,FC(F)(F)CN1C2=C(C=C(Cl)C=C2)C(=NCC1=O)C1=CC=CC=C1
489,DB00804,Dicyclomine,CCN(CC)CCOC(=O)C1(CCCCC1)C1CCCCC1
490,DB00806,Pentoxifylline,CN1C=NC2=C1C(=O)N(CCCCC(C)=O)C(=O)N2C
491,DB00808,Indapamide,CC1CC2=CC=CC=C2N1NC(=O)C1=CC(=C(Cl)C=C1)S(N)(=O)=O
492,DB00809,Tropicamide,CCN(CC1=CC=NC=C1)C(=O)C(CO)C1=CC=CC=C1
493,DB00810,Biperiden,OC(CCN1CCCCC1)(C1CC2CC1C=C2)C1=CC=CC=C1
494,DB00811,Ribavirin,NC(=O)C1=NN(C=N1)[C@@H]1O[C@H](CO)[C@@H](O)[C@H]1O
495,DB00813,Fentanyl,CCC(=O)N(C1CCN(CCC2=CC=CC=C2)CC1)C1=CC=CC=C1
496,DB00814,Meloxicam,CN1C(C(=O)NC2=NC=C(C)S2)=C(O)C2=C(C=CC=C2)S1(=O)=O
497,DB00816,Orciprenaline,CC(C)NCC(O)C1=CC(O)=CC(O)=C1
498,DB00819,Acetazolamide,CC(=O)NC1=NN=C(S1)S(N)(=O)=O
499,DB00820,Tadalafil,[H][C@]12CC3=C(NC4=CC=CC=C34)[C@H](N1C(=O)CN(C)C2=O)C1=CC2=C(OCO2)C=C1
500,DB00825,Levomenthol,CC(C)[C@@H]1CC[C@@H](C)C[C@H]1O
501,DB00826,Natamycin,[H][C@@]12C[C@H](O)C[C@]3(O)C[C@H](O)[C@@H](C(O)=O)[C@]([H])(C[C@@H](O[C@]4([H])O[C@H](C)[C@@H](O)[C@H](N)[C@@H]4O)\C=C\C=C\C=C\C=C\C[C@@H](C)OC(=O)\C=C\[C@@]1([H])O2)O3
502,DB00827,Cinoxacin,CCN1N=C(C(O)=O)C(=O)C2=CC3=C(OCO3)C=C12
503,DB00828,Fosfomycin,C[C@@H]1O[C@@H]1P(O)(O)=O
504,DB00829,Diazepam,CN1C2=C(C=C(Cl)C=C2)C(=NCC1=O)C1=CC=CC=C1
505,DB00830,Phenmetrazine,CC1NCCOC1C1=CC=CC=C1
506,DB00831,Trifluoperazine,CN1CCN(CCCN2C3=CC=CC=C3SC3=C2C=C(C=C3)C(F)(F)F)CC1
507,DB00832,Phensuximide,CN1C(=O)CC(C1=O)C1=CC=CC=C1
508,DB00833,Cefaclor,[H][C@]12SCC(Cl)=C(N1C(=O)[C@H]2NC(=O)[C@H](N)C1=CC=CC=C1)C(O)=O
509,DB00835,Brompheniramine,CN(C)CCC(C1=CC=C(Br)C=C1)C1=CC=CC=N1
510,DB00836,Loperamide,CN(C)C(=O)C(CCN1CCC(O)(CC1)C1=CC=C(Cl)C=C1)(C1=CC=CC=C1)C1=CC=CC=C1
511,DB00838,Clocortolone,[H][C@@]12C[C@@H](C)[C@H](C(=O)CO)[C@@]1(C)C[C@H](O)[C@@]1(Cl)[C@@]2([H])C[C@H](F)C2=CC(=O)C=C[C@]12C
512,DB00839,Tolazamide,CC1=CC=C(C=C1)S(=O)(=O)NC(=O)NN1CCCCCC1
513,DB00841,Dobutamine,CC(CCC1=CC=C(O)C=C1)NCCC1=CC(O)=C(O)C=C1
514,DB00842,Oxazepam,OC1N=C(C2=CC=CC=C2)C2=C(NC1=O)C=CC(Cl)=C2
515,DB00844,Nalbuphine,O[C@H]1CC[C@@]2(O)[C@H]3CC4=CC=C(O)C5=C4[C@@]2(CCN3CC2CCC2)[C@H]1O5
516,DB00845,Clofazimine,CC(C)N=C1C=C2N(C3=CC=C(Cl)C=C3)C3=C(C=CC=C3)N=C2C=C1NC1=CC=C(Cl)C=C1
517,DB00846,Flurandrenolide,CC1(C)O[C@@H]2C[C@H]3[C@@H]4C[C@H](F)C5=CC(=O)CC[C@]5(C)[C@H]4[C@@H](O)C[C@]3(C)[C@@]2(O1)C(=O)CO
518,DB00847,Cysteamine,NCCS
519,DB00848,Levamisole,C1CN2C[C@@H](N=C2S1)C1=CC=CC=C1
520,DB00849,Methylphenobarbital,CCC1(C(=O)NC(=O)N(C)C1=O)C1=CC=CC=C1
521,DB00850,Perphenazine,OCCN1CCN(CCCN2C3=CC=CC=C3SC3=C2C=C(Cl)C=C3)CC1
522,DB00851,Dacarbazine,CN(C)\N=N\C1=C(N=CN1)C(N)=O
523,DB00852,Pseudoephedrine,CN[C@@H](C)[C@@H](O)C1=CC=CC=C1
524,DB00853,Temozolomide,CN1N=NC2=C(N=CN2C1=O)C(N)=O
525,DB00856,Chlorphenesin,OCC(O)COc1ccc(Cl)cc1
526,DB00857,Terbinafine,CN(C\C=C\C#CC(C)(C)C)CC1=CC=CC2=CC=CC=C12
527,DB00859,Penicillamine,[H][C@](N)(C(O)=O)C(C)(C)S
528,DB00860,Prednisolone,[H][C@@]12CC[C@](O)(C(=O)CO)[C@@]1(C)C[C@H](O)[C@@]1([H])[C@@]2([H])CCC2=CC(=O)C=C[C@]12C
529,DB00861,Diflunisal,OC(=O)C1=C(O)C=CC(=C1)C1=C(F)C=C(F)C=C1
530,DB00862,Vardenafil,CCCC1=NC(C)=C2N1NC(=NC2=O)C1=C(OCC)C=CC(=C1)S(=O)(=O)N1CCN(CC)CC1
531,DB00863,Ranitidine,CNC(NCCSCC1=CC=C(CN(C)C)O1)=C[N+]([O-])=O
532,DB00864,Tacrolimus,CO[C@@H]1C[C@@H](CC[C@H]1O)\C=C(/C)[C@H]1OC(=O)[C@@H]2CCCCN2C(=O)C(=O)[C@]2(O)O[C@@H]([C@H](C[C@H]2C)OC)[C@H](C[C@@H](C)C\C(C)=C\[C@@H](CC=C)C(=O)C[C@H](O)[C@H]1C)OC
533,DB00865,Benzphetamine,C[C@@H](CC1=CC=CC=C1)N(C)CC1=CC=CC=C1
534,DB00868,Benzonatate,CCCCNC1=CC=C(C=C1)C(=O)OCCOCCOCCOCCOCCOCCOCCOCCOCCOC
535,DB00869,Dorzolamide,CCN[C@H]1C[C@H](C)S(=O)(=O)C2=C1C=C(S2)S(N)(=O)=O
536,DB00871,Terbutaline,CC(C)(C)NCC(O)C1=CC(O)=CC(O)=C1
537,DB00872,Conivaptan,CC1=NC2=C(CCN(C(=O)C3=CC=C(NC(=O)C4=CC=CC=C4C4=CC=CC=C4)C=C3)C3=CC=CC=C23)N1
538,DB00873,Loteprednol,[H][C@@]12CC[C@](O)(C(=O)OCCl)[C@@]1(C)C[C@H](O)[C@@]1([H])[C@@]2([H])CCC2=CC(=O)C=C[C@]12C
539,DB00874,Guaifenesin,COC1=CC=CC=C1OCC(O)CO
540,DB00875,Flupentixol,[H]\C(CCN1CCN(CCO)CC1)=C1/C2=CC=CC=C2SC2=C1C=C(C=C2)C(F)(F)F
541,DB00876,Eprosartan,CCCCC1=NC=C(\C=C(/CC2=CC=CS2)C(O)=O)N1CC1=CC=C(C=C1)C(O)=O
542,DB00877,Sirolimus,[H][C@@]1(C[C@@H](C)[C@]2([H])CC(=O)[C@H](C)\C=C(C)\[C@@H](O)[C@@H](OC)C(=O)[C@H](C)C[C@H](C)\C=C\C=C\C=C(C)\[C@H](C[C@]3([H])CC[C@@H](C)[C@@](O)(O3)C(=O)C(=O)N3CCCC[C@@]3([H])C(=O)O2)OC)CC[C@@H](O)[C@@H](C1)OC
543,DB00878,Chlorhexidine,ClC1=CC=C(NC(=N)NC(=N)NCCCCCCNC(=N)NC(=N)NC2=CC=C(Cl)C=C2)C=C1
544,DB00879,Emtricitabine,[H][C@@]1(CO)O[C@@]([H])(CS1)N1C=C(F)C(=N)N=C1O
545,DB00880,Chlorothiazide,NS(=O)(=O)C1=C(Cl)C=C2NC=NS(=O)(=O)C2=C1
546,DB00881,Quinapril,CCOC(=O)[C@H](CCC1=CC=CC=C1)N[C@@H](C)C(=O)N1CC2=CC=CC=C2C[C@H]1C(O)=O
547,DB00882,Clomifene,CCN(CC)CCOC1=CC=C(C=C1)C(=C(Cl)C1=CC=CC=C1)C1=CC=CC=C1
548,DB00883,Isosorbide dinitrate,[H][C@]12OC[C@H](O[N+]([O-])=O)[C@@]1([H])OC[C@H]2O[N+]([O-])=O
549,DB00884,Risedronic acid,OC(CC1=CN=CC=C1)(P(O)(O)=O)P(O)(O)=O
550,DB00885,Pemirolast,CC1=CC=CN2C(=O)C(=CN=C12)C1=NNN=N1
551,DB00887,Bumetanide,CCCCNC1=C(OC2=CC=CC=C2)C(=CC(=C1)C(O)=O)S(N)(=O)=O
552,DB00888,Mechlorethamine,CN(CCCl)CCCl
553,DB00889,Granisetron,CN1N=C(C(=O)N[C@@H]2C[C@@H]3CCC[C@H](C2)N3C)C2=C1C=CC=C2
554,DB00890,Dienestrol,[H]\C(C)=C(/C(=C(\[H])C)/C1=CC=C(O)C=C1)\C1=CC=C(O)C=C1
555,DB00891,Sulfapyridine,NC1=CC=C(C=C1)S(=O)(=O)NC1=CC=CC=N1
556,DB00894,Testolactone,[H][C@@]12CCC3=CC(=O)C=C[C@]3(C)[C@@]1([H])CC[C@]1(C)OC(=O)CC[C@@]21[H]
557,DB00896,Rimexolone,[H][C@@]12C[C@@H](C)[C@](C)(C(=O)CC)[C@@]1(C)C[C@H](O)[C@@]1([H])[C@@]2([H])CCC2=CC(=O)C=C[C@]12C
558,DB00897,Triazolam,CC1=NN=C2CN=C(C3=CC=CC=C3Cl)C3=C(C=CC(Cl)=C3)N12
559,DB00899,Remifentanil,CCC(=O)N(C1=CC=CC=C1)C1(CCN(CCC(=O)OC)CC1)C(=O)OC
560,DB00901,Bitolterol,CC1=CC=C(C=C1)C(=O)OC1=C(OC(=O)C2=CC=C(C)C=C2)C=C(C=C1)C(O)CNC(C)(C)C
561,DB00902,Methdilazine,CN1CCC(CN2C3=CC=CC=C3SC3=CC=CC=C23)C1
562,DB00903,Etacrynic acid,CCC(=C)C(=O)C1=C(Cl)C(Cl)=C(OCC(O)=O)C=C1
563,DB00904,Ondansetron,CN1C2=C(C3=CC=CC=C13)C(=O)C(CN1C=CN=C1C)CC2
564,DB00905,Bimatoprost,CCNC(=O)CCC\C=C/C[C@H]1[C@@H](O)C[C@@H](O)[C@@H]1\C=C\[C@@H](O)CCC1=CC=CC=C1
565,DB00906,Tiagabine,CC1=C(SC=C1)C(=CCCN1CCC[C@H](C1)C(O)=O)C1=C(C)C=CS1
566,DB00908,Quinidine,[H][C@@]12CCN(C[C@@H]1C=C)[C@]([H])(C2)[C@@H](O)C1=C2C=C(OC)C=CC2=NC=C1
567,DB00909,Zonisamide,NS(=O)(=O)CC1=NOC2=CC=CC=C12
568,DB00911,Tinidazole,CCS(=O)(=O)CCN1C(C)=NC=C1[N+]([O-])=O
569,DB00915,Amantadine,NC12CC3CC(CC(C3)C1)C2
570,DB00916,Metronidazole,CC1=NC=C(N1CCO)[N+]([O-])=O
571,DB00917,Dinoprostone,CCCCC[C@H](O)\C=C\[C@H]1[C@H](O)CC(=O)[C@@H]1C\C=C/CCCC(O)=O
572,DB00918,Almotriptan,CN(C)CCC1=CNC2=C1C=C(CS(=O)(=O)N1CCCC1)C=C2
573,DB00920,Ketotifen,CN1CCC(CC1)=C1C2=C(SC=C2)C(=O)CC2=CC=CC=C12
574,DB00921,Buprenorphine,CO[C@]12CC[C@@]3(C[C@@H]1[C@](C)(O)C(C)(C)C)[C@H]1CC4=C5C(O[C@@H]2[C@@]35CCN1CC1CC1)=C(O)C=C4
575,DB00922,Levosimendan,C[C@@H]1CC(=O)NN=C1C1=CC=C(NN=C(C#N)C#N)C=C1
576,DB00925,Phenoxybenzamine,CC(COC1=CC=CC=C1)N(CCCl)CC1=CC=CC=C1
577,DB00926,Etretinate,CCOC(=O)C=C(C)C=CC=C(C)C=CC1=C(C)C(C)=C(OC)C=C1C
578,DB00927,Famotidine,NC(N)=NC1=NC(CSCCC(N)=NS(N)(=O)=O)=CS1
579,DB00929,Misoprostol,CCCCC(C)(O)C\C=C\[C@H]1[C@H](O)CC(=O)[C@@H]1CCCCCCC(=O)OC
580,DB00931,Metacycline,[H][C@@]12[C@@H](O)[C@]3([H])C(=C)C4=C(C(O)=CC=C4)C(=O)C3=C(O)[C@]1(O)C(=O)C(C(N)=O)=C(O)[C@H]2N(C)C
581,DB00932,Tipranavir,[H][C@@](CC)(C1=CC(NS(=O)(=O)C2=NC=C(C=C2)C(F)(F)F)=CC=C1)C1=C(O)C[C@@](CCC)(CCC2=CC=CC=C2)OC1=O
582,DB00933,Mesoridazine,CN1CCCCC1CCN1C2=C(SC3=C1C=C(C=C3)S(C)=O)C=CC=C2
583,DB00935,Oxymetazoline,CC1=CC(=C(O)C(C)=C1CC1=NCCN1)C(C)(C)C
584,DB00936,Salicylic acid,OC(=O)C1=CC=CC=C1O
585,DB00937,Diethylpropion,CCN(CC)C(C)C(=O)C1=CC=CC=C1
586,DB00938,Salmeterol,OCC1=C(O)C=CC(=C1)C(O)CNCCCCCCOCCCCC1=CC=CC=C1
587,DB00939,Meclofenamic acid,CC1=C(Cl)C(NC2=CC=CC=C2C(O)=O)=C(Cl)C=C1
588,DB00940,Methantheline,CC[N+](C)(CC)CCOC(=O)C1C2=CC=CC=C2OC2=CC=CC=C12
589,DB00942,Cycrimine,OC(CCN1CCCCC1)(C1CCCC1)C1=CC=CC=C1
590,DB00943,Zalcitabine,NC1=NC(=O)N(C=C1)[C@H]1CC[C@@H](CO)O1
591,DB00945,Acetylsalicylic acid,CC(=O)OC1=CC=CC=C1C(O)=O
592,DB00946,Phenprocoumon,CCC(C1=CC=CC=C1)C1=C(O)C2=C(OC1=O)C=CC=C2
593,DB00948,Mezlocillin,[H][C@]12SC(C)(C)[C@@H](N1C(=O)[C@H]2NC(=O)[C@H](NC(=O)N1CCN(C1=O)S(C)(=O)=O)C1=CC=CC=C1)C(O)=O
594,DB00949,Felbamate,NC(=O)OCC(COC(N)=O)C1=CC=CC=C1
595,DB00950,Fexofenadine,CC(C)(C(O)=O)C1=CC=C(C=C1)C(O)CCCN1CCC(CC1)C(O)(C1=CC=CC=C1)C1=CC=CC=C1
596,DB00951,Isoniazid,NNC(=O)C1=CC=NC=C1
597,DB00954,Dirithromycin,CC[C@H]1OC(=O)[C@H](C)[C@@H](O[C@H]2C[C@@](C)(OC)[C@@H](O)[C@H](C)O2)[C@H](C)[C@@H](O[C@@H]2O[C@H](C)C[C@@H]([C@H]2O)N(C)C)[C@](C)(O)C[C@@H](C)[C@@H]2N[C@@H](COCCOC)O[C@H]([C@H]2C)[C@]1(C)O
598,DB00956,Hydrocodone,[H][C@@]12OC3=C(OC)C=CC4=C3[C@@]11CCN(C)[C@]([H])(C4)[C@]1([H])CCC2=O
599,DB00957,Norgestimate,[H][C@@]12CC[C@@](OC(C)=O)(C#C)[C@@]1(CC)CC[C@]1([H])[C@@]3([H])CC\C(C=C3CC[C@@]21[H])=N/O
600,DB00959,Methylprednisolone,[H][C@@]12CC[C@](O)(C(=O)CO)[C@@]1(C)C[C@H](O)[C@@]1([H])[C@@]2([H])C[C@H](C)C2=CC(=O)C=C[C@]12C
601,DB00960,Pindolol,CC(C)NCC(O)COC1=CC=CC2=C1C=CN2
602,DB00962,Zaleplon,CCN(C(C)=O)C1=CC=CC(=C1)C1=CC=NC2=C(C=NN12)C#N
603,DB00963,Bromfenac,NC1=C(CC(O)=O)C=CC=C1C(=O)C1=CC=C(Br)C=C1
604,DB00966,Telmisartan,CCCC1=NC2=C(C=C(C=C2C)C2=NC3=CC=CC=C3N2C)N1CC1=CC=C(C=C1)C1=CC=CC=C1C(O)=O
605,DB00967,Desloratadine,ClC1=CC2=C(C=C1)C(=C1CCNCC1)C1=C(CC2)C=CC=N1
606,DB00968,Methyldopa,C[C@](N)(CC1=CC=C(O)C(O)=C1)C(O)=O
607,DB00970,Dactinomycin,[H][C@@]12CCCN1C(=O)[C@H](NC(=O)[C@@H](NC(=O)C1=C3N=C4C(OC3=C(C)C=C1)=C(C)C(=O)C(N)=C4C(=O)N[C@H]1[C@@H](C)OC(=O)[C@H](C(C)C)N(C)C(=O)CN(C)C(=O)[C@]3([H])CCCN3C(=O)[C@H](NC1=O)C(C)C)[C@@H](C)OC(=O)[C@H](C(C)C)N(C)C(=O)CN(C)C2=O)C(C)C
608,DB00971,Selenium Sulfide,S=[Se]=S
609,DB00972,Azelastine,CN1CCCC(CC1)N1N=C(CC2=CC=C(Cl)C=C2)C2=CC=CC=C2C1=O
610,DB00973,Ezetimibe,[H][C@]1(CC[C@H](O)C2=CC=C(F)C=C2)C(=O)N(C2=CC=C(F)C=C2)[C@]1([H])C1=CC=C(O)C=C1
611,DB00974,Edetic acid,OC(=O)CN(CCN(CC(O)=O)CC(O)=O)CC(O)=O
612,DB00975,Dipyridamole,OCCN(CCO)C1=NC2=C(N=C(N=C2N2CCCCC2)N(CCO)CCO)C(=N1)N1CCCCC1
613,DB00976,Telithromycin,[H][C@@]12[C@@H](C)C(=O)[C@H](C)C[C@@](C)(OC)[C@H](O[C@@H]3O[C@H](C)C[C@@H]([C@H]3O)N(C)C)[C@@H](C)C(=O)[C@@H](C)C(=O)O[C@H](CC)[C@@]1(C)OC(=O)N2CCCCN1C=NC(=C1)C1=CC=CN=C1
614,DB00977,Ethinylestradiol,[H][C@@]12CC[C@@](O)(C#C)[C@@]1(C)CC[C@]1([H])C3=C(CC[C@@]21[H])C=C(O)C=C3
615,DB00978,Lomefloxacin,CCN1C=C(C(O)=O)C(=O)C2=CC(F)=C(N3CCNC(C)C3)C(F)=C12
616,DB00979,Cyclopentolate,CN(C)CCOC(=O)C(C1=CC=CC=C1)C1(O)CCCC1
617,DB00980,Ramelteon,CCC(=O)NCC[C@@H]1CCC2=C1C1=C(OCC1)C=C2
618,DB00981,Physostigmine,[H][C@]12N(C)CC[C@@]1(C)C1=C(C=CC(OC(=O)NC)=C1)N2C
619,DB00982,Isotretinoin,C\C(\C=C\C1=C(C)CCCC1(C)C)=C/C=C/C(/C)=C\C(O)=O
620,DB00983,Formoterol,COC1=CC=C(CC(C)NCC(O)C2=CC(NC=O)=C(O)C=C2)C=C1
621,DB00985,Dimenhydrinate,CN1C2=C(N=C(Cl)N2)C(=O)N(C)C1=O.CN(C)CCOC(C1=CC=CC=C1)C1=CC=CC=C1
622,DB00986,Glycopyrronium,C[N+]1(C)CCC(C1)OC(=O)C(O)(C1CCCC1)C1=CC=CC=C1
623,DB00987,Cytarabine,NC1=NC(=O)N(C=C1)[C@@H]1O[C@H](CO)[C@@H](O)[C@@H]1O
624,DB00988,Dopamine,NCCC1=CC(O)=C(O)C=C1
625,DB00989,Rivastigmine,CCN(C)C(=O)OC1=CC=CC(=C1)[C@H](C)N(C)C
626,DB00990,Exemestane,[H][C@@]12CCC(=O)[C@@]1(C)CC[C@@]1([H])[C@@]2([H])CC(=C)C2=CC(=O)C=C[C@]12C
627,DB00991,Oxaprozin,OC(=O)CCC1=NC(=C(O1)C1=CC=CC=C1)C1=CC=CC=C1
628,DB00993,Azathioprine,CN1C=NC(=C1SC1=NC=NC2=C1NC=N2)[N+]([O-])=O
629,DB00995,Auranofin,CC[P+](CC)(CC)[Au-]S[C@@H]1O[C@H](COC(C)=O)[C@@H](OC(C)=O)[C@H](OC(C)=O)[C@H]1OC(C)=O
630,DB00996,Gabapentin,NCC1(CC(O)=O)CCCCC1
631,DB00997,Doxorubicin,COC1=CC=CC2=C1C(=O)C1=C(O)C3=C(C[C@](O)(C[C@@H]3O[C@H]3C[C@H](N)[C@H](O)[C@H](C)O3)C(=O)CO)C(O)=C1C2=O
632,DB00998,Frovatriptan,CN[C@@H]1CCC2=C(C1)C1=C(N2)C=CC(=C1)C(N)=O
633,DB00999,Hydrochlorothiazide,NS(=O)(=O)C1=C(Cl)C=C2NCNS(=O)(=O)C2=C1
634,DB01000,Cyclacillin,[H][C@]12SC(C)(C)[C@@H](N1C(=O)[C@H]2NC(=O)C1(N)CCCCC1)C(O)=O
635,DB01001,Albuterol,CC(C)(C)NCC(O)C1=CC(CO)=C(O)C=C1
636,DB01003,Cromoglicic acid,OC(COC1=CC=CC2=C1C(=O)C=C(O2)C(O)=O)COC1=CC=CC2=C1C(=O)C=C(O2)C(O)=O
637,DB01004,Ganciclovir,NC1=NC2=C(N=CN2COC(CO)CO)C(=O)N1
638,DB01005,Hydroxyurea,NC(=O)NO
639,DB01006,Letrozole,N#CC1=CC=C(C=C1)C(N1C=NC=N1)C1=CC=C(C=C1)C#N
640,DB01008,Busulfan,CS(=O)(=O)OCCCCOS(C)(=O)=O
641,DB01009,Ketoprofen,CC(C(O)=O)C1=CC(=CC=C1)C(=O)C1=CC=CC=C1
642,DB01013,Clobetasol propionate,[H][C@@]12C[C@H](C)[C@](OC(=O)CC)(C(=O)CCl)[C@@]1(C)C[C@H](O)[C@@]1(F)[C@@]2([H])CCC2=CC(=O)C=C[C@]12C
643,DB01014,Balsalazide,O=C(O)CCNC(=O)c1ccc(/N=N/c2ccc(O)c(C(=O)O)c2)cc1
644,DB01015,Sulfamethoxazole,CC1=CC(NS(=O)(=O)C2=CC=C(N)C=C2)=NO1
645,DB01016,Glyburide,COC1=C(C=C(Cl)C=C1)C(=O)NCCC1=CC=C(C=C1)S(=O)(=O)NC(=O)NC1CCCCC1
646,DB01017,Minocycline,[H][C@@]12CC3=C(C(O)=CC=C3N(C)C)C(=O)C1=C(O)[C@]1(O)C(=O)C(C(N)=O)=C(O)[C@@H](N(C)C)[C@]1([H])C2
647,DB01018,Guanfacine,NC(=N)NC(=O)CC1=C(Cl)C=CC=C1Cl
648,DB01020,Isosorbide mononitrate,[H][C@]12OC[C@@H](O[N+]([O-])=O)[C@@]1([H])OC[C@@H]2O
649,DB01022,Phylloquinone,CC(C)CCC[C@@H](C)CCC[C@@H](C)CCC\C(C)=C\CC1=C(C)C(=O)C2=C(C=CC=C2)C1=O
650,DB01023,Felodipine,CCOC(=O)C1=C(C)NC(C)=C(C1C1=C(Cl)C(Cl)=CC=C1)C(=O)OC
651,DB01024,Mycophenolic acid,COC1=C(C\C=C(/C)CCC(O)=O)C(O)=C2C(=O)OCC2=C1C
652,DB01025,Amlexanox,CC(C)C1=CC2=C(OC3=NC(N)=C(C=C3C2=O)C(O)=O)C=C1
653,DB01026,Ketoconazole,CC(=O)N1CCN(CC1)C1=CC=C(OCC2COC(CN3C=CN=C3)(O2)C2=CC=C(Cl)C=C2Cl)C=C1
654,DB01029,Irbesartan,CCCCC1=NC2(CCCC2)C(=O)N1CC1=CC=C(C=C1)C1=CC=CC=C1C1=NNN=N1
655,DB01030,Topotecan,CC[C@@]1(O)C(=O)OCC2=C1C=C1N(CC3=CC4=C(C=CC(O)=C4CN(C)C)N=C13)C2=O
656,DB01031,Ethinamate,NC(=O)OC1(CCCCC1)C#C
657,DB01032,Probenecid,CCCN(CCC)S(=O)(=O)C1=CC=C(C=C1)C(O)=O
658,DB01033,Mercaptopurine,S=C1N=CNC2=C1NC=N2
659,DB01036,Tolterodine,CC(C)N(CC[C@H](C1=CC=CC=C1)C1=C(O)C=CC(C)=C1)C(C)C
660,DB01037,Selegiline,C[C@H](CC1=CC=CC=C1)N(C)CC#C
661,DB01038,Carphenazine,CCC(=O)C1=CC=C2SC3=C(C=CC=C3)N(CCCN3CCN(CCO)CC3)C2=C1
662,DB01039,Fenofibrate,CC(C)OC(=O)C(C)(C)OC1=CC=C(C=C1)C(=O)C1=CC=C(Cl)C=C1
663,DB01041,Thalidomide,O=C1N(C2CCC(=O)NC2=O)C(=O)C2=CC=CC=C12
664,DB01042,Melphalan,N[C@@H](CC1=CC=C(C=C1)N(CCCl)CCCl)C(O)=O
665,DB01044,Gatifloxacin,COC1=C2N(C=C(C(O)=O)C(=O)C2=CC(F)=C1N1CCNC(C)C1)C1CC1
666,DB01045,Rifampin,CO[C@H]1\C=C\O[C@@]2(C)OC3=C(C2=O)C2=C(O)C(\C=N\N4CCN(C)CC4)=C(NC(=O)\C(C)=C/C=C/[C@H](C)[C@H](O)[C@@H](C)[C@@H](O)[C@@H](C)[C@H](OC(C)=O)[C@@H]1C)C(O)=C2C(O)=C3C
667,DB01046,Lubiprostone,[H][C@@]12CC(=O)[C@H](CCCCCCC(O)=O)[C@@]1([H])CC[C@@](O)(O2)C(F)(F)CCCC
668,DB01047,Fluocinonide,[H][C@@]12C[C@@]3([H])[C@]4([H])C[C@H](F)C5=CC(=O)C=C[C@]5(C)[C@@]4(F)[C@@H](O)C[C@]3(C)[C@@]1(OC(C)(C)O2)C(=O)COC(C)=O
669,DB01048,Abacavir,NC1=NC2=C(N=CN2[C@@H]2C[C@H](CO)C=C2)C(NC2CC2)=N1
670,DB01050,Ibuprofen,CC(C)CC1=CC=C(C=C1)C(C)C(O)=O
671,DB01053,Benzylpenicillin,[H][C@]12SC(C)(C)[C@@H](N1C(=O)[C@H]2NC(=O)CC1=CC=CC=C1)C(O)=O
672,DB01056,Tocainide,CC(N)C(=O)NC1=C(C)C=CC=C1C
673,DB01057,Echothiophate,CCOP(=O)(OCC)SCC[N+](C)(C)C
674,DB01058,Praziquantel,O=C(C1CCCCC1)N1CC2N(CCC3=CC=CC=C23)C(=O)C1
675,DB01059,Norfloxacin,CCN1C=C(C(O)=O)C(=O)C2=CC(F)=C(C=C12)N1CCNCC1
676,DB01060,Amoxicillin,[H][C@]12SC(C)(C)[C@@H](N1C(=O)[C@H]2NC(=O)[C@H](N)C1=CC=C(O)C=C1)C(O)=O
677,DB01061,Azlocillin,[H][C@](NC(=O)N1CCNC1=O)(C(=O)N[C@@H]1C(=O)N2[C@@H](C(O)=O)C(C)(C)S[C@]12[H])C1=CC=CC=C1
678,DB01062,Oxybutynin,CCN(CC)CC#CCOC(=O)C(O)(C1CCCCC1)C1=CC=CC=C1
679,DB01063,Acetophenazine,CC(=O)C1=CC=C2SC3=C(C=CC=C3)N(CCCN3CCN(CCO)CC3)C2=C1
680,DB01064,Isoprenaline,CC(C)NCC(O)C1=CC(O)=C(O)C=C1
681,DB01065,Melatonin,COC1=CC=C2NC=C(CCNC(C)=O)C2=C1
682,DB01066,Cefditoren,[H][C@]12SCC(\C=C/C3=C(C)N=CS3)=C(N1C(=O)[C@H]2NC(=O)C(=N/OC)\C1=CSC(N)=N1)C(O)=O
683,DB01067,Glipizide,Cc1cnc(C(=O)NCCc2ccc(S(=O)(=O)NC(=O)NC3CCCCC3)cc2)cn1
684,DB01068,Clonazepam,[O-][N+](=O)C1=CC2=C(NC(=O)CN=C2C2=CC=CC=C2Cl)C=C1
685,DB01069,Promethazine,CC(CN1C2=CC=CC=C2SC2=CC=CC=C12)N(C)C
686,DB01070,Dihydrotachysterol,CC(C)[C@@H](C)\C=C\[C@@H](C)[C@@]1([H])CC[C@@]2([H])\C(CCC[C@]12C)=C\C=C1/C[C@@H](O)CC[C@@H]1C
687,DB01072,Atazanavir,COC(=O)N[C@H](C(=O)N[C@@H](CC1=CC=CC=C1)[C@@H](O)CN(CC1=CC=C(C=C1)C1=CC=CC=N1)NC(=O)[C@@H](NC(=O)OC)C(C)(C)C)C(C)(C)C
688,DB01073,Fludarabine,NC1=NC(F)=NC2=C1N=CN2[C@@H]1O[C@H](CO)[C@@H](O)[C@@H]1O
689,DB01075,Diphenhydramine,CN(C)CCOC(C1=CC=CC=C1)C1=CC=CC=C1
690,DB01076,Atorvastatin,CC(C)C1=C(C(=O)NC2=CC=CC=C2)C(=C(N1CC[C@@H](O)C[C@@H](O)CC(O)=O)C1=CC=C(F)C=C1)C1=CC=CC=C1
691,DB01077,Etidronic acid,CC(O)(P(O)(O)=O)P(O)(O)=O
692,DB01079,Tegaserod,CCCCCNC(=N)N\N=C\C1=CNC2=C1C=C(OC)C=C2
693,DB01080,Vigabatrin,NC(CCC(O)=O)C=C
694,DB01081,Diphenoxylate,CCOC(=O)C1(CCN(CCC(C#N)(C2=CC=CC=C2)C2=CC=CC=C2)CC1)C1=CC=CC=C1
695,DB01082,Streptomycin,CN[C@H]1[C@H](O)[C@@H](O)[C@H](CO)O[C@H]1O[C@H]1[C@H](O[C@H]2[C@H](O)[C@@H](O)[C@H](NC(N)=N)[C@@H](O)[C@@H]2NC(N)=N)O[C@@H](C)[C@]1(O)C=O
696,DB01083,Orlistat,CCCCCCCCCCC[C@@H](C[C@@H]1OC(=O)[C@H]1CCCCCC)OC(=O)[C@H](CC(C)C)NC=O
697,DB01084,Emedastine,CCOCCN1C(=NC2=CC=CC=C12)N1CCCN(C)CC1
698,DB01085,Pilocarpine,CC[C@H]1[C@@H](CC2=CN=CN2C)COC1=O
699,DB01086,Benzocaine,CCOC(=O)C1=CC=C(N)C=C1
700,DB01087,Primaquine,COC1=CC(NC(C)CCCN)=C2N=CC=CC2=C1
701,DB01091,Butenafine,CN(CC1=CC=C(C=C1)C(C)(C)C)CC1=CC=CC2=CC=CC=C12
702,DB01093,Dimethyl sulfoxide,CS(C)=O
703,DB01095,Fluvastatin,CC(C)N1C(\C=C\C(O)CC(O)CC(O)=O)=C(C2=CC=CC=C12)C1=CC=C(F)C=C1
704,DB01096,Oxamniquine,CC(C)NCC1CCC2=CC(CO)=C(C=C2N1)[N+]([O-])=O
705,DB01097,Leflunomide,CC1=C(C=NO1)C(=O)NC1=CC=C(C=C1)C(F)(F)F
706,DB01098,Rosuvastatin,CC(C)C1=NC(=NC(C2=CC=C(F)C=C2)=C1\C=C\[C@@H](O)C[C@@H](O)CC(=O)O)N(C)S(C)(=O)=O
707,DB01101,Capecitabine,CCCCCOC(=O)NC1=NC(=O)N(C=C1F)[C@@H]1O[C@H](C)[C@@H](O)[C@H]1O
708,DB01103,Quinacrine,CCN(CC)CCCC(C)NC1=C2C=C(OC)C=CC2=NC2=C1C=CC(Cl)=C2
709,DB01104,Sertraline,CN[C@H]1CC[C@@H](C2=CC(Cl)=C(Cl)C=C2)C2=CC=CC=C12
710,DB01105,Sibutramine,CC(C)CC(N(C)C)C1(CCC1)C1=CC=C(Cl)C=C1
711,DB01106,Levocabastine,C[C@@H]1CN(CC[C@]1(C(O)=O)C1=CC=CC=C1)[C@H]1CC[C@](CC1)(C#N)C1=CC=C(F)C=C1
712,DB01108,Trilostane,[H][C@@]12CC[C@H](O)[C@@]1(C)CC[C@@]1([H])[C@@]2([H])CC[C@@]23O[C@@H]2C(O)=C(C[C@]13C)C#N
713,DB01110,Miconazole,ClC1=CC(Cl)=C(COC(CN2C=CN=C2)C2=C(Cl)C=C(Cl)C=C2)C=C1
714,DB01112,Cefuroxime,[H][C@]12SCC(COC(N)=O)=C(N1C(=O)[C@H]2NC(=O)C(=N/OC)\C1=CC=CO1)C(O)=O
715,DB01113,Papaverine,COC1=C(OC)C=C(CC2=NC=CC3=CC(OC)=C(OC)C=C23)C=C1
716,DB01114,Chlorpheniramine,CN(C)CCC(C1=CC=C(Cl)C=C1)C1=CC=CC=N1
717,DB01115,Nifedipine,COC(=O)C1=C(C)NC(C)=C(C1C1=CC=CC=C1[N+]([O-])=O)C(=O)OC
718,DB01116,Trimethaphan,O=C1N(CC2=CC=CC=C2)C2C[S+]3CCCC3C2N1CC1=CC=CC=C1
719,DB01118,Amiodarone,CCCCC1=C(C(=O)C2=CC(I)=C(OCCN(CC)CC)C(I)=C2)C2=C(O1)C=CC=C2
720,DB01119,Diazoxide,CC1=NS(=O)(=O)C2=C(N1)C=CC(Cl)=C2
721,DB01120,Gliclazide,[H][C@@]12CCC[C@]1([H])CN(C2)NC(=O)NS(=O)(=O)C1=CC=C(C)C=C1
722,DB01121,Phenacemide,NC(=O)NC(=O)CC1=CC=CC=C1
723,DB01122,Ambenonium,CC[N+](CC)(CCNC(=O)C(=O)NCC[N+](CC)(CC)CC1=CC=CC=C1Cl)CC1=CC=CC=C1Cl
724,DB01124,Tolbutamide,CCCCNC(=O)NS(=O)(=O)C1=CC=C(C)C=C1
725,DB01126,Dutasteride,[H][C@@]1(CC[C@@]2([H])[C@]3([H])CC[C@@]4([H])NC(=O)C=C[C@]4(C)[C@@]3([H])CC[C@]12C)C(=O)NC1=CC(=CC=C1C(F)(F)F)C(F)(F)F
726,DB01127,Econazole,ClC1=CC=C(COC(CN2C=CN=C2)C2=C(Cl)C=C(Cl)C=C2)C=C1
727,DB01129,Rabeprazole,COCCCOC1=C(C)C(CS(=O)C2=NC3=CC=CC=C3N2)=NC=C1
728,DB01130,Prednicarbate,[H][C@@]12CC[C@](OC(=O)OCC)(C(=O)COC(=O)CC)[C@@]1(C)C[C@H](O)[C@@]1([H])[C@@]2([H])CCC2=CC(=O)C=C[C@]12C
729,DB01131,Proguanil,CC(C)NC(=N)NC(=N)NC1=CC=C(Cl)C=C1
730,DB01132,Pioglitazone,CCC1=CN=C(CCOC2=CC=C(CC3SC(=O)NC3=O)C=C2)C=C1
731,DB01133,Tiludronic acid,OP(O)(=O)C(SC1=CC=C(Cl)C=C1)P(O)(O)=O
732,DB01136,Carvedilol,COC1=CC=CC=C1OCCNCC(O)COC1=CC=CC2=C1C1=CC=CC=C1N2
733,DB01137,Levofloxacin,C[C@H]1COC2=C3N1C=C(C(O)=O)C(=O)C3=CC(F)=C2N1CCN(C)CC1
734,DB01138,Sulfinpyrazone,O=C1C(CCS(=O)C2=CC=CC=C2)C(=O)N(N1C1=CC=CC=C1)C1=CC=CC=C1
735,DB01139,Cefapirin,[H][C@]12SCC(COC(C)=O)=C(N1C(=O)[C@H]2NC(=O)CSC1=CC=NC=C1)C(O)=O
736,DB01140,Cefadroxil,[H][C@]12SCC(C)=C(N1C(=O)[C@H]2NC(=O)[C@H](N)C1=CC=C(O)C=C1)C(O)=O
737,DB01141,Micafungin,CCCCCOC1=CC=C(C=C1)C1=CC(=NO1)C1=CC=C(C=C1)C(=O)N[C@H]1C[C@@H](O)[C@@H](O)NC(=O)[C@@H]2[C@@H](O)[C@@H](C)CN2C(=O)[C@@H](NC(=O)[C@@H](NC(=O)[C@@H]2C[C@@H](O)CN2C(=O)[C@@H](NC1=O)[C@@H](C)O)[C@H](O)[C@@H](O)C1=CC(OS(O)(=O)=O)=C(O)C=C1)[C@H](O)CC(N)=O
738,DB01142,Doxepin,[H]C(CCN(C)C)=C1C2=CC=CC=C2COC2=CC=CC=C12
739,DB01146,Diphenylpyraline,CN1CCC(CC1)OC(C1=CC=CC=C1)C1=CC=CC=C1
740,DB01147,Cloxacillin,[H][C@]12SC(C)(C)[C@@H](N1C(=O)[C@H]2NC(=O)C1=C(C)ON=C1C1=CC=CC=C1Cl)C(O)=O
741,DB01148,Flavoxate,CC1=C(OC2=C(C=CC=C2C(=O)OCCN2CCCCC2)C1=O)C1=CC=CC=C1
742,DB01149,Nefazodone,CCC1=NN(CCCN2CCN(CC2)C2=CC(Cl)=CC=C2)C(=O)N1CCOC1=CC=CC=C1
743,DB01150,Cefprozil,[H][C@]12SCC(C=CC)=C(N1C(=O)[C@@]2([H])NC(=O)[C@H](N)C1=CC=C(O)C=C1)C(O)=O
744,DB01151,Desipramine,CNCCCN1C2=CC=CC=C2CCC2=CC=CC=C12
745,DB01155,Gemifloxacin,CO\N=C1/CN(CC1CN)C1=NC2=C(C=C1F)C(=O)C(=CN2C1CC1)C(O)=O
746,DB01156,Bupropion,CC(NC(C)(C)C)C(=O)C1=CC(Cl)=CC=C1
747,DB01158,Bretylium,CC[N+](C)(C)CC1=CC=CC=C1Br
748,DB01160,Dinoprost tromethamine,NC(CO)(CO)CO.CCCCC[C@H](O)\C=C\[C@H]1[C@H](O)C[C@H](O)[C@@H]1C\C=C/CCCC(O)=O
749,DB01162,Terazosin,COC1=C(OC)C=C2C(N)=NC(=NC2=C1)N1CCN(CC1)C(=O)C1CCCO1
750,DB01164,Calcium chloride,[Cl-].[Cl-].[Ca++]
751,DB01165,Ofloxacin,CC1COC2=C3N1C=C(C(O)=O)C(=O)C3=CC(F)=C2N1CCN(C)CC1
752,DB01166,Cilostazol,O=C1CCC2=C(N1)C=CC(OCCCCC1=NN=NN1C1CCCCC1)=C2
753,DB01167,Itraconazole,CCC(C)N1N=CN(C1=O)C1=CC=C(C=C1)N1CCN(CC1)C1=CC=C(OC[C@H]2CO[C@@](CN3C=NC=N3)(O2)C2=C(Cl)C=C(Cl)C=C2)C=C1
754,DB01169,Arsenic trioxide,O=[As]O[As]=O
755,DB01172,Kanamycin,NC[C@H]1O[C@H](O[C@@H]2[C@@H](N)C[C@@H](N)[C@H](O[C@H]3O[C@H](CO)[C@@H](O)[C@H](N)[C@H]3O)[C@H]2O)[C@H](O)[C@@H](O)[C@@H]1O
756,DB01173,Orphenadrine,CN(C)CCOC(C1=CC=CC=C1)C1=CC=CC=C1C
757,DB01174,Phenobarbital,CCC1(C(=O)NC(=O)NC1=O)C1=CC=CC=C1
758,DB01175,Escitalopram,CN(C)CCC[C@]1(OCC2=C1C=CC(=C2)C#N)C1=CC=C(F)C=C1
759,DB01176,Cyclizine,CN1CCN(CC1)C(C1=CC=CC=C1)C1=CC=CC=C1
760,DB01177,Idarubicin,C[C@@H]1O[C@H](C[C@H](N)[C@@H]1O)O[C@H]1C[C@@](O)(CC2=C1C(O)=C1C(=O)C3=CC=CC=C3C(=O)C1=C2O)C(C)=O
761,DB01178,Chlormezanone,CN1C(C2=CC=C(Cl)C=C2)S(=O)(=O)CCC1=O
762,DB01179,Podofilox,[H][C@]12COC(=O)[C@]1([H])[C@H](C1=CC(OC)=C(OC)C(OC)=C1)C1=CC3=C(OCO3)C=C1[C@@H]2O
763,DB01182,Propafenone,CCCNCC(O)COC1=C(C=CC=C1)C(=O)CCC1=CC=CC=C1
764,DB01183,Naloxone,OC1=CC=C2C[C@H]3N(CC=C)CC[C@@]45[C@@H](OC1=C24)C(=O)CC[C@@]35O
765,DB01184,Domperidone,ClC1=CC2=C(C=C1)N(C1CCN(CCCN3C(=O)NC4=CC=CC=C34)CC1)C(=O)N2
766,DB01185,Fluoxymesterone,[H][C@@]12CC[C@](C)(O)[C@@]1(C)C[C@H](O)[C@@]1(F)[C@@]2([H])CCC2=CC(=O)CC[C@]12C
767,DB01186,Pergolide,[H][C@@]12CC3=CNC4=CC=CC(=C34)[C@@]1([H])C[C@@H](CSC)CN2CCC
768,DB01188,Ciclopirox,CC1=CC(=O)N(O)C(=C1)C1CCCCC1
769,DB01190,Clindamycin,[H][C@@](NC(=O)[C@@H]1C[C@@H](CCC)CN1C)([C@H](C)Cl)[C@@]1([H])O[C@H](SC)[C@H](O)[C@@H](O)[C@H]1O
770,DB01192,Oxymorphone,[H][C@@]12OC3=C(O)C=CC4=C3[C@@]11CCN(C)[C@]([H])(C4)[C@]1(O)CCC2=O
771,DB01193,Acebutolol,CCCC(=O)NC1=CC=C(OCC(O)CNC(C)C)C(=C1)C(C)=O
772,DB01195,Flecainide,FC(F)(F)COC1=CC(C(=O)NCC2CCCCN2)=C(OCC(F)(F)F)C=C1
773,DB01196,Estramustine,[H][C@@]12CC[C@H](O)[C@@]1(C)CC[C@]1([H])C3=CC=C(OC(=O)N(CCCl)CCCl)C=C3CC[C@@]21[H]
774,DB01197,Captopril,C[C@H](CS)C(=O)N1CCC[C@H]1C(O)=O
775,DB01198,Zopiclone,CN1CCN(CC1)C(=O)OC1N(C(=O)C2=NC=CN=C12)C1=NC=C(Cl)C=C1
776,DB01200,Bromocriptine,[H][C@@]12CCCN1C(=O)[C@H](CC(C)C)N1C(=O)[C@](NC(=O)[C@H]3CN(C)[C@]4([H])CC5=C(Br)NC6=CC=CC(=C56)C4=C3)(O[C@@]21O)C(C)C
777,DB01201,Rifapentine,CO[C@H]1\C=C\O[C@@]2(C)OC3=C(C2=O)C2=C(C(O)=C3C)C(O)=C(NC(=O)\C(C)=C/C=C/[C@H](C)[C@H](O)[C@@H](C)[C@@H](O)[C@@H](C)[C@H](OC(C)=O)[C@@H]1C)C(\C=N\N1CCN(CC1)C1CCCC1)=C2O
778,DB01202,Levetiracetam,CC[C@H](N1CCCC1=O)C(N)=O
779,DB01203,Nadolol,CC(C)(C)NCC(O)COC1=CC=CC2=C1C[C@H](O)[C@H](O)C2
780,DB01204,Mitoxantrone,OCCNCCNC1=CC=C(NCCNCCO)C2=C1C(=O)C1=C(C(O)=CC=C1O)C2=O
781,DB01206,Lomustine,ClCCN(N=O)C(=O)NC1CCCCC1
782,DB01208,Sparfloxacin,C[C@H]1CN(C[C@@H](C)N1)C1=C(F)C(N)=C2C(=O)C(=CN(C3CC3)C2=C1F)C(O)=O
783,DB01209,Dezocine,[H][C@@]12CC3=CC=C(O)C=C3[C@@](C)(CCCCC1)[C@H]2N
784,DB01210,Levobunolol,CC(C)(C)NC[C@H](O)COC1=CC=CC2=C1CCCC2=O
785,DB01211,Clarithromycin,[H][C@@]1(C[C@@](C)(OC)[C@@H](O)[C@H](C)O1)O[C@H]1[C@H](C)[C@@H](O[C@]2([H])O[C@H](C)C[C@@H]([C@H]2O)N(C)C)[C@@](C)(C[C@@H](C)C(=O)[C@H](C)[C@@H](O)[C@](C)(O)[C@@H](CC)OC(=O)[C@@H]1C)OC
786,DB01212,Ceftriaxone,[H][C@]12SCC(CSC3=NC(=O)C(=O)NN3C)=C(N1C(=O)[C@H]2NC(=O)C(=N/OC)\C1=CSC(N)=N1)C(O)=O
787,DB01213,Fomepizole,CC1=CNN=C1
788,DB01214,Metipranolol,CC(C)NCC(O)COC1=C(C)C(C)=C(OC(C)=O)C(C)=C1
789,DB01216,Finasteride,[H][C@@]12CC[C@H](C(=O)NC(C)(C)C)[C@@]1(C)CC[C@@]1([H])[C@@]2([H])CC[C@@]2([H])NC(=O)C=C[C@]12C
790,DB01217,Anastrozole,CC(C)(C#N)C1=CC(=CC(CN2C=NC=N2)=C1)C(C)(C)C#N
791,DB01218,Halofantrine,CCCCN(CCCC)CCC(O)C1=C2C=CC(=CC2=C2C=C(Cl)C=C(Cl)C2=C1)C(F)(F)F
792,DB01219,Dantrolene,[O-][N+](=O)C1=CC=C(C=C1)C1=CC=C(O1)\C=N\N1CC(=O)NC1=O
793,DB01220,Rifaximin,CO[C@H]1\C=C\O[C@@]2(C)OC3=C(C)C(O)=C4C(O)=C(NC(=O)\C(C)=C/C=C/[C@H](C)[C@H](O)[C@@H](C)[C@@H](O)[C@@H](C)[C@H](OC(C)=O)[C@@H]1C)C1=C(N=C5C=C(C)C=CN15)C4=C3C2=O
794,DB01222,Budesonide,[H][C@@]12C[C@H]3OC(CCC)O[C@@]3(C(=O)CO)[C@@]1(C)C[C@H](O)[C@@]1([H])[C@@]2([H])CCC2=CC(=O)C=C[C@]12C
795,DB01223,Aminophylline,NCCN.CN1C2=C(NC=N2)C(=O)N(C)C1=O.CN1C2=C(NC=N2)C(=O)N(C)C1=O
796,DB01224,Quetiapine,OCCOCCN1CCN(CC1)C1=NC2=CC=CC=C2SC2=CC=CC=C12
797,DB01227,Levacetylmethadol,CC[C@H](OC(C)=O)C(C[C@H](C)N(C)C)(C1=CC=CC=C1)C1=CC=CC=C1
798,DB01228,Encainide,COC1=CC=C(C=C1)C(=O)NC1=CC=CC=C1CCC1CCCCN1C
799,DB01229,Paclitaxel,[H][C@]12[C@H](OC(=O)C3=CC=CC=C3)[C@]3(O)C[C@H](OC(=O)[C@H](O)[C@@H](NC(=O)C4=CC=CC=C4)C4=CC=CC=C4)C(C)=C([C@@H](OC(C)=O)C(=O)[C@]1(C)[C@@H](O)C[C@H]1OC[C@@]21OC(C)=O)C3(C)C
800,DB01230,Pemoline,NC1=NC(=O)C(c2ccccc2)O1
801,DB01232,Saquinavir,[H][C@@]12CCCC[C@]1([H])CN(C[C@@H](O)[C@H](CC1=CC=CC=C1)NC(=O)[C@H](CC(N)=O)NC(=O)C1=NC3=C(C=CC=C3)C=C1)[C@@H](C2)C(=O)NC(C)(C)C
802,DB01233,Metoclopramide,CCN(CC)CCNC(=O)C1=CC(Cl)=C(N)C=C1OC
803,DB01234,Dexamethasone,[H][C@@]12C[C@@H](C)[C@](O)(C(=O)CO)[C@@]1(C)C[C@H](O)[C@@]1(F)[C@@]2([H])CCC2=CC(=O)C=C[C@]12C
804,DB01235,Levodopa,N[C@@H](CC1=CC(O)=C(O)C=C1)C(O)=O
805,DB01237,Bromodiphenhydramine,CN(C)CCOC(C1=CC=CC=C1)C1=CC=C(Br)C=C1
806,DB01238,Aripiprazole,ClC1=CC=CC(N2CCN(CCCCOC3=CC4=C(CCC(=O)N4)C=C3)CC2)=C1Cl
807,DB01239,Chlorprothixene,CN(C)CC\C=C1\C2=CC=CC=C2SC2=CC=C(Cl)C=C12
808,DB01240,Epoprostenol,[H][C@]12C[C@@H](O)[C@H](\C=C\[C@@H](O)CCCCC)[C@@]1([H])C\C(O2)=C\CCCC(O)=O
809,DB01241,Gemfibrozil,CC1=CC(OCCCC(C)(C)C(O)=O)=C(C)C=C1
810,DB01242,Clomipramine,CN(C)CCCN1C2=CC=CC=C2CCC2=C1C=C(Cl)C=C2
811,DB01243,Chloroxine,OC1=C(Cl)C=C(Cl)C2=C1N=CC=C2
812,DB01246,Alimemazine,CC(CN(C)C)CN1C2=CC=CC=C2SC2=CC=CC=C12
813,DB01248,Docetaxel,[H][C@@]1(C[C@@]2(O)[C@@H](OC(=O)C3=CC=CC=C3)[C@]3([H])[C@@]4(CO[C@@H]4C[C@H](O)[C@@]3(C)C(=O)[C@H](O)C(=C1C)C2(C)C)OC(C)=O)OC(=O)[C@H](O)[C@@H](NC(=O)OC(C)(C)C)C1=CC=CC=C1
814,DB01250,Olsalazine,OC(=O)C1=CC(=CC=C1O)\N=N\C1=CC=C(O)C(=C1)C(O)=O
815,DB01251,Gliquidone,COC1=CC2=C(C=C1)C(C)(C)C(=O)N(CCC1=CC=C(C=C1)S(=O)(=O)NC(=O)NC1CCCCC1)C2=O
816,DB01252,Mitiglinide,[H][C@@](CC(=O)N1C[C@@]2([H])CCCC[C@@]2([H])C1)(CC1=CC=CC=C1)C(O)=O
817,DB01254,Dasatinib,CC1=NC(NC2=NC=C(S2)C(=O)NC2=C(C)C=CC=C2Cl)=CC(=N1)N1CCN(CCO)CC1
818,DB01255,Lisdexamfetamine,C[C@@H](CC1=CC=CC=C1)NC(=O)[C@@H](N)CCCCN
819,DB01256,Retapamulin,[H][C@@]12C(=O)CC[C@]11CC[C@@H](C)[C@@]2(C)[C@@H](C[C@@](C)(C=C)[C@@H](O)[C@@H]1C)OC(=O)CS[C@H]1C[C@@H]2CC[C@H](C1)N2C
820,DB01259,Lapatinib,CS(=O)(=O)CCNCC1=CC=C(O1)C1=CC2=C(C=C1)N=CN=C2NC1=CC(Cl)=C(OCC2=CC(F)=CC=C2)C=C1
821,DB01260,Desonide,[H][C@@]12C[C@H]3OC(C)(C)O[C@@]3(C(=O)CO)[C@@]1(C)C[C@H](O)[C@@]1([H])[C@@]2([H])CCC2=CC(=O)C=C[C@]12C
822,DB01261,Sitagliptin,N[C@@H](CC(=O)N1CCN2C(C1)=NN=C2C(F)(F)F)CC1=CC(F)=C(F)C=C1F
823,DB01262,Decitabine,NC1=NC(=O)N(C=N1)[C@H]1C[C@H](O)[C@@H](CO)O1
824,DB01263,Posaconazole,CC[C@@H]([C@H](C)O)N1N=CN(C1=O)C1=CC=C(C=C1)N1CCN(CC1)C1=CC=C(OC[C@@H]2CO[C@](CN3C=NC=N3)(C2)C2=C(F)C=C(F)C=C2)C=C1
825,DB01264,Darunavir,[H][C@@]12CCO[C@]1([H])OC[C@@H]2OC(=O)N[C@@H](CC1=CC=CC=C1)[C@H](O)CN(CC(C)C)S(=O)(=O)C1=CC=C(N)C=C1
826,DB01265,Telbivudine,CC1=CN([C@@H]2C[C@@H](O)[C@H](CO)O2)C(=O)NC1=O
827,DB01267,Paliperidone,CC1=C(CCN2CCC(CC2)C2=NOC3=C2C=CC(F)=C3)C(=O)N2CCCC(O)C2=N1
828,DB01268,Sunitinib,CCN(CC)CCNC(=O)C1=C(C)NC(\C=C2/C(=O)NC3=C2C=C(F)C=C3)=C1C
829,DB01274,Arformoterol,COC1=CC=C(C[C@@H](C)NC[C@H](O)C2=CC(NC=O)=C(O)C=C2)C=C1
830,DB01275,Hydralazine,NNC1=NN=CC2=CC=CC=C12
831,DB01280,Nelarabine,COC1=NC(N)=NC2=C1N=CN2[C@@H]1O[C@H](CO)[C@@H](O)[C@@H]1O
832,DB01282,Carbetocin,[H][C@]1(NC(=O)[C@H](CC2=CC=C(OC)C=C2)NC(=O)CCCSC[C@H](NC(=O)[C@H](CC(N)=O)NC(=O)[C@H](CCC(N)=O)NC1=O)C(=O)N1CCC[C@H]1C(=O)N[C@@H](CC(C)C)C(=O)NCC(N)=O)[C@@H](C)CC
833,DB01283,Lumiracoxib,CC1=CC=C(NC2=C(Cl)C=CC=C2F)C(CC(O)=O)=C1
834,DB01284,Tetracosactide,CSCC[C@H](NC(=O)[C@H](CO)NC(=O)[C@H](CC1=CC=C(O)C=C1)NC(=O)[C@@H](N)CO)C(=O)N[C@@H](CCC(O)=O)C(=O)N[C@@H](CC1=CN=CN1)C(=O)N[C@@H](CC1=CC=CC=C1)C(=O)N[C@@H](CCCNC(N)=N)C(=O)N[C@@H](CC1=CNC2=C1C=CC=C2)C(=O)NCC(=O)N[C@@H](CCCCN)C(=O)N1CCC[C@H]1C(=O)N[C@@H](C(C)C)C(=O)NCC(=O)N[C@@H](CCCCN)C(=O)N[C@@H](CCCCN)C(=O)N[C@@H](CCCNC(N)=N)C(=O)N[C@@H](CCCNC(N)=N)C(=O)N1CCC[C@H]1C(=O)N[C@@H](C(C)C)C(=O)N[C@@H](CCCCN)C(=O)N[C@@H](C(C)C)C(=O)N[C@@H](CC1=CC=C(O)C=C1)C(=O)N1CCC[C@H]1C(O)=O
835,DB01289,Glisoxepide,CC1=CC(=NO1)C(=O)NCCC1=CC=C(C=C1)S(=O)(=O)NC(=O)NN1CCCCCC1
836,DB01291,Pirbuterol,CC(C)(C)NCC(O)C1=NC(CO)=C(O)C=C1
837,DB01319,Fosamprenavir,CC(C)CN(C[C@@H](OP(O)(O)=O)[C@H](CC1=CC=CC=C1)NC(=O)O[C@H]1CCOC1)S(=O)(=O)C1=CC=C(N)C=C1
838,DB01320,Fosphenytoin,OP(O)(=O)OCN1C(=O)NC(C1=O)(C1=CC=CC=C1)C1=CC=CC=C1
839,DB01324,Polythiazide,CN1C(CSCC(F)(F)F)NC2=CC(Cl)=C(C=C2S1(=O)=O)S(N)(=O)=O
840,DB01326,Cefamandole,[H][C@]12SCC(CSC3=NN=NN3C)=C(N1C(=O)[C@H]2NC(=O)[C@H](O)C1=CC=CC=C1)C(O)=O
841,DB01327,Cefazolin,[H][C@]12SCC(CSC3=NN=C(C)S3)=C(N1C(=O)[C@H]2NC(=O)CN1C=NN=N1)C(O)=O
842,DB01328,Cefonicid,[H][C@]12SCC(CSC3=NN=NN3CS(O)(=O)=O)=C(N1C(=O)[C@H]2NC(=O)[C@H](O)C1=CC=CC=C1)C(O)=O
843,DB01330,Cefotetan,[H][C@]12SCC(CSC3=NN=NN3C)=C(N1C(=O)[C@]2(NC(=O)C1SC(S1)=C(C(N)=O)C(O)=O)OC)C(O)=O
844,DB01331,Cefoxitin,[H][C@]12SCC(COC(N)=O)=C(N1C(=O)[C@]2(NC(=O)CC1=CC=CS1)OC)C(O)=O
845,DB01332,Ceftizoxime,[H][C@]12SCC=C(N1C(=O)[C@H]2NC(=O)C(=N/OC)\C1=CSC(N)=N1)C(O)=O
846,DB01333,Cefradine,[H][C@]12SCC(C)=C(N1C(=O)[C@H]2NC(=O)[C@H](N)C1=CCC=CC1)C(O)=O
847,DB01340,Cilazapril,CCOC(=O)[C@H](CCC1=CC=CC=C1)N[C@H]1CCCN2CCC[C@H](N2C1=O)C(O)=O
848,DB01348,Spirapril,CCOC(=O)[C@H](CCC1=CC=CC=C1)N[C@@H](C)C(=O)N1CC2(C[C@H]1C(O)=O)SCCS2
849,DB01349,Tasosartan,CC1=NC(C)=C2CCC(=O)N(CC3=CC=C(C=C3)C3=CC=CC=C3C3=NNN=N3)C2=N1
850,DB01351,Amobarbital,CCC1(CCC(C)C)C(=O)NC(=O)NC1=O
851,DB01352,Aprobarbital,CC(C)C1(CC=C)C(=O)NC(=O)NC1=O
852,DB01353,Butobarbital,CCCCC1(CC)C(=O)NC(=O)NC1=O
853,DB01357,Mestranol,[H][C@@]12CC[C@@](O)(C#C)[C@@]1(C)CC[C@]1([H])C3=C(CC[C@@]21[H])C=C(OC)C=C3
854,DB01359,Penbutolol,CC(C)(C)NC[C@H](O)COC1=CC=CC=C1C1CCCC1
855,DB01364,Ephedrine,CN[C@@H](C)[C@H](O)C1=CC=CC=C1
856,DB01365,Mephentermine,CNC(C)(C)CC1=CC=CC=C1
857,DB01367,Rasagiline,C#CCN[C@@H]1CCC2=CC=CC=C12
858,DB01369,Quinupristin,[H][C@@]12CCCN1C(=O)[C@@H](CC)NC(=O)[C@@H](NC(=O)C1=NC=CC=C1O)[C@@H](C)OC(=O)[C@@H](NC(=O)[C@]1([H])CC(=O)[C@]([H])(CS[C@@H]3CN4CCC3CC4)CN1C(=O)[C@H](CC1=CC=C(C=C1)N(C)C)N(C)C2=O)C1=CC=CC=C1
859,DB01380,Cortisone acetate,[H][C@@]12CC[C@](O)(C(=O)COC(C)=O)[C@@]1(C)CC(=O)[C@@]1([H])[C@@]2([H])CCC2=CC(=O)CC[C@]12C
860,DB01382,Glymidine,COCCOC1=CN=C(NS(=O)(=O)C2=CC=CC=C2)N=C1
861,DB01388,Mibefradil,COCC(=O)O[C@]1(CCN(C)CCCC2=NC3=CC=CC=C3N2)CCC2=C(C=CC(F)=C2)[C@@H]1C(C)C
862,DB01393,Bezafibrate,CC(C)(OC1=CC=C(CCNC(=O)C2=CC=C(Cl)C=C2)C=C1)C(O)=O
863,DB01394,Colchicine,COC1=CC2=C(C(OC)=C1OC)C1=CC=C(OC)C(=O)C=C1[C@H](CC2)NC(C)=O
864,DB01395,Drospirenone,[H][C@@]12C[C@]1([H])[C@@]1([H])[C@]3([H])[C@]4([H])C[C@]4([H])[C@@]4(CCC(=O)O4)[C@@]3(C)CC[C@]1([H])[C@@]1(C)CCC(=O)C=C21
865,DB01399,Salsalate,OC(=O)C1=CC=CC=C1OC(=O)C1=CC=CC=C1O
866,DB01400,Neostigmine,CN(C)C(=O)OC1=CC(=CC=C1)[N+](C)(C)C
867,DB01406,Danazol,C#C[C@]1(O)CC[C@H]2[C@@H]3CCC4=Cc5oncc5C[C@]4(C)[C@H]3CC[C@@]21C
868,DB01409,Tiotropium,[H][C@]12O[C@@]1([H])[C@]1([H])C[C@@]([H])(C[C@@]2([H])[N+]1(C)C)OC(=O)C(O)(C1=CC=CS1)C1=CC=CS1
869,DB01410,Ciclesonide,[H][C@@]12C[C@@]3([H])[C@]4([H])CCC5=CC(=O)C=C[C@]5(C)[C@@]4([H])[C@@H](O)C[C@]3(C)[C@@]1(O[C@@H](O2)C1CCCCC1)C(=O)COC(=O)C(C)C
870,DB01411,Pranlukast,O=C(NC1=C2OC(=CC(=O)C2=CC=C1)C1=NNN=N1)C1=CC=C(OCCCCC2=CC=CC=C2)C=C1
871,DB01413,Cefepime,CO\N=C(/C(=O)N[C@@H]1C(=O)N2[C@]1([H])SCC(C[N+]1(C)CCCC1)=C2C([O-])=O)C1=CSC(N)=N1
872,DB01415,Ceftibuten,[H][C@]12SCC=C(N1C(=O)[C@H]2NC(=O)C(=C/CC(O)=O)\C1=CSC(N)=N1)C(O)=O
873,DB01416,Cefpodoxime,[H][C@]12SCC(COC)=C(N1C(=O)[C@H]2NC(=O)C(=N/OC)\C1=CSC(N)=N1)C(O)=O
874,DB01418,Acenocoumarol,CC(=O)CC(C1=CC=C(C=C1)[N+]([O-])=O)C1=C(O)C2=CC=CC=C2OC1=O
875,DB01420,Testosterone propionate,[H][C@@]12CC[C@H](OC(=O)CC)[C@@]1(C)CC[C@@]1([H])[C@@]2([H])CCC2=CC(=O)CC[C@]12C
876,DB01421,Paromomycin,NC[C@@H]1O[C@H](O[C@@H]2[C@@H](CO)O[C@@H](O[C@@H]3[C@@H](O)[C@H](N)C[C@H](N)[C@H]3O[C@H]3O[C@H](CO)[C@@H](O)[C@H](O)[C@H]3N)[C@@H]2O)[C@H](N)[C@@H](O)[C@@H]1O
877,DB01425,Alizapride,COC1=CC2=NNN=C2C=C1C(=O)NCC1CCCN1CC=C
878,DB01426,Ajmaline,[H][C@]12C[C@]34[C@H](O)C1[C@@]1([H])C[C@]([H])(N2[C@H](O)[C@H]1CC)[C@]3([H])N(C)C1=CC=CC=C41
879,DB01427,Amrinone,Nc1cc(-c2ccncc2)c[nH]c1=O
880,DB01429,Aprindine,CCN(CC)CCCN(C1CC2=CC=CC=C2C1)C1=CC=CC=C1
881,DB01430,Almitrine,FC1=CC=C(C=C1)C(N1CCN(CC1)C1=NC(NCC=C)=NC(NCC=C)=N1)C1=CC=C(F)C=C1
882,DB01436,Alfacalcidol,CC(C)CCC[C@@H](C)[C@@]1([H])CC[C@@]2([H])\C(CCC[C@]12C)=C\C=C1\C[C@@H](O)C[C@H](O)C1=C
883,DB01437,Glutethimide,CCC1(CCC(=O)NC1=O)C1=CC=CC=C1
884,DB01438,Phenazopyridine,NC1=NC(N)=C(C=C1)\N=N\C1=CC=CC=C1
885,DB01440,gamma-Hydroxybutyric acid,OCCCC(O)=O
886,DB01483,Barbital,CCC1(CC)C(=O)NC(=O)NC1=O
887,DB01501,Difenoxin,OC(=O)C1(CCN(CCC(C#N)(C2=CC=CC=C2)C2=CC=CC=C2)CC1)C1=CC=CC=C1
888,DB01545,Ethyl loflazepate,CCOC(=O)C1N=C(c2ccccc2F)c2cc(Cl)ccc2NC1=O
889,DB01550,Fenproporex,CC(CC1=CC=CC=C1)NCCC#N
890,DB01551,Dihydrocodeine,[H][C@@]12OC3=C4C(C[C@H]5N(C)CC[C@@]14[C@@]5([H])CC[C@@H]2O)=CC=C3OC
891,DB01556,Chlorphentermine,CC(C)(N)CC1=CC=C(Cl)C=C1
892,DB01563,Chloral hydrate,OC(O)C(Cl)(Cl)Cl
893,DB01576,Dextroamphetamine,C[C@H](N)CC1=CC=CC=C1
894,DB01577,Metamfetamine,CN[C@@H](C)CC1=CC=CC=C1
895,DB01579,Phendimetrazine,C[C@H]1[C@@H](OCCN1C)C1=CC=CC=C1
896,DB01580,Oxprenolol,CC(C)NCC(O)COC1=CC=CC=C1OCC=C
897,DB01586,Ursodeoxycholic acid,[H][C@@]1(CC[C@@]2([H])[C@]3([H])[C@@H](O)C[C@]4([H])C[C@H](O)CC[C@]4(C)[C@@]3([H])CC[C@]12C)[C@H](C)CCC(O)=O
898,DB01588,Prazepam,ClC1=CC2=C(C=C1)N(CC1CC1)C(=O)CN=C2C1=CC=CC=C1
899,DB01590,Everolimus,[H][C@@]1(C[C@@H](C)[C@]2([H])CC(=O)[C@H](C)\C=C(C)\[C@@H](O)[C@@H](OC)C(=O)[C@H](C)C[C@H](C)\C=C\C=C\C=C(C)\[C@H](C[C@]3([H])CC[C@@H](C)[C@@](O)(O3)C(=O)C(=O)N3CCCC[C@@]3([H])C(=O)O2)OC)CC[C@@H](OCCO)[C@@H](C1)OC
900,DB01591,Solifenacin,O=C(O[C@H]1CN2CCC1CC2)N1CCC2=CC=CC=C2[C@@H]1C1=CC=CC=C1
901,DB01592,Iron,[Fe]
902,DB01595,Nitrazepam,[O-][N+](=O)C1=CC2=C(NC(=O)CN=C2C2=CC=CC=C2)C=C1
903,DB01597,Cilastatin,CC1(C)C[C@@H]1C(=O)N\C(=C/CCCCSC[C@H](N)C(O)=O)C(O)=O
904,DB01598,Imipenem,[H][C@]12CC(SCC\N=C\N)=C(N1C(=O)[C@]2([H])[C@@H](C)O)C(O)=O
905,DB01599,Probucol,CC(C)(SC1=CC(=C(O)C(=C1)C(C)(C)C)C(C)(C)C)SC1=CC(=C(O)C(=C1)C(C)(C)C)C(C)(C)C
906,DB01600,Tiaprofenic acid,CC(C(O)=O)C1=CC=C(S1)C(=O)C1=CC=CC=C1
907,DB01601,Lopinavir,CC(C)[C@H](N1CCCNC1=O)C(=O)N[C@H](C[C@H](O)[C@H](CC1=CC=CC=C1)NC(=O)COC1=C(C)C=CC=C1C)CC1=CC=CC=C1
908,DB01602,Bacampicillin,[H][C@]12SC(C)(C)[C@@H](N1C(=O)[C@H]2NC(=O)[C@H](N)C1=CC=CC=C1)C(=O)OC(C)OC(=O)OCC
909,DB01603,Meticillin,[H][C@]12SC(C)(C)[C@@H](N1C(=O)[C@H]2NC(=O)C1=C(OC)C=CC=C1OC)C(O)=O
910,DB01606,Tazobactam,[H][C@@]12CC(=O)N1[C@@H](C(O)=O)[C@](C)(CN1C=CN=N1)S2(=O)=O
911,DB01607,Ticarcillin,[H][C@]12SC(C)(C)[C@@H](N1C(=O)[C@H]2NC(=O)[C@H](C(O)=O)C1=CSC=C1)C(O)=O
912,DB01609,Deferasirox,OC(=O)C1=CC=C(C=C1)N1N=C(N=C1C1=CC=CC=C1O)C1=CC=CC=C1O
913,DB01611,Hydroxychloroquine,CCN(CCO)CCCC(C)NC1=C2C=CC(Cl)=CC2=NC=C1
914,DB01612,Amyl Nitrite,CCCCCON=O
915,DB01615,Aceprometazine,CC(CN1C2=CC=CC=C2SC2=C1C=C(C=C2)C(C)=O)N(C)C
916,DB01618,Molindone,CCC1=C(C)NC2=C1C(=O)C(CN1CCOCC1)CC2
917,DB01619,Phenindamine,CN1CCC2=C(C1)C(C1=CC=CC=C21)C1=CC=CC=C1
918,DB01620,Pheniramine,CN(C)CCC(C1=CC=CC=C1)C1=CC=CC=N1
919,DB01621,Pipotiazine,CN(C)S(=O)(=O)C1=CC2=C(SC3=CC=CC=C3N2CCCN2CCC(CCO)CC2)C=C1
920,DB01623,sirolimus,CN1CCN(CC/C=C2/c3ccccc3Sc3ccc(S(=O)(=O)N(C)C)cc32)CC1
921,DB01624,Zuclopenthixol,OCCN1CCN(CC\C=C2\C3=C(SC4=C2C=C(Cl)C=C4)C=CC=C3)CC1
922,DB01625,Isopropamide,CC(C)[N+](C)(CCC(C(N)=O)(C1=CC=CC=C1)C1=CC=CC=C1)C(C)C
923,DB01626,Pargyline,CN(CC#C)CC1=CC=CC=C1
924,DB01656,Roflumilast,FC(F)OC1=C(OCC2CC2)C=C(C=C1)C(=O)NC1=C(Cl)C=NC=C1Cl
925,DB01677,Fumaric acid,OC(=O)\C=C\C(O)=O
926,DB01685,Topiroxostat,N#CC1=NC=CC(=C1)C1=NNC(=N1)C1=CC=NC=C1
927,DB01698,Rutin,C[C@@H]1O[C@@H](OC[C@H]2O[C@@H](OC3=C(OC4=CC(O)=CC(O)=C4C3=O)C3=CC(O)=C(O)C=C3)[C@H](O)[C@@H](O)[C@@H]2O)[C@H](O)[C@H](O)[C@H]1O
928,DB01708,Prasterone,[H][C@@]12CCC(=O)[C@@]1(C)CC[C@@]1([H])[C@@]2([H])CC=C2C[C@@]([H])(O)CC[C@]12C
929,DB01764,Dalfopristin,CCN(CC)CCS(=O)(=O)[C@@H]1CCN2[C@H]1C(=O)O[C@H](C(C)C)[C@H](C)\C=C\C(=O)NC\C=C\C(\C)=C\[C@@H](O)CC(=O)CC1=NC(=CO1)C2=O
930,DB01783,Pantothenic acid,CC(C)(CO)[C@@H](O)C(=O)NCCC(O)=O
931,DB01956,Taurine,NCCS(O)(=O)=O
932,DB02266,Flufenamic acid,OC(=O)C1=CC=CC=C1NC1=CC(=CC=C1)C(F)(F)F
933,DB02300,Calcipotriol,O[C@H](\C=C\[C@@H](C)[C@@]1([H])CC[C@@]2([H])\C(CCC[C@]12C)=C\C=C1\C[C@@H](O)C[C@H](O)C1=C)C1CC1
934,DB02329,Carbenoxolone,[H][C@@]1(CC[C@@]2(C)[C@@]([H])(CC[C@]3(C)[C@]2([H])C(=O)C=C2[C@]4([H])C[C@](C)(CC[C@]4(C)CC[C@@]32C)C(O)=O)C1(C)C)OC(=O)CCC(O)=O
935,DB02362,Aminobenzoic acid,NC1=CC=C(C=C1)C(O)=O
936,DB02383,Tolrestat,COC1=C(C2=CC=CC(C(=S)N(C)CC(O)=O)=C2C=C1)C(F)(F)F
937,DB02546,Vorinostat,ONC(=O)CCCCCCC(=O)NC1=CC=CC=C1
938,DB02600,Oseltamivir acid,CCC(CC)O[C@@H]1C=C(C[C@H](N)[C@H]1NC(C)=O)C(O)=O
939,DB02659,Cholic Acid,[H][C@@](C)(CCC(O)=O)[C@@]1([H])CC[C@@]2([H])[C@]3([H])[C@]([H])(O)C[C@]4([H])C[C@]([H])(O)CC[C@]4(C)[C@@]3([H])C[C@]([H])(O)[C@]12C
940,DB02703,Fusidic acid,[H][C@@]12C[C@@H](O)[C@@]3([H])[C@@]4(C)CC[C@@H](O)[C@@H](C)[C@]4([H])CC[C@]3(C)[C@@]1(C)C[C@H](OC(C)=O)\C2=C(\CCC=C(C)C)C(O)=O
941,DB02745,Uridine,OC[C@H]1O[C@H]([C@H](O)[C@@H]1O)N1C=CC(=O)NC1=O
942,DB02901,Stanolone,[H][C@@]12CC[C@H](O)[C@@]1(C)CC[C@@]1([H])[C@@]2([H])CC[C@@]2([H])CC(=O)CC[C@]12C
943,DB02925,Piretanide,NS(=O)(=O)C1=CC(=CC(N2CCCC2)=C1OC1=CC=CC=C1)C(O)=O
944,DB03128,Acetylcholine,CC(=O)OCC[N+](C)(C)C
945,DB03166,Acetic acid,CC(O)=O
946,DB03209,Oteracil,OC(=O)C1=NC(=O)NC(=O)N1
947,DB03255,Phenol,OC1=CC=CC=C1
948,DB03619,Deoxycholic acid,[H][C@@]12CC[C@H]([C@H](C)CCC(O)=O)[C@@]1(C)[C@@H](O)C[C@@]1([H])[C@@]2([H])CC[C@]2([H])C[C@H](O)CC[C@]12C
949,DB03754,Tromethamine,NC(CO)(CO)CO
950,DB03756,Doconexent,CC\C=C/C\C=C/C\C=C/C\C=C/C\C=C/C\C=C/CCC(O)=O
951,DB03793,Benzoic acid,OC(=O)C1=CC=CC=C1
952,DB03843,Formaldehyde,[H]C([H])=O
953,DB03904,Urea,NC(N)=O
954,DB04145,Nicotinyl alcohol,OCC1=CC=CN=C1
955,DB04272,Citric acid,OC(=O)CC(O)(CC(O)=O)C(O)=O
956,DB04398,Lactic acid,CC(O)C(O)=O
957,DB04465,Lactose,OC[C@H]1O[C@@H](O[C@H]2[C@H](O)[C@@H](O)C(O)O[C@@H]2CO)[C@H](O)[C@@H](O)[C@H]1O
958,DB04564,Gluconolactone,OC[C@H]1OC(=O)[C@H](O)[C@@H](O)[C@@H]1O
959,DB04571,Trioxsalen,CC1=CC2=CC3=C(OC(=O)C=C3C)C(C)=C2O1
960,DB04572,Thiotepa,S=P(N1CC1)(N1CC1)N1CC1
961,DB04574,Estrone sulfate,[H][C@@]12CCC(=O)[C@@]1(C)CC[C@]1([H])C3=C(CC[C@@]21[H])C=C(OS(O)(=O)=O)C=C3
962,DB04575,Quinestrol,[H][C@@]12CC[C@@](O)(C#C)[C@@]1(C)CC[C@]1([H])C3=C(CC[C@@]21[H])C=C(OC1CCCC1)C=C3
963,DB04812,Benoxaprofen,CC(C(O)=O)C1=CC2=C(OC(=N2)C2=CC=C(Cl)C=C2)C=C1
964,DB04815,Clioquinol,OC1=C(I)C=C(Cl)C2=C1N=CC=C2
965,DB04816,Dantron,OC1=CC=CC2=C1C(=O)C1=C(C=CC=C1O)C2=O
966,DB04818,Iproniazid,CC(C)NNC(=O)C1=CC=NC=C1
967,DB04819,Methapyrilene,CN(C)CCN(CC1=CC=CS1)C1=NC=CC=C1
968,DB04822,Oxeladin,CCN(CC)CCOCCOC(=O)C(CC)(CC)C1=CC=CC=C1
969,DB04823,Oxyphenisatin,OC1=CC=C(C=C1)C1(C(=O)NC2=CC=CC=C12)C1=CC=C(O)C=C1
970,DB04830,Buformin,CCCC\N=C(/N)N=C(N)N
971,DB04831,Tienilic acid,OC(=O)COC1=C(Cl)C(Cl)=C(C=C1)C(=O)C1=CC=CS1
972,DB04836,Amineptine,OC(=O)CCCCCCNC1C2=CC=CC=C2CCC2=CC=CC=C12
973,DB04837,Clofedanol,CN(C)CCC(O)(C1=CC=CC=C1)C1=CC=CC=C1Cl
974,DB04842,Fluspirilene,FC1=CC=C(C=C1)C(CCCN1CCC2(CC1)N(CNC2=O)C1=CC=CC=C1)C1=CC=C(F)C=C1
975,DB04843,Mepenzolate,C[N+]1(C)CCCC(C1)OC(=O)C(O)(C1=CC=CC=C1)C1=CC=CC=C1
976,DB04845,Ixabepilone,[H][C@]12C[C@H](NC(=O)C[C@H](O)C(C)(C)C(=O)[C@H](C)[C@@H](O)[C@@H](C)CCC[C@@]1(C)O2)C(\C)=C\C1=CSC(C)=N1
977,DB04846,Celiprolol,CCN(CC)C(=O)NC1=CC=C(OCC(O)CNC(C)(C)C)C(=C1)C(C)=O
978,DB04847,Roxadustat,CC1=NC(C(=O)NCC(O)=O)=C(O)C2=C1C=C(OC1=CC=CC=C1)C=C2
979,DB04854,Febuxostat,CC(C)COC1=C(C=C(C=C1)C1=NC(C)=C(S1)C(O)=O)C#N
980,DB04855,Dronedarone,CCCCN(CCCC)CCCOC1=CC=C(C=C1)C(=O)C1=C(CCCC)OC2=C1C=C(NS(C)(=O)=O)C=C2
981,DB04865,Omacetaxine mepesuccinate,[H][C@@]1(OC(=O)[C@@](O)(CCCC(C)(C)O)CC(=O)OC)C(OC)=C[C@]23CCCN2CCC2=CC4=C(OCO4)C=C2[C@]13[H]
982,DB04871,Lorcaserin,C[C@H]1CNCCC2=CC=C(Cl)C=C12
983,DB04876,Vildagliptin,OC12CC3CC(C1)CC(C3)(C2)NCC(=O)N1CCC[C@H]1C#N
984,DB04878,Voglibose,OCC(CO)N[C@H]1C[C@](O)(CO)[C@@H](O)[C@H](O)[C@H]1O
985,DB04884,Dapoxetine,CN(C)[C@@H](CCOC1=CC=CC2=CC=CC=C12)C1=CC=CC=C1
986,DB04890,Bepotastine,OC(=O)CCCN1CCC(CC1)OC(C1=CC=C(Cl)C=C1)C1=CC=CC=N1
987,DB04896,Milnacipran,CCN(CC)C(=O)C1(CC1CN)C1=CC=CC=C1
988,DB04908,Flibanserin,FC(F)(F)C1=CC(=CC=C1)N1CCN(CCN2C(=O)NC3=CC=CC=C23)CC1
989,DB04911,Oritavancin,CN[C@H](CC(C)C)C(=O)N[C@@H]1[C@H](O)C2=CC=C(OC3=C(O[C@@H]4O[C@H](CO)[C@@H](O)[C@H](O)[C@H]4O[C@H]4C[C@](C)(NCC5=CC=C(C=C5)C5=CC=C(Cl)C=C5)[C@@H](O)[C@H](C)O4)C4=CC(=C3)[C@@H](NC(=O)[C@H](CC(N)=O)NC1=O)C(=O)N[C@@H]1C3=CC(=C(O)C=C3)C3=C(O)C=C(O)C=C3[C@H](NC(=O)[C@@H](NC1=O)[C@H](O[C@H]1C[C@](C)(N)[C@@H](O)[C@H](C)O1)C1=CC(Cl)=C(O4)C=C1)C(O)=O)C(Cl)=C2
990,DB04924,Itopride,COC1=CC=C(C=C1OC)C(=O)NCC1=CC=C(OCCN(C)C)C=C1
991,DB04930,Permethrin,CC1(C)C(C=C(Cl)Cl)C1C(=O)OCC1=CC(OC2=CC=CC=C2)=CC=C1
992,DB04931,Afamelanotide,CCCC[C@H](NC(=O)[C@H](CO)NC(=O)[C@H](CC1=CC=C(O)C=C1)NC(=O)[C@H](CO)NC(C)=O)C(=O)N[C@@H](CCC(O)=O)C(=O)N[C@@H](CC1=CN=CN1)C(=O)N[C@H](CC1=CC=CC=C1)C(=O)N[C@@H](CCCNC(N)=N)C(=O)N[C@@H](CC1=CNC2=CC=CC=C12)C(=O)NCC(=O)N[C@@H](CCCCN)C(=O)N1CCC[C@H]1C(=O)N[C@@H](C(C)C)C(N)=O
993,DB04948,Lofexidine,CC(OC1=C(Cl)C=CC=C1Cl)C1=NCCN1
994,DB04951,Pirfenidone,CC1=CN(C(=O)C=C1)C1=CC=CC=C1
995,DB05015,Belinostat,ONC(=O)\C=C\C1=CC=CC(=C1)S(=O)(=O)NC1=CC=CC=C1
996,DB05016,Ataluren,OC(=O)C1=CC=CC(=C1)C1=NOC(=N1)C1=CC=CC=C1F
997,DB05018,Migalastat,OC[C@H]1NC[C@H](O)[C@@H](O)[C@H]1O
998,DB05057,Erdosteine,OC(=O)CSCC(=O)NC1CCSC1=O
999,DB05087,Ganaxolone,[H][C@@]12CC[C@H](C(C)=O)[C@@]1(C)CC[C@@]1([H])[C@@]2([H])CC[C@@]2([H])C[C@](C)(O)CC[C@]12C
1000,DB05109,Trabectedin,[H][C@@]12[C@@H]3SC[C@]4(NCCC5=C4C=C(OC)C(O)=C5)C(=O)OC[C@H](N1[C@@H](O)[C@@H]1CC4=CC(C)=C(OC)C(O)=C4[C@H]2N1C)C1=C2OCOC2=C(C)C(OC(C)=O)=C31
1001,DB05154,Pretomanid,[O-][N+](=O)C1=CN2C[C@@H](COC2=N1)OCC1=CC=C(OC(F)(F)F)C=C1
1002,DB05168,Vintafolide,[H][C@@]12N3CC[C@@]11C4=CC(=C(OC)C=C4N(C)[C@@]1([H])[C@](O)([C@H](O)[C@]2(CC)C=CC3)C(=O)NNC(=O)OCCSSC[C@H](NC(=O)[C@H](CC(O)=O)NC(=O)[C@H](CC(O)=O)NC(=O)[C@H](CCCNC(N)=N)NC(=O)[C@H](CC(O)=O)NC(=O)CC[C@H](NC(=O)C1=CC=C(NCC2=CNC3=NC(N)=NC(=O)C3=N2)C=C1)C(O)=O)C(O)=O)[C@]1(C[C@@]2([H])C[N@](C[C@](O)(CC)C2)CCC2=C1NC1=CC=CC=C21)C(=O)OC
1003,DB05197,Sofalcone,CC(C)=CCOC1=CC=C(\C=C\C(=O)C2=C(OCC(O)=O)C=C(OCC=C(C)C)C=C2)C=C1
1004,DB05219,Crisaborole,OB1OCC2=C1C=CC(OC1=CC=C(C=C1)C#N)=C2
1005,DB05229,Beraprost,[H][C@]12C[C@@H](O)[C@H](\C=C\[C@@H](O)C(C)CC#CC)[C@@]1([H])C1=C(O2)C(CCCC(O)=O)=CC=C1
1006,DB05239,Cobimetinib,OC1(CN(C1)C(=O)C1=C(NC2=C(F)C=C(I)C=C2)C(F)=C(F)C=C1)[C@@H]1CCCCN1
1007,DB05246,Methsuximide,CN1C(=O)CC(C)(C1=O)C1=CC=CC=C1
1008,DB05265,Ecabet,[H][C@@]12CCC3=CC(C(C)C)=C(C=C3[C@@]1(C)CCC[C@@]2(C)C(O)=O)S(O)(=O)=O
1009,DB05266,Ibudilast,CC(C)C(=O)C1=C2C=CC=CN2N=C1C(C)C
1010,DB05271,Rotigotine,CCCN(CCC1=CC=CS1)[C@H]1CCC2=C(O)C=CC=C2C1
1011,DB05294,Vandetanib,COC1=C(OCC2CCN(C)CC2)C=C2N=CN=C(NC3=C(F)C=C(Br)C=C3)C2=C1
1012,DB05295,Eldecalcitol,[H][C@@]1(CC[C@@]2([H])\C(CCC[C@]12C)=C\C=C1\C[C@@H](O)[C@@H](OCCCO)[C@H](O)C1=C)[C@H](C)CCCC(C)(C)O
1013,DB05351,Dexlansoprazole,CC1=C(OCC(F)(F)F)C=CN=C1C[S@@](=O)C1=NC2=CC=CC=C2N1
1014,DB05381,Histamine,NCCC1=CNC=N1
1015,DB05521,Telaprevir,CCC[C@H](NC(=O)[C@@H]1[C@H]2CCC[C@H]2CN1C(=O)[C@@H](NC(=O)[C@@H](NC(=O)c1cnccn1)C1CCCCC1)C(C)(C)C)C(=O)C(=O)NC1CC1
1016,DB05541,Brivaracetam,CCC[C@H]1CN([C@@H](CC)C(N)=O)C(=O)C1
1017,DB05659,Faropenem medoxomil,[H][C@]12SC(=C(N1C(=O)[C@]2([H])[C@@H](C)O)C(=O)OCC1=C(C)OC(=O)O1)[C@@]1([H])CCCO1
1018,DB05676,Apremilast,CCOC1=CC(=CC=C1OC)[C@@H](CS(C)(=O)=O)N1C(=O)C2=CC=CC(NC(C)=O)=C2C1=O
1019,DB05990,Obeticholic acid,[H][C@@]1(CC[C@@]2([H])[C@]3([H])[C@H](O)[C@H](CC)[C@]4([H])C[C@H](O)CC[C@]4(C)[C@@]3([H])CC[C@]12C)[C@H](C)CCC(O)=O
1020,DB06016,Cariprazine,CN(C)C(=O)N[C@H]1CC[C@H](CCN2CCN(CC2)C2=C(Cl)C(Cl)=CC=C2)CC1
1021,DB06077,Lumateperone,[H][C@]12CCN(CCCC(=O)C3=CC=C(F)C=C3)C[C@@]1([H])C1=CC=CC3=C1N2CCN3C
1022,DB06119,Cenobamate,NC(=O)O[C@@H](CN1N=CN=N1)C1=C(Cl)C=CC=C1
1023,DB06137,Tirbanibulin,O=C(CC1=CC=C(C=N1)C1=CC=C(OCCN2CCOCC2)C=C1)NCC1=CC=CC=C1
1024,DB06143,Aminoimidazole carboxamide,NC(=O)C1=C(N)N=CN1
1025,DB06144,Sertindole,FC1=CC=C(C=C1)N1C=C(C2CCN(CCN3CCNC3=O)CC2)C2=C1C=CC(Cl)=C2
1026,DB06147,Sulfathiazole,NC1=CC=C(C=C1)S(=O)(=O)NC1=NC=CS1
1027,DB06148,Mianserin,CN1CCN2C(C1)C1=CC=CC=C1CC1=CC=CC=C21
1028,DB06151,Acetylcysteine,CC(=O)N[C@@H](CS)C(O)=O
1029,DB06152,Nylidrin,CC(CCC1=CC=CC=C1)NC(C)C(O)C1=CC=C(O)C=C1
1030,DB06155,Rimonabant,CC1=C(N(N=C1C(=O)NN1CCCCC1)C1=C(Cl)C=C(Cl)C=C1)C1=CC=C(Cl)C=C1
1031,DB06160,Garenoxacin,C[C@H]1NCC2=CC(=CC=C12)C1=CC=C2C(=O)C(=CN(C3CC3)C2=C1OC(F)F)C(O)=O
1032,DB06176,Romidepsin,C\C=C1/NC(=O)[C@H]2CSSCC\C=C\[C@H](CC(=O)N[C@H](C(C)C)C(=O)N2)OC(=O)[C@@H](NC1=O)C(C)C
1033,DB06185,Forodesine,OC[C@H]1N[C@H]([C@H](O)[C@@H]1O)C1=CNC2=C1N=CNC2=O
1034,DB06193,Pixantrone,NCCNC1=CC=C(NCCN)C2=C1C(=O)C1=C(C=NC=C1)C2=O
1035,DB06196,Icatibant,C1CC[C@H]2[C@@H](C1)CC(N2C(=O)C3CC4=CC=CC=C4CN3C(=O)[C@H](CO)NC(=O)[C@H](CC5=CC=CS5)NC(=O)CNC(=O)C6C[C@H](CN6C(=O)C7CCCN7C(=O)C(CCCN=C(N)N)NC(=O)[C@@H](CCCN=C(N)N)N)O)C(=O)N[C@@H](CCCN=C(N)N)C(=O)O
1036,DB06201,Rufinamide,NC(=O)C1=CN(CC2=C(F)C=CC=C2F)N=N1
1037,DB06203,Alogliptin,CN1C(=O)C=C(N2CCC[C@@H](N)C2)N(CC2=C(C=CC=C2)C#N)C1=O
1038,DB06204,Tapentadol,CC[C@H]([C@@H](C)CN(C)C)C1=CC(O)=CC=C1
1039,DB06207,Silodosin,C[C@H](CC1=CC2=C(N(CCCO)CC2)C(=C1)C(N)=O)NCCOC1=CC=CC=C1OCC(F)(F)F
1040,DB06211,Doripenem,[H][C@]12[C@@H](C)C(S[C@@H]3CN[C@H](CNS(N)(=O)=O)C3)=C(N1C(=O)[C@]2([H])[C@@H](C)O)C(O)=O
1041,DB06212,Tolvaptan,CC1=CC=CC=C1C(=O)NC1=CC(C)=C(C=C1)C(=O)N1CCC[C@@H](O)C2=C1C=CC(Cl)=C2
1042,DB06216,Asenapine,CN1CC2C(C1)C1=C(OC3=CC=C(Cl)C=C23)C=CC=C1
1043,DB06217,Vernakalant,COC1=C(OC)C=C(CCO[C@@H]2CCCC[C@H]2N2CC[C@@H](O)C2)C=C1
1044,DB06228,Rivaroxaban,[H][C@]1(CNC(=O)C2=CC=C(Cl)S2)CN(C(=O)O1)C1=CC=C(C=C1)N1CCOCC1=O
1045,DB06230,Nalmefene,OC1=CC=C2C[C@H]3N(CC4CC4)CC[C@@]45[C@@H](OC1=C24)C(=C)CC[C@@]35O
1046,DB06237,Avanafil,COC1=C(Cl)C=C(CNC2=C(C=NC(=N2)N2CCC[C@H]2CO)C(=O)NCC2=NC=CC=N2)C=C1
1047,DB06255,Incadronic acid,OP(O)(=O)C(NC1CCCCCC1)P(O)(O)=O
1048,DB06262,Droxidopa,N[C@@H]([C@H](O)C1=CC(O)=C(O)C=C1)C(O)=O
1049,DB06264,Tolperisone,CC(CN1CCCCC1)C(=O)C1=CC=C(C)C=C1
1050,DB06266,Lonidamine,OC(=O)C1=NN(CC2=C(Cl)C=C(Cl)C=C2)C2=C1C=CC=C2
1051,DB06267,Udenafil,CCCOC1=C(C=C(C=C1)S(=O)(=O)NCCC1CCCN1C)C1=NC(=O)C2=C(N1)C(CCC)=NN2C
1052,DB06268,Sitaxentan,CC1=NOC(NS(=O)(=O)C2=C(SC=C2)C(=O)CC2=CC3=C(OCO3)C=C2C)=C1Cl
1053,DB06272,Maxacalcitol,[H]\C(\C(\[H])=C1/CCC[C@@]2(C)[C@@]1([H])CC[C@]2([H])[C@]([H])(C)OCCC(C)(C)O)=C1/C[C@@]([H])(O)C[C@]([H])(O)C1=C
1054,DB06274,Alvimopan,C[C@H]1CN(C[C@H](CC2=CC=CC=C2)C(=O)NCC(O)=O)CC[C@@]1(C)C1=CC(O)=CC=C1
1055,DB06282,Levocetirizine,OC(=O)COCCN1CCN(CC1)[C@H](C1=CC=CC=C1)C1=CC=C(Cl)C=C1
1056,DB06283,Ziconotide,CSCC[C@@H]1NC(=O)[C@H](CC(C)C)NC(=O)[C@H](CCCNC(=N)N)NC(=O)[C@H](CO)NC(=O)[C@@H]2CSSC[C@@H]3NC(=O)[C@H](CO)NC(=O)CNC(=O)[C@H]([C@@H](C)O)NC(=O)[C@H](CSSC[C@H](N)C(=O)N[C@@H](CCCCN)C(=O)NCC(=O)N[C@@H](CCCCN)C(=O)NCC(=O)N[C@@H](C)C(=O)N[C@@H](CCCCN)C(=O)N2)NC(=O)[C@H](CSSC[C@@H](C(N)=O)NC(=O)[C@H](CCCCN)NC(=O)CNC(=O)[C@H](CO)NC(=O)[C@H](CCCNC(=N)N)NC3=O)NC(=O)[C@H](CC(=O)O)NC(=O)[C@H](Cc2ccc(O)cc2)NC1=O
1057,DB06287,Temsirolimus,OCC(C)(CO)C(=O)O[C@@H]1CC[C@@H](C[C@@H](C)[C@]2([H])CC(=O)[C@H](C)\C=C(C)\[C@@H](O)[C@@H](OC)C(=O)[C@H](C)C[C@H](C)\C=C\C=C\C=C(C)\[C@@H](OC)C[C@]3([H])CC[C@@H](C)[C@@](O)(O3)C(=O)C(=O)N3CCCC[C@H]3C(=O)O2)C[C@H]1OC
1058,DB06288,Amisulpride,CCN1CCCC1CNC(=O)C1=CC(=C(N)C=C1OC)S(=O)(=O)CC
1059,DB06292,Dapagliflozin,CCOC1=CC=C(CC2=C(Cl)C=CC(=C2)[C@@H]2O[C@H](CO)[C@@H](O)[C@H](O)[C@H]2O)C=C1
1060,DB06334,Tucidinostat,NC1=CC(F)=CC=C1NC(=O)C1=CC=C(CNC(=O)\C=C\C2=CN=CC=C2)C=C1
1061,DB06335,Saxagliptin,[H][C@@]12C[C@]1([H])N([C@@H](C2)C#N)C(=O)[C@@H](N)C12CC3CC(CC(O)(C3)C1)C2
1062,DB06401,Bazedoxifene,CC1=C(N(CC2=CC=C(OCCN3CCCCCC3)C=C2)C2=C1C=C(O)C=C2)C1=CC=C(O)C=C1
1063,DB06402,Telavancin,CCCCCCCCCCNCCN[C@@]1(C)C[C@H](O[C@@H]2[C@@H](O)[C@H](O)[C@@H](CO)O[C@H]2OC2=C3OC4=CC=C(C=C4Cl)[C@@H](O)[C@@H](NC(=O)[C@@H](CC(C)C)NC)C(=O)N[C@@H](CC(N)=O)C(=O)N[C@@H]4C(C=C2OC2=C(Cl)C=C(C=C2)[C@@H](O)[C@@H]2NC(=O)[C@H](NC4=O)C4=CC(=C(O)C=C4)C4=C(O)C(CNCP(O)(O)=O)=C(O)C=C4[C@H](NC2=O)C(O)=O)=C3)O[C@@H](C)[C@H]1O
1064,DB06412,Oxymetholone,[H][C@@]12CC[C@](C)(O)[C@@]1(C)CC[C@@]1([H])[C@@]2([H])CC[C@@]2([H])CC(=O)\C(C[C@]12C)=C/O
1065,DB06413,Armodafinil,NC(=O)C[S@@](=O)C(C1=CC=CC=C1)C1=CC=CC=C1
1066,DB06414,Etravirine,CC1=CC(=CC(C)=C1OC1=C(Br)C(N)=NC(NC2=CC=C(C=C2)C#N)=N1)C#N
1067,DB06470,Clomethiazole,CC1=C(CCCl)SC=N1
1068,DB06480,Prucalopride,COCCCN1CCC(CC1)NC(=O)C1=C2OCCC2=C(N)C(Cl)=C1
1069,DB06548,Minodronic acid,OC(CC1=CN=C2C=CC=CN12)(P(O)(O)=O)P(O)(O)=O
1070,DB06586,Cetilistat,CCCCCCCCCCCCCCCCOC1=NC2=C(C=C(C)C=C2)C(=O)O1
1071,DB06589,Pazopanib,CN(C1=CC2=NN(C)C(C)=C2C=C1)C1=CC=NC(NC2=CC=C(C)C(=C2)S(N)(=O)=O)=N1
1072,DB06590,Ceftaroline fosamil,[H][C@]12SCC(SC3=NC(=CS3)C3=CC=[N+](C)C=C3)=C(N1C(=O)[C@H]2NC(=O)C(=N/OCC)\C1=NSC(NP(O)(O)=O)=N1)C([O-])=O
1073,DB06594,Agomelatine,COC1=CC2=C(CCNC(C)=O)C=CC=C2C=C1
1074,DB06595,Midostaurin,CO[C@@H]1[C@@H](C[C@H]2O[C@]1(C)N1C3=C(C=CC=C3)C3=C1C1=C(C4=C(C=CC=C4)N21)C1=C3CNC1=O)N(C)C(=O)C1=CC=CC=C1
1075,DB06600,Nemonoxacin,COC1=C2N(C=C(C(O)=O)C(=O)C2=CC=C1N1C[C@@H](C)C[C@H](N)C1)C1CC1
1076,DB06605,Apixaban,COC1=CC=C(C=C1)N1N=C(C(N)=O)C2=C1C(=O)N(CC2)C1=CC=C(C=C1)N1CCCCC1=O
1077,DB06608,Tafenoquine,COC1=CC(C)=C2C(OC3=CC=CC(=C3)C(F)(F)F)=C(OC)C=C(NC(C)CCCN)C2=N1
1078,DB06616,Bosutinib,COC1=CC(NC2=C(C=NC3=CC(OCCCN4CCN(C)CC4)=C(OC)C=C23)C#N)=C(Cl)C=C1Cl
1079,DB06626,Axitinib,CNC(=O)C1=C(SC2=CC=C3C(NN=C3\C=C\C3=CC=CC=N3)=C2)C=CC=C1
1080,DB06636,Isavuconazonium,[H]C(C)(OC(=O)N(C)C1=C(COC(=O)CNC)C=CC=N1)[N+]1=CN(C[C@](O)(C2=C(F)C=CC(F)=C2)[C@@]([H])(C)C2=NC(=CS2)C2=CC=C(C=C2)C#N)N=C1
1081,DB06654,Safinamide,C[C@H](NCC1=CC=C(OCC2=CC(F)=CC=C2)C=C1)C(N)=O
1082,DB06683,Clevudine,CC1=CN([C@H]2O[C@@H](CO)[C@H](O)[C@H]2F)C(=O)NC1=O
1083,DB06684,Vilazodone,NC(=O)C1=CC2=CC(=CC=C2O1)N1CCN(CCCCC2=CNC3=C2C=C(C=C3)C#N)CC1
1084,DB06685,Laquinimod,CCN(C(=O)C1=C(O)C2=C(C=CC=C2Cl)N(C)C1=O)C1=CC=CC=C1
1085,DB06691,Mepyramine,COC1=CC=C(CN(CCN(C)C)C2=NC=CC=C2)C=C1
1086,DB06694,Xylometazoline,CC1=CC(=CC(C)=C1CC1=NCCN1)C(C)(C)C
1087,DB06698,Betahistine,CNCCC1=CC=CC=N1
1088,DB06700,Desvenlafaxine,CN(C)CC(C1=CC=C(O)C=C1)C1(O)CCCCC1
1089,DB06701,Dexmethylphenidate,[H][C@@](C(=O)OC)(C1=CC=CC=C1)[C@@]1([H])CCCCN1
1090,DB06702,Fesoterodine,CC(C)N(CC[C@H](C1=CC=CC=C1)C1=C(OC(=O)C(C)C)C=CC(CO)=C1)C(C)C
1091,DB06708,Lumefantrine,CCCCN(CCCC)CC(O)C1=C2C(=CC(Cl)=C1)\C(=C/C1=CC=C(Cl)C=C1)C1=C2C=CC(Cl)=C1
1092,DB06710,Methyltestosterone,[H][C@@]12CC[C@](C)(O)[C@@]1(C)CC[C@@]1([H])[C@@]2([H])CCC2=CC(=O)CC[C@]12C
1093,DB06711,Naphazoline,C(C1=NCCN1)C1=CC=CC2=CC=CC=C12
1094,DB06715,Potassium Iodide,[K+].[I-]
1095,DB06717,Fosaprepitant,C[C@@H](O[C@H]1OCCN(CC2=NC(=O)N(N2)P(O)(O)=O)[C@H]1C1=CC=C(F)C=C1)C1=CC(=CC(=C1)C(F)(F)F)C(F)(F)F
1096,DB06718,Stanozolol,[H][C@@]12CC[C@](C)(O)[C@@]1(C)CC[C@@]1([H])[C@@]2([H])CC[C@@]2([H])CC3=NNC=C3C[C@]12C
1097,DB06723,Aluminum hydroxide,[OH-].[OH-].[OH-].[Al+3]
1098,DB06724,Calcium carbonate,[Ca++].[O-]C([O-])=O
1099,DB06725,Lornoxicam,CN1C(C(=O)NC2=CC=CC=N2)=C(O)C2=C(C=C(Cl)S2)S1(=O)=O
1100,DB06736,Aceclofenac,OC(=O)COC(=O)CC1=CC=CC=C1NC1=C(Cl)C=CC=C1Cl
1101,DB06742,Ambroxol,NC1=C(Br)C=C(Br)C=C1CN[C@H]1CC[C@H](O)CC1
1102,DB06756,Betaine,C[N+](C)(C)CC([O-])=O
1103,DB06762,Pinacidil,CC(N\C(NC#N)=N\C1=CC=NC=C1)C(C)(C)C
1104,DB06764,Tetryzoline,C1CN=C(N1)C1CCCC2=CC=CC=C12
1105,DB06766,Alcaftadine,CN1CCC(CC1)=C1C2=NC=C(C=O)N2CCC2=CC=CC=C12
1106,DB06769,Bendamustine,CN1C(CCCC(O)=O)=NC2=CC(=CC=C12)N(CCCl)CCCl
1107,DB06770,Benzyl alcohol,OCC1=CC=CC=C1
1108,DB06771,Besifloxacin,N[C@@H]1CCCCN(C1)C1=C(F)C=C2C(=O)C(=CN(C3CC3)C2=C1Cl)C(O)=O
1109,DB06774,Capsaicin,COC1=C(O)C=CC(CNC(=O)CCCC\C=C\C(C)C)=C1
1110,DB06777,Chenodeoxycholic acid,[H][C@@]1(CC[C@@]2([H])[C@]3([H])[C@H](O)C[C@]4([H])C[C@H](O)CC[C@]4(C)[C@@]3([H])CC[C@]12C)[C@H](C)CCC(O)=O
1111,DB06782,Dimercaprol,OCC(S)CS
1112,DB06786,Halcinonide,[H][C@@]12C[C@H]3OC(C)(C)O[C@@]3(C(=O)CCl)[C@@]1(C)C[C@H](O)[C@@]1(F)[C@@]2([H])CCC2=CC(=O)CC[C@]12C
1113,DB06791,Lanreotide,[H]N([H])CCCCC1N([H])C(=O)C(CC2=CN([H])C3=CC=CC=C23)N([H])C(=O)C(CC2=CC=C(O)C=C2)N([H])C(=O)C(CSSCC(N([H])C(=O)C(N([H])C1=O)C(C)C)C(=O)N([H])C(C(C)O)C(=O)N([H])[H])N([H])C(=O)C(CC1=CC2=CC=CC=C2C=C1)N([H])[H]
1114,DB06794,Lodoxamide,OC(=O)C(=O)NC1=CC(=CC(NC(=O)C(O)=O)=C1Cl)C#N
1115,DB06800,Methylnaltrexone,C[N@+]1(CC2CC2)CC[C@]23[C@H]4OC5=C(O)C=CC(C[C@@H]1[C@]2(O)CCC4=O)=C35
1116,DB06809,Plerixafor,C(N1CCCNCCNCCCNCC1)C1=CC=C(CN2CCCNCCNCCCNCC2)C=C1
1117,DB06811,Polidocanol,CCCCCCCCCCCCOCCOCCOCCOCCOCCOCCOCCOCCOCCO
1118,DB06815,Pyrithione,[O-][N+]1=C(S)C=CC=C1
1119,DB06817,Raltegravir,CN1C(=O)C(O)=C(N=C1C(C)(C)NC(=O)C1=NN=C(C)O1)C(=O)NCC1=CC=C(F)C=C1
1120,DB06819,Phenylbutyric acid,OC(=O)CCCC1=CC=CC=C1
1121,DB06820,Sulconazole,ClC1=CC=C(CSC(CN2C=CN=C2)C2=C(Cl)C=C(Cl)C=C2)C=C1
1122,DB06823,Tiopronin,CC(S)C(=O)NCC(O)=O
1123,DB06824,Triethylenetetramine,NCCNCCNCCN
1124,DB07402,Azapropazone,[H][C@@]1(CC=C)C(=O)N2N(C1=O)C1=CC(C)=CC=C1N=C2N(C)C
1125,DB07477,Felbinac,OC(=O)CC1=CC=C(C=C1)C1=CC=CC=C1
1126,DB07565,Chloramphenicol succinate,O[C@@H]([C@@H](COC(=O)CCC(O)=O)NC(=O)C(Cl)Cl)C1=CC=C(C=C1)[N+]([O-])=O
1127,DB07615,Tranilast,COC1=CC=C(\C=C\C(=O)NC2=CC=CC=C2C(O)=O)C=C1OC
1128,DB07637,Dibromotyrosine,[H][C@](N)(CC1=CC(Br)=C(O)C(Br)=C1)C(O)=O
1129,DB08162,Fasudil,O=S(=O)(N1CCCNCC1)C1=CC=CC2=C1C=CN=C2
1130,DB08439,Parecoxib,CCC(=O)NS(=O)(=O)C1=CC=C(C=C1)C1=C(C)ON=C1C1=CC=CC=C1
1131,DB08626,Thiorphan,[H][C@](CS)(CC1=CC=CC=C1)C(=O)NCC(O)=O
1132,DB08766,Zofenoprilat,C[C@H](CS)C(=O)N1C[C@H](C[C@H]1C(O)=O)SC1=CC=CC=C1
1133,DB08795,Azidocillin,[H][C@]12SC(C)(C)[C@@H](N1C(=O)[C@H]2NC(=O)[C@H](N=[N+]=[N-])C1=CC=CC=C1)C(O)=O
1134,DB08797,Salicylamide,NC(=O)C1=CC=CC=C1O
1135,DB08799,Antazoline,C(N(CC1=CC=CC=C1)C1=CC=CC=C1)C1=NCCN1
1136,DB08806,Roxatidine acetate,CC(=O)OCC(=O)NCCCOC1=CC=CC(CN2CCCCC2)=C1
1137,DB08808,Bupranolol,CC1=CC(OCC(O)CNC(C)(C)C)=C(Cl)C=C1
1138,DB08809,Dichloroacetic acid,OC(=O)C(Cl)Cl
1139,DB08815,Lurasidone,[H][C@@]12[C@H]3CC[C@H](C3)[C@]1([H])C(=O)N(C[C@@H]1CCCC[C@H]1CN1CCN(CC1)C1=NSC3=CC=CC=C13)C2=O
1140,DB08816,Ticagrelor,CCCSC1=NC2=C(N=NN2[C@@H]2C[C@H](OCCO)[C@@H](O)[C@H]2O)C(N[C@@H]2C[C@H]2C2=CC(F)=C(F)C=C2)=N1
1141,DB08819,Tafluprost,CC(C)OC(=O)CCC\C=C/C[C@H]1[C@@H](O)C[C@@H](O)[C@@H]1\C=C\C(F)(F)COC1=CC=CC=C1
1142,DB08820,Ivacaftor,CC(C)(C)C1=CC(=C(O)C=C1NC(=O)C1=CNC2=CC=CC=C2C1=O)C(C)(C)C
1143,DB08822,Azilsartan medoxomil,CCOC1=NC2=C(N1CC1=CC=C(C=C1)C1=CC=CC=C1C1=NOC(=O)N1)C(=CC=C2)C(=O)OCC1=C(C)OC(=O)O1
1144,DB08826,Deferiprone,CN1C=CC(=O)C(O)=C1C
1145,DB08828,Vismodegib,CS(=O)(=O)C1=CC(Cl)=C(C=C1)C(=O)NC1=CC=C(Cl)C(=C1)C1=CC=CC=N1
1146,DB08841,Tyramine,NCCC1=CC=C(O)C=C1
1147,DB08842,Acetylcarnitine,CC(=O)O[C@H](CC([O-])=O)C[N+](C)(C)C
1148,DB08860,Pitavastatin,O[C@H](C[C@H](O)\C=C\C1=C(C2=CC=C(F)C=C2)C2=CC=CC=C2N=C1C1CC1)CC(O)=O
1149,DB08868,Fingolimod,CCCCCCCCC1=CC=C(CCC(N)(CO)CO)C=C1
1150,DB08869,Tesamorelin,CC/C=C/CC(=O)N[C@@H](CC1=CC=C(C=C1)O)C(=O)N[C@@H](C)C(=O)N[C@@H](CC(=O)O)C(=O)N[C@@H](C)C(=O)N[C@@H](C(C)CC)C(=O)N[C@@H](CC2=CC=CC=C2)C(=O)N[C@@H](C(C)O)C(=O)N[C@@H](CC(=O)N)C(=O)N[C@@H](CO)C(=O)N[C@@H](CC3=CC=C(C=C3)O)C(=O)N[C@@H](CCCNC(=N)N)C(=O)N[C@@H](CCCCN)C(=O)N[C@@H](C(C)C)C(=O)N[C@@H](CC(C)C)C(=O)NCC(=O)N[C@@H](CCC(=O)N)C(=O)N[C@@H](CC(C)C)C(=O)N[C@@H](CO)C(=O)N[C@@H](C)C(=O)N[C@@H](CCCNC(=N)N)C(=O)N[C@@H](CCCCN)C(=O)N[C@@H](CC(C)C)C(=O)N[C@@H](CC(C)C)C(=O)N[C@@H](CCC(=O)N)C(=O)N[C@@H](CC(=O)O)C(=O)N[C@@H](C(C)CC)C(=O)N[C@@H](CCSC)C(=O)N[C@@H](CO)C(=O)N[C@@H](CCCNC(=N)N)C(=O)N[C@@H](CCC(=O)N)C(=O)N[C@@H](CCC(=O)N)C(=O)NCC(=O)N[C@@H](CCC(=O)N)C(=O)N[C@@H](CO)C(=O)N[C@@H](CC(=O)N)C(=O)N[C@@H](CCC(=O)N)C(=O)N[C@@H](CCCNC(=N)N)C(=O)NCC(=O)N[C@@H](C)C(=O)N[C@@H](CCCNC(=N)N)C(=O)N[C@@H](C)C(=O)N[C@@H](CCCNC(=N)N)C(=O)N[C@@H](CC(C)C)C(=O)N
1151,DB08871,Eribulin,[H][C@@]12CC(=C)[C@]([H])(CC[C@@]3([H])C[C@@H](C)C(=C)[C@@]([H])(C[C@]4([H])O[C@H](C[C@H](O)CN)[C@H](OC)[C@@]4([H])CC(=O)C[C@@]4([H])CC[C@]5([H])O[C@@]6([H])[C@H]7O[C@@]8(C[C@]7([H])O[C@@]6([H])[C@@]([H])(O8)[C@@]5([H])O4)CC1)O3)O2
1152,DB08872,Gabapentin enacarbil,CC(C)C(=O)OC(C)OC(=O)NCC1(CC(O)=O)CCCCC1
1153,DB08873,Boceprevir,[H][C@]12CN([C@H](C(=O)NC(CC3CCC3)C(=O)C(N)=O)[C@@]1([H])C2(C)C)C(=O)[C@@H](NC(=O)NC(C)(C)C)C(C)(C)C
1154,DB08874,Fidaxomicin,[H][C@@]1(O[C@@H]2[C@@H](CC)\C=C(C)\[C@@H](O)C\C=C\C=C(CO[C@@H]3O[C@H](C)[C@@H](OC(=O)C4=C(CC)C(Cl)=C(O)C(Cl)=C4O)[C@H](O)[C@@H]3OC)\C(=O)O[C@@H](C\C=C(/C)\C=C2/C)[C@@H](C)O)OC(C)(C)[C@@H](OC(=O)C(C)C)[C@H](O)[C@@H]1O
1155,DB08875,Cabozantinib,COC1=CC2=C(C=C1OC)C(OC1=CC=C(NC(=O)C3(CC3)C(=O)NC3=CC=C(F)C=C3)C=C1)=CC=N2
1156,DB08877,Ruxolitinib,N#CC[C@H](C1CCCC1)N1C=C(C=N1)C1=C2C=CNC2=NC=N1
1157,DB08878,Aminopterin,NC1=NC2=C(N=C(CNC3=CC=C(C=C3)C(=O)N[C@@H](CCC(O)=O)C(O)=O)C=N2)C(N)=N1
1158,DB08880,Teriflunomide,C\C(O)=C(/C#N)C(=O)NC1=CC=C(C=C1)C(F)(F)F
1159,DB08881,Vemurafenib,CCCS(=O)(=O)NC1=C(F)C(C(=O)C2=CNC3=NC=C(C=C23)C2=CC=C(Cl)C=C2)=C(F)C=C1
1160,DB08882,Linagliptin,CC#CCN1C(=NC2=C1C(=O)N(CC1=NC3=C(C=CC=C3)C(C)=N1)C(=O)N2C)N1CCC[C@@H](N)C1
1161,DB08889,Carfilzomib,CC(C)C[C@H](NC(=O)[C@H](CCC1=CC=CC=C1)NC(=O)CN1CCOCC1)C(=O)N[C@@H](CC1=CC=CC=C1)C(=O)N[C@@H](CC(C)C)C(=O)[C@@]1(C)CO1
1162,DB08890,Linaclotide,[H][C@]1(CSSC[C@]2([H])NC(=O)[C@H](CC3=CC=C(O)C=C3)NC(=O)[C@H](CCC(O)=O)NC(=O)[C@@H]3CSSC[C@H](NC(=O)[C@H](C)NC(=O)[C@@H]4CCCN4C(=O)[C@H](CC(N)=O)NC(=O)[C@H](CSSC[C@H](N)C(=O)N3)NC2=O)C(=O)N[C@@]([H])([C@@H](C)O)C(=O)NCC(=O)N1)C(=O)N[C@@H](CC1=CC=C(O)C=C1)C(O)=O
1163,DB08895,Tofacitinib,C[C@@H]1CCN(C[C@@H]1N(C)C1=NC=NC2=C1C=CN2)C(=O)CC#N
1164,DB08896,Regorafenib,CNC(=O)C1=CC(OC2=CC(F)=C(NC(=O)NC3=CC=C(Cl)C(=C3)C(F)(F)F)C=C2)=CC=N1
1165,DB08897,Aclidinium,OC(C(=O)O[C@H]1C[N+]2(CCCOC3=CC=CC=C3)CCC1CC2)(C1=CC=CS1)C1=CC=CS1
1166,DB08899,Enzalutamide,CNC(=O)C1=C(F)C=C(C=C1)N1C(=S)N(C(=O)C1(C)C)C1=CC=C(C#N)C(=C1)C(F)(F)F
1167,DB08901,Ponatinib,CN1CCN(CC2=CC=C(NC(=O)C3=CC(C#CC4=CN=C5C=CC=NN45)=C(C)C=C3)C=C2C(F)(F)F)CC1
1168,DB08903,Bedaquiline,COC1=NC2=C(C=C(Br)C=C2)C=C1[C@@H](C1=CC=CC=C1)[C@@](O)(CCN(C)C)C1=CC=CC2=C1C=CC=C2
1169,DB08905,Formestane,[H][C@@]12CCC(=O)[C@@]1(C)CC[C@@]1([H])[C@@]2([H])CCC2=C(O)C(=O)CC[C@]12C
1170,DB08906,Fluticasone furoate,[H][C@@]12C[C@@H](C)[C@](OC(=O)C3=CC=CO3)(C(=O)SCF)[C@@]1(C)C[C@H](O)[C@@]1(F)[C@@]2([H])C[C@H](F)C2=CC(=O)C=C[C@]12C
1171,DB08907,Canagliflozin,[H][C@]1(O[C@H](CO)[C@@H](O)[C@H](O)[C@H]1O)C1=CC=C(C)C(CC2=CC=C(S2)C2=CC=C(F)C=C2)=C1
1172,DB08908,Dimethyl fumarate,[H]\C(=C(\[H])C(=O)OC)C(=O)OC
1173,DB08909,Glycerol phenylbutyrate,O=C(CCCC1=CC=CC=C1)OCC(COC(=O)CCCC1=CC=CC=C1)OC(=O)CCCC1=CC=CC=C1
1174,DB08911,Trametinib,CN1C(=O)C(C)=C2N(C(=O)N(C3CC3)C(=O)C2=C1NC1=CC=C(I)C=C1F)C1=CC(NC(C)=O)=CC=C1
1175,DB08912,Dabrafenib,CC(C)(C)C1=NC(=C(S1)C1=NC(N)=NC=C1)C1=C(F)C(NS(=O)(=O)C2=C(F)C=CC=C2F)=CC=C1
1176,DB08913,Radium Ra 223 dichloride,[Cl-].[Cl-].[223Ra++]
1177,DB08916,Afatinib,CN(C)C\C=C\C(=O)NC1=C(O[C@H]2CCOC2)C=C2N=CN=C(NC3=CC(Cl)=C(F)C=C3)C2=C1
1178,DB08918,Levomilnacipran,CCN(CC)C(=O)[C@]1(C[C@H]1CN)C1=CC=CC=C1
1179,DB08922,Perospirone,[H][C@@]12CCCC[C@]1([H])C(=O)N(CCCCN1CCN(CC1)C1=NSC3=CC=CC=C13)C2=O
1180,DB08931,Riociguat,COC(=O)N(C)C1=C(N)N=C(N=C1N)C1=NN(CC2=C(F)C=CC=C2)C2=C1C=CC=N2
1181,DB08932,Macitentan,CCCNS(=O)(=O)NC1=C(C(OCCOC2=NC=C(Br)C=N2)=NC=N1)C1=CC=C(Br)C=C1
1182,DB08933,Luliconazole,ClC1=CC(Cl)=C(C=C1)[C@@H]1CS\C(S1)=C(\C#N)N1C=CN=C1
1183,DB08934,Sofosbuvir,CC(C)OC(=O)[C@H](C)N[P@](=O)(OC[C@H]1O[C@@H](N2C=CC(=O)NC2=O)[C@](C)(F)[C@@H]1O)OC1=CC=CC=C1
1184,DB08936,Chlorcyclizine,CN1CCN(CC1)C(C1=CC=CC=C1)C1=CC=C(Cl)C=C1
1185,DB08941,Isoxsuprine,C[C@H](COC1=CC=CC=C1)N[C@H](C)[C@@H](O)C1=CC=C(O)C=C1
1186,DB08949,Inositol nicotinate,O=C(O[C@H]1[C@H](OC(=O)C2=CC=CN=C2)[C@@H](OC(=O)C2=CC=CN=C2)[C@H](OC(=O)C2=CC=CN=C2)[C@H](OC(=O)C2=CC=CN=C2)[C@@H]1OC(=O)C1=CC=CN=C1)C1=CC=CN=C1
1187,DB08961,Azosemide,NS(=O)(=O)C1=C(Cl)C=C(NCC2=CC=CS2)C(=C1)C1=NNN=N1
1188,DB08984,Etofenamate,OCCOCCOC(=O)C1=CC=CC=C1NC1=CC=CC(=C1)C(F)(F)F
1189,DB08993,Enviomycin,[H][C@@]1(CCN=C(N)N1)[C@]1([H])NC(=O)\C(NC(=O)[C@H](CO)NC(=O)[C@H](CO)NC(=O)[C@H](CNC1=O)NC(=O)C[C@@H](N)[C@H](O)CCN)=C\NC(N)=O
1190,DB08997,Dexetimide,O=C1CC[C@@](C2CCN(CC3=CC=CC=C3)CC2)(C(=O)N1)C1=CC=CC=C1
1191,DB08998,Demexiptiline,CNCCON=C1C2=CC=CC=C2C=CC2=CC=CC=C12
1192,DB09004,Clobutinol,CC(CN(C)C)C(C)(O)CC1=CC=C(Cl)C=C1
1193,DB09010,Carmofur,CCCCCCNC(=O)N1C=C(F)C(=O)NC1=O
1194,DB09013,Befunolol,CC(C)NCC(O)COC1=CC=CC2=C1OC(=C2)C(C)=O
1195,DB09014,Captodiame,CCCCSC1=CC=C(C=C1)C(SCCN(C)C)C1=CC=CC=C1
1196,DB09020,Bisacodyl,CC(=O)OC1=CC=C(C=C1)C(C1=CC=C(OC(C)=O)C=C1)C1=CC=CC=N1
1197,DB09026,Aliskiren,COCCCOC1=C(OC)C=CC(C[C@@H](C[C@H](N)[C@@H](O)C[C@@H](C(C)C)C(=O)NCC(C)(C)C(N)=O)C(C)C)=C1
1198,DB09027,Ledipasvir,COC(=O)N[C@@H](C(C)C)C(=O)N1CC2(CC2)C[C@H]1C1=NC(=CN1)C1=CC=C2C3=CC=C(C=C3C(F)(F)C2=C1)C1=CC=C2NC(=NC2=C1)[C@@H]1[C@H]2CC[C@H](C2)N1C(=O)[C@@H](NC(=O)OC)C(C)C
1199,DB09031,Miltefosine,CCCCCCCCCCCCCCCCOP([O-])(=O)OCC[N+](C)(C)C
1200,DB09034,Suvorexant,[H][C@@]1(C)CCN(CCN1C(=O)C1=C(C=CC(C)=C1)N1N=CC=N1)C1=NC2=C(O1)C=CC(Cl)=C2
1201,DB09038,Empagliflozin,OC[C@H]1O[C@H]([C@H](O)[C@@H](O)[C@@H]1O)C1=CC=C(Cl)C(CC2=CC=C(O[C@H]3CCOC3)C=C2)=C1
1202,DB09039,Eliglustat,CCCCCCCC(=O)N[C@H](CN1CCCC1)[C@H](O)C1=CC=C2OCCOC2=C1
1203,DB09040,Efinaconazole,C[C@@H](N1CCC(=C)CC1)[C@](O)(CN1C=NC=N1)C1=C(F)C=C(F)C=C1
1204,DB09041,Tavaborole,OB1OCC2=CC(F)=CC=C12
1205,DB09042,Tedizolid phosphate,CN1N=NC(=N1)C1=CC=C(C=N1)C1=CC=C(C=C1F)N1C[C@H](COP(O)(O)=O)OC1=O
1206,DB09047,Finafloxacin,[H][C@]12CN(C[C@]1([H])OCCN2)C1=C(F)C=C2C(=O)C(=CN(C3CC3)C2=C1C#N)C(O)=O
1207,DB09049,Naloxegol,COCCOCCOCCOCCOCCOCCOCCO[C@H]1CC[C@@]2(O)[C@H]3CC4=CC=C(O)C5=C4[C@@]2(CCN3CC=C)[C@H]1O5
1208,DB09050,Ceftolozane,CN1C(N)=C(NC(=O)NCCN)C=[N+]1CC1=C(N2[C@H](SC1)[C@H](NC(=O)C(=N/OC(C)(C)C(O)=O)\C1=NSC(N)=N1)C2=O)C([O-])=O
1209,DB09053,Ibrutinib,NC1=NC=NC2=C1C(=NN2[C@@H]1CCCN(C1)C(=O)C=C)C1=CC=C(OC2=CC=CC=C2)C=C1
1210,DB09054,Idelalisib,[H][C@@](CC)(NC1=NC=NC2=C1N=CN2)C1=NC2=CC=CC(F)=C2C(=O)N1C1=CC=CC=C1
1211,DB09060,Avibactam,NC(=O)[C@@H]1CC[C@@H]2CN1C(=O)N2OS(O)(=O)=O
1212,DB09061,Cannabidiol,CCCCCC1=CC(O)=C([C@@H]2C=C(C)CC[C@H]2C(C)=C)C(O)=C1
1213,DB09063,Ceritinib,CC(C)OC1=C(NC2=NC(NC3=CC=CC=C3S(=O)(=O)C(C)C)=C(Cl)C=N2)C=C(C)C(=C1)C1CCNCC1
1214,DB09064,Ciprofibrate,CC(C)(OC1=CC=C(C=C1)C1CC1(Cl)Cl)C(O)=O
1215,DB09065,Cobicistat,CC(C)C1=NC(CN(C)C(=O)N[C@@H](CCN2CCOCC2)C(=O)N[C@H](CC[C@H](CC2=CC=CC=C2)NC(=O)OCC2=CN=CS2)CC2=CC=CC=C2)=CS1
1216,DB09068,Vortioxetine,CC1=CC=C(SC2=CC=CC=C2N2CCNCC2)C(C)=C1
1217,DB09070,Tibolone,[H][C@@]12CC[C@@](O)(C#C)[C@@]1(C)CC[C@]1([H])C3=C(CC(=O)CC3)C[C@@]([H])(C)[C@@]21[H]
1218,DB09072,Sodium oxybate,[Na+].OCCCC([O-])=O
1219,DB09073,Palbociclib,CC(=O)C1=C(C)C2=CN=C(NC3=NC=C(C=C3)N3CCNCC3)N=C2N(C2CCCC2)C1=O
1220,DB09074,Olaparib,FC1=CC=C(CC2=NNC(=O)C3=CC=CC=C23)C=C1C(=O)N1CCN(CC1)C(=O)C1CC1
1221,DB09075,Edoxaban,CN(C)C(=O)[C@H]1CC[C@H](NC(=O)C(=O)NC2=NC=C(Cl)C=C2)[C@@H](C1)NC(=O)C1=NC2=C(CN(C)CC2)S1
1222,DB09076,Umeclidinium,OC(C1=CC=CC=C1)(C1=CC=CC=C1)C12CC[N+](CCOCC3=CC=CC=C3)(CC1)CC2
1223,DB09078,Lenvatinib,COC1=C(C=C2C(OC3=CC=C(NC(=O)NC4CC4)C(Cl)=C3)=CC=NC2=C1)C(N)=O
1224,DB09079,Nintedanib,COC(=O)C1=CC=C2C(NC(=O)\C2=C(/NC2=CC=C(C=C2)N(C)C(=O)CN2CCN(C)CC2)C2=CC=CC=C2)=C1
1225,DB09080,Olodaterol,COC1=CC=C(CC(C)(C)NC[C@H](O)C2=C3OCC(=O)NC3=CC(O)=C2)C=C1
1226,DB09081,Idebenone,COC1=C(OC)C(=O)C(CCCCCCCCCCO)=C(C)C1=O
1227,DB09082,Vilanterol,OCC1=C(O)C=CC(=C1)[C@@H](O)CNCCCCCCOCCOCC1=C(Cl)C=CC=C1Cl
1228,DB09083,Ivabradine,COC1=C(OC)C=C2[C@@H](CN(C)CCCN3CCC4=CC(OC)=C(OC)C=C4CC3=O)CC2=C1
1229,DB09084,Benzydamine,CN(C)CCCOC1=NN(CC2=CC=CC=C2)C2=CC=CC=C12
1230,DB09085,Tetracaine,CCCCNC1=CC=C(C=C1)C(=O)OCCN(C)C
1231,DB09093,Chlortetracycline,[H][C@@]12C[C@@]3([H])C(=C(O)[C@]1(O)C(=O)C(C(N)=O)=C(O)[C@H]2N(C)C)C(=O)C1=C(O)C=CC(Cl)=C1[C@@]3(C)O
1232,DB09096,Benzoyl peroxide,O=C(OOC(=O)C1=CC=CC=C1)C1=CC=CC=C1
1233,DB09104,Magnesium hydroxide,[OH-].[OH-].[Mg++]
1234,DB09114,Colfosceril palmitate,[H][C@@](COC(=O)CCCCCCCCCCCCCCC)(COP([O-])(=O)OCC[N+](C)(C)C)OC(=O)CCCCCCCCCCCCCCC
1235,DB09118,Stiripentol,CC(C)(C)C(O)\C=C\C1=CC2=C(OCO2)C=C1
1236,DB09119,Eslicarbazepine acetate,CC(=O)O[C@H]1CC2=CC=CC=C2N(C(N)=O)C2=CC=CC=C12
1237,DB09121,Aurothioglucose,OC[C@H]1O[C@H](S[Au])[C@H](O)[C@@H](O)[C@@H]1O
1238,DB09123,Dienogest,[H][C@@]12CC[C@@](O)(CC#N)[C@@]1(C)CCC1=C3CCC(=O)C=C3CC[C@@]21[H]
1239,DB09125,Potassium citrate,[K+].[K+].[K+].OC(CC([O-])=O)(CC([O-])=O)C([O-])=O
1240,DB09144,Uridine triacetate,CC(=O)OC[C@H]1O[C@H]([C@H](OC(C)=O)[C@@H]1OC(C)=O)N1C=CC(=O)NC1=O
1241,DB09152,Nitrogen,N#N
1242,DB09154,Sodium citrate,[Na+].[Na+].[Na+].OC(CC([O-])=O)(CC([O-])=O)C([O-])=O
1243,DB09166,Etizolam,CCC1=CC2=C(S1)N1C(C)=NN=C1CN=C2C1=CC=CC=C1Cl
1244,DB09167,Dosulepin,CN(C)CC\C=C1/C2=CC=CC=C2CSC2=CC=CC=C12
1245,DB09183,Dasabuvir,COC1=C(C=C(C=C1C1=CC2=CC=C(NS(C)(=O)=O)C=C2C=C1)N1C=CC(=O)NC1=O)C(C)(C)C
1246,DB09185,Viloxazine,CCOC1=CC=CC=C1OCC1CNCCO1
1247,DB09198,Lobeglitazone,COC1=CC=C(OC2=NC=NC(=C2)N(C)CCOC2=CC=C(CC3SC(=O)NC3=O)C=C2)C=C1
1248,DB09203,Synephrine,CNCC(O)C1=CC=C(O)C=C1
1249,DB09205,Moxisylyte,CC(C)C1=C(OCCN(C)C)C=C(C)C(OC(C)=O)=C1
1250,DB09206,Trimazosin,COC1=CC2=C(N=C(N=C2N)N2CCN(CC2)C(=O)OCC(C)(C)O)C(OC)=C1OC
1251,DB09211,Limaprost,CCCC[C@H](C)C[C@H](O)\C=C\[C@H]1[C@H](O)CC(=O)[C@@H]1CCCC\C=C\C(O)=O
1252,DB09212,Loxoprofen,CC(C(O)=O)C1=CC=C(CC2CCCC2=O)C=C1
1253,DB09213,Dexibuprofen,CC(C)CC1=CC=C(C=C1)[C@H](C)C(O)=O
1254,DB09220,Nicorandil,[O-][N+](=O)OCCNC(=O)C1=CC=CN=C1
1255,DB09223,Blonanserin,CCN1CCN(CC1)C1=NC2=C(CCCCCC2)C(=C1)C1=CC=C(F)C=C1
1256,DB09229,Aranidipine,COC(=O)C1=C(C)NC(C)=C(C1C1=CC=CC=C1[N+]([O-])=O)C(=O)OCC(C)=O
1257,DB09235,Efonidipine,CC1=C(C(C2=CC=CC(=C2)[N+]([O-])=O)C(=C(C)N1)P1(=O)OCC(C)(C)CO1)C(=O)OCCN(CC1=CC=CC=C1)C1=CC=CC=C1
1258,DB09242,Moxonidine,COC1=NC(C)=NC(Cl)=C1NC1=NCCN1
1259,DB09244,Pirlindole,CC1=CC=C2N3CCNC4CCCC(=C34)C2=C1
1260,DB09245,Toloxatone,CC1=CC(=CC=C1)N1CC(CO)OC1=O
1261,DB09247,Iproclozide,CC(C)NNC(=O)COC1=CC=C(Cl)C=C1
1262,DB09248,Mebanazine,CC(NN)C1=CC=CC=C1
1263,DB09257,Gimeracil,OC1=CC(=O)NC=C1Cl
1264,DB09262,Imidafenacin,CC1=NC=CN1CCC(C(N)=O)(C1=CC=CC=C1)C1=CC=CC=C1
1265,DB09267,Strontium ranelate,[Sr++].[Sr++].[O-]C(=O)CN(CC([O-])=O)C1=C(C#N)C(CC([O-])=O)=C(S1)C([O-])=O
1266,DB09270,Ubidecarenone,COC1=C(OC)C(=O)C(C\C=C(/C)CC\C=C(/C)CC\C=C(/C)CC\C=C(/C)CC\C=C(/C)CC\C=C(/C)CC\C=C(/C)CC\C=C(/C)CC\C=C(/C)CCC=C(C)C)=C(C)C1=O
1267,DB09274,Artesunate,[H][C@@]12CC[C@@H](C)[C@]3([H])CC[C@@]4(C)OO[C@@]13[C@]([H])(O[C@@H](OC(=O)CCC(O)=O)[C@@H]2C)O4
1268,DB09279,Fimasartan,CCCCC1=NC(C)=C(CC(=S)N(C)C)C(=O)N1CC1=CC=C(C=C1)C1=C(C=CC=C1)C1=NN=NN1
1269,DB09280,Lumacaftor,CC1=CC=C(NC(=O)C2(CC2)C2=CC=C3OC(F)(F)OC3=C2)N=C1C1=CC(=CC=C1)C(O)=O
1270,DB09282,Molsidomine,CCOC(=O)[N-]C1=C[N+](=NO1)N1CCOCC1
1271,DB09284,Imolamine,CCN(CC)CCN1C(=N)ON=C1C1=CC=CC=C1
1272,DB09291,Rolapitant,C[C@@H](OC[C@]1(CC[C@]2(CCC(=O)N2)CN1)C1=CC=CC=C1)C1=CC(=CC(=C1)C(F)(F)F)C(F)(F)F
1273,DB09292,Sacubitril,CCOC(=O)[C@H](C)C[C@@H](CC1=CC=C(C=C1)C1=CC=CC=C1)NC(=O)CCC(O)=O
1274,DB09296,Ombitasvir,COC(=O)N[C@H](C(=O)N1CCC[C@H]1C(=O)Nc1ccc([C@@H]2CC[C@@H](c3ccc(NC(=O)[C@@H]4CCCN4C(=O)[C@@H](NC(=O)OC)C(C)C)cc3)N2c2ccc(C(C)(C)C)cc2)cc1)C(C)C
1275,DB09299,Tenofovir alafenamide,CC(C)OC(=O)[C@H](C)N[P@](=O)(CO[C@H](C)CN1C=NC2=C(N)N=CN=C12)OC1=CC=CC=C1
1276,DB09300,Butylscopolamine,CCCC[N+]1(C)[C@H]2C[C@@H](C[C@@H]1[C@H]1O[C@@H]21)OC(=O)[C@H](CO)C1=CC=CC=C1
1277,DB09319,Carindacillin,[H][C@]12SC(C)(C)[C@@H](N1C(=O)[C@H]2NC(=O)C(C(=O)OC1=CC2=C(CCC2)C=C1)C1=CC=CC=C1)C(O)=O
1278,DB09320,Procaine benzylpenicillin,CCN(CC)CCOC(=O)C1=CC=C(N)C=C1.[H][C@]12SC(C)(C)[C@@H](N1C(=O)[C@H]2NC(=O)CC1=CC=CC=C1)C(O)=O
1279,DB09324,Sulbactam,[H][C@@]12CC(=O)N1[C@@]([H])(C(O)=O)C(C)(C)S2(=O)=O
1280,DB09325,Sodium fluoride,[F-].[Na+]
1281,DB09330,Osimertinib,COC1=C(NC2=NC=CC(=N2)C2=CN(C)C3=C2C=CC=C3)C=C(NC(=O)C=C)C(=C1)N(C)CCN(C)C
1282,DB09343,Tipiracil,ClC1=C(CN2CCCC2=N)NC(=O)NC1=O
1283,DB09345,Pramocaine,CCCCOC1=CC=C(OCCCN2CCOCC2)C=C1
1284,DB09350,Piperonyl butoxide,CCCCOCCOCCOCC1=CC2=C(OCO2)C=C1CCC
1285,DB09351,Levobetaxolol,CC(C)NC[C@H](O)COC1=CC=C(CCOCC2CC2)C=C1
1286,DB09352,Hydroxyamphetamine,CC(N)CC1=CC=C(O)C=C1
1287,DB09355,Sulfabenzamide,NC1=CC=C(C=C1)S(=O)(=O)NC(=O)C1=CC=CC=C1
1288,DB09357,Dexpanthenol,CC(C)(CO)[C@@H](O)C(=O)NCCCO
1289,DB09371,Norethynodrel,[H][C@@]12CC[C@@](O)(C#C)[C@@]1(C)CC[C@]1([H])C3=C(CC[C@@]21[H])CC(=O)CC3
1290,DB09389,Norgestrel,CCC12CCC3C(CCC4=CC(=O)CCC34)C1CCC2(O)C#C
1291,DB09401,Isosorbide,[H][C@]1(O)CO[C@]2([H])[C@]([H])(O)CO[C@]12[H]
1292,DB09449,"Sodium phosphate, monobasic",[Na+].OP(O)([O-])=O
1293,DB09462,Glycerin,OCC(O)CO
1294,DB09472,Sodium sulfate,[Na+].[Na+].[O-]S([O-])(=O)=O
1295,DB09477,Enalaprilat,[H][C@@](C)(N[C@@]([H])(CCC1=CC=CC=C1)C(O)=O)C(=O)N1CCC[C@@]1([H])C(O)=O
1296,DB09481,Magnesium carbonate,[Mg++].[O-]C([O-])=O
1297,DB09488,Acrivastine,[H]\C(CN1CCCC1)=C(\C1=CC=C(C)C=C1)C1=CC=CC(=N1)C(\[H])=C(/[H])C(O)=O
1298,DB09494,Cetyl alcohol,CCCCCCCCCCCCCCCCO
1299,DB09496,Octinoxate,[H]\C(=C(\[H])C1=CC=C(OC)C=C1)C(=O)OCC(CC)CCCC
1300,DB09526,Hydroquinone,OC1=CC=C(O)C=C1
1301,DB09543,Methyl salicylate,COC(=O)C1=CC=CC=C1O
1302,DB09555,Dexchlorpheniramine maleate,OC(=O)\C=C/C(O)=O.CN(C)CC[C@@H](C1=CC=C(Cl)C=C1)C1=CC=CC=N1
1303,DB09571,Levmetamfetamine,CN[C@H](C)CC1=CC=CC=C1
1304,DB11081,Aluminum chloride,Cl[Al](Cl)Cl
1305,DB11085,Resorcinol,OC1=CC(O)=CC=C1
1306,DB11089,Docusate,CCCCC(CC)COC(=O)CC(C(=O)OCC(CC)CCCC)S(O)(=O)=O
1307,DB11093,Calcium citrate,[Ca++].[Ca++].[Ca++].OC(CC([O-])=O)(CC([O-])=O)C([O-])=O.OC(CC([O-])=O)(CC([O-])=O)C([O-])=O
1308,DB11100,Allantoin,NC(=O)NC1NC(=O)NC1=O
1309,DB11110,Magnesium citrate,[Mg++].[Mg++].[Mg++].OC(CC([O-])=O)(CC([O-])=O)C([O-])=O.OC(CC([O-])=O)(CC([O-])=O)C([O-])=O
1310,DB11117,Undecylenic acid,OC(=O)CCCCCCCCC=C
1311,DB11125,Benzethonium,CC(C)(C)CC(C)(C)C1=CC=C(OCCOCC[N+](C)(C)CC2=CC=CC=C2)C=C1
1312,DB11126,Calcium gluconate,[Ca++].[H][C@@](O)(CO)[C@@]([H])(O)[C@]([H])(O)[C@@]([H])(O)C([O-])=O.[H][C@@](O)(CO)[C@@]([H])(O)[C@]([H])(O)[C@@]([H])(O)C([O-])=O
1313,DB11132,Silicon dioxide,O=[Si]=O
1314,DB11148,Butamben,CCCCOC(=O)C1=CC=C(N)C=C1
1315,DB11156,Pyrantel,[H]\C(=C(\[H])C1=NCCCN1C)C1=CC=CS1
1316,DB11160,Phenyltoloxamine,CN(C)CCOC1=CC=CC=C1CC1=CC=CC=C1
1317,DB11181,Homatropine,[H][C@]12CC[C@]([H])(C[C@@H](C1)OC(=O)C(O)C1=CC=CC=C1)N2C
1318,DB11186,Pentoxyverine,CCN(CC)CCOCCOC(=O)C1(CCCC1)C1=CC=CC=C1
1319,DB11221,Dioxybenzone,COC1=CC(O)=C(C=C1)C(=O)C1=CC=CC=C1O
1320,DB11248,Zinc gluconate,[Zn++].[H][C@@](O)(CO)[C@@]([H])(O)[C@]([H])(O)[C@@]([H])(O)C([O-])=O.[H][C@@](O)(CO)[C@@]([H])(O)[C@]([H])(O)[C@@]([H])(O)C([O-])=O
1321,DB11256,Levomefolic acid,CN1[C@@H](CNC2=CC=C(C=C2)C(=O)N[C@@H](CCC(O)=O)C(O)=O)CNC2=C1C(=O)N=C(N)N2
1322,DB11273,Dihydroergocornine,[H][C@@]12CCCN1C(=O)[C@H](C(C)C)N1C(=O)[C@](NC(=O)[C@H]3CN(C)[C@]4([H])CC5=CNC6=CC=CC(=C56)[C@@]4([H])C3)(O[C@@]21O)C(C)C
1323,DB11275,Epicriptine,[H][C@@]12CCCN1C(=O)[C@]([H])([C@H](C)CC)N1C(=O)[C@](NC(=O)[C@H]3CN(C)[C@]4([H])CC5=CNC6=CC=CC(=C56)[C@@]4([H])C3)(O[C@@]21O)C(C)C
1324,DB11315,Methscopolamine,C[N+]1(C)[C@H]2C[C@@H](C[C@@H]1[C@H]1O[C@@H]21)OC(=O)[C@H](CO)C1=CC=CC=C1
1325,DB11328,Tetradecyl hydrogen sulfate (ester),CCCCC(CC)CCC(CC(C)C)OS(O)(=O)=O
1326,DB11348,Calcium Phosphate,[Ca++].[Ca++].[Ca++].[O-]P([O-])([O-])=O.[O-]P([O-])([O-])=O
1327,DB11359,Guaiacol,COC1=C(O)C=CC=C1
1328,DB11396,Dichlorophen,OC1=CC=C(Cl)C=C1CC1=CC(Cl)=CC=C1O
1329,DB11431,Moxidectin,[H][C@@]12OC\C3=C/C=C/[C@H](C)C\C(C)=C\C[C@]4([H])C[C@@]([H])(C[C@]5(C\C(=N/OC)[C@H](C)[C@H](O5)C(\C)=C\C(C)C)O4)OC(=O)[C@]([H])(C=C(C)[C@H]1O)[C@@]23O
1330,DB11502,Butacaine,CCCCN(CCCC)CCCOC(=O)C1=CC=C(N)C=C1
1331,DB11560,Lesinurad,OC(=O)CSC1=NN=C(Br)N1C1=CC=C(C2CC2)C2=C1C=CC=C2
1332,DB11575,Grazoprevir,COC1=CC2=NC3=C(CCCCC[C@@H]4C[C@H]4OC(=O)N[C@H](C(=O)N4C[C@@H](C[C@H]4C(=O)N[C@@]4(C[C@H]4C=C)C(=O)NS(=O)(=O)C4CC4)O3)C(C)(C)C)N=C2C=C1
1333,DB11581,Venetoclax,CC1(C)CCC(CN2CCN(CC2)C2=CC=C(C(=O)NS(=O)(=O)C3=CC=C(NCC4CCOCC4)C(=C3)[N+]([O-])=O)C(OC3=CN=C4NC=CC4=C3)=C2)=C(C1)C1=CC=C(Cl)C=C1
1334,DB11582,Thiocolchicoside,COC1=C(O[C@@H]2O[C@H](CO)[C@@H](O)[C@H](O)[C@H]2O)C=C2CC[C@H](NC(C)=O)C3=CC(=O)C(SC)=CC=C3C2=C1OC
1335,DB11586,Asunaprevir,COC1=CN=C(O[C@@H]2C[C@H](N(C2)C(=O)[C@@H](NC(=O)OC(C)(C)C)C(C)(C)C)C(=O)N[C@@]2(C[C@H]2C=C)C(=O)NS(=O)(=O)C2CC2)C2=C1C=CC(Cl)=C2
1336,DB11591,Bilastine,CCOCCN1C(=NC2=CC=CC=C12)C1CCN(CCC2=CC=C(C=C2)C(C)(C)C(O)=O)CC1
1337,DB11596,Levoleucovorin,NC1=NC(=O)C2=C(NC[C@H](CNC3=CC=C(C=C3)C(=O)N[C@@H](CCC(O)=O)C(O)=O)N2C=O)N1
1338,DB11613,Velpatasvir,COC[C@H]1C[C@H](N(C1)C(=O)[C@H](NC(=O)OC)C1=CC=CC=C1)C1=NC=C(N1)C1=CC=C2C(COC3=CC4=C(C=CC5=C4NC(=N5)[C@@H]4CC[C@H](C)N4C(=O)[C@@H](NC(=O)OC)C(C)C)C=C23)=C1
1339,DB11614,Rupatadine,CC1=CC(CN2CCC(CC2)=C2C3=CC=C(Cl)C=C3CCC3=C2N=CC=C3)=CN=C1
1340,DB11617,Aclarubicin,CC[C@@]1(O)C[C@H](O[C@H]2C[C@@H]([C@H](O[C@H]3C[C@H](O)[C@H](O[C@H]4CCC(=O)[C@H](C)O4)[C@H](C)O3)[C@H](C)O2)N(C)C)C2=C(O)C3=C(C=C2[C@H]1C(=O)OC)C(=O)C1=C(C(O)=CC=C1)C3=O
1341,DB11620,Neridronic Acid,NCCCCCC(O)(P(O)(O)=O)P(O)(O)=O
1342,DB11622,Dehydrocholic acid,[H][C@@]1(CC[C@@]2([H])[C@]3([H])C(=O)C[C@]4([H])CC(=O)CC[C@]4(C)[C@@]3([H])CC(=O)[C@]12C)[C@H](C)CCC(O)=O
1343,DB11629,Laropiprant,CS(=O)(=O)C1=C2N(CC3=CC=C(Cl)C=C3)C3=C(CC[C@@H]3CC(O)=O)C2=CC(F)=C1
1344,DB11633,Isavuconazole,C[C@@H](C1=NC(=CS1)C1=CC=C(C=C1)C#N)[C@](O)(CN1C=NC=N1)C1=C(F)C=CC(F)=C1
1345,DB11637,Delamanid,C[C@]1(COC2=CC=C(C=C2)N2CCC(CC2)OC2=CC=C(OC(F)(F)F)C=C2)CN2C=C(N=C2O1)[N+]([O-])=O
1346,DB11638,Artenimol,[H][C@@]12CC[C@@H](C)[C@]3([H])CC[C@@]4(C)OO[C@@]13[C@]([H])(O[C@H](O)[C@@H]2C)O4
1347,DB11640,Amifampridine,NC1=CC=NC=C1N
1348,DB11641,Vinflunine,CC[C@@]12C=CCN3CC[C@@]4([C@H]13)[C@@H](N(C)C1=CC(OC)=C(C=C41)[C@]1(C[C@@H]3C[C@H](C[N@@](C3)CC3=C1NC1=CC=CC=C31)C(C)(F)F)C(=O)OC)[C@](O)([C@@H]2OC(C)=O)C(=O)OC
1349,DB11644,Tafamidis,OC(=O)C1=CC=C2N=C(OC2=C1)C1=CC(Cl)=CC(Cl)=C1
1350,DB11653,Bremelanotide,CCCC[C@@H](C(=O)N[C@H]1CC(=O)NCCCC[C@H](NC(=O)[C@@H](NC(=O)[C@@H](NC(=O)[C@H](NC(=O)[C@@H](NC1=O)CC2=CN=CN2)CC3=CC=CC=C3)CCCN=C(N)N)CC4=CNC5=CC=CC=C54)C(=O)O)NC(=O)C
1351,DB11656,Rebamipide,OC(=O)C(CC1=CC(=O)NC2=C1C=CC=C2)NC(=O)C1=CC=C(Cl)C=C1
1352,DB11660,Latanoprostene bunod,O[C@H](CC[C@H]1[C@H](O)C[C@H](O)[C@@H]1C\C=C/CCCC(=O)OCCCCO[N+]([O-])=O)CCC1=CC=CC=C1
1353,DB11677,Triheptanoin,CCCCCCC(=O)OCC(COC(=O)CCCCCC)OC(=O)CCCCCC
1354,DB11682,Daprodustat,OC(=O)CNC(=O)C1C(=O)N(C2CCCCC2)C(=O)N(C2CCCCC2)C1=O
1355,DB11689,Selumetinib,CN1C=NC2=C(F)C(NC3=C(Cl)C=C(Br)C=C3)=C(C=C12)C(=O)NOCCO
1356,DB11691,Naldemedine,[H][C@@]12OC3=C4C(C[C@@]5([H])N(CC6CC6)CC[C@@]14[C@@]5(O)CC(C(=O)NC(C)(C)C1=NC(=NO1)C1=CC=CC=C1)=C2O)=CC=C3O
1357,DB11693,Voclosporin,[H][C@@]1([C@H](O)[C@H](C)C\C=C\C=C)N(C)C(=O)[C@H](C(C)C)N(C)C(=O)[C@H](CC(C)C)N(C)C(=O)[C@H](CC(C)C)N(C)C(=O)[C@@H](C)NC(=O)[C@H](C)NC(=O)[C@H](CC(C)C)N(C)C(=O)[C@@H](NC(=O)[C@H](CC(C)C)N(C)C(=O)CN(C)C(=O)[C@H](CC)NC1=O)C(C)C
1358,DB11696,Racecadotril,CC(=O)SCC(CC1=CC=CC=C1)C(=O)NCC(=O)OCC1=CC=CC=C1
1359,DB11698,Ipragliflozin,OC[C@H]1O[C@H]([C@H](O)[C@@H](O)[C@@H]1O)C1=CC=C(F)C(CC2=CC3=CC=CC=C3S2)=C1
1360,DB11699,Tropisetron,[H][C@]12CC[C@]([H])(C[C@@]([H])(C1)OC(=O)C1=CNC3=CC=CC=C13)N2C
1361,DB11700,Setmelanotide,[H]N([H])C(=O)[C@@H]1CSSC[C@H](N([H])C(=O)[C@H](CCCN=C(N([H])[H])N([H])[H])N([H])C(C)=O)C(=O)N[C@H](C)C(=O)N[C@@H](CC2=CN=CN2[H])C(=O)N[C@H](CC2=CC=CC=C2)C(=O)N[C@@H](CCCN=C(N)N)C(=O)N[C@@H](CC2=CN([H])C3=CC=CC=C23)C(=O)N1
1362,DB11701,Amenamevir,CC1=CC=CC(C)=C1N(CC(=O)NC1=CC=C(C=C1)C1=NOC=N1)C(=O)C1CCS(=O)(=O)CC1
1363,DB11712,Tezacaftor,CC(C)(CO)C1=CC2=CC(NC(=O)C3(CC3)C3=CC=C4OC(F)(F)OC4=C3)=C(F)C=C2N1C[C@@H](O)CO
1364,DB11718,Encorafenib,COC(=O)N[C@@H](C)CNC1=NC=CC(=N1)C1=CN(N=C1C1=CC(Cl)=CC(NS(C)(=O)=O)=C1F)C(C)C
1365,DB11730,Ribociclib,CN(C)C(=O)C1=CC2=CN=C(NC3=CC=C(C=N3)N3CCNCC3)N=C2N1C1CCCC1
1366,DB11732,Lasmiditan,CN1CCC(CC1)C(=O)C1=CC=CC(NC(=O)C2=C(F)C=C(F)C=C2F)=N1
1367,DB11738,Rilmenidine,C1CC1C(NC1=NCCO1)C1CC1
1368,DB11739,Vonoprazan,CNCC1=CN(C(=C1)C1=CC=CC=C1F)S(=O)(=O)C1=CC=CN=C1
1369,DB11742,Ebastine,CC(C)(C)C1=CC=C(C=C1)C(=O)CCCN1CCC(CC1)OC(C1=CC=CC=C1)C1=CC=CC=C1
1370,DB11750,Clobetasol,[H][C@@]12C[C@H](C)[C@](O)(C(=O)CCl)[C@@]1(C)C[C@H](O)[C@@]1(F)[C@@]2([H])CCC2=CC(=O)C=C[C@]12C
1371,DB11751,Cabotegravir,[H][C@@]12CN3C=C(C(=O)NCC4=C(F)C=C(F)C=C4)C(=O)C(O)=C3C(=O)N1[C@@H](C)CO2
1372,DB11753,Rifamycin,CO[C@H]1\C=C\O[C@@]2(C)OC3=C(C)C(O)=C4C(O)=C(NC(=O)\C(C)=C/C=C/[C@H](C)[C@H](O)[C@@H](C)[C@@H](O)[C@@H](C)[C@H](OC(C)=O)[C@@H]1C)C=C(O)C4=C3C2=O
1373,DB11757,Istradefylline,[H]\C(=C(\[H])C1=CC(OC)=C(OC)C=C1)C1=NC2=C(N1C)C(=O)N(CC)C(=O)N2CC
1374,DB11760,Talazoparib,CN1N=CN=C1[C@@H]1[C@H](NC2=C3C1=NNC(=O)C3=CC(F)=C2)C1=CC=C(F)C=C1
1375,DB11761,Tenapanor,CN1C[C@@H](C2=CC(=CC=C2)S(=O)(=O)NCCOCCOCCNC(=O)NCCCCNC(=O)NCCOCCOCCNS(=O)(=O)C2=CC(=CC=C2)[C@@H]2CN(C)CC3=C2C=C(Cl)C=C3Cl)C2=C(C1)C(Cl)=CC(Cl)=C2
1376,DB11770,Talinolol,CC(C)(C)NCC(O)COC1=CC=C(NC(=O)NC2CCCCC2)C=C1
1377,DB11774,Pazufloxacin,[H][C@]1(C)COC2=C3N1C=C(C(O)=O)C(=O)C3=CC(F)=C2C1(N)CC1
1378,DB11783,Imidapril,[H][C@@](C)(N[C@@]([H])(CCC1=CC=CC=C1)C(=O)OCC)C(=O)N1C(=O)N(C)C[C@@]1([H])C(O)=O
1379,DB11791,Capmatinib,CNC(=O)C1=C(F)C=C(C=C1)C1=NN2C(CC3=CC4=C(C=C3)N=CC=C4)=CN=C2N=C1
1380,DB11792,Mirodenafil,CCCOC1=CC=C(C=C1C1=NC2=C(N(CC)C=C2CCC)C(=O)N1)S(=O)(=O)N1CCN(CCO)CC1
1381,DB11793,Niraparib,NC(=O)C1=CC=CC2=CN(N=C12)C1=CC=C(C=C1)[C@@H]1CCCNC1
1382,DB11799,Bictegravir,OC1=C2N(C[C@H]3O[C@@H]4CC[C@@H](C4)N3C2=O)C=C(C(=O)NCC2=C(F)C=C(F)C=C2F)C1=O
1383,DB11800,Tivozanib,COC1=C(OC)C=C2C(OC3=CC(Cl)=C(NC(=O)NC4=NOC(C)=C4)C=C3)=CC=NC2=C1
1384,DB11812,Talaporfin,CCC1=C(C)\C2=C\C3=C(C=C)C(C)=C(N3)\C=C3/N=C([C@@H](CCC(O)=O)[C@@H]3C)/C(/CC(=O)N[C@@H](CC(O)=O)C(O)=O)=C3\N\C(=C/C1=N2)C(C)=C3C(O)=O
1385,DB11817,Baricitinib,CCS(=O)(=O)N1CC(CC#N)(C1)N1C=C(C=N1)C1=C2C=CNC2=NC=N1
1386,DB11820,Nifurtimox,CC1CS(=O)(=O)CCN1\N=C\C1=CC=C(O1)[N+]([O-])=O
1387,DB11823,Esketamine,CN[C@@]1(CCCCC1=O)C1=CC=CC=C1Cl
1388,DB11824,Tofogliflozin,CCC1=CC=C(CC2=CC=C3CO[C@]4(O[C@H](CO)[C@@H](O)[C@H](O)[C@H]4O)C3=C2)C=C1
1389,DB11825,Mirogabalin,CCC1=C[C@@H]2[C@@H](C[C@]2(CN)CC(O)=O)C1
1390,DB11827,Ertugliflozin,CCOC1=CC=C(CC2=CC(=CC=C2Cl)[C@]23OC[C@](CO)(O2)[C@@H](O)[C@H](O)[C@H]3O)C=C1
1391,DB11828,Neratinib,CCOC1=C(NC(=O)\C=C\CN(C)C)C=C2C(NC3=CC=C(OCC4=CC=CC=N4)C(Cl)=C3)=C(C=NC2=C1)C#N
1392,DB11837,Osilodrostat,FC1=C(C=CC(=C1)C#N)[C@H]1CCC2=CN=CN12
1393,DB11853,Relugolix,CONC(=O)NC1=CC=C(C=C1)C1=C(CN(C)C)C2=C(S1)N(CC1=C(F)C=CC=C1F)C(=O)N(C2=O)C1=CC=C(OC)N=N1
1394,DB11855,Revefenacin,CN(CCN1CCC(CC1)OC(=O)NC1=CC=CC=C1C1=CC=CC=C1)C(=O)C1=CC=C(CN2CCC(CC2)C(N)=O)C=C1
1395,DB11888,Laninamivir octanoate,[H][C@]1(OC(=C[C@H](NC(N)=N)[C@H]1NC(C)=O)C(O)=O)[C@H](OC)[C@H](O)COC(=O)CCCCCCC
1396,DB11892,Prulifloxacin,CC1SC2=C(C(O)=O)C(=O)C3=CC(F)=C(C=C3N12)N1CCN(CC2=C(C)OC(=O)O2)CC1
1397,DB11901,Apalutamide,CNC(=O)C1=CC=C(C=C1F)N1C(=S)N(C(=O)C11CCC1)C1=CC(=C(N=C1)C#N)C(F)(F)F
1398,DB11915,Valbenazine,COC1=C(OC)C=C2[C@H]3C[C@@H](OC(=O)[C@@H](N)C(C)C)[C@H](CC(C)C)CN3CCC2=C1
1399,DB11921,Deflazacort,[H][C@@]12C[C@@]3([H])[C@]4([H])CCC5=CC(=O)C=C[C@]5(C)[C@@]4([H])[C@@]([H])(O)C[C@]3(C)[C@@]1(N=C(C)O2)C(=O)COC(C)=O
1400,DB11929,Vaniprevir,[H][C@]1(C[C@@H]2CN1C(=O)[C@@H](NC(=O)OCC(C)(C)CCCCC1=C3CN(CC3=CC=C1)C(=O)O2)C(C)(C)C)C(=O)N[C@@]1(C[C@H]1CC)C(=O)NS(=O)(=O)C1CC1
1401,DB11932,Abametapir,CC1=CC=C(N=C1)C1=CC=C(C)C=N1
1402,DB11936,Bempedoic acid,CC(C)(CCCCCC(O)CCCCCC(C)(C)C(O)=O)C(O)=O
1403,DB11938,Difelikefalin,CC(C)C[C@@H](NC(=O)[C@@H](CC1=CC=CC=C1)NC(=O)[C@H](N)CC1=CC=CC=C1)C(=O)N[C@H](CCCCN)C(=O)N1CCC(N)(CC1)C(O)=O
1404,DB11942,Selinexor,FC(F)(F)C1=CC(=CC(=C1)C1=NN(\C=C/C(=O)NNC2=NC=CN=C2)C=N1)C(F)(F)F
1405,DB11943,Delafloxacin,NC1=NC(N2C=C(C(O)=O)C(=O)C3=CC(F)=C(N4CC(O)C4)C(Cl)=C23)=C(F)C=C1F
1406,DB11950,Teneligliptin,[H][C@]1(CN[C@@]([H])(C1)C(=O)N1CCSC1)N1CCN(CC1)C1=CC(C)=NN1C1=CC=CC=C1
1407,DB11951,Lemborexant,CC1=NC=C(OC[C@]2(C[C@H]2C(=O)NC2=NC=C(F)C=C2)C2=CC=CC(F)=C2)C(C)=N1
1408,DB11952,Duvelisib,C[C@H](NC1=C2N=CNC2=NC=N1)C1=CC2=CC=CC(Cl)=C2C(=O)N1C1=CC=CC=C1
1409,DB11963,Dacomitinib,COC1=C(NC(=O)\C=C\CN2CCCCC2)C=C2C(NC3=CC(Cl)=C(F)C=C3)=NC=NC2=C1
1410,DB11964,Ilaprazole,COC1=C(C)C(CS(=O)C2=NC3=C(N2)C=CC(=C3)N2C=CC=C2)=NC=C1
1411,DB11967,Binimetinib,CN1C=NC2=C(F)C(NC3=CC=C(Br)C=C3F)=C(C=C12)C(=O)NOCCO
1412,DB11978,Glasdegib,CN1CC[C@H](C[C@@H]1C1=NC2=CC=CC=C2N1)NC(=O)NC1=CC=C(C=C1)C#N
1413,DB11986,Entrectinib,CN1CCN(CC1)C1=CC=C(C(=O)NC2=NNC3=CC=C(CC4=CC(F)=CC(F)=C4)C=C23)C(NC2CCOCC2)=C1
1414,DB11992,Omarigliptin,CS(=O)(=O)N1C=C2CN(CC2=N1)[C@H]1CO[C@@H]([C@@H](N)C1)C1=CC(F)=CC=C1F
1415,DB11995,Avatrombopag,OC(=O)C1CCN(CC1)C1=C(Cl)C=C(C=N1)C(=O)NC1=NC(C2=CC(Cl)=CS2)=C(S1)N1CCN(CC1)C1CCCCC1
1416,DB12001,Abemaciclib,CCN1CCN(CC2=CC=C(NC3=NC=C(F)C(=N3)C3=CC(F)=C4N=C(C)N(C(C)C)C4=C3)N=C2)CC1
1417,DB12010,Fostamatinib,COC1=CC(NC2=NC=C(F)C(NC3=NC4=C(OC(C)(C)C(=O)N4COP(O)(O)=O)C=C3)=N2)=CC(OC)=C1OC
1418,DB12015,Alpelisib,CC1=C(SC(NC(=O)N2CCC[C@H]2C(N)=O)=N1)C1=CC(=NC=C1)C(C)(C)C(F)(F)F
1419,DB12017,Ozagrel,OC(=O)\C=C\C1=CC=C(CN2C=CN=C2)C=C1
1420,DB12020,Tecovirimat,FC(F)(F)C1=CC=C(C=C1)C(=O)NN1C(=O)[C@H]2[C@H]([C@H]3C=C[C@@H]2[C@@H]2C[C@H]32)C1=O
1421,DB12026,Voxilaprevir,CC[C@@H]1[C@@H]2CN([C@@H]1C(=O)N[C@@]1(C[C@H]1C(F)F)C(=O)NS(=O)(=O)C1(C)CC1)C(=O)[C@@H](NC(=O)O[C@@H]1C[C@H]1CCCCC(F)(F)C1=C(O2)N=C2C=C(OC)C=CC2=N1)C(C)(C)C
1422,DB12035,Sarecycline,[H][C@@]12CC3=C(CN(C)OC)C=CC(O)=C3C(=O)C1=C(O)[C@]1(O)C(=O)C(C(N)=O)=C(O)[C@@H](N(C)C)[C@]1([H])C2
1423,DB12070,Letermovir,COC1=CC=CC(=C1)N1CCN(CC1)C1=NC2=C(C=CC=C2F)[C@H](CC(O)=O)N1C1=CC(=CC=C1OC)C(F)(F)F
1424,DB12107,Vaborbactam,OB1O[C@H](CC(O)=O)CC[C@@H]1NC(=O)CC1=CC=CS1
1425,DB12130,Lorlatinib,C[C@H]1OC2=C(N)N=CC(=C2)C2=C(C#N)N(C)N=C2CN(C)C(=O)C2=C1C=C(F)C=C2
1426,DB12131,Vinpocetine,[H][C@]12N3CCC[C@@]1(CC)C=C(N1C4=CC=CC=C4C(CC3)=C21)C(=O)OCC
1427,DB12147,Erdafitinib,COC1=CC(=CC(OC)=C1)N(CCNC(C)C)C1=CC=C2N=CC(=NC2=C1)C1=CN(C)N=C1
1428,DB12161,Deutetrabenazine,[2H]C([2H])([2H])OC1=CC2=C(C=C1OC([2H])([2H])[2H])[C@@H]1CC(=O)[C@@H](CC(C)C)CN1CC2
1429,DB12184,Gepirone,CC1(C)CC(=O)N(CCCCN2CCN(CC2)C2=NC=CC=N2)C(=O)C1
1430,DB12190,Faropenem,[H][C@]12SC([C@H]3CCCO3)=C(N1C(=O)[C@@H]2[C@@H](C)O)C(O)=O
1431,DB12212,Landiolol,CC1(C)OC[C@@H](COC(=O)CCC2=CC=C(OC[C@@H](O)CNCCNC(=O)N3CCOCC3)C=C2)O1
1432,DB12214,Luseogliflozin,CCOC1=CC=C(CC2=CC([C@@H]3S[C@H](CO)[C@@H](O)[C@H](O)[C@H]3O)=C(OC)C=C2C)C=C1
1433,DB12230,Bunazosin,CCCC(=O)N1CCCN(CC1)C1=NC(N)=C2C=C(OC)C(OC)=CC2=N1
1434,DB12233,Iguratimod,CS(=O)(=O)NC1=CC2=C(C=C1OC1=CC=CC=C1)C(=O)C(NC=O)=CO2
1435,DB12235,Estetrol,[H][C@@]12[C@@H](O)[C@@H](O)[C@H](O)[C@@]1(C)CC[C@]1([H])C3=CC=C(O)C=C3CC[C@@]21[H]
1436,DB12243,Edaravone,CC1=NN(C(=O)C1)C1=CC=CC=C1
1437,DB12245,Triclabendazole,CSc1nc2cc(Oc3cccc(Cl)c3Cl)c(Cl)cc2[nH]1
1438,DB12248,Tulobuterol,CC(C)(C)NCC(O)C1=CC=CC=C1Cl
1439,DB12255,Vadadustat,OC(=O)CNC(=O)C1=C(O)C=C(C=N1)C1=CC(Cl)=CC=C1
1440,DB12265,Fexinidazole,CSC1=CC=C(OCC2=NC=C(N2C)[N+]([O-])=O)C=C1
1441,DB12301,Doravirine,CN1C(=O)NN=C1CN1C=CC(=C(OC2=CC(=CC(Cl)=C2)C#N)C1=O)C(F)(F)F
1442,DB12319,Benzbromarone,CCc1oc2ccccc2c1C(=O)c1cc(Br)c(O)c(Br)c1
1443,DB12329,Eravacycline,[H][C@@]12CC3=C(F)C=C(NC(=O)CN4CCCC4)C(O)=C3C(=O)C1=C(O)[C@]1(O)C(=O)C(C(N)=O)=C(O)[C@@H](N(C)C)[C@]1([H])C2
1444,DB12354,Imrecoxib,CCCN1CC(=C(C1=O)C1=CC=C(C)C=C1)C1=CC=C(C=C1)S(C)(=O)=O
1445,DB12364,Betrixaban,COC1=CC=C(NC(=O)C2=CC=C(C=C2)C(=N)N(C)C)C(=C1)C(=O)NC1=CC=C(Cl)C=N1
1446,DB12371,Siponimod,CCC1=CC(=CC=C1CN1CC(C1)C(O)=O)C(\C)=N\OCC1=CC=C(C2CCCCC2)C(=C1)C(F)(F)F
1447,DB12377,Relebactam,OS(=O)(=O)ON1[C@H]2C[N@]([C@@H](CC2)C(=O)NC2CCNCC2)C1=O
1448,DB12388,Evocalcet,C[C@@H](N[C@H]1CCN(C1)C1=CC=C(CC(O)=O)C=C1)C1=C2C=CC=CC2=CC=C1
1449,DB12399,Polmacoxib,CC1(C)OC(=C(C1=O)C1=CC=CC(F)=C1)C1=CC=C(C=C1)S(N)(=O)=O
1450,DB12412,Gemigliptin,N[C@H](CN1CC(F)(F)CCC1=O)CC(=O)N1CCC2=C(C1)N=C(N=C2C(F)(F)F)C(F)(F)F
1451,DB12417,Anagliptin,CC1=NN2C=C(C=NC2=C1)C(=O)NCC(C)(C)NCC(=O)N1CCC[C@H]1C#N
1452,DB12447,Nadifloxacin,CC1CCC2=C3N1C=C(C(O)=O)C(=O)C3=CC(F)=C2N1CCC(O)CC1
1453,DB12455,Omadacycline,[H][C@@]12CC3=C(C=C(CNCC(C)(C)C)C(O)=C3C(=O)C1=C(O)[C@]1(O)C(=O)C(C(N)=O)=C(O)[C@@H](N(C)C)[C@]1([H])C2)N(C)C
1454,DB12459,Belotecan,CC[C@@]1(O)C(=O)OCC2=C1C=C1N(CC3=C1N=C1C=CC=CC1=C3CCNC(C)C)C2=O
1455,DB12466,Favipiravir,NC(=O)C1=NC(F)=CN=C1O
1456,DB12471,Ibrexafungerp,[H][C@]12CC[C@@]3([H])[C@@]4(C)COC[C@@]3(C[C@H]([C@@H]4OC[C@](C)(N)C(C)(C)C)N3N=CN=C3C3=CC=NC=C3)C1=CC[C@@]1(C)[C@H](C(O)=O)[C@](C)(CC[C@]21C)[C@H](C)C(C)C
1457,DB12482,Acotiamide,COC1=C(OC)C=C(C(=O)NC2=NC(=CS2)C(=O)NCCN(C(C)C)C(C)C)C(O)=C1
1458,DB12486,Elobixibat,CCCCC1(CCCC)CN(C2=CC=CC=C2)C2=CC(SC)=C(OCC(=O)N[C@@H](C(=O)NCC(O)=O)C3=CC=CC=C3)C=C2S(=O)(=O)C1
1459,DB12499,Clascoterone,[H][C@@]12CC[C@](OC(=O)CC)(C(=O)CO)[C@@]1(C)CC[C@@]1([H])[C@@]2([H])CCC2=CC(=O)CC[C@]12C
1460,DB12500,Fedratinib,CC1=CN=C(NC2=CC=C(OCCN3CCCC3)C=C2)N=C1NC1=CC=CC(=C1)S(=O)(=O)NC(C)(C)C
1461,DB12523,Mizolastine,CN(C1CCN(CC1)C1=NC2=C(C=CC=C2)N1CC1=CC=C(F)C=C1)C1=NC=CC(=O)N1
1462,DB12543,Samidorphan,NC(=O)C1=CC=C2C[C@H]3N(CC4CC4)CC[C@@]4(CC(=O)CC[C@@]34O)C2=C1O
1463,DB12553,Fluocinolone,C[C@]12C[C@H](O)[C@@]3(F)[C@@H](C[C@H](F)C4=CC(=O)C=C[C@]34C)[C@@H]1C[C@@H](O)[C@]2(O)C(=O)CO
1464,DB12598,Nafamostat,NC(=N)NC1=CC=C(C=C1)C(=O)OC1=CC2=C(C=C1)C=C(C=C2)C(N)=N
1465,DB12661,Urapidil,COC1=CC=CC=C1N1CCN(CCCNC2=CC(=O)N(C)C(=O)N2C)CC1
1466,DB12674,Lurbinectedin,[H][C@@]12[C@@H]3SC[C@]4(NCCC5=C4NC4=CC=C(OC)C=C54)C(=O)OC[C@H](N1[C@@H](O)[C@@H]1CC4=CC(C)=C(OC)C(O)=C4[C@@]2([H])N1C)C1=C2OCOC2=C(C)C(OC(C)=O)=C31
1467,DB12710,Perazine,CN1CCN(CCCN2C3=CC=CC=C3SC3=CC=CC=C23)CC1
1468,DB12712,Pilsicainide,CC1=CC=CC(C)=C1NC(=O)CC12CCCN1CCC2
1469,DB12713,Sotagliflozin,CCOC1=CC=C(CC2=CC(=CC=C2Cl)[C@@H]2O[C@H](SC)[C@@H](O)[C@H](O)[C@H]2O)C=C1
1470,DB12770,Lafutidine,O=C(CS(=O)CC1=CC=CO1)NC\C=C/COC1=NC=CC(CN2CCCCC2)=C1
1471,DB12789,Dinoprost,[H]\C(CCCC(O)=O)=C(/[H])C[C@@]1([H])[C@@]([H])(O)C[C@@]([H])(O)[C@]1([H])C(\[H])=C(/[H])[C@@]([H])(O)CCCCC
1472,DB12791,Laninamivir,[H][C@]1(OC(=C[C@H](NC(N)=N)[C@H]1NC(C)=O)C(O)=O)[C@H](OC)[C@H](O)CO
1473,DB12808,Trifarotene,CC(C)(C)C1=CC(=CC=C1N1CCCC1)C1=CC(=CC=C1OCCO)C1=CC=C(C=C1)C(O)=O
1474,DB12825,Lefamulin,[H][C@@]12C(=O)CC[C@]11CCC(C)[C@@]2(C)[C@@H](C[C@@](C)(C=C)[C@@H](O)[C@@H]1C)OC(=O)CS[C@@H]1CC[C@@H](N)C[C@H]1O
1475,DB12829,Amithiozone,CC(=O)NC1=CC=C(\C=N\NC(N)=S)C=C1
1476,DB12833,Tandospirone,[H][C@]12CC[C@]([H])(C1)[C@]1([H])C(=O)N(CCCCN3CCN(CC3)C3=NC=CC=N3)C(=O)[C@]21[H]
1477,DB12834,Secnidazole,CC(O)CN1C(C)=NC=C1N(=O)=O
1478,DB12846,Reproterol,CN1C2=C(N(CCCNCC(O)C3=CC(O)=CC(O)=C3)C=N2)C(=O)N(C)C1=O
1479,DB12863,Sivelestat,CC(C)(C)C(=O)OC1=CC=C(C=C1)S(=O)(=O)NC1=CC=CC=C1C(=O)NCC(O)=O
1480,DB12865,Etelcalcetide,C[C@@H](NC(=O)[C@@H](CCCNC(N)=N)NC(=O)[C@@H](CCCNC(N)=N)NC(=O)[C@@H](CCCNC(N)=N)NC(=O)[C@@H](C)NC(=O)[C@@H](CSSC[C@H](N)C(O)=O)NC(C)=O)C(=O)N[C@H](CCCNC(N)=N)C(N)=O
1481,DB12867,Benperidol,OC1=NC2=CC=CC=C2N1C1CCN(CCCC(=O)C2=CC=C(F)C=C2)CC1
1482,DB12874,Quizartinib,CC(C)(C)C1=CC(NC(=O)NC2=CC=C(C=C2)C2=CN3C(SC4=C3C=CC(OCCN3CCOCC3)=C4)=N2)=NO1
1483,DB12887,Tazemetostat,CCN(C1CCOCC1)C1=C(C)C(=CC(=C1)C1=CC=C(CN2CCOCC2)C=C1)C(=O)NCC1=C(C)C=C(C)NC1=O
1484,DB12924,Ozenoxacin,CNC1=NC=C(C=C1C)C1=CC=C2C(=O)C(=CN(C3CC3)C2=C1C)C(O)=O
1485,DB12930,Opipramol,OCCN1CCN(CCCN2C3=CC=CC=C3C=CC3=CC=CC=C23)CC1
1486,DB12941,Darolutamide,C[C@@H](CN1C=CC(=N1)C1=CC=C(C#N)C(Cl)=C1)NC(=O)C1=NNC(=C1)C(C)O
1487,DB12942,Lactitol,OC[C@H](O)[C@@H](O)[C@H](O[C@@H]1O[C@H](CO)[C@H](O)[C@H](O)[C@H]1O)[C@H](O)CO
1488,DB12947,Doxifluridine,C[C@H]1O[C@H]([C@H](O)[C@@H]1O)N1C=C(F)C(=O)NC1=O
1489,DB12975,Pyronaridine,COC1=NC2=C(NC3=CC(CN4CCCC4)=C(O)C(CN4CCCC4)=C3)C3=CC=C(Cl)C=C3N=C2C=C1
1490,DB12978,Pexidartinib,FC(F)(F)C1=CC=C(CNC2=NC=C(CC3=CNC4=NC=C(Cl)C=C34)C=C2)C=N1
1491,DB13001,Tinoridine,CCOC(=O)C1=C(N)SC2=C1CCN(CC1=CC=CC=C1)C2
1492,DB13036,Ramatroban,[H][C@]1(CCC2=C(C1)C1=CC=CC=C1N2CCC(O)=O)NS(=O)(=O)C1=CC=C(F)C=C1
1493,DB13055,Oteseconazole,O[C@@](CN1C=NN=N1)(C1=CC=C(F)C=C1F)C(F)(F)C1=CC=C(C=N1)C1=CC=C(OCC(F)(F)F)C=C1
1494,DB13064,Tramazoline,C1CN=C(NC2=CC=CC3=C2CCCC3)N1
1495,DB13092,Meclocycline,[H][C@@]12[C@@H](O)[C@]3([H])C(=C)C4=C(C(O)=CC=C4Cl)C(=O)C3=C(O)[C@]1(O)C(=O)C(C(N)=O)=C(O)[C@H]2N(C)C
1496,DB13115,Saroglitazar,CCO[C@@H](CC1=CC=C(OCCN2C(C)=CC=C2C2=CC=C(SC)C=C2)C=C1)C(O)=O
1497,DB13125,Lusutrombopag,CCCCCCO[C@@H](C)C1=C(OC)C(=CC=C1)C1=CSC(NC(=O)C2=CC(Cl)=C(\C=C(/C)C(O)=O)C(Cl)=C2)=N1
1498,DB13132,Artemisinin,[H][C@@]1(C)CC[C@@]2([H])[C@@]([H])(C)C(=O)O[C@]3([H])O[C@@]4(C)CC[C@]1([H])[C@@]23OO4
1499,DB13139,Levosalbutamol,CC(C)(C)NC[C@H](O)C1=CC(CO)=C(O)C=C1
1500,DB13158,Clobetasone,[H][C@]1(C)C[C@@]2([H])[C@]3([H])CCC4=CC(=O)C=C[C@]4(C)[C@@]3(F)C(=O)C[C@]2(C)[C@@]1(O)C(=O)CCl
1501,DB13165,Ripasudil,C[C@H]1CNCCCN1S(=O)(=O)C1=C2C(F)=CN=CC2=CC=C1
1502,DB13166,Zofenopril,C[C@H](CSC(=O)C1=CC=CC=C1)C(=O)N1C[C@H](C[C@H]1C(O)=O)SC1=CC=CC=C1
1503,DB13167,Alclofenac,OC(=O)CC1=CC(Cl)=C(OCC=C)C=C1
1504,DB13170,Plecanatide,[H][C@@]12CSSC[C@H](NC(=O)CNC(=O)[C@@]([H])(NC(=O)[C@]([H])(CSSC[C@H](NC(=O)[C@H](CCC(O)=O)NC(=O)[C@H](CC(O)=O)NC(=O)[C@@H](N)CC(N)=O)C(=O)N[C@@H](CCC(O)=O)C(=O)N[C@@H](CC(C)C)C(=O)N1)NC(=O)[C@H](C)NC(=O)[C@@H](NC(=O)[C@H](CC(N)=O)NC(=O)[C@@H](NC2=O)C(C)C)C(C)C)[C@@H](C)O)C(=O)N[C@@H](CC(C)C)C(O)=O
1505,DB13178,Inositol,O[C@H]1[C@H](O)[C@@H](O)[C@H](O)[C@H](O)[C@@H]1O
1506,DB13224,Piperidione,CCC1(CC)C(=O)CCNC1=O
1507,DB13231,Calcium lactate,[Ca++].CC(O)C([O-])=O.CC(O)C([O-])=O
1508,DB13247,Pramiracetam,CC(C)N(CCNC(=O)CN1CCCC1=O)C(C)C
1509,DB13268,Acetarsol,CC(=O)NC1=CC(=CC=C1O)[As](O)(O)=O
1510,DB13282,Benzododecinium,CCCCCCCCCCCC[N+](C)(C)CC1=CC=CC=C1
1511,DB13284,Meticrane,CC1=CC2=C(C=C1S(N)(=O)=O)S(=O)(=O)CCC2
1512,DB13309,Benproperine,CC(COC1=CC=CC=C1CC1=CC=CC=C1)N1CCCCC1
1513,DB13311,Trepibutone,CCOC1=CC(OCC)=C(OCC)C=C1C(=O)CCC(O)=O
1514,DB13313,Melevodopa,COC(=O)[C@@H](N)CC1=CC=C(O)C(O)=C1
1515,DB13316,Ibopamine,CNCCC1=CC(OC(=O)C(C)C)=C(OC(=O)C(C)C)C=C1
1516,DB13317,Flunoxaprofen,C[C@H](C(O)=O)C1=CC=C2OC(=NC2=C1)C1=CC=C(F)C=C1
1517,DB13363,Oxaceprol,[H][C@]1(O)CN(C(C)=O)[C@@]([H])(C1)C(O)=O
1518,DB13368,Motretinide,CCNC(=O)\C=C(/C)\C=C\C=C(/C)\C=C\C1=C(C)C=C(OC)C(C)=C1C
1519,DB13376,Succinimide,O=C1CCC(=O)N1
1520,DB13388,Phenylmercuric nitrate,[O-][N+](=O)O[Hg]C1=CC=CC=C1
1521,DB13399,Terguride,[H][C@@]12CC3=CNC4=CC=CC(=C34)[C@@]1([H])C[C@@H](CN2C)NC(=O)N(CC)CC
1522,DB13403,Oxypertine,COC1=C(OC)C=C2C(NC(C)=C2CCN2CCN(CC2)C2=CC=CC=C2)=C1
1523,DB13406,Carbutamide,CCCCNC(=O)NS(=O)(=O)C1=CC=C(N)C=C1
1524,DB13411,Lofepramine,CN(CCCN1C2=CC=CC=C2CCC2=CC=CC=C12)CC(=O)C1=CC=C(Cl)C=C1
1525,DB13419,Troxipide,COC1=CC(=CC(OC)=C1OC)C(=O)NC1CCCNC1
1526,DB13435,Endralazine,N\N=C1/NN=C2CCN(CC2=C1)C(=O)C1=CC=CC=C1
1527,DB13445,Nepinalone,CC1(CCN2CCCCC2)C(=O)CCC2=CC=CC=C12
1528,DB13457,Oxaflozane,CC(C)N1CCOC(C1)C1=CC=CC(=C1)C(F)(F)F
1529,DB13463,Oxetorone,CN(C)CCC=C1C2=C(COC3=CC=CC=C13)C1=CC=CC=C1O2
1530,DB13475,Nepinalone,[O-][N+](=O)C1=CC=C(O1)\C=C\C=N\N1CC(=O)NC1=O
1531,DB13478,Meptazinol,CCC1(CCCCN(C)C1)C1=CC(O)=CC=C1
1532,DB13481,Tenidap,NC(=O)N1C(=O)\C(=C(/O)C2=CC=CS2)C2=C1C=CC(Cl)=C2
1533,DB13488,Bencyclane,CN(C)CCCOC1(CC2=CC=CC=C2)CCCCCC1
1534,DB13489,Bamipine,CN1CCC(CC1)N(CC1=CC=CC=C1)C1=CC=CC=C1
1535,DB13507,Poldine,C[N+]1(C)CCCC1COC(=O)C(O)(C1=CC=CC=C1)C1=CC=CC=C1
1536,DB13515,Levomethadone,CCC(=O)C(C[C@@H](C)N(C)C)(C1=CC=CC=C1)C1=CC=CC=C1
1537,DB13517,Angiotensinamide,CC(C)[C@H](NC(=O)[C@H](CCCNC(=N)N)NC(=O)[C@@H](N)CC(N)=O)C(=O)N[C@@H](Cc1ccc(O)cc1)C(=O)N[C@H](C(=O)N[C@@H](Cc1c[nH]cn1)C(=O)N1CCC[C@H]1C(=O)N[C@@H](Cc1ccccc1)C(=O)O)C(C)C
1538,DB13527,Proglumetacin,CCCN(CCC)C(=O)C(CCC(=O)OCCCN1CCN(CCOC(=O)CC2=C(C)N(C(=O)C3=CC=C(Cl)C=C3)C3=C2C=C(OC)C=C3)CC1)NC(=O)C1=CC=CC=C1
1539,DB13528,Chlormadinone,[H][C@@]12CC[C@](O)(C(C)=O)[C@@]1(C)CC[C@@]1([H])[C@@]2([H])C=C(Cl)C2=CC(=O)CC[C@]12C
1540,DB13550,Bifemelane,CNCCCCOC1=CC=CC=C1CC1=CC=CC=C1
1541,DB13564,Zipeprol,COC(CN1CCN(CC(O)C(OC)C2=CC=CC=C2)CC1)C1=CC=CC=C1
1542,DB13573,Acefylline,CN1C2=C(N(CC(O)=O)C=N2)C(=O)N(C)C1=O
1543,DB13588,Naftidrofuryl,CCN(CC)CCOC(=O)C(CC1CCCO1)CC1=CC=CC2=C1C=CC=C2
1544,DB13608,Tiocarlide,CC(C)CCOC1=CC=C(NC(=S)NC2=CC=C(OCCC(C)C)C=C2)C=C1
1545,DB13609,Umifenovir,CCOC(=O)C1=C(CSC2=CC=CC=C2)N(C)C2=CC(Br)=C(O)C(CN(C)C)=C12
1546,DB13614,Metizoline,CC1=C(CC2=NCCN2)C2=CC=CC=C2S1
1547,DB13637,Tenitramine,[O-][N+](=O)OCCN(CCO[N+]([O-])=O)CCN(CCO[N+]([O-])=O)CCO[N+]([O-])=O
1548,DB13645,Ethacizine,CCOC(=O)NC1=CC2=C(SC3=CC=CC=C3N2C(=O)CCN(CC)CC)C=C1
1549,DB13659,Tenonitrozole,O=C(NC1=NC=C(S1)N(=O)=O)C1=CC=CS1
1550,DB13668,Ipidacrine,NC1=C2CCCC2=NC2=C1CCCC2
1551,DB13671,Sulbentine,S=C1SCN(CC2=CC=CC=C2)CN1CC1=CC=CC=C1
1552,DB13675,Metahexamide,CC1=CC=C(C=C1N)S(=O)(=O)NC(=O)NC1CCCCC1
1553,DB13676,Mosapramine,ClC1=CC2=C(CCC3=CC=CC=C3N2CCCN2CCC3(CC2)N2CCCCC2NC3=O)C=C1
1554,DB13679,Dexchlorpheniramine,CN(C)CC[C@@H](C1=CC=C(Cl)C=C1)C1=NC=CC=C1
1555,DB13689,Tacalcitol,CC(C)[C@H](O)CC[C@@H](C)[C@H]1CC[C@H]2\C(CCC[C@]12C)=C\C=C1\C[C@@H](O)C[C@H](O)C1=C
1556,DB13694,Distigmine,CN(CCCCCCN(C)C(=O)OC1=C[N+](C)=CC=C1)C(=O)OC1=C[N+](C)=CC=C1
1557,DB13695,Penthienate,CC[N+](C)(CC)CCOC(=O)C(O)(C1CCCC1)C1=CC=CS1
1558,DB13713,Quifenadine,OC(C1CN2CCC1CC2)(C1=CC=CC=C1)C1=CC=CC=C1
1559,DB13717,Phenothrin,CC(C)=CC1C(C(=O)OCC2=CC=CC(OC3=CC=CC=C3)=C2)C1(C)C
1560,DB13727,Azapetine,C=CCN1CC2=CC=CC=C2C2=CC=CC=C2C1
1561,DB13729,Camostat,CN(C)C(=O)COC(=O)CC1=CC=C(OC(=O)C2=CC=C(NC(N)=N)C=C2)C=C1
1562,DB13730,Nifurtoinol,OCN1C(=O)CN(\N=C\C2=CC=C(O2)[N+]([O-])=O)C1=O
1563,DB13733,Methylpentynol,CCC(C)(O)C#C
1564,DB13747,Trolamine,OCCN(CCO)CCO
1565,DB13750,Obidoxime,O\N=C\C1=CC=[N+](COC[N+]2=CC=C(\C=N\O)C=C2)C=C1
1566,DB13752,Tetramethrin,CC(C)=CC1C(C(=O)OCN2C(=O)C3=C(CCCC3)C2=O)C1(C)C
1567,DB13762,Dexrabeprazole,COCCCOC1=CC=NC(C[S@@](=O)C2=NC3=CC=CC=C3N2)=C1C
1568,DB13764,Monoxerutin,C[C@@H]1O[C@@H](OC[C@H]2O[C@@H](OC3=C(OC4=CC(OCCO)=CC(O)=C4C3=O)C3=CC=C(O)C(O)=C3)[C@H](O)[C@@H](O)[C@@H]2O)[C@H](O)[C@H](O)[C@H]1O
1569,DB13783,Acemetacin,COC1=CC2=C(C=C1)N(C(=O)C1=CC=C(Cl)C=C1)C(C)=C2CC(=O)OCC(O)=O
1570,DB13785,Dropropizine,OCC(O)CN1CCN(CC1)C1=CC=CC=C1
1571,DB13787,Tilidine,CCOC(=O)[C@@]1(CCC=C[C@H]1N(C)C)C1=CC=CC=C1
1572,DB13799,Ethadione,CCN1C(=O)OC(C)(C)C1=O
1573,DB13803,Xipamide,CC1=CC=CC(C)=C1NC(=O)C1=CC(=C(Cl)C=C1O)S(N)(=O)=O
1574,DB13808,Mebhydrolin,CN1CCC2=C(C1)C1=CC=CC=C1N2CC1=CC=CC=C1
1575,DB13827,Indanazoline,C1CC2=C(C1)C(NC1=NCCN1)=CC=C2
1576,DB13837,Doxefazepam,OCCN1C2=C(C=C(Cl)C=C2)C(=NC(O)C1=O)C1=CC=CC=C1F
1577,DB13841,Clopenthixol,[H]C(CCN1CCN(CCO)CC1)=C1C2=C(SC3=C1C=C(Cl)C=C3)C=CC=C2
1578,DB13852,Mefenorex,CC(CC1=CC=CC=C1)NCCCCl
1579,DB13860,Imidazole salicylate,N1C=CN=C1.OC(=O)C1=CC=CC=C1O
1580,DB13867,Fluticasone,[H][C@@]12C[C@@H](C)[C@](O)(C(=O)SCF)[C@@]1(C)C[C@H](O)[C@@]1(F)[C@@]2([H])C[C@H](F)C2=CC(=O)C=C[C@]12C
1581,DB13868,Adefovir,NC1=C2N=CN(CCOCP(O)(O)=O)C2=NC=N1
1582,DB13873,Fenofibric acid,CC(C)(OC1=CC=C(C=C1)C(=O)C1=CC=C(Cl)C=C1)C(O)=O
1583,DB13874,Enasidenib,CC(C)(O)CNC1=NC(=NC(NC2=CC(=NC=C2)C(F)(F)F)=N1)C1=NC(=CC=C1)C(F)(F)F
1584,DB13878,Pibrentasvir,CO[C@H](C)[C@H](NC(=O)OC)C(=O)N1CCC[C@H]1C1=NC2=C(N1)C=C(F)C(=C2)[C@H]1CC[C@@H](N1C1=CC(F)=C(N2CCC(CC2)C2=CC=C(F)C=C2)C(F)=C1)C1=CC2=C(NC(=N2)[C@@H]2CCCN2C(=O)[C@@H](NC(=O)OC)[C@@H](C)OC)C=C1F
1585,DB13879,Glecaprevir,[H][C@@]12CN(C(=O)[C@@]([H])(NC(=O)O[C@]3([H])CCC[C@@]3([H])OC\C=C\C(F)(F)C3=NC4=C(C=CC=C4)N=C3O1)C(C)(C)C)[C@@]([H])(C2)C(=O)N[C@@]1(C[C@H]1C(F)F)C(=O)NS(=O)(=O)C1(C)CC1
1586,DB13882,Methyl nicotinate,COC(=O)C1=CN=CC=C1
1587,DB13917,Deoxyepinephrine,CNCCC1=CC(O)=C(O)C=C1
1588,DB13919,Candesartan,CCOC1=NC2=C(N1CC1=CC=C(C=C1)C1=CC=CC=C1C1=NN=NN1)C(=CC=C2)C(O)=O
1589,DB13931,Netarsudil,CC1=CC(C)=C(C=C1)C(=O)OCC1=CC=C(C=C1)[C@@H](CN)C(=O)NC1=CC=C2C=NC=CC2=C1
1590,DB13941,Piperaquine,ClC1=CC2=C(C=C1)C(=CC=N2)N1CCN(CCCN2CCN(CC2)C2=CC=NC3=C2C=CC(Cl)=C3)CC1
1591,DB13943,Testosterone cypionate,[H][C@@]12CC[C@H](OC(=O)CCC3CCCC3)[C@@]1(C)CC[C@@]1([H])[C@@]2([H])CCC2=CC(=O)CC[C@]12C
1592,DB13944,Testosterone enanthate,[H][C@@]12CC[C@H](OC(=O)CCCCCC)[C@@]1(C)CC[C@@]1([H])[C@@]2([H])CCC2=CC(=O)CC[C@]12C
1593,DB13946,Testosterone undecanoate,CCCCCCCCCCC(=O)O[C@H]1CC[C@H]2[C@@H]3CCC4=CC(=O)CC[C@]4(C)[C@H]3CC[C@]12C
1594,DB13954,Estradiol cypionate,[H][C@@]1(CC[C@@]2([H])[C@]3([H])CCC4=CC(O)=CC=C4[C@@]3([H])CC[C@]12C)OC(=O)CCC1CCCC1
1595,DB13956,Estradiol valerate,[H][C@@]12CC[C@H](OC(=O)CCCC)[C@@]1(C)CC[C@]1([H])C3=C(CC[C@@]21[H])C=C(O)C=C3
1596,DB14006,Choline salicylate,C[N+](C)(C)CCO.OC1=CC=CC=C1C([O-])=O
1597,DB14020,Benzoin,OC(C(=O)C1=CC=CC=C1)C1=CC=CC=C1
1598,DB14026,Thiosalicylic acid,OC(=O)C1=C(S)C=CC=C1
1599,DB14031,Tretamine,C1CN1C1=NC(=NC(=N1)N1CC1)N1CC1
1600,DB14123,Menthol,CC(C)C1CCC(C)CC1O
1601,DB14125,Benazeprilat,[H][C@@]1(CCC2=CC=CC=C2N(CC(O)=O)C1=O)N[C@@H](CCC1=CC=CC=C1)C(O)=O
1602,DB14126,Tenofovir,C[C@H](CN1C=NC2=C1N=CN=C2N)OCP(O)(O)=O
1603,DB14185,Aripiprazole lauroxil,CCCCCCCCCCCC(=O)OCN1C(=O)CCC2=CC=C(OCCCCN3CCN(CC3)C3=C(Cl)C(Cl)=CC=C3)C=C12
1604,DB14207,Fosinoprilat,[H][C@]1(C[C@H](N(C1)C(=O)CP(O)(=O)CCCCC1=CC=CC=C1)C(O)=O)C1CCCCC1
1605,DB14208,Ramiprilat,[H][C@@]12CCC[C@]1([H])N([C@@H](C2)C(O)=O)C(=O)[C@H](C)N[C@@H](CCC1=CC=CC=C1)C(O)=O
1606,DB14213,Perindoprilat,[H][C@]12C[C@H](N(C(=O)[C@H](C)N[C@@H](CCC)C(O)=O)[C@@]1([H])CCCC2)C(O)=O
1607,DB14217,Quinaprilat,C[C@H](N[C@@H](CCC1=CC=CC=C1)C(O)=O)C(=O)N1CC2=C(C[C@H]1C(O)=O)C=CC=C2
1608,DB14219,Monomethyl fumarate,COC(=O)\C=C\C(O)=O
1609,DB14482,Sodium ascorbate,[Na+].[H][C@@]1(OC(=O)C(O)=C1[O-])[C@@H](O)CO
1610,DB14487,Zinc acetate,[Zn++].CC([O-])=O.CC([O-])=O
1611,DB14502,"Sodium phosphate, dibasic",[Na+].[Na+].OP([O-])([O-])=O
1612,DB14507,Lithium citrate,[Li+].[Li+].[Li+].OC(CC([O-])=O)(CC([O-])=O)C([O-])=O
1613,DB14509,Lithium carbonate,[Li+].[Li+].[O-]C([O-])=O
1614,DB14512,Mometasone furoate,[H][C@@]12C[C@@H](C)[C@](OC(=O)C3=CC=CO3)(C(=O)CCl)[C@@]1(C)C[C@H](O)[C@@]1(Cl)[C@@]2([H])CCC2=CC(=O)C=C[C@]12C
1615,DB14539,Hydrocortisone acetate,[H][C@@]12CC[C@](O)(C(=O)COC(C)=O)[C@@]1(C)C[C@H](O)[C@@]1([H])[C@@]2([H])CCC2=CC(=O)CC[C@]12C
1616,DB14545,Hydrocortisone succinate,[H][C@@]12CC[C@](O)(C(=O)COC(=O)CCC(O)=O)[C@@]1(C)C[C@H](O)[C@@]1([H])[C@@]2([H])CCC2=CC(=O)CC[C@]12C
1617,DB14568,Ivosidenib,[H][C@@](N(C(=O)[C@]1([H])CCC(=O)N1C1=NC=CC(=C1)C#N)C1=CC(F)=CN=C1)(C(=O)NC1CC(F)(F)C1)C1=C(Cl)C=CC=C1
1618,DB14569,Tedizolid,CN1N=NC(=N1)C1=NC=C(C=C1)C1=C(F)C=C(C=C1)N1C[C@H](CO)OC1=O
1619,DB14575,Eslicarbazepine,NC(=O)N1C2=CC=CC=C2[C@@H](O)CC2=C1C=CC=C2
1620,DB14596,Loteprednol etabonate,[H][C@@]12CC[C@](OC(=O)OCC)(C(=O)OCCl)[C@@]1(C)C[C@H](O)[C@@]1([H])[C@@]2([H])CCC2=CC(=O)C=C[C@]12C
1621,DB14631,Prednisolone phosphate,[H][C@@]12CC[C@](O)(C(=O)COP(O)(O)=O)[C@@]1(C)C[C@H](O)[C@@]1([H])[C@@]2([H])CCC2=CC(=O)C=C[C@]12C
1622,DB14638,Diloxanide furoate,CN(C(=O)C(Cl)Cl)C1=CC=C(OC(=O)C2=CC=CO2)C=C1
1623,DB14640,Isoflupredone acetate,[H][C@@]12CC[C@](O)(C(=O)COC(C)=O)[C@@]1(C)C[C@H](O)[C@@]1(F)[C@@]2([H])CCC2=CC(=O)C=C[C@]12C
1624,DB14656,Chlorphenesin carbamate,NC(=O)OCC(O)COC1=CC=C(Cl)C=C1
1625,DB14723,Larotrectinib,O[C@H]1CCN(C1)C(=O)NC1=C2N=C(C=CN2N=C1)N1CCC[C@@H]1C1=C(F)C=CC(F)=C1
1626,DB14754,Solriamfetol,N[C@@H](COC(N)=O)CC1=CC=CC=C1
1627,DB14765,Rivoceranib,O=C(NC1=CC=C(C=C1)C1(CCCC1)C#N)C1=CC=CN=C1NCC1=CC=NC=C1
1628,DB14783,Diroximel fumarate,COC(=O)\C=C\C(=O)OCCN1C(=O)CCC1=O
1629,DB14840,Ripretinib,CCN1C(=O)C(=CC2=C1C=C(NC)N=C2)C1=C(Br)C=C(F)C(NC(=O)NC2=CC=CC=C2)=C1
1630,DB14845,Filgotinib,O=C(NC1=NN2C(C=CC=C2C2=CC=C(CN3CCS(=O)(=O)CC3)C=C2)=N1)C1CC1
1631,DB14879,Cefiderocol,[H][C@]12SCC(C[N+]3(CCNC(=O)C4=C(Cl)C(O)=C(O)C=C4)CCCC3)=C(N1C(=O)[C@H]2NC(=O)C(=N/OC(C)(C)C(O)=O)\C1=CSC(N)=N1)C([O-])=O
1632,DB14881,Oliceridine,COC1=C(CNCC[C@]2(CCOC3(CCCC3)C2)C2=NC=CC=C2)SC=C1
1633,DB14985,Enarodustat,OC(=O)CNC(=O)C1=C(O)C=C(CCC2=CC=CC=C2)N2N=CN=C12
1634,DB14987,Difamilast,CCOC1=CC=CC=C1C(=O)NCC1=COC(=N1)C1=CC=C(OC(F)F)C(OC(C)C)=C1
1635,DB14989,Umbralisib,CC(C)OC1=C(F)C=C(C=C1)C1=NN([C@@H](C)C2=C(C3=CC=CC(F)=C3)C(=O)C3=CC(F)=CC=C3O2)C2=C1C(N)=NC=N2
1636,DB15011,Avacopan,CC1=CC=C(NC(=O)[C@H]2CCCN([C@H]2C2=CC=C(NC3CCCC3)C=C2)C(=O)C2=C(F)C=CC=C2C)C=C1C(F)(F)F
1637,DB15031,Daridorexant,COC1=CC(C(=O)N2CCC[C@@]2(C)C2=NC3=C(N2)C=CC(Cl)=C3C)=C(C=C1)N1N=CC=N1
1638,DB15071,Omidenepag isopropyl,CC(C)OC(=O)CNC1=CC=CC(CN(CC2=CC=C(C=C2)N2C=CC=N2)S(=O)(=O)C2=CC=CN=C2)=N1
1639,DB15091,Upadacitinib,CC[C@@H]1CN(C[C@@H]1C1=CN=C2C=NC3=C(C=CN3)N12)C(=O)NCC(F)(F)F
1640,DB15097,Gefapixant,COC1=C(C=C(OC2=CN=C(N)N=C2N)C(=C1)C(C)C)S(N)(=O)=O
1641,DB15102,Pemigatinib,CCN1C(=O)N(CC2=CN=C3NC(CN4CCOCC4)=CC3=C12)C1=C(F)C(OC)=CC(OC)=C1F
1642,DB15133,Tepotinib,CN1CCC(COC2=CN=C(N=C2)C2=CC(CN3N=C(C=CC3=O)C3=CC(=CC=C3)C#N)=CC=C2)CC1
1643,DB15212,Pemafibrate,CC[C@@H](OC1=CC(CN(CCCOC2=CC=C(OC)C=C2)C2=NC3=C(O2)C=CC=C3)=CC=C1)C(O)=O
1644,DB15227,Tirabrutinib,CC#CC(=O)N1CC[C@H](C1)N1C(=O)N(C2=C(N)N=CN=C12)C1=CC=C(OC2=CC=CC=C2)C=C1
1645,DB15233,Avapritinib,CN1C=C(C=N1)C1=CN2N=CN=C(N3CCN(CC3)C3=NC=C(C=N3)[C@@](C)(N)C3=CC=C(F)C=C3)C2=C1
1646,DB15293,Epalrestat,C\C(\C=C1/SC(=S)N(CC(O)=O)C1=O)=C/C1=CC=CC=C1
1647,DB15305,Risdiplam,CC1=CN2N=C(C=C(C)C2=N1)C1=CC(=O)N2C=C(C=CC2=N1)N1CCNC2(CC2)C1
1648,DB15323,Trelagliptin,CN1C(=O)C=C(N2CCC[C@@H](N)C2)N(CC2=CC(F)=CC=C2C#N)C1=O
1649,DB15328,Ubrogepant,C[C@@H]1[C@@H](C[C@H](NC(=O)C2=CN=C3C[C@]4(CC3=C2)C(=O)NC2=NC=CC=C42)C(=O)N1CC(F)(F)F)C1=CC=CC=C1
1650,DB15442,Trilaciclib,CN1CCN(CC1)C1=CN=C(NC2=NC3=C(C=C4N3C3(CCCCC3)CNC4=O)C=N2)C=C1
1651,DB15444,Elexacaftor,C[C@@H]1CN(C2=NC(=CC=C2C(=O)NS(=O)(=O)C2=CN(C)N=C2C)N2C=CC(OCC(C)(C)C(F)(F)F)=N2)C(C)(C)C1
1652,DB15456,Vericiguat,COC(=O)NC1=C(N)N=C(N=C1N)C1=NN(CC2=CC=CC=C2F)C2=C1C=C(F)C=N2
1653,DB15463,Belzutifan,CS(=O)(=O)C1=CC=C(OC2=CC(=CC(F)=C2)C#N)C2=C1[C@H](O)[C@H](F)[C@@H]2F
1654,DB15565,Cilazaprilat,OC(=O)[C@H](CCC1=CC=CC=C1)N[C@H]1CCCN2CCC[C@H](N2C1=O)C(O)=O
1655,DB15566,Prednisolone acetate,[H][C@@]12CC[C@](O)(C(=O)COC(C)=O)[C@@]1(C)C[C@]([H])(O)[C@@]1([H])[C@@]2([H])CCC2=CC(=O)C=C[C@]12C
1656,DB15578,Desfesoterodine,CC(C)N(CC[C@H](C1=CC=CC=C1)C1=CC(CO)=CC=C1O)C(C)C
1657,DB15580,Climbazole,CC(C)(C)C(=O)C(OC1=CC=C(Cl)C=C1)N1C=CN=C1
1658,DB15660,N4-Hydroxycytidine,OC[C@H]1O[C@H]([C@H](O)[C@@H]1O)N1C=CC(NO)=NC1=O
1659,DB15661,Molnupiravir,CC(C)C(=O)OC[C@H]1O[C@H]([C@H](O)[C@@H]1O)N1C=C\C(NC1=O)=N\O
1660,DB15685,Selpercatinib,COC1=NC=C(CN2C3CC2CN(C3)C2=CC=C(C=N2)C2=CC(OCC(C)(C)O)=CN3N=CC(C#N)=C23)C=C1
1661,DB15694,Cedazuridine,OC[C@H]1O[C@@H](N2CC[C@@H](O)NC2=O)C(F)(F)[C@@H]1O
1662,DB15759,Metronidazole benzoate,CC1=NC=C(N1CCOC(=O)C1=CC=CC=C1)[N+]([O-])=O
1663,DB15903,Chlormadinone acetate,[H][C@@]12CC[C@](OC(C)=O)(C(C)=O)[C@@]1(C)CC[C@@]1([H])[C@@]2([H])C=C(Cl)C2=CC(=O)CC[C@]12C
1664,DB15978,Parathiazine,C(CN1C2=CC=CC=C2SC2=C1C=CC=C2)N1CCCC1
1665,DB16133,Delgocitinib,C[C@H]1CN(C(=O)CC#N)[C@]11CCN(C1)C1=C2C=CNC2=NC=N1
1666,DB16145,Dotinurad,OC1=C(Cl)C=C(C=C1Cl)C(=O)N1CS(=O)(=O)C2=CC=CC=C12
1667,DB16159,Esflurbiprofen,C[C@H](C(O)=O)C1=CC(F)=C(C=C1)C1=CC=CC=C1
1668,DB16165,Finerenone,CCOC1=NC=C(C)C2=C1[C@H](C1=CC=C(C=C1OC)C#N)C(C(N)=O)=C(C)N2
1669,DB16226,Maralixibat,CCCCC1(CCCC)CS(=O)(=O)C2=CC=C(C=C2[C@H]([C@H]1O)C1=CC=C(OCC2=CC=C(C[N+]34CCN(CC3)CC4)C=C2)C=C1)N(C)C
1670,DB16236,Mitapivat,O=C(N1CCN(CC2CC2)CC1)C1=CC=C(NS(=O)(=O)C2=CC=CC3=C2N=CC=C3)C=C1
1671,DB16308,Revaprazan,CC1N(CCC2=C1C=CC=C2)C1=NC(NC2=CC=C(F)C=C2)=NC(C)=C1C
1672,DB16561,Tetramisole,C1CN2CC(N=C2S1)C1=CC=CC=C1
1673,DB16628,Fosdenopterin,[H][C@@]12COP(O)(=O)O[C@]1([H])C(O)(O)[C@]1([H])NC3=C(NC(N)=NC3=O)N[C@]1([H])O2
1674,DB16703,Belumosudil,CC(C)NC(=O)COC1=CC=CC(=C1)C1=NC2=C(C=CC=C2)C(NC2=CC=C3NN=CC3=C2)=N1
