ID,GeneName,GeneID,UniProtID,STRING_ID
0,ARF5,381,,9606.ENSP00000000233
1,M6PR,4074,,9606.ENSP00000000412
2,FKBP4,2288,,9606.ENSP00000001008
3,CYP26B1,56603,,9606.ENSP00000001146
4,FUCA2,2519,,9606.ENSP00000002165
5,HS3ST1,9957,,9606.ENSP00000002596
6,SEMA3F,6405,,9606.ENSP00000002829
7,CFTR,1080,P13569,9606.ENSP00000003084
8,CYP51A1,1595,Q16850,9606.ENSP00000003100
9,USP28,57646,,9606.ENSP00000003302
10,CAT-2,173411,,9606.ENSP00000004531
11,SLC7A2,6542,P52569,9606.ENSP00000004531
12,HSPB6,126393,,9606.ENSP00000004982
13,PDK4,5166,Q16654,9606.ENSP00000005178
14,USH1C,10083,,9606.ENSP00000005226
15,RALA,5898,,9606.ENSP00000005257
16,BAIAP2L1,55971,,9606.ENSP00000005260
17,CACNG3,10368,O60359,9606.ENSP00000005284
18,GBP,,Q8I6U8,9606.ENSP00000005286
19,TMEM132A,54972,,9606.ENSP00000005286
20,DVL2,1856,,9606.ENSP00000005340
21,SKAP2,8935,,9606.ENSP00000005587
22,PRSS21,10942,,9606.ENSP00000005995
23,HOXA11,3207,,9606.ENSP00000006015
24,CX3CL1,6376,,9606.ENSP00000006053
25,CEACAM7,1087,,9606.ENSP00000006724
26,RHBDD2,57414,,9606.ENSP00000006777
27,TFAP2D,83741,,9606.ENSP00000008391
28,CRY1,1407,,9606.ENSP00000008527
29,PGLYRP1,8993,,9606.ENSP00000008938
30,CAMK1G,57172,Q96NX5,9606.ENSP00000009105
31,CD74,972,,9606.ENSP00000009530
32,CPA1,1357,,9606.ENSP00000011292
33,SYPL1,6856,,9606.ENSP00000011473
34,RANBP9,10048,,9606.ENSP00000011619
35,CD4,920,,9606.ENSP00000011653
36,TSPAN9,10867,,9606.ENSP00000011898
37,QPCTL,54814,,9606.ENSP00000012049
38,PPP5C,5536,P53041,9606.ENSP00000012443
39,MAP4K5,11183,Q9Y4K4,9606.ENSP00000013125
40,INMT,11185,,9606.ENSP00000013222
41,ERCC1,2067,,9606.ENSP00000013807
42,GPRC5A,9052,Q8NFJ5,9606.ENSP00000014914
43,HEBP1,50865,,9606.ENSP00000014930
44,COX15,1355,,9606.ENSP00000016171
45,MS4A12,54860,,9606.ENSP00000016913
46,XYLT2,64132,,9606.ENSP00000017003
47,SCTR,6344,,9606.ENSP00000019103
48,SYT13,57586,,9606.ENSP00000020926
49,SNAI2,6591,,9606.ENSP00000020945
50,SLC7A9,11136,,9606.ENSP00000023064
51,RB1CC1,9821,,9606.ENSP00000025008
52,AKAP11,11215,,9606.ENSP00000025301
53,PIGQ,9091,,9606.ENSP00000026218
54,CDH17,1015,,9606.ENSP00000027335
55,B4GALT7,11285,,9606.ENSP00000029410
56,GABARAPL2,11345,,9606.ENSP00000037243
57,MYOC,4653,,9606.ENSP00000037502
58,OTC,5009,,9606.ENSP00000039007
59,HOXC8,3224,,9606.ENSP00000040584
60,TARBP1,6894,,9606.ENSP00000040877
61,TRM3,,F5HCU8,9606.ENSP00000040877
62,RTN4R,65078,,9606.ENSP00000043402
63,PSMA4,5685,,9606.ENSP00000044462
64,FAM65C,428169,,9606.ENSP00000045083
65,RIPOR3,140876,,9606.ENSP00000045083
66,LCP2,3937,,9606.ENSP00000046794
67,DCN,1634,,9606.ENSP00000052754
68,TNFRSF17,608,,9606.ENSP00000053243
69,GUCA1A,2978,,9606.ENSP00000053469
70,GRN,2896,,9606.ENSP00000053867
71,VAMP3,9341,,9606.ENSP00000054666
72,UTS2,10911,,9606.ENSP00000054668
73,RCN1,5954,,9606.ENSP00000054950
74,RFC2,5982,,9606.ENSP00000055077
75,NEXMIF,340533,,9606.ENSP00000055682
76,ARHGEF5,7984,,9606.ENSP00000056217
77,NFE2L3,9603,,9606.ENSP00000056233
78,TLL1,7092,,9606.ENSP00000061240
79,CBLN4,140689,,9606.ENSP00000064571
80,CLDN11,5010,,9606.ENSP00000064724
81,FAM168A,23201,,9606.ENSP00000064778
82,PKP2,5318,,9606.ENSP00000070846
83,INPP4A,3631,,9606.ENSP00000074304
84,SLC2A3,6515,,9606.ENSP00000075120
85,STYK1,55359,,9606.ENSP00000075503
86,GNA11,2767,,9606.ENSP00000078429
87,CREB3L3,84699,,9606.ENSP00000078445
88,HDAC7,51564,Q8WUI4,9606.ENSP00000080059
89,APPBP2,10513,,9606.ENSP00000083182
90,CA11,770,O75493,9606.ENSP00000084798
91,ISOC2,79763,,9606.ENSP00000085068
92,CD22,933,,9606.ENSP00000085219
93,GSC2,,P40989,9606.ENSP00000086933
94,KCNQ1,3784,P51787,9606.ENSP00000155840
95,TRPM5,29850,,9606.ENSP00000155858
96,TRIB2,28951,,9606.ENSP00000155926
97,OTUD5,55593,,9606.ENSP00000156084
98,GPKOW,27238,,9606.ENSP00000156109
99,ST6GALNAC1,55808,,9606.ENSP00000156626
100,LMCD1,29995,,9606.ENSP00000157600
101,PSMC4,,,9606.ENSP00000157812
102,DERL2,51009,,9606.ENSP00000158771
103,NOX3,50508,,9606.ENSP00000159060
104,ANO8,57719,,9606.ENSP00000159087
105,KDM4B,23030,,9606.ENSP00000159111
106,ICAM3,3385,,9606.ENSP00000160262
107,CTTNBP2,83992,,9606.ENSP00000160373
108,ACTL6B,51412,,9606.ENSP00000160382
109,KIF22,3835,,9606.ENSP00000160827
110,PRSS22,64063,,9606.ENSP00000161006
111,CEACAM1,634,,9606.ENSP00000161559
112,YTHDC2,64848,,9606.ENSP00000161863
113,FOXJ2,55810,,9606.ENSP00000162391
114,TNFRSF1A,7132,,9606.ENSP00000162749
115,GOLGA5,9950,,9606.ENSP00000163416
116,CELSR3,1951,,9606.ENSP00000164024
117,PPP2R5B,5526,,9606.ENSP00000164133
118,PYGM,5837,,9606.ENSP00000164139
119,BCL3,602,,9606.ENSP00000164227
120,PIGB,,,9606.ENSP00000164305
121,PRLH,51052,,9606.ENSP00000165524
122,FSTL3,10272,,9606.ENSP00000166139
123,EPHA8,2046,P29322,9606.ENSP00000166244
124,TRIP13,9319,,9606.ENSP00000166345
125,VASH1,22846,,9606.ENSP00000167106
126,KRT14,3861,P02533,9606.ENSP00000167586
127,KRT20,54474,,9606.ENSP00000167588
128,SPP2,6694,,9606.ENSP00000168148
129,HSD17B10,3028,,9606.ENSP00000168216
130,FGF4,2249,P08620,9606.ENSP00000168712
131,ST6GAL1,6480,,9606.ENSP00000169298
132,REXO1,57455,,9606.ENSP00000170168
133,MKRN2,23609,,9606.ENSP00000170447
134,GPATCH1,55094,,9606.ENSP00000170564
135,P2RY10,,O00398,9606.ENSP00000171757
136,TNS1,7145,,9606.ENSP00000171887
137,NGFR,4804,,9606.ENSP00000172229
138,NTN1,9423,,9606.ENSP00000173229
139,ISOC1,51015,,9606.ENSP00000173527
140,TRO,7216,,9606.ENSP00000173898
141,MNT,4335,,9606.ENSP00000174618
142,ADAM7,8756,,9606.ENSP00000175238
143,PTPN18,26469,,9606.ENSP00000175756
144,DRD4,1815,P21917,9606.ENSP00000176183
145,SCT,6343,,9606.ENSP00000176195
146,STK10,6793,O94804,9606.ENSP00000176763
147,TBX21,30009,,9606.ENSP00000177694
148,MRPS34,65993,,9606.ENSP00000177742
149,CA12,771,O43570,9606.ENSP00000178638
150,MAP2K5,5607,Q13163,9606.ENSP00000178640
151,TIGAR,57103,,9606.ENSP00000179259
152,FGF20,26281,,9606.ENSP00000180166
153,CPB2,1361,,9606.ENSP00000181383
154,FAM107B,83641,,9606.ENSP00000181796
155,CDK13,8621,,9606.ENSP00000181839
156,TSPAN32,10077,,9606.ENSP00000182290
157,ROPN1,54763,,9606.ENSP00000184183
158,HEATR6,63897,,9606.ENSP00000184956
159,ERLEC1,27248,,9606.ENSP00000185150
160,TMEM131,23505,,9606.ENSP00000186436
161,TMEM38A,79041,,9606.ENSP00000187762
162,FAP,2191,,9606.ENSP00000188790
163,DMRT3,58524,,9606.ENSP00000190165
164,GAL3ST2,64090,,9606.ENSP00000192314
165,UHRF1BP1,54887,,9606.ENSP00000192788
166,OSTM1,28962,,9606.ENSP00000193322
167,IMPG2,50939,,9606.ENSP00000193391
168,HSPB11,51668,,9606.ENSP00000194214
169,PLOD1,5351,Q02809,9606.ENSP00000196061
170,OXCT1,5019,P55809,9606.ENSP00000196371
171,PILRA,29992,,9606.ENSP00000198536
172,RRN3,54700,,9606.ENSP00000198767
173,MOGAT2,80168,,9606.ENSP00000198801
174,AQP2,359,,9606.ENSP00000199280
175,DIMT1,27292,,9606.ENSP00000199320
176,EIF2AK1,27102,Q9BQI3,9606.ENSP00000199389
177,NME8,51314,,9606.ENSP00000199447
178,EPDR1,54749,,9606.ENSP00000199448
179,HBQ1,3049,,9606.ENSP00000199708
180,CEACAM6,4680,,9606.ENSP00000199764
181,HSD17B2,3294,P37059,9606.ENSP00000199936
182,ZW10,9183,,9606.ENSP00000200135
183,ITGB4,3691,,9606.ENSP00000200181
184,PPP1R15A,23645,,9606.ENSP00000200453
185,TRIP6,7205,,9606.ENSP00000200457
186,ADAM11,4185,,9606.ENSP00000200557
187,SLC22A4,6583,Q9H015,9606.ENSP00000200652
188,CETP,1071,,9606.ENSP00000200676
189,MT3,4504,P25713,9606.ENSP00000200691
190,TFAP2C,7022,,9606.ENSP00000201031
191,SULT2B1,6820,O00204,9606.ENSP00000201586
192,REM1,28954,,9606.ENSP00000201979
193,PDRG1,81572,,9606.ENSP00000202017
194,PPP1R13B,23368,,9606.ENSP00000202556
195,TGM6,343641,O95932,9606.ENSP00000202625
196,SIRT4,23409,,9606.ENSP00000202967
197,TRMT6,51605,,9606.ENSP00000203001
198,UQCRC1,7384,,9606.ENSP00000203407
199,GMIP,51291,,9606.ENSP00000203556
200,LAG3,3902,,9606.ENSP00000203629
201,MLF2,8079,,9606.ENSP00000203630
202,OTUB2,78990,,9606.ENSP00000203664
203,TFAP4,7023,,9606.ENSP00000204517
204,PDCD7,10081,,9606.ENSP00000204549
205,SPG21,51324,,9606.ENSP00000204566
206,EFNB1,1947,,9606.ENSP00000204961
207,GLG1,2734,,9606.ENSP00000205061
208,DLL3,10683,,9606.ENSP00000205143
209,DLD,1738,P09622,9606.ENSP00000205402
210,ABCC6,368,O95255,9606.ENSP00000205557
211,CMTM6,54918,,9606.ENSP00000205636
212,APOH,350,,9606.ENSP00000205948
213,RGS17,26575,,9606.ENSP00000206262
214,CCDC80,151887,,9606.ENSP00000206423
215,CEBPE,1053,,9606.ENSP00000206513
216,OSGEP,55644,,9606.ENSP00000206542
217,TGM1,7051,P22735,9606.ENSP00000206765
218,UNC13D,201294,,9606.ENSP00000207549
219,XYLB,9942,,9606.ENSP00000207870
220,ADH1A,124,P07327,9606.ENSP00000209668
221,KRT23,25984,,9606.ENSP00000209718
222,CDC6,990,,9606.ENSP00000209728
223,AAAS,8086,,9606.ENSP00000209873
224,CBX5,23468,,9606.ENSP00000209875
225,FMO2,2327,,9606.ENSP00000209929
226,DHPS,1725,,9606.ENSP00000210060
227,RAB26,25837,,9606.ENSP00000210187
228,PSMD5,,,9606.ENSP00000210313
229,NANS,54187,,9606.ENSP00000210444
230,TPSD1,23430,,9606.ENSP00000211076
231,GSTA3,2940,,9606.ENSP00000211122
232,MAPK13,5603,O15264,9606.ENSP00000211287
233,TMEM14A,28978,,9606.ENSP00000211314
234,PRRT1,80863,,9606.ENSP00000211413
235,ZNF184,7738,,9606.ENSP00000211936
236,VCL,7414,,9606.ENSP00000211998
237,SIRT1,23411,,9606.ENSP00000212015
238,TGFBR3,7049,,9606.ENSP00000212355
239,MZF1,7593,,9606.ENSP00000215057
240,PSMD8,5714,,9606.ENSP00000215071
241,STX1B,112755,,9606.ENSP00000215095
242,EFNA2,1943,,9606.ENSP00000215368
243,ATP5F1D,513,P30049,9606.ENSP00000215375
244,FGF22,27006,,9606.ENSP00000215530
245,NDUFB7,4713,,9606.ENSP00000215565
246,CDC34,997,,9606.ENSP00000215574
247,MISP,,,9606.ENSP00000215582
248,GADD45B,4616,,9606.ENSP00000215631
249,MADCAM1,8174,,9606.ENSP00000215637
250,MAPK12,6300,P53778,9606.ENSP00000215659
251,SERPIND1,3053,P05546,9606.ENSP00000215727
252,SNAP29,9342,,9606.ENSP00000215730
253,MMP11,4320,,9606.ENSP00000215743
254,MIF,4282,,9606.ENSP00000215754
255,OSM,5008,,9606.ENSP00000215781
256,USP18,11274,,9606.ENSP00000215794
257,SEC14L3,266629,Q9UDX4,9606.ENSP00000215812
258,SNRPD3,6634,,9606.ENSP00000215829
259,MAPK1,5594,P28482,9606.ENSP00000215832
260,TCN2,6948,,9606.ENSP00000215838
261,SEA,6395,,9606.ENSP00000215882
262,SLC25A1,6576,,9606.ENSP00000215882
263,PLA2G3,50487,,9606.ENSP00000215885
264,LGALS2,3957,,9606.ENSP00000215886
265,PDXP,57026,Q96GD0,9606.ENSP00000215904
266,LGALS1,3956,P09382,9606.ENSP00000215909
267,PIK3IP1,113791,,9606.ENSP00000215912
268,CENPM,79019,,9606.ENSP00000215980
269,DMC1,11144,,9606.ENSP00000216024
270,XBP1,7494,,9606.ENSP00000216037
271,RTCB,51493,,9606.ENSP00000216038
272,GTPBP1,9567,,9606.ENSP00000216044
273,DNAL4,10126,,9606.ENSP00000216068
274,MIOX,55586,,9606.ENSP00000216075
275,RHBDD3,25807,,9606.ENSP00000216085
276,RASL10A,10633,,9606.ENSP00000216101
277,HMGXB4,10042,,9606.ENSP00000216106
278,BIK,638,,9606.ENSP00000216115
279,HMOX1,3162,P09601,9606.ENSP00000216117
280,MCM5,4174,,9606.ENSP00000216122
281,ARSA,410,P15289,9606.ENSP00000216124
282,CBX7,23492,,9606.ENSP00000216133
283,ACR,49,,9606.ENSP00000216139
284,TAB1,10454,,9606.ENSP00000216160
285,PNPLA3,80339,,9606.ENSP00000216180
286,MYH9,4627,P35579,9606.ENSP00000216181
287,TXN2,25828,,9606.ENSP00000216185
288,EIF3D,8664,,9606.ENSP00000216190
289,PVALB,5816,,9606.ENSP00000216200
290,UPK3A,7380,,9606.ENSP00000216211
291,FAM118A,55007,,9606.ENSP00000216214
292,ST13,6767,,9606.ENSP00000216218
293,IL2RB,3560,,9606.ENSP00000216223
294,RBX1,9978,,9606.ENSP00000216225
295,L3MBTL2,83746,,9606.ENSP00000216237
296,CHADL,150356,,9606.ENSP00000216241
297,PHF5A,84844,,9606.ENSP00000216252
298,ACO2,50,,9606.ENSP00000216254
299,PMM1,5372,,9606.ENSP00000216259
300,CERK,64781,,9606.ENSP00000216264
301,HDAC10,83933,Q969S8,9606.ENSP00000216271
302,RIPK3,11035,,9606.ENSP00000216274
303,PAPOLA,10914,,9606.ENSP00000216277
304,NID2,22795,,9606.ENSP00000216286
305,FKBP3,2287,,9606.ENSP00000216330
306,CTSG,1511,,9606.ENSP00000216336
307,GZMH,2999,,9606.ENSP00000216338
308,GZMB,3002,,9606.ENSP00000216341
309,COCH,1690,,9606.ENSP00000216361
310,POLE2,,P56282,9606.ENSP00000216367
311,SOS2,6655,,9606.ENSP00000216373
312,PYGL,5836,P06737,9606.ENSP00000216392
313,CGRRF1,10668,,9606.ENSP00000216420
314,ATP6V1D,51382,Q9Y5K8,9606.ENSP00000216442
315,vatD,,P50870,9606.ENSP00000216442
316,PLEK2,26499,,9606.ENSP00000216446
317,PIGH,,,9606.ENSP00000216452
318,PSMA3,5684,,9606.ENSP00000216455
319,AHSA1,10598,,9606.ENSP00000216479
320,SPTLC2,9517,O15270,9606.ENSP00000216484
321,RIN3,79890,,9606.ENSP00000216487
322,ALKBH1,8846,,9606.ENSP00000216489
323,CHGA,1113,,9606.ENSP00000216492
324,DHRS7,51635,,9606.ENSP00000216500
325,SIX4,51804,,9606.ENSP00000216513
326,SLC10A1,6554,Q14973,9606.ENSP00000216540
327,EIF5,1983,,9606.ENSP00000216554
328,BDKRB1,623,P46663,9606.ENSP00000216629
329,VRK1,7443,,9606.ENSP00000216639
330,APEX1,328,,9606.ENSP00000216714
331,PABPN1,8106,,9606.ENSP00000216727
332,EFS,10278,,9606.ENSP00000216733
333,CINP,51550,,9606.ENSP00000216756
334,PCK2,5106,Q16822,9606.ENSP00000216780
335,NFKBIA,4792,P25963,9606.ENSP00000216797
336,PSME2,5721,,9606.ENSP00000216802
337,BRMS1L,84312,,9606.ENSP00000216807
338,PNN,5411,,9606.ENSP00000216832
339,CYP24A1,1591,Q07973,9606.ENSP00000216862
340,AURKA,6790,O14965,9606.ENSP00000216911
341,ZFP64,55734,,9606.ENSP00000216923
342,PYGB,5834,,9606.ENSP00000216962
343,PROCR,10544,Q9UNN8,9606.ENSP00000216968
344,MYBL2,4605,,9606.ENSP00000217026
345,SALL4,57167,,9606.ENSP00000217086
346,CSTF1,1477,,9606.ENSP00000217109
347,TPD52L2,7165,,9606.ENSP00000217121
348,CTSZ,1522,,9606.ENSP00000217131
349,TUBB1,81027,Q9H4B7,9606.ENSP00000217133
350,SLCO4A1,28231,,9606.ENSP00000217159
351,BIRC7,79444,,9606.ENSP00000217169
352,EEF1A2,1917,,9606.ENSP00000217182
353,SRMS,6725,Q9H3Y6,9606.ENSP00000217188
354,CSNK2A1,1457,P68400,9606.ENSP00000217244
355,MACROD2,140733,,9606.ENSP00000217246
356,RSPO4,343637,,9606.ENSP00000217260
357,PROKR2,128674,,9606.ENSP00000217270
358,FERMT1,55612,,9606.ENSP00000217289
359,CDK5RAP1,51654,,9606.ENSP00000217372
360,SNTA1,6640,,9606.ENSP00000217381
361,OXT,5020,,9606.ENSP00000217386
362,CHMP4B,128866,,9606.ENSP00000217402
363,LBP,3929,,9606.ENSP00000217407
364,SLC32A1,140679,,9606.ENSP00000217420
365,CST4,1472,,9606.ENSP00000217423
366,AHCY,191,,9606.ENSP00000217426
367,PIGU,128869,,9606.ENSP00000217446
368,ACOT8,10005,,9606.ENSP00000217455
369,RNF125,54941,,9606.ENSP00000217740
370,IDH3G,,P51553,9606.ENSP00000217901
371,SLC25A43,203427,,9606.ENSP00000217909
372,MXRA5,25878,,9606.ENSP00000217939
373,PSMD10,5716,,9606.ENSP00000217958
374,STS,412,P08842,9606.ENSP00000217961
375,PGRMC1,10857,O00264,9606.ENSP00000217971
376,RHOXF1,158800,,9606.ENSP00000217999
377,PAGE4,9506,,9606.ENSP00000218068
378,GLRA2,2742,P23416,9606.ENSP00000218075
379,STAG2,10735,,9606.ENSP00000218089
380,F9,2158,,9606.ENSP00000218099
381,ABCD1,215,,9606.ENSP00000218104
382,KCND1,,Q9NSA2,9606.ENSP00000218176
383,PCSK1N,27344,,9606.ENSP00000218230
384,RAB40AL,282808,,9606.ENSP00000218249
385,GPR50,9248,,9606.ENSP00000218316
386,RP2,6102,,9606.ENSP00000218340
387,USP11,8237,,9606.ENSP00000218348
388,TIMP1,7076,,9606.ENSP00000218388
389,GLA,2717,P06280,9606.ENSP00000218516
390,ATP12A,479,,9606.ENSP00000218548
391,HK,,Q02155,9606.ENSP00000218548
392,MLNR,,O43193,9606.ENSP00000218721
393,ACP5,54,,9606.ENSP00000218758
394,TRAP,100187907,,9606.ENSP00000218758
395,SGCG,6445,,9606.ENSP00000218867
396,OLFM4,10562,,9606.ENSP00000219022
397,NTHL1,4913,,9606.ENSP00000219066
398,ZNF263,10127,,9606.ENSP00000219069
399,MMP2,4313,P08253,9606.ENSP00000219070
400,ORC6,23594,,9606.ENSP00000219097
401,CORO1A,11151,,9606.ENSP00000219150
402,MT4,84560,,9606.ENSP00000219162
403,NUTF2,10204,,9606.ENSP00000219169
404,CBLN1,,,9606.ENSP00000219197
405,ARL2BP,23568,,9606.ENSP00000219204
406,CCL22,6367,,9606.ENSP00000219235
407,DHODH,1723,Q02127,9606.ENSP00000219240
408,CCL17,6361,,9606.ENSP00000219244
409,POLR2C,5432,,9606.ENSP00000219252
410,PARD6A,50855,,9606.ENSP00000219255
411,MMP15,4324,,9606.ENSP00000219271
412,USB1,79650,,9606.ENSP00000219281
413,NME3,4832,,9606.ENSP00000219302
414,PSMD7,5713,,9606.ENSP00000219313
415,SETD6,79918,,9606.ENSP00000219315
416,SMPD3,55512,,9606.ENSP00000219334
417,PLA2G15,23659,,9606.ENSP00000219345
418,FA2H,79152,,9606.ENSP00000219368
419,CMC2,56942,,9606.ENSP00000219400
420,PDIA2,64714,,9606.ENSP00000219406
421,ARHGDIG,398,,9606.ENSP00000219409
422,MPG,4350,P29372,9606.ENSP00000219431
423,TSC2,7249,,9606.ENSP00000219476
424,NME4,4833,,9606.ENSP00000219479
425,STUB1,10273,,9606.ENSP00000219548
426,MEFV,4210,,9606.ENSP00000219596
427,CRYM,1428,,9606.ENSP00000219599
428,CAPN15,6650,,9606.ENSP00000219611
429,AQP8,343,,9606.ENSP00000219660
430,TOX3,27324,,9606.ENSP00000219746
431,MAZ,4150,,9606.ENSP00000219782
432,CDIPT,10423,,9606.ENSP00000219789
433,SLC6A2,6530,P23975,9606.ENSP00000219833
434,MGA,23269,,9606.ENSP00000219905
435,AQP9,366,,9606.ENSP00000219919
436,CSK,1445,P41240,9606.ENSP00000220003
437,MTFMT,123263,,9606.ENSP00000220058
438,RASL12,51285,,9606.ENSP00000220062
439,CTSH,1512,,9606.ENSP00000220166
440,TGM5,9333,O43548,9606.ENSP00000220420
441,GABPB1,2553,,9606.ENSP00000220429
442,SCG3,29106,,9606.ENSP00000220478
443,DNAJC17,55192,,9606.ENSP00000220496
444,RHOV,171177,,9606.ENSP00000220507
445,VPS18,57617,,9606.ENSP00000220509
446,OIP5,11339,,9606.ENSP00000220514
447,EXTL3,2137,,9606.ENSP00000220562
448,AGO2,27161,,9606.ENSP00000220592
449,PAG1,55824,,9606.ENSP00000220597
450,TG,7038,,9606.ENSP00000220616
451,BRF2,55290,,9606.ENSP00000220659
452,RP1,6101,,9606.ENSP00000220676
453,RIPK2,8767,O43353,9606.ENSP00000220751
454,CPQ,10404,,9606.ENSP00000220763
455,DECR1,1666,,9606.ENSP00000220764
456,SFRP1,6422,,9606.ENSP00000220772
457,PLAT,5327,P00750,9606.ENSP00000220809
458,DKK4,27121,,9606.ENSP00000220812
459,GDAP1,54332,,9606.ENSP00000220822
460,EIF3E,3646,,9606.ENSP00000220849
461,EMC2,9694,,9606.ENSP00000220853
462,CHRAC1,54108,,9606.ENSP00000220913
463,GML,2765,,9606.ENSP00000220940
464,DCTN6,10671,,9606.ENSP00000221114
465,GSR,2936,P00390,9606.ENSP00000221130
466,TNFRSF10A,8797,,9606.ENSP00000221132
467,PPP2CB,,P62714,9606.ENSP00000221138
468,NEFM,4741,,9606.ENSP00000221166
469,KCTD9,54793,,9606.ENSP00000221200
470,EXOSC5,56915,,9606.ENSP00000221233
471,PAF1,54623,,9606.ENSP00000221265
472,CYP4F3,4051,,9606.ENSP00000221307
473,ZNF432,9668,,9606.ENSP00000221315
474,DHDH,27294,,9606.ENSP00000221403
475,HNRNPL,3191,,9606.ENSP00000221419
476,KCNA7,,,9606.ENSP00000221444
477,RELB,5971,Q01201,9606.ENSP00000221452
478,CKM,1158,P06732,9606.ENSP00000221476
479,SLC17A7,57030,,9606.ENSP00000221485
480,RNASEH2A,10535,,9606.ENSP00000221486
481,SF3A2,8175,,9606.ENSP00000221494
482,AMH,268,,9606.ENSP00000221496
483,DKKL1,27120,,9606.ENSP00000221498
484,RETN,56729,,9606.ENSP00000221515
485,RSPH6A,81492,,9606.ENSP00000221538
486,TLE5,166,,9606.ENSP00000221561
487,SGTA,6449,,9606.ENSP00000221566
488,SNAPC2,6618,,9606.ENSP00000221573
489,CYP4F2,8529,P78329,9606.ENSP00000221700
490,EPHX3,79852,,9606.ENSP00000221730
491,SLC1A6,6511,,9606.ENSP00000221742
492,LGALS13,29124,,9606.ENSP00000221797
493,FBL,2091,,9606.ENSP00000221801
494,CLC,1178,,9606.ENSP00000221804
495,EBI3,10148,,9606.ENSP00000221847
496,FSD1,79187,,9606.ENSP00000221856
497,APLP1,,P51693,9606.ENSP00000221891
498,TGFB1,7040,P01137,9606.ENSP00000221930
499,CEACAM4,1089,,9606.ENSP00000221954
500,PLIN3,10226,,9606.ENSP00000221957
501,CD79A,973,,9606.ENSP00000221972
502,LIM2,3982,,9606.ENSP00000221973
503,ICAM5,7087,,9606.ENSP00000221980
504,CEACAM5,1048,,9606.ENSP00000221992
505,CRX,1406,,9606.ENSP00000221996
506,SULT2A1,6822,Q06520,9606.ENSP00000222002
507,CDC37,11140,,9606.ENSP00000222005
508,RABAC1,10567,,9606.ENSP00000222008
509,CNFN,84518,,9606.ENSP00000222032
510,ZNRF4,148066,,9606.ENSP00000222033
511,HAS1,3036,,9606.ENSP00000222115
512,RAB3D,9545,,9606.ENSP00000222120
513,DBP,1628,,9606.ENSP00000222122
514,EPOR,2057,P19235,9606.ENSP00000222139
515,RASIP1,54922,,9606.ENSP00000222145
516,DNASE2,1777,,9606.ENSP00000222219
517,RPL18A,6142,,9606.ENSP00000222247
518,SLC5A5,6528,,9606.ENSP00000222248
519,PIK3R2,5296,,9606.ENSP00000222254
520,RAB3A,5864,,9606.ENSP00000222256
521,COMP,1311,,9606.ENSP00000222271
522,TMEM147,10430,,9606.ENSP00000222284
523,GAPDHS,26330,O14556,9606.ENSP00000222286
524,USF2,7392,,9606.ENSP00000222305
525,ERF,2077,,9606.ENSP00000222329
526,GSK3A,2931,P49840,9606.ENSP00000222330
527,SIPA1L3,23094,,9606.ENSP00000222345
528,CADM4,199731,,9606.ENSP00000222374
529,PON1,5444,P27169,9606.ENSP00000222381
530,CYP3A43,64816,Q9HB55,9606.ENSP00000222382
531,ABCF2,10061,,9606.ENSP00000222388
532,HGF,3082,P14210,9606.ENSP00000222390
533,LAMB1,3912,,9606.ENSP00000222399
534,WNT16,51384,,9606.ENSP00000222462
535,CPA2,,,9606.ENSP00000222481
536,CPA4,51200,,9606.ENSP00000222482
537,TFPI2,7980,,9606.ENSP00000222543
538,BET1,10282,,9606.ENSP00000222547
539,NAMPT,10135,,9606.ENSP00000222553
540,ITGB8,3696,,9606.ENSP00000222573
541,HBP1,26959,,9606.ENSP00000222574
542,SP4,6671,,9606.ENSP00000222584
543,MPP6,51678,,9606.ENSP00000222644
544,NPVF,64111,,9606.ENSP00000222674
545,CAV2,858,,9606.ENSP00000222693
546,HOXA2,3199,,9606.ENSP00000222718
547,LFNG,3955,,9606.ENSP00000222725
548,HOXA5,3202,,9606.ENSP00000222726
549,HOXA6,3203,,9606.ENSP00000222728
550,TSPAN12,23554,,9606.ENSP00000222747
551,CHN2,1124,,9606.ENSP00000222792
552,ABHD11,83451,,9606.ENSP00000222800
553,FKBP14,55033,,9606.ENSP00000222803
554,STX1A,6804,,9606.ENSP00000222812
555,NOD1,10392,,9606.ENSP00000222823
556,PDAP1,11333,,9606.ENSP00000222968
557,CYP3A5,1577,P20815,9606.ENSP00000222982
558,SNX8,29886,,9606.ENSP00000222990
559,WASL,8976,,9606.ENSP00000223023
560,AIMP2,7965,,9606.ENSP00000223029
561,PCOLCE,5118,,9606.ENSP00000223061
562,RBM28,55131,,9606.ENSP00000223073
563,SERPINE1,5054,P05121,9606.ENSP00000223095
564,PLOD3,8985,O60568,9606.ENSP00000223127
565,RPA3,6119,,9606.ENSP00000223129
566,FIS1,51024,,9606.ENSP00000223136
567,GLCCI1,113263,,9606.ENSP00000223145
568,CEP41,95681,,9606.ENSP00000223208
569,MEST,4232,,9606.ENSP00000223215
570,PSMA2,5683,,9606.ENSP00000223321
571,AEBP1,165,,9606.ENSP00000223357
572,MYL7,58498,,9606.ENSP00000223364
573,GCK,2645,,9606.ENSP00000223366
574,YKT6,10652,,9606.ENSP00000223369
575,CLIP2,7461,,9606.ENSP00000223398
576,CHMP5,51510,,9606.ENSP00000223500
577,FKTN,2218,,9606.ENSP00000223528
578,C5,727,P01031,9606.ENSP00000223642
579,TNFSF8,944,,9606.ENSP00000223795
580,AK1,203,P00568,9606.ENSP00000223836
581,PLGRKT,55848,,9606.ENSP00000223864
582,EDF1,8721,,9606.ENSP00000224073
583,SETX,23064,,9606.ENSP00000224140
584,BLNK,29760,,9606.ENSP00000224337
585,CYP26A1,1592,O43174,9606.ENSP00000224356
586,ATE1,11101,,9606.ENSP00000224652
587,CDH23,64072,,9606.ENSP00000224721
588,ACTA2,59,,9606.ENSP00000224784
589,STN1,79991,,9606.ENSP00000224950
590,DNAJC12,56521,,9606.ENSP00000225171
591,PPIF,10105,P30405,9606.ENSP00000225174
592,MPO,4353,P05164,9606.ENSP00000225275
593,ST6GALNAC2,10610,,9606.ENSP00000225276
594,DHX33,56919,,9606.ENSP00000225296
595,P2RX5,5026,Q93086,9606.ENSP00000225328
596,EPX,8288,P11678,9606.ENSP00000225371
597,CRYBA1,1411,,9606.ENSP00000225387
598,NUFIP2,57532,,9606.ENSP00000225388
599,RPL19,6143,,9606.ENSP00000225430
600,CSF3,1440,,9606.ENSP00000225474
601,WNT3,7473,,9606.ENSP00000225512
602,TAX1BP3,30851,,9606.ENSP00000225525
603,P2RX1,5023,P51575,9606.ENSP00000225538
604,RPS6KB1,6198,,9606.ENSP00000225577
605,PIGL,9487,,9606.ENSP00000225609
606,GALK1,2584,,9606.ENSP00000225614
607,PFN1,5216,P07737,9606.ENSP00000225655
608,SLC25A11,8402,,9606.ENSP00000225665
609,RASD1,51655,,9606.ENSP00000225688
610,C1QBP,708,,9606.ENSP00000225698
611,CPD,1362,,9606.ENSP00000225719
612,GOSR1,9527,,9606.ENSP00000225724
613,CCDC47,57003,,9606.ENSP00000225726
614,MED31,51003,,9606.ENSP00000225728
615,DRG2,1819,,9606.ENSP00000225729
616,AKAP10,11216,,9606.ENSP00000225737
617,DDX5,1655,P17844,9606.ENSP00000225792
618,ASIC2,40,Q16515,9606.ENSP00000225823
619,CCL2,6347,P13500,9606.ENSP00000225831
620,CCL1,6346,,9606.ENSP00000225842
621,CCL13,6357,,9606.ENSP00000225844
622,KRT32,3882,,9606.ENSP00000225899
623,KAT2A,2648,,9606.ENSP00000225916
624,NAGLU,4669,,9606.ENSP00000225927
625,HSD17B1,3292,P14061,9606.ENSP00000225929
626,ABI3,51225,,9606.ENSP00000225941
627,COL1A1,1277,,9606.ENSP00000225964
628,LRRC59,55379,,9606.ENSP00000225972
629,HDAC5,10014,Q9UQL6,9606.ENSP00000225983
630,DUSP3,1845,,9606.ENSP00000226004
631,CACNG1,786,Q06432,9606.ENSP00000226021
632,HLF,3131,,9606.ENSP00000226067
633,EFNB3,1949,,9606.ENSP00000226091
634,RANGRF,29098,,9606.ENSP00000226105
635,RCVRN,5957,,9606.ENSP00000226193
636,MYH1,4619,,9606.ENSP00000226207
637,VTN,7448,P04004,9606.ENSP00000226218
638,TNFAIP1,7126,,9606.ENSP00000226225
639,TMEM97,27346,,9606.ENSP00000226230
640,FOXN1,8456,,9606.ENSP00000226247
641,CD38,952,,9606.ENSP00000226279
642,IBSP,3381,,9606.ENSP00000226284
643,LAP3,51056,P28838,9606.ENSP00000226299
644,CXCL6,6372,,9606.ENSP00000226317
645,JADE1,79960,,9606.ENSP00000226319
646,AFM,173,,9606.ENSP00000226355
647,PHOX2B,8929,,9606.ENSP00000226382
648,GNRHR,2798,P30968,9606.ENSP00000226413
649,CWH43,80157,,9606.ENSP00000226432
650,SULT1E1,6783,P49888,9606.ENSP00000226444
651,SMR3A,26952,,9606.ENSP00000226460
652,NFKB1,4790,P19838,9606.ENSP00000226574
653,IL2,3558,P60568,9606.ENSP00000226730
654,WFS1,7466,,9606.ENSP00000226760
655,GAR1,54433,,9606.ENSP00000226796
656,FRG1,2483,,9606.ENSP00000226798
657,CLNK,116449,,9606.ENSP00000226951
658,CD82,3732,,9606.ENSP00000227155
659,SPI1,6688,,9606.ENSP00000227163
660,CTSC,1075,,9606.ENSP00000227266
661,ZPR1,8882,,9606.ENSP00000227322
662,DTX4,23220,,9606.ENSP00000227451
663,UNC93B1,81622,,9606.ENSP00000227471
664,CCND1,595,P24385,9606.ENSP00000227507
665,PRPF19,27339,,9606.ENSP00000227524
666,TMEM109,79073,,9606.ENSP00000227525
667,PANX1,24145,Q96RD7,9606.ENSP00000227638
668,APOC3,345,,9606.ENSP00000227667
669,IL10RA,3587,,9606.ENSP00000227752
670,GALNT18,374378,,9606.ENSP00000227756
671,PDHX,8050,,9606.ENSP00000227868
672,SCGB2A2,4250,,9606.ENSP00000227918
673,DGAT2,84649,Q96PD7,9606.ENSP00000228027
674,YBX3,8531,,9606.ENSP00000228251
675,SLC25A3,5250,,9606.ENSP00000228318
676,POLR3B,55703,,9606.ENSP00000228347
677,CD69,969,,9606.ENSP00000228434
678,PRDM4,11108,,9606.ENSP00000228437
679,SELPLG,6404,,9606.ENSP00000228463
680,ASIC1,41,P78348,9606.ENSP00000228468
681,DAO,1610,P14920,9606.ENSP00000228476
682,KCTD10,83892,,9606.ENSP00000228495
683,MLEC,9761,,9606.ENSP00000228506
684,MVK,4598,,9606.ENSP00000228510
685,IL23A,51561,,9606.ENSP00000228534
686,CYP27B1,1594,O15528,9606.ENSP00000228606
687,VDR,7421,P11473,9606.ENSP00000228606
688,MYF6,4618,,9606.ENSP00000228641
689,GLI1,2735,,9606.ENSP00000228682
690,PPM1H,57460,,9606.ENSP00000228705
691,LTA4H,4048,P09960,9606.ENSP00000228740
692,ELK3,2004,,9606.ENSP00000228741
693,PRR4,11272,,9606.ENSP00000228811
694,FGF6,2251,,9606.ENSP00000228837
695,MYL2,4633,,9606.ENSP00000228841
696,RAD51AP1,10635,,9606.ENSP00000228843
697,AKAP3,10566,,9606.ENSP00000228850
698,CDKN1B,1027,,9606.ENSP00000228872
699,GPRC5D,55507,,9606.ENSP00000228887
700,LTBR,4055,,9606.ENSP00000228918
701,OGFOD2,,Q6N063,9606.ENSP00000228922
702,OAS3,4940,,9606.ENSP00000228928
703,MGP,4256,,9606.ENSP00000228938
704,ARHGDIB,397,,9606.ENSP00000228945
705,RERGL,79785,,9606.ENSP00000229002
706,FZD10,11211,,9606.ENSP00000229030
707,IL26,55801,,9606.ENSP00000229134
708,IFNG,3458,P01579,9606.ENSP00000229135
709,NUP107,57122,,9606.ENSP00000229179
710,KRR1,11103,,9606.ENSP00000229214
711,ACRBP,84519,,9606.ENSP00000229243
712,GNB3,2784,,9606.ENSP00000229264
713,CHPT1,56994,,9606.ENSP00000229266
714,USP5,8078,,9606.ENSP00000229268
715,TPI1,7167,P60174,9606.ENSP00000229270
716,C12orf57,113246,,9606.ENSP00000229281
717,APOBEC1,339,,9606.ENSP00000229304
718,NANOG,79923,,9606.ENSP00000229307
719,GOLT1B,51026,,9606.ENSP00000229314
720,CMAS,55907,,9606.ENSP00000229329
721,CLEC4A,50856,,9606.ENSP00000229332
722,AICDA,57379,,9606.ENSP00000229335
723,RAB35,11021,,9606.ENSP00000229340
724,COX6A1,,,9606.ENSP00000229379
725,SRSF9,8683,,9606.ENSP00000229390
726,FGFR1OP2,26127,,9606.ENSP00000229395
727,KLRB1,3820,,9606.ENSP00000229402
728,IYD,389434,,9606.ENSP00000229447
729,RSPH4A,345895,,9606.ENSP00000229554
730,ADTRP,84830,,9606.ENSP00000229583
731,ASF1A,25842,,9606.ENSP00000229595
732,HINT3,135114,,9606.ENSP00000229633
733,ULBP1,80329,,9606.ENSP00000229708
734,SLC44A4,80736,,9606.ENSP00000229729
735,FBXO5,26271,,9606.ENSP00000229758
736,FANCE,2178,,9606.ENSP00000229769
737,TULP1,7287,,9606.ENSP00000229771
738,MAPK14,1432,Q16539,9606.ENSP00000229795
739,STK38,11329,Q15208,9606.ENSP00000229812
740,HLA-DOA,3111,,9606.ENSP00000229829
741,CAP2,10486,,9606.ENSP00000229922
742,GPLD1,2822,,9606.ENSP00000230036
743,ACOT13,55856,,9606.ENSP00000230048
744,RPS12,6206,,9606.ENSP00000230050
745,GMNN,51053,,9606.ENSP00000230056
746,SNX3,8724,,9606.ENSP00000230085
747,ZBTB24,9841,,9606.ENSP00000230122
748,FIG4,9896,,9606.ENSP00000230124
749,MDFI,4188,,9606.ENSP00000230321
750,BYSL,705,,9606.ENSP00000230340
751,TBP,6908,,9606.ENSP00000230354
752,GUCA1B,2979,,9606.ENSP00000230361
753,PRPH2,5961,,9606.ENSP00000230381
754,EXOC2,55770,,9606.ENSP00000230449
755,TMEM30A,55754,,9606.ENSP00000230461
756,LAMA4,3910,,9606.ENSP00000230538
757,PRSS16,10279,,9606.ENSP00000230582
758,MEP1A,4224,,9606.ENSP00000230588
759,ISL1,3670,,9606.ENSP00000230658
760,HBEGF,1839,,9606.ENSP00000230990
761,LOX,4015,,9606.ENSP00000231004
762,GZMK,3003,,9606.ENSP00000231009
763,CDH9,1007,,9606.ENSP00000231021
764,SPARC,6678,P09486,9606.ENSP00000231061
765,HAND1,9421,,9606.ENSP00000231121
766,IL12B,3593,P29460,9606.ENSP00000231228
767,LNPEP,4012,,9606.ENSP00000231368
768,AGXT2,64902,Q9BYV1,9606.ENSP00000231420
769,BCGF1,,,9606.ENSP00000231449
770,IL4,3565,,9606.ENSP00000231449
771,IL5,3567,P05113,9606.ENSP00000231454
772,ST8SIA4,7903,,9606.ENSP00000231461
773,PCDH12,51294,,9606.ENSP00000231484
774,SKP1,6500,,9606.ENSP00000231487
775,NUP155,9631,,9606.ENSP00000231498
776,NR3C1,2908,P04150,9606.ENSP00000231509
777,TRIM23,373,,9606.ENSP00000231524
778,RARS1,5917,,9606.ENSP00000231572
779,CDX1,1044,,9606.ENSP00000231656
780,BNIP1,662,,9606.ENSP00000231668
781,SLC7A14,57709,,9606.ENSP00000231706
782,ZMYND10,51364,,9606.ENSP00000231749
783,LTF,4057,P02788,9606.ENSP00000231751
784,MLH1,4292,,9606.ENSP00000231790
785,EHHADH,1962,,9606.ENSP00000231887
786,CRBN,51185,Q96SW2,9606.ENSP00000231948
787,HRG,3273,,9606.ENSP00000232003
788,RBP2,5948,,9606.ENSP00000232217
789,RBP1,5947,P09455,9606.ENSP00000232219
790,PFKFB4,5210,,9606.ENSP00000232375
791,HES1,3280,,9606.ENSP00000232424
792,TUSC2,11334,,9606.ENSP00000232496
793,NPRL2,10641,,9606.ENSP00000232501
794,GNB4,59345,,9606.ENSP00000232564
795,MORC1,27136,,9606.ENSP00000232603
796,UMPS,7372,P11172,9606.ENSP00000232607
797,RRP9,9136,,9606.ENSP00000232888
798,AADAC,13,,9606.ENSP00000232892
799,TNNC1,7134,P63316,9606.ENSP00000232975
800,NKTR,4820,,9606.ENSP00000232978
801,SPCS1,28972,,9606.ENSP00000233025
802,NEK4,6787,P51957,9606.ENSP00000233027
803,EIF2AK2,5610,P19525,9606.ENSP00000233057
804,DAZAP1,26528,,9606.ENSP00000233078
805,TMSB10,9168,,9606.ENSP00000233143
806,MSH2,4436,,9606.ENSP00000233146
807,NCK2,8440,,9606.ENSP00000233154
808,TFPI,7035,,9606.ENSP00000233156
809,SLC11A1,6556,,9606.ENSP00000233202
810,APOB,338,,9606.ENSP00000233242
811,TTL,150465,,9606.ENSP00000233336
812,SF3B6,51639,,9606.ENSP00000233468
813,SLC30A3,7781,,9606.ENSP00000233535
814,SNX17,9784,,9606.ENSP00000233575
815,REEP6,92840,,9606.ENSP00000233596
816,NDUFS7,374291,O75251,9606.ENSP00000233627
817,PCGF1,84759,,9606.ENSP00000233630
818,TLX2,3196,,9606.ENSP00000233638
819,DOK1,1796,,9606.ENSP00000233668
820,ACADL,33,,9606.ENSP00000233710
821,REG1A,5967,,9606.ENSP00000233735
822,IGFBP2,3485,,9606.ENSP00000233809
823,IGFBP5,3488,,9606.ENSP00000233813
824,KCNJ13,3769,,9606.ENSP00000233826
825,GGCX,2677,P38435,9606.ENSP00000233838
826,NEU2,4759,Q9Y3R4,9606.ENSP00000233840
827,HSPE1,3336,,9606.ENSP00000233893
828,WNT6,7475,,9606.ENSP00000233948
829,IL1RL1,9173,,9606.ENSP00000233954
830,SLC9A2,6549,,9606.ENSP00000233969
831,AZU1,566,,9606.ENSP00000233997
832,PPP1R7,5510,,9606.ENSP00000234038
833,PROC,5624,,9606.ENSP00000234071
834,ID2,3398,,9606.ENSP00000234091
835,ODC1,4953,P11926,9606.ENSP00000234111
836,GORASP2,26003,,9606.ENSP00000234160
837,CEBPZ,10153,,9606.ENSP00000234170
838,RMDN2,151393,,9606.ENSP00000234195
839,DLX2,1746,,9606.ENSP00000234198
840,SLC1A4,6509,,9606.ENSP00000234256
841,ORC2,4999,,9606.ENSP00000234296
842,PPP3R1,5534,P63098,9606.ENSP00000234310
843,PLEK,5341,,9606.ENSP00000234313
844,PRTN3,5657,,9606.ENSP00000234347
845,KISS1R,84634,,9606.ENSP00000234371
846,GRIN3B,116444,O60391,9606.ENSP00000234389
847,ATP6V1B1,,P15313,9606.ENSP00000234396
848,MSH6,2956,,9606.ENSP00000234420
849,SPR,6697,,9606.ENSP00000234454
850,CLCN6,1185,,9606.ENSP00000234488
851,CLCA1,1179,,9606.ENSP00000234701
852,BCL9,607,,9606.ENSP00000234739
853,TPSG1,25823,,9606.ENSP00000234798
854,ANGPTL1,9068,,9606.ENSP00000234816
855,TMEM59,9528,,9606.ENSP00000234831
856,OPRD1,4985,P41143,9606.ENSP00000234961
857,WDR77,79084,,9606.ENSP00000235090
858,C1orf21,81563,,9606.ENSP00000235307
859,MAD2L2,10459,,9606.ENSP00000235310
860,MIIP,60672,,9606.ENSP00000235332
861,SLC35D1,23169,,9606.ENSP00000235345
862,PRDM2,7799,,9606.ENSP00000235372
863,RGS2,5997,,9606.ENSP00000235382
864,WARS2,10352,,9606.ENSP00000235521
865,NT5C1A,84618,,9606.ENSP00000235628
866,AKR7A2,8574,,9606.ENSP00000235835
867,P3H1,64175,Q32P28,9606.ENSP00000236040
868,SLC19A2,10560,,9606.ENSP00000236137
869,SYF2,25949,,9606.ENSP00000236273
870,CTSD,1509,,9606.ENSP00000236671
871,A4GNT,51146,,9606.ENSP00000236709
872,MMP8,4317,,9606.ENSP00000236826
873,APOA1,335,P02647,9606.ENSP00000236850
874,SLC8A2,6543,,9606.ENSP00000236877
875,ATIC,471,P31939,9606.ENSP00000236959
876,TNP1,7141,,9606.ENSP00000236979
877,TTR,7276,P02766,9606.ENSP00000237014
878,DOP1A,23033,,9606.ENSP00000237163
879,FILIP1,27145,,9606.ENSP00000237172
880,TBPL1,9519,,9606.ENSP00000237264
881,ADAT2,134637,,9606.ENSP00000237283
882,MED28,80306,,9606.ENSP00000237380
883,RPN2,6185,,9606.ENSP00000237530
884,SOGA1,140710,,9606.ENSP00000237536
885,PKD2,5311,,9606.ENSP00000237596
886,CCNI,10983,,9606.ENSP00000237654
887,RARRES1,5918,P49788,9606.ENSP00000237696
888,LDAH,60526,,9606.ENSP00000237822
889,FGF23,8074,,9606.ENSP00000237837
890,ELL2,22936,,9606.ENSP00000237853
891,ECRG4,84417,,9606.ENSP00000238044
892,CPSF3,51692,,9606.ENSP00000238112
893,CCDC92,80212,,9606.ENSP00000238156
894,VPS4B,9525,,9606.ENSP00000238497
895,SERPINB10,5273,,9606.ENSP00000238508
896,GSC,145258,,9606.ENSP00000238558
897,ADCK1,57143,,9606.ENSP00000238561
898,NEK9,91754,Q8TD19,9606.ENSP00000238616
899,IFT43,112752,,9606.ENSP00000238628
900,IRF2BPL,64207,,9606.ENSP00000238647
901,TGFB3,7043,,9606.ENSP00000238682
902,PAPOLG,64895,,9606.ENSP00000238714
903,TP53I3,9540,,9606.ENSP00000238721
904,RHOQ,23433,,9606.ENSP00000238738
905,ATAD2B,54454,,9606.ENSP00000238789
906,FAM98A,25940,,9606.ENSP00000238823
907,AFTPH,54812,,9606.ENSP00000238855
908,LGALSL,29094,,9606.ENSP00000238875
909,MFSD13A,79847,,9606.ENSP00000238936
910,PPP1R3C,5507,,9606.ENSP00000238994
911,HOXB8,3218,,9606.ENSP00000239144
912,HOXB5,3215,,9606.ENSP00000239151
913,HOXB7,3217,,9606.ENSP00000239165
914,DUSP1,1843,,9606.ENSP00000239223
915,MSX2,4488,,9606.ENSP00000239243
916,INSL4,3641,,9606.ENSP00000239316
917,CCDC170,80129,,9606.ENSP00000239374
918,ARAP3,64411,,9606.ENSP00000239440
919,PCDHB8,56128,,9606.ENSP00000239444
920,PRRX1,5396,,9606.ENSP00000239461
921,TNN,63923,,9606.ENSP00000239462
922,NUDCD1,84955,,9606.ENSP00000239690
923,CCDC77,,,9606.ENSP00000239830
924,ELF1,1997,,9606.ENSP00000239882
925,MYOT,9499,,9606.ENSP00000239926
926,EGR1,1958,,9606.ENSP00000239938
927,PFN2,5217,,9606.ENSP00000239940
928,NFYB,4801,,9606.ENSP00000240055
929,FZD3,7976,,9606.ENSP00000240093
930,DUSP4,1846,,9606.ENSP00000240100
931,SORBS3,10174,,9606.ENSP00000240123
932,TARDBP,23435,,9606.ENSP00000240185
933,RDH10,157506,,9606.ENSP00000240285
934,DLX4,1748,,9606.ENSP00000240306
935,COIL,8161,,9606.ENSP00000240316
936,TBX2,6909,,9606.ENSP00000240328
937,TEX14,56155,,9606.ENSP00000240361
938,NCAPH,23397,,9606.ENSP00000240423
939,TSHZ3,57616,,9606.ENSP00000240587
940,PLBD1,79887,,9606.ENSP00000240617
941,KLRC4-KLRK1,100528032,,9606.ENSP00000240618
942,KLRK1,22914,,9606.ENSP00000240618
943,PYROXD1,79912,,9606.ENSP00000240651
944,IAPP,3375,,9606.ENSP00000240652
945,TFG,10342,,9606.ENSP00000240851
946,KALRN,8997,,9606.ENSP00000240874
947,NAA50,80218,,9606.ENSP00000240922
948,MAPK8IP1,9479,,9606.ENSP00000241014
949,PEX16,9409,,9606.ENSP00000241041
950,CAT;cat,847,P04040;P26841;P62580,9606.ENSP00000241052
951,GJA3,2700,,9606.ENSP00000241125
952,GHSR,2693,,9606.ENSP00000241256
953,TNFSF10,8743,,9606.ENSP00000241261
954,CPXM2,119587,,9606.ENSP00000241305
955,GSTM2,2946,P28161,9606.ENSP00000241337
956,ADORA3,140,P0DMS8,9606.ENSP00000241356
957,ACVR2A,92,,9606.ENSP00000241416
958,POLK,51426,,9606.ENSP00000241436
959,FLT3,2322,P36888,9606.ENSP00000241453
960,RASL11A,387496,,9606.ENSP00000241463
961,MYOG,4656,,9606.ENSP00000241651
962,AHR,196,P35869,9606.ENSP00000242057
963,BBS9,27241,,9606.ENSP00000242067
964,OCM,654231,,9606.ENSP00000242104
965,EEPD1,80820,,9606.ENSP00000242108
966,HOXA7,3204,,9606.ENSP00000242159
967,INHBA,3624,,9606.ENSP00000242208
968,RAMP3,10268,,9606.ENSP00000242249
969,MRM2,29960,,9606.ENSP00000242257
970,ACS3,,Q8I0X2,9606.ENSP00000242261
971,TWIST1,7291,,9606.ENSP00000242261
972,CLTA,1211,,9606.ENSP00000242285
973,PHF24,23349,,9606.ENSP00000242315
974,ZC3HAV1,56829,,9606.ENSP00000242351
975,AKR1D1,6718,P51857,9606.ENSP00000242375
976,NEUROG3,50674,,9606.ENSP00000242462
977,SRGN,5552,,9606.ENSP00000242465
978,EGR2,1959,,9606.ENSP00000242480
979,UNG,7374,,9606.ENSP00000242576
980,ACADS,35,,9606.ENSP00000242592
981,RNF11,26994,,9606.ENSP00000242719
982,BHLHE41,79365,,9606.ENSP00000242728
983,SSPN,8082,,9606.ENSP00000242729
984,DDX39A,10212,,9606.ENSP00000242776
985,ADGRE5,976,,9606.ENSP00000242786
986,CCDC70,,,9606.ENSP00000242819
987,EBPL,84650,,9606.ENSP00000242827
988,ATP7B,540,,9606.ENSP00000242839
989,NEUROD4,58158,,9606.ENSP00000242994
990,PDE1B,5153,Q01064,9606.ENSP00000243052
991,HOXC13,3229,,9606.ENSP00000243056
992,LRP1,4035,,9606.ENSP00000243077
993,HOXC12,3228,,9606.ENSP00000243103
994,HOXC6,3223,,9606.ENSP00000243108
995,FAAH,2166,O00519,9606.ENSP00000243167
996,SEC61A1,29927,,9606.ENSP00000243253
997,MAGEA9,4108,,9606.ENSP00000243314
998,RIF1,55183,,9606.ENSP00000243326
999,TTC21B,79809,,9606.ENSP00000243344
1000,NMI,9111,,9606.ENSP00000243346
1001,TNFAIP6,7130,P98066,9606.ENSP00000243347
1002,ACVR1C,130399,,9606.ENSP00000243349
1003,SLC36A1,206358,,9606.ENSP00000243389
1004,BATF3,55509,,9606.ENSP00000243440
1005,KCNJ2;Kcnj2,3759,P63252;Q64273,9606.ENSP00000243457
1006,PLA2G12A,81579,,9606.ENSP00000243501
1007,SNRPA,6626,,9606.ENSP00000243563
1008,B9D2,80776,,9606.ENSP00000243578
1009,C4BPB,725,P20851,9606.ENSP00000243611
1010,ZNF350,59348,,9606.ENSP00000243644
1011,RAB38,23682,,9606.ENSP00000243662
1012,GPR83,10888,,9606.ENSP00000243673
1013,HAUS3,79441,,9606.ENSP00000243706
1014,CHPF,79586,,9606.ENSP00000243776
1015,INHA;inhA,3623,P9WGR1,9606.ENSP00000243786
1016,MC3R,4159,P41968,9606.ENSP00000243911
1017,SYS1,90196,,9606.ENSP00000243918
1018,PI3,5266,,9606.ENSP00000243924
1019,ATP5F1E,514,P56381,9606.ENSP00000243997
1020,atpE,,P9WPS1,9606.ENSP00000243997
1021,PLCG1,5335,,9606.ENSP00000244007
1022,SRSF6,6431,,9606.ENSP00000244020
1023,RAB22A,57403,,9606.ENSP00000244040
1024,PTGIS,5740,Q16647,9606.ENSP00000244043
1025,SNAI1,6615,,9606.ENSP00000244050
1026,RNF114,55905,,9606.ENSP00000244061
1027,MAGEA10,4109,,9606.ENSP00000244096
1028,PEPD,5184,,9606.ENSP00000244137
1029,IL9R,3581,,9606.ENSP00000244174
1030,MCEE,84693,,9606.ENSP00000244217
1031,SNRNP27,11017,,9606.ENSP00000244227
1032,MPHOSPH10,10199,,9606.ENSP00000244230
1033,IL17C,27189,,9606.ENSP00000244241
1034,LIPE,3991,,9606.ENSP00000244289
1035,LYPD3,27076,,9606.ENSP00000244333
1036,CEACAM8,1088,,9606.ENSP00000244336
1037,RNF39,80352,,9606.ENSP00000244360
1038,FBXO9,26268,,9606.ENSP00000244426
1039,BTN1A1,696,,9606.ENSP00000244513
1040,BTN3A3,10384,,9606.ENSP00000244519
1041,SLC17A1,6568,,9606.ENSP00000244527
1042,H1-3,,,9606.ENSP00000244534
1043,H4-16,121504,,9606.ENSP00000244537
1044,H4C1,8359,,9606.ENSP00000244537
1045,H4C11,8363,,9606.ENSP00000244537
1046,H4C12,8362,,9606.ENSP00000244537
1047,H4C13,8368,,9606.ENSP00000244537
1048,H4C14,8370,,9606.ENSP00000244537
1049,H4C15,554313,,9606.ENSP00000244537
1050,H4C2,8366,,9606.ENSP00000244537
1051,H4C3,8364,,9606.ENSP00000244537
1052,H4C4,8360,,9606.ENSP00000244537
1053,H4C5,8367,,9606.ENSP00000244537
1054,H4C6,8361,,9606.ENSP00000244537
1055,H4C8,8365,,9606.ENSP00000244537
1056,H4C9,8294,,9606.ENSP00000244537
1057,AARS2,57505,,9606.ENSP00000244571
1058,H1-1,,,9606.ENSP00000244573
1059,ZNF391,346157,,9606.ENSP00000244576
1060,APOBEC2,10930,,9606.ENSP00000244669
1061,TREM1,54210,,9606.ENSP00000244709
1062,COL21A1,81578,,9606.ENSP00000244728
1063,SOX4,6659,,9606.ENSP00000244745
1064,CPNE5,57699,,9606.ENSP00000244751
1065,SSR1,6745,,9606.ENSP00000244763
1066,ATXN1,6310,,9606.ENSP00000244769
1067,EREG,2069,,9606.ENSP00000244869
1068,SCGB1D2,10647,,9606.ENSP00000244926
1069,SCGB2A1,4246,,9606.ENSP00000244930
1070,EMC3,55831,,9606.ENSP00000245046
1071,BBS2,583,,9606.ENSP00000245157
1072,MT2,17750,,9606.ENSP00000245185
1073,MT2A,4502,P02795,9606.ENSP00000245185
1074,GOT2,2806,P00505,9606.ENSP00000245206
1075,PIWIL1,9271,,9606.ENSP00000245255
1076,RAP2A,5911,,9606.ENSP00000245304
1077,SLC10A2,6555,Q12908,9606.ENSP00000245312
1078,IRF1,3659,,9606.ENSP00000245414
1079,BMP4,652,,9606.ENSP00000245451
1080,PTGER2,5732,P43116,9606.ENSP00000245457
1081,SOX9,6662,,9606.ENSP00000245479
1082,MRPS7,51081,,9606.ENSP00000245539
1083,NUP85,79902,,9606.ENSP00000245544
1084,NT5C,30833,Q8TCD5,9606.ENSP00000245552
1085,MSTO1,55154,,9606.ENSP00000245564
1086,MBOAT7,79143,,9606.ENSP00000245615
1087,LILRB3,11025,,9606.ENSP00000245620
1088,LOC102725035,102725035,,9606.ENSP00000245620
1089,LOC107987462,107987462,,9606.ENSP00000245620
1090,INSIG2,51141,,9606.ENSP00000245787
1091,PSD4,23550,,9606.ENSP00000245796
1092,PSPN,5623,,9606.ENSP00000245810
1093,TNFSF9,8744,,9606.ENSP00000245817
1094,THOC2,57187,,9606.ENSP00000245838
1095,C3,718,P01024,9606.ENSP00000245907
1096,FOSB,2354,,9606.ENSP00000245919
1097,RTN2,6253,,9606.ENSP00000245923
1098,VASP,7408,,9606.ENSP00000245932
1099,SYMPK,8189,,9606.ENSP00000245934
1100,CDC25B,994,,9606.ENSP00000245960
1101,CD93,22918,,9606.ENSP00000246006
1102,CST8,10047,,9606.ENSP00000246012
1103,MKKS,8195,,9606.ENSP00000246062
1104,DSTN,11034,,9606.ENSP00000246069
1105,LAMP5,24141,,9606.ENSP00000246070
1106,TCF15,6939,,9606.ENSP00000246080
1107,OTOR,56914,,9606.ENSP00000246081
1108,S1PR4,8698,O95977,9606.ENSP00000246115
1109,FNTB,2342,,9606.ENSP00000246166
1110,MMP24,10893,,9606.ENSP00000246186
1111,NECAB3,63941,,9606.ENSP00000246190
1112,RALY,22913,,9606.ENSP00000246194
1113,PLAGL2,5326,,9606.ENSP00000246229
1114,UROD,7389,,9606.ENSP00000246337
1115,SLURP1,57152,,9606.ENSP00000246515
1116,UBA2,10054,,9606.ENSP00000246548
1117,HCST,10870,,9606.ENSP00000246551
1118,FFAR1,2864,,9606.ENSP00000246553
1119,KRT13,3860,,9606.ENSP00000246635
1120,CCR7,1236,,9606.ENSP00000246657
1121,KRT9,3857,P35527,9606.ENSP00000246662
1122,NR1D1,9572,,9606.ENSP00000246672
1123,ARL2,402,,9606.ENSP00000246747
1124,RRAS,6237,,9606.ENSP00000246792
1125,NOP53,29997,,9606.ENSP00000246802
1126,FLRT1,23769,,9606.ENSP00000246841
1127,SBDS,51119,,9606.ENSP00000246868
1128,CSN1S1,1446,,9606.ENSP00000246891
1129,STATH,6779,,9606.ENSP00000246895
1130,MLX,6945,,9606.ENSP00000246912
1131,WNK4,65266,,9606.ENSP00000246914
1132,TRAP1,10131,,9606.ENSP00000246957
1133,SUGP1,57794,,9606.ENSP00000247001
1134,GDF1,2657,,9606.ENSP00000247005
1135,SDF2,6388,,9606.ENSP00000247020
1136,NSRP1,,,9606.ENSP00000247026
1137,CFP,5199,,9606.ENSP00000247153
1138,ATG14,22863,,9606.ENSP00000247178
1139,DLGAP5,9787,,9606.ENSP00000247191
1140,TBPL2,387332,,9606.ENSP00000247219
1141,SGPP1,81537,,9606.ENSP00000247225
1142,EVI2A,2123,,9606.ENSP00000247270
1143,OMG,4974,,9606.ENSP00000247271
1144,CTAG2,30848,,9606.ENSP00000247306
1145,CANX,821,P27824,9606.ENSP00000247461
1146,PYCARD,29108,,9606.ENSP00000247470
1147,PHPT1,29085,,9606.ENSP00000247665
1148,TRAF2,7186,,9606.ENSP00000247668
1149,HELB,92797,,9606.ENSP00000247815
1150,YEATS4,8089,,9606.ENSP00000247843
1151,TAS2R3,50831,,9606.ENSP00000247879
1152,TAS2R5,54429,,9606.ENSP00000247883
1153,IDUA,3425,,9606.ENSP00000247933
1154,PIN1,5300,,9606.ENSP00000247970
1155,KIF17,57576,,9606.ENSP00000247986
1156,KLF2,10365,,9606.ENSP00000248071
1157,F2RL3,9002,,9606.ENSP00000248076
1158,HCFC1R1,54985,,9606.ENSP00000248089
1159,JPT2,90861,,9606.ENSP00000248098
1160,alr,,Q9L888,9606.ENSP00000248114
1161,GFER,2671,,9606.ENSP00000248114
1162,GNG13,51764,,9606.ENSP00000248150
1163,TICAM1,148022,,9606.ENSP00000248244
1164,MON1B,22879,,9606.ENSP00000248248
1165,EIF3K,27335,,9606.ENSP00000248342
1166,TUBA4A,7277,P68366,9606.ENSP00000248437
1167,VIL1,7429,,9606.ENSP00000248444
1168,HSP27,39078,,9606.ENSP00000248553
1169,HSPB1,3315,P04792,9606.ENSP00000248553
1170,GNG11,2791,,9606.ENSP00000248564
1171,GNGT1,2792,,9606.ENSP00000248572
1172,PTPN12,5782,Q05209,9606.ENSP00000248594
1173,FGL2,10875,,9606.ENSP00000248598
1174,PEX1,5189,,9606.ENSP00000248633
1175,MTERF1,7978,,9606.ENSP00000248643
1176,TUBGCP6,85378,,9606.ENSP00000248846
1177,CYTH4,27128,,9606.ENSP00000248901
1178,GGT1,2678,,9606.ENSP00000248923
1179,SGSM3,27352,,9606.ENSP00000248929
1180,SEZ6L,23544,,9606.ENSP00000248933
1181,SDF2L1,23753,,9606.ENSP00000248958
1182,YWHAH,7533,,9606.ENSP00000248975
1183,RFPL3,10738,,9606.ENSP00000249007
1184,CDC42EP1,11135,,9606.ENSP00000249014
1185,MCHR1,2847,Q99705,9606.ENSP00000249016
1186,GALR3,8484,,9606.ENSP00000249041
1187,APOL2,23780,,9606.ENSP00000249066
1188,RAC2,5880,P15153,9606.ENSP00000249071
1189,LIF,3976,,9606.ENSP00000249075
1190,PMPCB,9512,,9606.ENSP00000249269
1191,TAS2R16,50833,Q9NYV7,9606.ENSP00000249284
1192,VGF,7425,,9606.ENSP00000249330
1193,STRIP2,57464,,9606.ENSP00000249344
1194,DNAJB9,4189,,9606.ENSP00000249356
1195,LRRC4,64101,,9606.ENSP00000249363
1196,SMO,6608,Q99835,9606.ENSP00000249373
1197,OPN1SW,611,,9606.ENSP00000249389
1198,SIRT2,22933,,9606.ENSP00000249396
1199,MTX2,10651,,9606.ENSP00000249442
1200,HOXD9,3235,,9606.ENSP00000249499
1201,HOXD10,3236,,9606.ENSP00000249501
1202,HOXD11,3237,,9606.ENSP00000249504
1203,SNAP23,8773,,9606.ENSP00000249647
1204,TMOD2,29767,,9606.ENSP00000249700
1205,DLL4,54567,,9606.ENSP00000249749
1206,ALDH1A2,8854,O94788,9606.ENSP00000249750
1207,KNSTRN,90417,,9606.ENSP00000249776
1208,CLN6,54982,,9606.ENSP00000249806
1209,ISLR,3671,,9606.ENSP00000249842
1210,THAP10,56906,,9606.ENSP00000249861
1211,ACKR4,51554,,9606.ENSP00000249887
1212,MBD4,8930,,9606.ENSP00000249910
1213,MYOD1,4654,,9606.ENSP00000250003
1214,TPH1,7166,P17752,9606.ENSP00000250018
1215,E2F8,79733,,9606.ENSP00000250024
1216,PIMREG,54478,,9606.ENSP00000250056
1217,CD68,968,,9606.ENSP00000250092
1218,ATP1B2,482,P14415,9606.ENSP00000250111
1219,MPDU1,9526,,9606.ENSP00000250124
1220,CCN4,8840,,9606.ENSP00000250160
1221,QTRT1,81890,,9606.ENSP00000250237
1222,ERI1,90459,,9606.ENSP00000250263
1223,CLEC11A,6320,,9606.ENSP00000250340
1224,KLK12,43849,,9606.ENSP00000250351
1225,CMA1,1215,,9606.ENSP00000250378
1226,BCL2L2,599,,9606.ENSP00000250405
1227,PARP2,10038,Q9UGN5,9606.ENSP00000250416
1228,FOXA1,3169,,9606.ENSP00000250448
1229,EGLN3,112399,Q9H6Z9,9606.ENSP00000250457
1230,NEDD8,4738,,9606.ENSP00000250495
1231,DAD1,1603,,9606.ENSP00000250498
1232,CDO1,1036,Q16878,9606.ENSP00000250535
1233,RAP1B,5908,,9606.ENSP00000250559
1234,AANAT,15,Q16613,9606.ENSP00000250615
1235,ARHGEF6,9459,,9606.ENSP00000250617
1236,ART1,417,,9606.ENSP00000250693
1237,CHRNA10,57053,Q9GZZ6,9606.ENSP00000250699
1238,RPS4Y1,,,9606.ENSP00000250784
1239,MKNK2,2872,Q9HBH9,9606.ENSP00000250896
1240,SALL1,6299,,9606.ENSP00000251020
1241,ZC3H14,79882,,9606.ENSP00000251038
1242,CNGB1,1258,,9606.ENSP00000251102
1243,ZFYVE26,23503,,9606.ENSP00000251119
1244,NALCN,259232,,9606.ENSP00000251127
1245,VPS35L,57020,,9606.ENSP00000251143
1246,DOCK7,85440,,9606.ENSP00000251157
1247,CORO7,79585,,9606.ENSP00000251166
1248,PBX4,80714,,9606.ENSP00000251203
1249,DHX40,79665,,9606.ENSP00000251241
1250,DTWD1,56986,,9606.ENSP00000251250
1251,MEGF8,1954,,9606.ENSP00000251268
1252,HCN2,610,Q9UL51,9606.ENSP00000251287
1253,IGSF21,84966,,9606.ENSP00000251296
1254,CERS4,79603,,9606.ENSP00000251363
1255,LILRA1,11024,,9606.ENSP00000251372
1256,TUBG1,7283,P23258,9606.ENSP00000251413
1257,MAST1,22983,Q9Y2H9,9606.ENSP00000251472
1258,NCAPG,64151,,9606.ENSP00000251496
1259,RABGAP1L,9910,,9606.ENSP00000251507
1260,ALOX12,239,,9606.ENSP00000251535
1261,ADAMTS2,9509,,9606.ENSP00000251582
1262,CIAO3,64428,,9606.ENSP00000251588
1263,HBA1,3039,P69905,9606.ENSP00000251595
1264,HBA2,3040,,9606.ENSP00000251595
1265,TRNT1,51095,,9606.ENSP00000251607
1266,DHX29,54505,,9606.ENSP00000251636
1267,DHX58,79132,,9606.ENSP00000251642
1268,KRT12,,Q99456,9606.ENSP00000251643
1269,KRT31,3881,,9606.ENSP00000251645
1270,ARFGEF3,57221,,9606.ENSP00000251691
1271,RRM2B,50484,Q7LG56,9606.ENSP00000251810
1272,MED17,9440,,9606.ENSP00000251871
1273,NXPE1,120400,,9606.ENSP00000251921
1274,TSG101,7251,,9606.ENSP00000251968
1275,TRPC4AP,26133,,9606.ENSP00000252015
1276,C20orf194,25943,,9606.ENSP00000252032
1277,FKBP6,8468,,9606.ENSP00000252037
1278,CUL9,23113,,9606.ENSP00000252050
1279,parC,,P0AFI2;P0C1U9;P43702;P72525,9606.ENSP00000252050
1280,PCDHGA12,26025,,9606.ENSP00000252085
1281,TMCO6,,,9606.ENSP00000252100
1282,NDUFA2,4695,,9606.ENSP00000252102
1283,ESS2,8220,,9606.ENSP00000252137
1284,MICB,4277,,9606.ENSP00000252229
1285,KRT5,3852,P13647,9606.ENSP00000252242
1286,KRT1,3848,P04264,9606.ENSP00000252244
1287,KRT6C,286887,,9606.ENSP00000252250
1288,KRT6B,3854,,9606.ENSP00000252252
1289,DPF2,5977,,9606.ENSP00000252268
1290,GALNT8,26290,,9606.ENSP00000252318
1291,KCNA5,3741,P22460,9606.ENSP00000252321
1292,FAM155B,27112,,9606.ENSP00000252338
1293,CNN1,1264,,9606.ENSP00000252456
1294,EXOC3L2,90332,,9606.ENSP00000252482
1295,NECTIN2,5819,,9606.ENSP00000252483
1296,APOE,348,P02649,9606.ENSP00000252486
1297,ALLC,55821,,9606.ENSP00000252505
1298,GADD45G,10912,,9606.ENSP00000252506
1299,XPO7,23039,,9606.ENSP00000252512
1300,SAFB2,9667,,9606.ENSP00000252542
1301,NCAN,1463,,9606.ENSP00000252575
1302,PLVAP,83483,,9606.ENSP00000252590
1303,BST2,684,,9606.ENSP00000252593
1304,SLC27A1,376497,,9606.ENSP00000252595
1305,USHBP1,83878,,9606.ENSP00000252597
1306,COLGALT1,79709,,9606.ENSP00000252599
1307,PGLS,25796,,9606.ENSP00000252603
1308,RSPH3,83861,,9606.ENSP00000252655
1309,MLLT1,4298,,9606.ENSP00000252674
1310,BMP15,9210,,9606.ENSP00000252677
1311,ACTN4,81,,9606.ENSP00000252699
1312,NDUFA10,4705,,9606.ENSP00000252711
1313,EPO,2056,,9606.ENSP00000252723
1314,CACNG6,59285,Q9BXT2,9606.ENSP00000252729
1315,ZSWIM6,57688,,9606.ENSP00000252744
1316,PXDN,7837,,9606.ENSP00000252804
1317,GDF15,9518,,9606.ENSP00000252809
1318,JUND,3727,,9606.ENSP00000252818
1319,HRC,3270,,9606.ENSP00000252825
1320,TRPM4,54795,Q8TD43,9606.ENSP00000252826
1321,ATXN10,25814,,9606.ENSP00000252934
1322,CALY,50632,Q9NYX4,9606.ENSP00000252939
1323,HBZ,3050,,9606.ENSP00000252951
1324,MNX1,3110,,9606.ENSP00000252971
1325,TAF4,6874,,9606.ENSP00000252996
1326,GATA5,140628,,9606.ENSP00000252997
1327,LAMA5,3911,,9606.ENSP00000252999
1328,PRDM12,59335,,9606.ENSP00000253008
1329,UBE2M,9040,,9606.ENSP00000253023
1330,TRIM28,10155,,9606.ENSP00000253024
1331,YIPF2,78992,,9606.ENSP00000253031
1332,EIF2S3,1968,,9606.ENSP00000253039
1333,MAP3K10,4294,Q02779,9606.ENSP00000253055
1334,SESN2,83667,,9606.ENSP00000253063
1335,CCDC62,84660,,9606.ENSP00000253079
1336,HIP1R,9026,,9606.ENSP00000253083
1337,PPAN,56342,,9606.ENSP00000253107
1338,PPAN-P2RY11,692312,,9606.ENSP00000253107
1339,EIF3G,8666,,9606.ENSP00000253108
1340,ANGPTL6,83854,,9606.ENSP00000253109
1341,CRT,,Q9N623,9606.ENSP00000253122
1342,SLC6A8,6535,,9606.ENSP00000253122
1343,ZNF331,55422,,9606.ENSP00000253144
1344,SLC7A10,56301,,9606.ENSP00000253188
1345,PPIL4,85313,,9606.ENSP00000253329
1346,BPIFB1,92747,,9606.ENSP00000253354
1347,BPIFA2,140683,,9606.ENSP00000253362
1348,RBM39,9584,,9606.ENSP00000253363
1349,ACSS2,55902,Q9NR19,9606.ENSP00000253382
1350,C1QL1,10882,,9606.ENSP00000253407
1351,GFAP,2670,,9606.ENSP00000253408
1352,ATP6V1E1,529,P36543,9606.ENSP00000253413
1353,EMC8,10328,,9606.ENSP00000253457
1354,GSE1,23199,,9606.ENSP00000253458
1355,GINS2,51659,,9606.ENSP00000253462
1356,F12,2161,P00748,9606.ENSP00000253496
1357,ABCB7,22,,9606.ENSP00000253577
1358,NAPSA,9476,,9606.ENSP00000253719
1359,PDLIM4,8572,,9606.ENSP00000253754
1360,GFPT2,9945,O94808,9606.ENSP00000253778
1361,RAMP2,10266,,9606.ENSP00000253796
1362,AOC2,314,,9606.ENSP00000253799
1363,G6PC,2538,,9606.ENSP00000253801
1364,NDFIP1,80762,,9606.ENSP00000253814
1365,EXOC4,60412,,9606.ENSP00000253861
1366,PPFIA1,8500,,9606.ENSP00000253925
1367,BARX1,56033,,9606.ENSP00000253968
1368,ZCCHC9,84240,,9606.ENSP00000254037
1369,TNS4,84951,,9606.ENSP00000254051
1370,RARA,5914,P10276,9606.ENSP00000254066
1371,PPP1R1B,84152,,9606.ENSP00000254079
1372,FMO5,2330,,9606.ENSP00000254090
1373,PRKAB2,,O43741,9606.ENSP00000254101
1374,FUS,2521,,9606.ENSP00000254108
1375,CHSY1,22856,,9606.ENSP00000254190
1376,NR0B2,8431,,9606.ENSP00000254227
1377,THAP1,55145,,9606.ENSP00000254250
1378,RHPN2,85415,,9606.ENSP00000254260
1379,LGALS3,3958,P17931,9606.ENSP00000254301
1380,DNAJB1,3337,,9606.ENSP00000254322
1381,RFX1,5989,,9606.ENSP00000254325
1382,DCAF15,90379,,9606.ENSP00000254337
1383,TRIM21,6737,,9606.ENSP00000254436
1384,WDR7,23335,,9606.ENSP00000254442
1385,SMARCC1,6599,,9606.ENSP00000254480
1386,SLC6A11,6538,,9606.ENSP00000254488
1387,NUP210,23225,,9606.ENSP00000254508
1388,HSD17B7,51478,,9606.ENSP00000254521
1389,EMILIN2,84034,,9606.ENSP00000254528
1390,DNHD1,144132,,9606.ENSP00000254579
1391,RRP8,23378,,9606.ENSP00000254605
1392,EFR3A,,,9606.ENSP00000254624
1393,ILKAP,80895,,9606.ENSP00000254654
1394,PER2,8864,,9606.ENSP00000254657
1395,RAMP1,10267,,9606.ENSP00000254661
1396,PTPRE,5791,P23469,9606.ENSP00000254667
1397,RPA1,6117,,9606.ENSP00000254719
1398,SERPINF1,5176,,9606.ENSP00000254722
1399,EEFSEC,60678,,9606.ENSP00000254730
1400,POPDC3,64208,,9606.ENSP00000254765
1401,LANCL2,55915,,9606.ENSP00000254770
1402,UTP3,57050,,9606.ENSP00000254803
1403,H3-3A,3020,,9606.ENSP00000254810
1404,H3-3B,3021,,9606.ENSP00000254810
1405,TRIM47,91107,,9606.ENSP00000254816
1406,KDM6B,23135,,9606.ENSP00000254846
1407,GUCY2D,3000,Q02846,9606.ENSP00000254854
1408,CLEC10A,10462,,9606.ENSP00000254868
1409,RIDA,10247,,9606.ENSP00000254878
1410,MATN2,4147,,9606.ENSP00000254898
1411,BRD8,10902,,9606.ENSP00000254900
1412,ERAL1,26284,,9606.ENSP00000254928
1413,TERF2,7014,,9606.ENSP00000254942
1414,VPS4A,27183,,9606.ENSP00000254950
1415,JAG1,182,,9606.ENSP00000254958
1416,HSPA12B,116835,,9606.ENSP00000254963
1417,SNAP25,6616,,9606.ENSP00000254976
1418,NXT1,29107,,9606.ENSP00000254998
1419,RIN2,54453,,9606.ENSP00000255006
1420,SSTR4,6754,,9606.ENSP00000255008
1421,CRP,1401,,9606.ENSP00000255030
1422,APCS,325,P02743,9606.ENSP00000255040
1423,IGHMBP2,3508,,9606.ENSP00000255078
1424,ACY3,91703,,9606.ENSP00000255082
1425,TESMIN,9633,,9606.ENSP00000255087
1426,DPH2,1802,,9606.ENSP00000255108
1427,NASP,4678,,9606.ENSP00000255120
1428,BHMT2,,,9606.ENSP00000255192
1429,AP3B1,8546,,9606.ENSP00000255194
1430,SYT4,6860,,9606.ENSP00000255224
1431,SLC14A2,8170,,9606.ENSP00000255226
1432,NMUR2,56923,,9606.ENSP00000255262
1433,PDE6A,5145,P16499,9606.ENSP00000255266
1434,USPL1,10208,,9606.ENSP00000255304
1435,XPO4,64328,,9606.ENSP00000255305
1436,RNF17,56163,,9606.ENSP00000255324
1437,CHRM3,1131,P20309,9606.ENSP00000255380
1438,PEMT,10400,,9606.ENSP00000255389
1439,SCO1,6341,,9606.ENSP00000255390
1440,CHI3L1,1116,,9606.ENSP00000255409
1441,MYBPH,4608,,9606.ENSP00000255416
1442,CCNA1,8900,,9606.ENSP00000255465
1443,RFXAP,5994,,9606.ENSP00000255476
1444,RNF128,79589,,9606.ENSP00000255499
1445,KMT5C,84787,,9606.ENSP00000255613
1446,HSPBP1,23640,,9606.ENSP00000255631
1447,CSNK1G2,1455,,9606.ENSP00000255641
1448,MACROD1,28992,,9606.ENSP00000255681
1449,PLAAT4,5920,,9606.ENSP00000255688
1450,CCDC134,79879,,9606.ENSP00000255784
1451,SEC14L4,,Q9UDX3,9606.ENSP00000255858
1452,PI4KA,5297,,9606.ENSP00000255882
1453,NTS,4922,,9606.ENSP00000256010
1454,BTG1,694,,9606.ENSP00000256015
1455,KRAS,3845,,9606.ENSP00000256078
1456,IPO8,10526,,9606.ENSP00000256079
1457,PMP2,5375,,9606.ENSP00000256103
1458,FABP4,2167,,9606.ENSP00000256104
1459,LYVE1,10894,,9606.ENSP00000256178
1460,SBF2,81846,,9606.ENSP00000256190
1461,MICAL2,9645,,9606.ENSP00000256194
1462,RRAS2,22800,,9606.ENSP00000256196
1463,RNF122,79845,,9606.ENSP00000256257
1464,DUSP26,78986,,9606.ENSP00000256261
1465,SYNJ2BP,55333,,9606.ENSP00000256366
1466,TTC9,23508,,9606.ENSP00000256367
1467,EIF2S1,1965,,9606.ENSP00000256383
1468,ELP3,55140,,9606.ENSP00000256398
1469,PEBP4,157310,,9606.ENSP00000256404
1470,ADAMDEC1,27299,,9606.ENSP00000256412
1471,MBD2,8932,,9606.ENSP00000256429
1472,IER3IP1,,,9606.ENSP00000256433
1473,CCNB1,891,,9606.ENSP00000256442
1474,CDK7,1022,P50613,9606.ENSP00000256443
1475,CD180,4064,,9606.ENSP00000256447
1476,IRAK2,3656,,9606.ENSP00000256458
1477,CAMK1,8536,Q14012,9606.ENSP00000256460
1478,VHL,7428,,9606.ENSP00000256474
1479,BHLHE40,8553,,9606.ENSP00000256495
1480,EDEM1,9695,,9606.ENSP00000256497
1481,CHL1,10752,,9606.ENSP00000256509
1482,TSHB,7252,,9606.ENSP00000256592
1483,GSTM5,2949,P46439,9606.ENSP00000256593
1484,SORT1,6272,,9606.ENSP00000256637
1485,LAMTOR5,10542,,9606.ENSP00000256644
1486,NOTCH2,4853,,9606.ENSP00000256646
1487,TRIM45,80263,,9606.ENSP00000256649
1488,ARF3,377,,9606.ENSP00000256682
1489,SLC38A2,54407,,9606.ENSP00000256689
1490,KIDINS220,57498,,9606.ENSP00000256707
1491,CMPK2,129607,,9606.ENSP00000256722
1492,ANO3,63982,,9606.ENSP00000256737
1493,FST,10468,,9606.ENSP00000256759
1494,CFHR5,81494,,9606.ENSP00000256785
1495,ERN2,10595,,9606.ENSP00000256797
1496,NARS1,4677,,9606.ENSP00000256854
1497,GRP,2922,,9606.ENSP00000256857
1498,RELCH,57614,,9606.ENSP00000256858
1499,HRH4,59340,Q9H3N8,9606.ENSP00000256906
1500,CABLES1,91768,,9606.ENSP00000256925
1501,EMP1,2012,,9606.ENSP00000256951
1502,RERG,85004,,9606.ENSP00000256953
1503,SLCO1B1,10599,Q9Y6L6,9606.ENSP00000256958
1504,SPX,80763,,9606.ENSP00000256969
1505,DDB2,1643,,9606.ENSP00000256996
1506,FOLH1,2346,,9606.ENSP00000256999
1507,RTL8C,8933,,9606.ENSP00000257013
1508,MTNR1B,4544,P49286,9606.ENSP00000257068
1509,PHC2,1912,,9606.ENSP00000257118
1510,TUT4,23318,,9606.ENSP00000257177
1511,DSG3,1830,,9606.ENSP00000257189
1512,DSG1,1828,,9606.ENSP00000257192
1513,DSC1,1823,,9606.ENSP00000257198
1514,DAGLA,747,,9606.ENSP00000257215
1515,TIMM10,26519,,9606.ENSP00000257245
1516,CBLIF,2694,,9606.ENSP00000257248
1517,TCN1,6947,,9606.ENSP00000257264
1518,CEP135,9662,,9606.ENSP00000257287
1519,PDGFRA,5156,P16234,9606.ENSP00000257290
1520,DZIP1,22873,,9606.ENSP00000257312
1521,BIVM,54841,,9606.ENSP00000257336
1522,CARS2,79587,Q9HA77,9606.ENSP00000257347
1523,ADAMTS8,11095,,9606.ENSP00000257359
1524,KLB,152831,,9606.ENSP00000257408
1525,SEMA6A,57556,,9606.ENSP00000257414
1526,APC,324,,9606.ENSP00000257430
1527,ADAM19,8728,,9606.ENSP00000257527
1528,USP30,84749,,9606.ENSP00000257548
1529,SDS,10993,P20132,9606.ENSP00000257549
1530,MSI1,4440,,9606.ENSP00000257552
1531,TBX3,6926,,9606.ENSP00000257566
1532,OASL,8638,,9606.ENSP00000257570
1533,HRK,8739,,9606.ENSP00000257572
1534,DTX1,1840,,9606.ENSP00000257600
1535,TMEM60,85025,,9606.ENSP00000257663
1536,HILPDA,29923,,9606.ENSP00000257696
1537,RINT1,60561,,9606.ENSP00000257700
1538,MDFIC,29969,,9606.ENSP00000257724
1539,BACH2,60468,,9606.ENSP00000257749
1540,NT5E,4907,P21589,9606.ENSP00000257770
1541,MRAP2,112609,,9606.ENSP00000257776
1542,AKIRIN2,55122,,9606.ENSP00000257787
1543,LMO2,4005,,9606.ENSP00000257818
1544,NAT10,55226,,9606.ENSP00000257829
1545,PRPH,5630,,9606.ENSP00000257860
1546,AMHR2,269,Q16671,9606.ENSP00000257863
1547,LACRT,90070,,9606.ENSP00000257867
1548,GDF11,10220,,9606.ENSP00000257868
1549,RDH5,5959,Q92781,9606.ENSP00000257895
1550,KRT85,3891,,9606.ENSP00000257901
1551,CDK4,1019,P11802,9606.ENSP00000257904
1552,PPP1R1A,5502,,9606.ENSP00000257905
1553,TROAP,10024,,9606.ENSP00000257909
1554,TSPAN31,6302,,9606.ENSP00000257910
1555,TFCP2,7024,,9606.ENSP00000257915
1556,ESPL1,9700,,9606.ENSP00000257934
1557,ZC3H10,84872,,9606.ENSP00000257940
1558,KCNH3,23416,Q9ULD8,9606.ENSP00000257981
1559,TAAR5,9038,,9606.ENSP00000258034
1560,NMBR,4829,,9606.ENSP00000258042
1561,SMPD2,6610,,9606.ENSP00000258052
1562,HTRA2,27429,,9606.ENSP00000258080
1563,PRADC1,84279,,9606.ENSP00000258083
1564,CCT7,10574,,9606.ENSP00000258091
1565,RAB11FIP5,26056,,9606.ENSP00000258098
1566,KCNMB4,27345,Q86W47,9606.ENSP00000258111
1567,GNS,2799,,9606.ENSP00000258145
1568,MDM2,4193,Q00987,9606.ENSP00000258149
1569,BCO1,53630,,9606.ENSP00000258168
1570,MPHOSPH6,10200,,9606.ENSP00000258169
1571,TMEM231,79583,,9606.ENSP00000258173
1572,FHOD1,29109,,9606.ENSP00000258201
1573,PCNX2,80003,,9606.ENSP00000258229
1574,STX6,10228,,9606.ENSP00000258301
1575,RGS8,85397,,9606.ENSP00000258302
1576,NPL,80896,,9606.ENSP00000258317
1577,LAMC1,3915,,9606.ENSP00000258341
1578,SP110,3431,,9606.ENSP00000258381
1579,MRPL44,65080,,9606.ENSP00000258383
1580,CHRND,1144,,9606.ENSP00000258385
1581,USP37,57695,,9606.ENSP00000258399
1582,HTR2B,3357,P41595,9606.ENSP00000258400
1583,WNT10A,80326,,9606.ENSP00000258411
1584,CYP27A1,1593,Q02318,9606.ENSP00000258415
1585,EIF4E2,9470,,9606.ENSP00000258416
1586,CAB39,51719,,9606.ENSP00000258418
1587,COX5B,1329,P10606,9606.ENSP00000258424
1588,REV1,51455,,9606.ENSP00000258428
1589,TMEM127,55654,,9606.ENSP00000258439
1590,EDAR,10913,,9606.ENSP00000258443
1591,EPC2,26122,,9606.ENSP00000258484
1592,USP44,84101,,9606.ENSP00000258499
1593,PLXNC1,10154,,9606.ENSP00000258526
1594,DRAM1,55332,,9606.ENSP00000258534
1595,MED4,29079,,9606.ENSP00000258648
1596,NUDT15,55270,Q9NV35,9606.ENSP00000258662
1597,IGF2BP3,10643,,9606.ENSP00000258729
1598,KDELR2,,,9606.ENSP00000258739
1599,NUP42,11097,,9606.ENSP00000258742
1600,DDX56,54606,,9606.ENSP00000258772
1601,HUS1,3364,,9606.ENSP00000258774
1602,MYO1G,64005,,9606.ENSP00000258787
1603,NKX2-8,26257,,9606.ENSP00000258829
1604,ACSBG1,23205,,9606.ENSP00000258873
1605,MTHFS,10588,,9606.ENSP00000258874
1606,IREB2,3658,,9606.ENSP00000258886
1607,ALPK3,57538,,9606.ENSP00000258888
1608,CIB2,10518,O75838,9606.ENSP00000258930
1609,SRSF1,6426,,9606.ENSP00000258962
1610,CHAD,1101,,9606.ENSP00000258969
1611,TACO1,51204,,9606.ENSP00000258975
1612,LIMD2,80774,,9606.ENSP00000259006
1613,BRIP1,83990,,9606.ENSP00000259008
1614,KAT7,11143,,9606.ENSP00000259021
1615,RTP4,64108,,9606.ENSP00000259030
1616,CD302,9936,,9606.ENSP00000259053
1617,TANK,10010,,9606.ENSP00000259075
1618,BLK,640,P51451,9606.ENSP00000259089
1619,IL36G,56300,,9606.ENSP00000259205
1620,IL1RN,3557,,9606.ENSP00000259206
1621,IL36A,27179,,9606.ENSP00000259211
1622,IL36RN,26525,,9606.ENSP00000259212
1623,IL36B,27177,,9606.ENSP00000259213
1624,CFC1,55997,,9606.ENSP00000259216
1625,CCDC115,84317,,9606.ENSP00000259229
1626,HS6ST1,9394,,9606.ENSP00000259241
1627,UGGT1,56886,,9606.ENSP00000259253
1628,GYPC,2995,,9606.ENSP00000259254
1629,LRRC8A,56262,,9606.ENSP00000259324
1630,ECPAS,23392,,9606.ENSP00000259335
1631,TOR1B,27348,,9606.ENSP00000259339
1632,RALGPS1,9649,,9606.ENSP00000259351
1633,TMOD1,7111,,9606.ENSP00000259365
1634,DAB2IP,153090,,9606.ENSP00000259371
1635,SLC31A2,1318,,9606.ENSP00000259392
1636,ORM1,5004,P02763,9606.ENSP00000259396
1637,STX17,55014,,9606.ENSP00000259400
1638,BAAT,570,Q14032,9606.ENSP00000259407
1639,GABBR2,9568,O75899,9606.ENSP00000259455
1640,HEMGN,55363,,9606.ENSP00000259456
1641,PSMB7,5695,,9606.ENSP00000259457
1642,RPL35,,P42766,9606.ENSP00000259469
1643,CTSV,1515,,9606.ENSP00000259470
1644,ENPP2,5168,,9606.ENSP00000259486
1645,DERL1,79139,,9606.ENSP00000259512
1646,CCN3,4856,,9606.ENSP00000259526
1647,RNF38,152006,,9606.ENSP00000259605
1648,CCL21,6366,,9606.ENSP00000259607
1649,SIT1,27240,,9606.ENSP00000259608
1650,CCL27,10850,,9606.ENSP00000259631
1651,DCTN3,11258,,9606.ENSP00000259632
1652,CD72,971,,9606.ENSP00000259633
1653,HINT2,84681,,9606.ENSP00000259667
1654,RIPOR2,9750,,9606.ENSP00000259698
1655,KLC4,89953,,9606.ENSP00000259708
1656,GMPR,2766,,9606.ENSP00000259727
1657,TMEM63B,,,9606.ENSP00000259746
1658,TTBK1,84630,,9606.ENSP00000259750
1659,TINAG,27283,,9606.ENSP00000259782
1660,RIPK1,8737,Q13546,9606.ENSP00000259808
1661,TUBB2B,347733,,9606.ENSP00000259818
1662,PSORS1C2,170680,,9606.ENSP00000259845
1663,C6orf15,29113,,9606.ENSP00000259870
1664,MRPS18B,28973,,9606.ENSP00000259873
1665,IER3,8870,,9606.ENSP00000259874
1666,PSORS1C1,170679,,9606.ENSP00000259881
1667,PGBD1,84547,,9606.ENSP00000259883
1668,GTF2H4,2968,,9606.ENSP00000259895
1669,POU5F1,5460,,9606.ENSP00000259915
1670,HLA-F,3134,,9606.ENSP00000259951
1671,NRM,11270,,9606.ENSP00000259953
1672,FAM8A1,51439,,9606.ENSP00000259963
1673,FGFBP2,,,9606.ENSP00000259989
1674,TLR2,7097,,9606.ENSP00000260010
1675,PI15,51050,,9606.ENSP00000260113
1676,TTPA,7274,,9606.ENSP00000260116
1677,GGH,8836,Q92820,9606.ENSP00000260118
1678,SLCO5A1,81796,,9606.ENSP00000260126
1679,SULF1,23213,,9606.ENSP00000260128
1680,TGS1,96764,,9606.ENSP00000260129
1681,USP2,9099,,9606.ENSP00000260187
1682,HTR3B,9177,O95264,9606.ENSP00000260191
1683,SORL1,6653,,9606.ENSP00000260197
1684,BUD13,84811,,9606.ENSP00000260210
1685,MMP7,4316,,9606.ENSP00000260227
1686,MMP20,9313,,9606.ENSP00000260228
1687,POU2F3,25833,,9606.ENSP00000260264
1688,FDX1,2230,P10109,9606.ENSP00000260270
1689,ARHGAP20,57569,,9606.ENSP00000260283
1690,MMP13,4322,,9606.ENSP00000260302
1691,THBS1,7057,,9606.ENSP00000260356
1692,NDUFAF1,51103,,9606.ENSP00000260361
1693,KIF23,9493,,9606.ENSP00000260363
1694,TUBGCP4,27229,,9606.ENSP00000260383
1695,RMDN3,55177,,9606.ENSP00000260385
1696,ITPKA,3706,,9606.ENSP00000260386
1697,PLCB2,5330,,9606.ENSP00000260402
1698,ADAM10,102,,9606.ENSP00000260408
1699,GCHFR,2644,,9606.ENSP00000260447
1700,BCAR3,8412,,9606.ENSP00000260502
1701,KYAT3,56267,,9606.ENSP00000260508
1702,RTCA;rtcA,8634,P46849,9606.ENSP00000260563
1703,IFT172,26160,,9606.ENSP00000260570
1704,SELENOI,85465,,9606.ENSP00000260585
1705,KHK,3795,,9606.ENSP00000260599
1706,SLC3A1,6519,,9606.ENSP00000260649
1707,SIX3,6496,,9606.ENSP00000260653
1708,LRPPRC,10128,,9606.ENSP00000260665
1709,CYP2C9,1559,P11712,9606.ENSP00000260682
1710,LOXL4,84171,,9606.ENSP00000260702
1711,KIF11,3832,,9606.ENSP00000260731
1712,ARL3,403,,9606.ENSP00000260746
1713,DBR1,51163,,9606.ENSP00000260803
1714,TOPBP1,11073,,9606.ENSP00000260810
1715,DNAJC13,23317,,9606.ENSP00000260818
1716,GPR87,53836,,9606.ENSP00000260843
1717,BARD1,580,,9606.ENSP00000260947
1718,MSTN,2660,,9606.ENSP00000260950
1719,PPIG,9360,,9606.ENSP00000260970
1720,HECW2,57520,,9606.ENSP00000260983
1721,CRYGB,1419,,9606.ENSP00000260988
1722,CHRNA1,1134,P02708,9606.ENSP00000261007
1723,WDR12,55759,,9606.ENSP00000261015
1724,ITGAV,3685,P06756,9606.ENSP00000261023
1725,SLC40A1,30061,,9606.ENSP00000261024
1726,COL8A1,1295,,9606.ENSP00000261037
1727,SLC49A4,84925,,9606.ENSP00000261038
1728,CCDC54,84692,,9606.ENSP00000261058
1729,COX17,10063,,9606.ENSP00000261070
1730,GUCY2C,2984,P25092,9606.ENSP00000261170
1731,OSBPL8,114882,,9606.ENSP00000261183
1732,INTS13,55726,,9606.ENSP00000261191
1733,GYS2,2998,,9606.ENSP00000261195
1734,SLCO1B3,28234,Q9NPD5,9606.ENSP00000261196
1735,ABCC9,10060,O60706,9606.ENSP00000261200
1736,SYT1,6857,,9606.ENSP00000261205
1737,HAL,3034,,9606.ENSP00000261208
1738,CDK17,5128,Q00537,9606.ENSP00000261211
1739,TMCC3,57458,,9606.ENSP00000261226
1740,IRAK3,11213,Q9Y616,9606.ENSP00000261233
1741,RXYLT1,10329,,9606.ENSP00000261234
1742,MNAT1,4331,,9606.ENSP00000261245
1743,C12orf4,57102,,9606.ENSP00000261250
1744,CCND2,894,,9606.ENSP00000261254
1745,RAB21,23011,,9606.ENSP00000261263
1746,LYZ,4069,P61626,9606.ENSP00000261267
1747,LIPG,9388,Q9Y5X9,9606.ENSP00000261292
1748,TGDS,23483,,9606.ENSP00000261296
1749,PSMC1,5700,,9606.ENSP00000261303
1750,GALC,2581,,9606.ENSP00000261304
1751,PPWD1,23398,,9606.ENSP00000261308
1752,PEBP1,5037,,9606.ENSP00000261313
1753,MOCOS,55034,,9606.ENSP00000261326
1754,PZP,5858,P20742,9606.ENSP00000261336
1755,CLEC2D,29121,,9606.ENSP00000261340
1756,LRP6,4040,,9606.ENSP00000261349
1757,LMNB1,4001,,9606.ENSP00000261366
1758,SNCAIP,9627,,9606.ENSP00000261367
1759,HS3ST2,9956,,9606.ENSP00000261374
1760,XYLT1,64131,,9606.ENSP00000261381
1761,GDE1,51573,,9606.ENSP00000261386
1762,NUP133,55746,,9606.ENSP00000261396
1763,NUAK1,9891,O60285,9606.ENSP00000261402
1764,VWF,7450,,9606.ENSP00000261405
1765,LPCAT3,10162,,9606.ENSP00000261407
1766,HEXB,3074,P07686,9606.ENSP00000261416
1767,UBE2K,3093,,9606.ENSP00000261427
1768,KLF3,51274,,9606.ENSP00000261438
1769,TBC1D1,23216,,9606.ENSP00000261439
1770,RSBN1,54665,,9606.ENSP00000261441
1771,CASQ2,845,O14958,9606.ENSP00000261448
1772,TRAF5,7188,,9606.ENSP00000261464
1773,PPP2R3C,55012,,9606.ENSP00000261475
1774,PSMA6,5687,,9606.ENSP00000261479
1775,MAN2A1,4124,,9606.ENSP00000261483
1776,ENOX1,55068,,9606.ENSP00000261488
1777,USP22,23326,,9606.ENSP00000261497
1778,B9D1,27077,,9606.ENSP00000261499
1779,SPECC1,92521,,9606.ENSP00000261503
1780,MSMO1,6307,,9606.ENSP00000261507
1781,CLCN3,1182,,9606.ENSP00000261514
1782,ICE2,79664,,9606.ENSP00000261520
1783,RORA,6095,,9606.ENSP00000261523
1784,POMT2,29954,,9606.ENSP00000261534
1785,MIB1,57534,,9606.ENSP00000261537
1786,TMEM260,54916,,9606.ENSP00000261556
1787,AP5M1,55745,,9606.ENSP00000261558
1788,PALB2,79728,,9606.ENSP00000261584
1789,DSG2,1829,,9606.ENSP00000261590
1790,NOL4,8715,,9606.ENSP00000261592
1791,RNF138,51444,,9606.ENSP00000261593
1792,LPIN2,9663,,9606.ENSP00000261596
1793,NDC80,10403,,9606.ENSP00000261597
1794,THOC1,9984,,9606.ENSP00000261600
1795,USP14,9097,,9606.ENSP00000261601
1796,HERC2,8924,,9606.ENSP00000261609
1797,SLC7A5,8140,,9606.ENSP00000261622
1798,CYBA,1535,P13498,9606.ENSP00000261623
1799,ARL1,,,9606.ENSP00000261636
1800,UTP20,27340,,9606.ENSP00000261637
1801,COX10,1352,,9606.ENSP00000261643
1802,TNFRSF13B,23495,,9606.ENSP00000261652
1803,BFAR,51283,,9606.ENSP00000261658
1804,KPNA3,3839,,9606.ENSP00000261667
1805,CDK2AP1,8099,,9606.ENSP00000261692
1806,SCARB1,949,,9606.ENSP00000261693
1807,RTRAF,51637,,9606.ENSP00000261700
1808,SLC6A4,6532,P31645,9606.ENSP00000261707
1809,UTP6,55813,,9606.ENSP00000261708
1810,PSMD11,5717,,9606.ENSP00000261712
1811,BLMH,642,Q13867,9606.ENSP00000261714
1812,TAOK1,57551,Q7L7X3,9606.ENSP00000261716
1813,BTBD1,53339,,9606.ENSP00000261721
1814,CUX2,23316,,9606.ENSP00000261726
1815,LHX5,64211,,9606.ENSP00000261731
1816,ALDH2,217,P05091,9606.ENSP00000261733
1817,ERP29,10961,,9606.ENSP00000261735
1818,NAA25,80018,,9606.ENSP00000261745
1819,CHRNB4,1143,P30926,9606.ENSP00000261751
1820,MESD,,,9606.ENSP00000261758
1821,CDH1,999,,9606.ENSP00000261769
1822,AARS1,16,,9606.ENSP00000261772
1823,VAC14,55697,,9606.ENSP00000261776
1824,ARG2,384,P78540,9606.ENSP00000261783
1825,IL17B,27190,,9606.ENSP00000261796
1826,NDST1,3340,,9606.ENSP00000261797
1827,CSNK1A1,1452,P48729,9606.ENSP00000261798
1828,PDGFRB,5159,P09619,9606.ENSP00000261799
1829,FAT2,2196,,9606.ENSP00000261800
1830,CYP46A1,10858,,9606.ENSP00000261835
1831,GNB5,10681,,9606.ENSP00000261837
1832,MYO5C,55930,,9606.ENSP00000261839
1833,MAPK6,5597,Q16659,9606.ENSP00000261845
1834,SPPL2A,84888,,9606.ENSP00000261854
1835,GLCE,26035,,9606.ENSP00000261858
1836,SPG11,80208,,9606.ENSP00000261866
1837,SLC30A4,7782,,9606.ENSP00000261867
1838,EIF3J,8669,,9606.ENSP00000261868
1839,HACD3,51495,,9606.ENSP00000261875
1840,APH1B,83464,Q8WW43,9606.ENSP00000261879
1841,AAGAB,79719,,9606.ENSP00000261880
1842,TIPIN,54962,,9606.ENSP00000261881
1843,CILP,8483,,9606.ENSP00000261883
1844,TRIP4,9325,,9606.ENSP00000261884
1845,SNX1,6642,,9606.ENSP00000261889
1846,RAB11A,8766,,9606.ENSP00000261890
1847,LACTB,114294,,9606.ENSP00000261893
1848,HCN4,10021,,9606.ENSP00000261917
1849,SEMA7A,8482,,9606.ENSP00000261918
1850,LOXL1,4016,,9606.ENSP00000261921
1851,FLT4,2324,P35916,9606.ENSP00000261937
1852,FAF2,23197,,9606.ENSP00000261942
1853,RBM25,58517,,9606.ENSP00000261973
1854,LTBP2,4053,,9606.ENSP00000261978
1855,VSX2,338917,,9606.ENSP00000261980
1856,SERPINA10,51156,,9606.ENSP00000261994
1857,SPAG9,9043,,9606.ENSP00000262013
1858,SGCA,6442,,9606.ENSP00000262018
1859,MARS1,4141,,9606.ENSP00000262027
1860,ATP5F1B,,P06576,9606.ENSP00000262030
1861,RBMS2,5939,,9606.ENSP00000262031
1862,PIK3C3,5289,,9606.ENSP00000262039
1863,MEOX2,4223,,9606.ENSP00000262041
1864,PHF3,23469,,9606.ENSP00000262043
1865,ATF1,466,P18846,9606.ENSP00000262053
1866,MMD,23531,,9606.ENSP00000262065
1867,TSPAN13,27075,,9606.ENSP00000262067
1868,RAB27B,5874,,9606.ENSP00000262094
1869,ZDHHC2,51201,,9606.ENSP00000262096
1870,MTUS1,57509,,9606.ENSP00000262102
1871,MCM4,4173,,9606.ENSP00000262105
1872,ERICH1,157697,,9606.ENSP00000262109
1873,MYOM2,9172,,9606.ENSP00000262113
1874,TWSG1,57045,,9606.ENSP00000262120
1875,ANKRD12,23253,,9606.ENSP00000262126
1876,RBL2,5934,,9606.ENSP00000262133
1877,CACNG4,27092,Q9UBN1,9606.ENSP00000262138
1878,WIPI1,55062,,9606.ENSP00000262139
1879,CDH19,28513,,9606.ENSP00000262150
1880,SMAD7,4092,,9606.ENSP00000262158
1881,SMAD2,4087,,9606.ENSP00000262160
1882,DNAJB6,10049,,9606.ENSP00000262177
1883,VIPR2,7434,,9606.ENSP00000262178
1884,ERG1,,Q92206,9606.ENSP00000262186
1885,KCNH2,3757,Q12809,9606.ENSP00000262186
1886,RHEB,6009,,9606.ENSP00000262187
1887,SMARCD3,6604,,9606.ENSP00000262188
1888,KMT2C,58508,,9606.ENSP00000262189
1889,PSMB1,5689,P20618,9606.ENSP00000262193
1890,TRPA1,8989,O75762,9606.ENSP00000262209
1891,CSPP1,79848,,9606.ENSP00000262210
1892,TRAM1,23471,,9606.ENSP00000262213
1893,ARFGEF1,10565,,9606.ENSP00000262215
1894,ANXA13,312,,9606.ENSP00000262219
1895,TMED2,10959,,9606.ENSP00000262225
1896,YY1,7528,,9606.ENSP00000262238
1897,RCOR1,23186,,9606.ENSP00000262241
1898,ZNF175,7728,,9606.ENSP00000262259
1899,CD33,945,,9606.ENSP00000262262
1900,PIH1D1,55011,,9606.ENSP00000262265
1901,SCPEP1,59342,,9606.ENSP00000262288
1902,LPO,4025,,9606.ENSP00000262290
1903,VMP1,81671,,9606.ENSP00000262291
1904,PRR11,55771,,9606.ENSP00000262293
1905,TRIM37,4591,,9606.ENSP00000262294
1906,PKMYT1,9088,Q99640,9606.ENSP00000262300
1907,LMF1,64788,,9606.ENSP00000262301
1908,PKD1,5310,,9606.ENSP00000262304
1909,RAB11FIP3,9727,,9606.ENSP00000262305
1910,ELOB,6923,,9606.ENSP00000262306
1911,CHTF18,63922,,9606.ENSP00000262315
1912,RHBDF1,64285,,9606.ENSP00000262316
1913,TELO2,9894,,9606.ENSP00000262319
1914,AXIN1,8312,,9606.ENSP00000262320
1915,RPE65,6121,,9606.ENSP00000262340
1916,IL12RB2,3595,,9606.ENSP00000262345
1917,SLC1A1,6505,P43005,9606.ENSP00000262352
1918,GLIS2,84662,,9606.ENSP00000262366
1919,CREBBP,1387,,9606.ENSP00000262367
1920,MGRN1,23295,,9606.ENSP00000262370
1921,ALG1,56052,,9606.ENSP00000262374
1922,DNAJA3,9093,,9606.ENSP00000262375
1923,N4BP1,9683,,9606.ENSP00000262384
1924,WSB1,26118,,9606.ENSP00000262394
1925,TRAF4,9618,,9606.ENSP00000262395
1926,RGS9,8787,,9606.ENSP00000262406
1927,ITGA2B,3674,P08514,9606.ENSP00000262407
1928,SLC4A1,6521,,9606.ENSP00000262418
1929,CRISPLD2,83716,,9606.ENSP00000262424
1930,FOXF1,2294,,9606.ENSP00000262426
1931,COTL1,23406,,9606.ENSP00000262428
1932,MLYCD,23417,,9606.ENSP00000262430
1933,SMURF2,64750,,9606.ENSP00000262435
1934,GLP2R,9340,,9606.ENSP00000262441
1935,DNAH9,1770,,9606.ENSP00000262442
1936,CHD5,26038,,9606.ENSP00000262450
1937,ERP44,23071,,9606.ENSP00000262455
1938,INVS,27130,,9606.ENSP00000262457
1939,GINS1,9837,,9606.ENSP00000262460
1940,SLC12A2,6558,P55011,9606.ENSP00000262461
1941,SLC27A6,28965,,9606.ENSP00000262462
1942,PITPNM3,83394,,9606.ENSP00000262483
1943,ISM1,140862,,9606.ENSP00000262487
1944,GNAO1,2775,,9606.ENSP00000262494
1945,CFAP20,29105,,9606.ENSP00000262498
1946,CSNK2A2,1459,P19784,9606.ENSP00000262506
1947,COQ9,57017,,9606.ENSP00000262507
1948,NLRC5,84166,,9606.ENSP00000262510
1949,SRCAP,10847,,9606.ENSP00000262518
1950,SETD1A,9739,,9606.ENSP00000262519
1951,ZNF629,23361,,9606.ENSP00000262525
1952,PCSK2,5126,,9606.ENSP00000262545
1953,SPTLC1,10558,O15269,9606.ENSP00000262554
1954,ZC3H3,23144,,9606.ENSP00000262577
1955,RPL8,6132,,9606.ENSP00000262584
1956,DOK5,55816,,9606.ENSP00000262593
1957,SLC9A3R1,9368,,9606.ENSP00000262613
1958,CHST8,64377,,9606.ENSP00000262622
1959,ATP4A,495,P20648,9606.ENSP00000262623
1960,HPN,3249,,9606.ENSP00000262626
1961,TYROBP,7305,,9606.ENSP00000262629
1962,VAMP7,6845,,9606.ENSP00000262640
1963,CCNE1,898,,9606.ENSP00000262643
1964,IMPAD1,54928,,9606.ENSP00000262644
1965,RAB2A,5862,,9606.ENSP00000262646
1966,ANOS1,3730,,9606.ENSP00000262648
1967,CBFA2T2,9139,,9606.ENSP00000262653
1968,CDKN2C,1031,,9606.ENSP00000262662
1969,ACIN1,22985,,9606.ENSP00000262710
1970,AJUBA,84962,,9606.ENSP00000262713
1971,TEP1,7011,,9606.ENSP00000262715
1972,tlp1,,Q8IKL4,9606.ENSP00000262715
1973,PHLPP,35178,,9606.ENSP00000262719
1974,PHLPP1,23239,,9606.ENSP00000262719
1975,CELSR1,9620,,9606.ENSP00000262738
1976,PIK3R3,8503,,9606.ENSP00000262741
1977,PRDX1,5052,Q06830,9606.ENSP00000262746
1978,RPS6KA6,27330,Q9UK32,9606.ENSP00000262752
1979,QRICH2,84074,,9606.ENSP00000262765
1980,TIMP2,7077,,9606.ENSP00000262768
1981,LGALS3BP,3959,,9606.ENSP00000262776
1982,MOV10L1,54456,,9606.ENSP00000262794
1983,ELL,8178,,9606.ENSP00000262809
1984,MAST3,23031,,9606.ENSP00000262811
1985,MAU2,23383,,9606.ENSP00000262815
1986,TRPC5,7224,,9606.ENSP00000262839
1987,MID2,11043,,9606.ENSP00000262843
1988,AMMECR1,9949,,9606.ENSP00000262844
1989,PRKX,,,9606.ENSP00000262848
1990,BPI,671,,9606.ENSP00000262865
1991,SLA2,84174,,9606.ENSP00000262866
1992,RALGAPB,57148,,9606.ENSP00000262879
1993,XRCC1,7515,,9606.ENSP00000262887
1994,MARK4,57787,Q96L34,9606.ENSP00000262891
1995,HACE1,57531,,9606.ENSP00000262903
1996,E2F3,1871,,9606.ENSP00000262904
1997,KCNQ4,9132,P56696,9606.ENSP00000262916
1998,ATRN,8455,,9606.ENSP00000262919
1999,RASA4,10156,,9606.ENSP00000262940
2000,ARPC1A,10552,,9606.ENSP00000262942
2001,MYDGF,56005,,9606.ENSP00000262947
2002,MAP2K2,5605,P36507,9606.ENSP00000262948
2003,GNA15,2769,,9606.ENSP00000262958
2004,DPP9,91039,,9606.ENSP00000262960
2005,ZFR2,23217,,9606.ENSP00000262961
2006,TCF3,6929,,9606.ENSP00000262965
2007,PIAS4,51588,,9606.ENSP00000262971
2008,CSE1L,1434,,9606.ENSP00000262982
2009,GAB1,2549,,9606.ENSP00000262995
2010,UCP1,7350,,9606.ENSP00000262999
2011,MAPK3,5595,P27361,9606.ENSP00000263025
2012,EEF2K,29904,O00418,9606.ENSP00000263026
2013,DHTKD1,55526,,9606.ENSP00000263035
2014,PHYH,5264,O14832,9606.ENSP00000263038
2015,MAP3K8,1326,,9606.ENSP00000263056
2016,EPC1,80314,,9606.ENSP00000263062
2017,MTPAP,55149,,9606.ENSP00000263063
2018,SMG6,23293,,9606.ENSP00000263073
2019,ASPA,443,P45381,9606.ENSP00000263080
2020,DPH1,1801,,9606.ENSP00000263083
2021,ITGAE,3682,,9606.ENSP00000263087
2022,PLD2,5338,O14939,9606.ENSP00000263088
2023,METTL16,79066,,9606.ENSP00000263092
2024,SLC27A5,10998,,9606.ENSP00000263093
2025,ABCA7,10347,,9606.ENSP00000263094
2026,ZNF264,9422,,9606.ENSP00000263095
2027,A1BG,1,P04217,9606.ENSP00000263100
2028,CCDC6,8030,,9606.ENSP00000263102
2029,PRKCQ,5588,Q04759,9606.ENSP00000263125
2030,SLC17A6,57084,,9606.ENSP00000263160
2031,CAPZA1,829,,9606.ENSP00000263168
2032,PLPPR5,163404,,9606.ENSP00000263177
2033,KIF18A,81930,,9606.ENSP00000263181
2034,BBOX1,8424,O75936,9606.ENSP00000263182
2035,MSH4,4438,,9606.ENSP00000263187
2036,DGCR2,9993,,9606.ENSP00000263196
2037,UFD1,7353,,9606.ENSP00000263202
2038,MED15,51586,,9606.ENSP00000263205
2039,ARVCF,421,,9606.ENSP00000263207
2040,HIRA,7290,,9606.ENSP00000263208
2041,DGCR8,54487,,9606.ENSP00000263209
2042,PPM1F,9647,,9606.ENSP00000263212
2043,SYP,6855,,9606.ENSP00000263233
2044,ACTR3,10096,,9606.ENSP00000263238
2045,DDX18,8886,,9606.ENSP00000263239
2046,PACSIN2,11252,,9606.ENSP00000263246
2047,EP300,2033,,9606.ENSP00000263253
2048,DESI1,27351,,9606.ENSP00000263256
2049,NOVA2,4858,,9606.ENSP00000263257
2050,MREG,55686,,9606.ENSP00000263268
2051,GRIN2D,2906,O15399,9606.ENSP00000263269
2052,LIG1,3978,P18858,9606.ENSP00000263274
2053,EHD2,30846,,9606.ENSP00000263277
2054,LY9,4063,,9606.ENSP00000263285
2055,P2RX3,5024,P56373,9606.ENSP00000263314
2056,NOX4,50507,,9606.ENSP00000263317
2057,TYR,7299,P14679,9606.ENSP00000263321
2058,IL37,27178,,9606.ENSP00000263326
2059,PAX8,7849,,9606.ENSP00000263334
2060,IL1A,3552,,9606.ENSP00000263339
2061,IL1B,3553,P01584,9606.ENSP00000263341
2062,TCF25,22980,,9606.ENSP00000263346
2063,BLVRB,645,P30043,9606.ENSP00000263368
2064,ITPKC,80271,,9606.ENSP00000263370
2065,KCNK6,9424,Q9Y257,9606.ENSP00000263372
2066,BRD4,23476,,9606.ENSP00000263377
2067,IL27RA,9466,,9606.ENSP00000263379
2068,ASF1B,55723,,9606.ENSP00000263382
2069,NOTCH3,4854,,9606.ENSP00000263388
2070,COMMD9,29099,,9606.ENSP00000263401
2071,C9,735,,9606.ENSP00000263408
2072,C6,729,,9606.ENSP00000263413
2073,PRKCG,5582,P05129,9606.ENSP00000263431
2074,AAVS1,,,9606.ENSP00000263433
2075,PPP1R12C,54776,,9606.ENSP00000263433
2076,ALG6,29929,,9606.ENSP00000263440
2077,WDR11,55717,,9606.ENSP00000263461
2078,BIRC3,330,,9606.ENSP00000263464
2079,ATP2B3,492,,9606.ENSP00000263519
2080,PARP12,64761,,9606.ENSP00000263549
2081,P4HA1,5033,P13674,9606.ENSP00000263556
2082,VPS26A,9559,,9606.ENSP00000263559
2083,PALD1,27143,,9606.ENSP00000263563
2084,FOXRED1,55572,,9606.ENSP00000263578
2085,DCPS,28960,,9606.ENSP00000263579
2086,SIAE,54414,,9606.ENSP00000263593
2087,LCN1,3933,P31025,9606.ENSP00000263598
2088,ARID3A,1820,,9606.ENSP00000263620
2089,TANC1,85461,,9606.ENSP00000263635
2090,LY75,4065,,9606.ENSP00000263636
2091,LY75-CD302,100526664,,9606.ENSP00000263636
2092,CD81,975,,9606.ENSP00000263645
2093,OSBPL5,114879,,9606.ENSP00000263650
2094,PNO1,56902,,9606.ENSP00000263657
2095,CNTN3,5067,,9606.ENSP00000263665
2096,CHRDL2,25884,,9606.ENSP00000263671
2097,ARHGEF17,9828,,9606.ENSP00000263674
2098,POLD3,10714,,9606.ENSP00000263681
2099,SELP,6403,,9606.ENSP00000263686
2100,DNAJC8,22826,,9606.ENSP00000263697
2101,MECR,51102,,9606.ENSP00000263702
2102,TFCP2L1,29842,,9606.ENSP00000263707
2103,PTPN4,5775,P29074,9606.ENSP00000263708
2104,CLASP1,23332,Q7Z460,9606.ENSP00000263710
2105,EPB41L5,57669,,9606.ENSP00000263713
2106,LHX4,89884,,9606.ENSP00000263726
2107,FAM20B,9917,,9606.ENSP00000263733
2108,EPAS1,2034,Q99814,9606.ENSP00000263734
2109,EPCAM,4072,,9606.ENSP00000263735
2110,SGO1,151648,,9606.ENSP00000263753
2111,KAT2B,8850,,9606.ENSP00000263754
2112,NDUFS3,4722,O75489,9606.ENSP00000263774
2113,ACCS,84680,,9606.ENSP00000263776
2114,CHMP2B,25978,,9606.ENSP00000263780
2115,EIF2AK4,440275,Q9P2K8,9606.ENSP00000263791
2116,WDR76,79968,,9606.ENSP00000263795
2117,TYRO3,7301,Q06418,9606.ENSP00000263798
2118,LTK,4058,P29376,9606.ENSP00000263800
2119,OSBP,5007,,9606.ENSP00000263847
2120,IL7,3574,,9606.ENSP00000263851
2121,CHMP3,51652,,9606.ENSP00000263856
2122,RNF103-CHMP3,100526767,,9606.ENSP00000263856
2123,POLR1A,25885,,9606.ENSP00000263857
2124,VAMP8,8673,,9606.ENSP00000263864
2125,CAPG,822,,9606.ENSP00000263867
2126,MAP4K3,8491,Q8IVH8,9606.ENSP00000263881
2127,USE1,55850,,9606.ENSP00000263897
2128,STAM2,10254,,9606.ENSP00000263904
2129,GRB14,2888,,9606.ENSP00000263915
2130,STRN,6801,,9606.ENSP00000263918
2131,CHIC2,26511,,9606.ENSP00000263921
2132,KDR,3791,P35968,9606.ENSP00000263923
2133,LNX1,84708,,9606.ENSP00000263925
2134,TNFRSF8,943,,9606.ENSP00000263932
2135,KIF1B,23095,,9606.ENSP00000263934
2136,PKP1,5317,,9606.ENSP00000263946
2137,STK17B,9262,O94768,9606.ENSP00000263955
2138,USP13,8975,,9606.ENSP00000263966
2139,PIK3CA,5290,P42336,9606.ENSP00000263967
2140,TAF12,6883,,9606.ENSP00000263974
2141,SLC9A1,6548,P19634,9606.ENSP00000263980
2142,GATB,,O75879,9606.ENSP00000263985
2143,EHBP1,23301,,9606.ENSP00000263991
2144,SLC7A6OS,,,9606.ENSP00000263997
2145,CKLF,51192,,9606.ENSP00000264001
2146,LCAT,3931,,9606.ENSP00000264005
2147,CDH3,1001,,9606.ENSP00000264012
2148,NECTIN1,5818,,9606.ENSP00000264025
2149,SC5D,6309,,9606.ENSP00000264027
2150,ARCN1,372,,9606.ENSP00000264028
2151,TREH,11181,,9606.ENSP00000264029
2152,UPK2,7379,,9606.ENSP00000264031
2153,CBL,867,,9606.ENSP00000264033
2154,MCAM,4162,,9606.ENSP00000264036
2155,GPC1,2817,,9606.ENSP00000264039
2156,FARP2,9855,,9606.ENSP00000264042
2157,SLC5A7,60482,,9606.ENSP00000264047
2158,DGKD,8527,,9606.ENSP00000264057
2159,DNAJC10,54431,,9606.ENSP00000264065
2160,TUBB4A,10382,P04350,9606.ENSP00000264071
2161,TUBB5,22154,,9606.ENSP00000264071
2162,FCER2,2208,,9606.ENSP00000264072
2163,MCOLN1,57192,,9606.ENSP00000264079
2164,DGUOK,1716,Q16854,9606.ENSP00000264093
2165,LOXL3,84695,,9606.ENSP00000264094
2166,HAT1,8520,,9606.ENSP00000264108
2167,ATF2,1386,P15336,9606.ENSP00000264110
2168,LAMC2,3918,,9606.ENSP00000264144
2169,MCM6,4175,,9606.ENSP00000264156
2170,DARS1,,P14868,9606.ENSP00000264161
2171,LCT,3938,P09848,9606.ENSP00000264162
2172,AGPS,8540,,9606.ENSP00000264167
2173,KYNU,8942,,9606.ENSP00000264170
2174,ARID4B,51742,,9606.ENSP00000264183
2175,NID1,4811,,9606.ENSP00000264187
2176,CYTIP,9595,,9606.ENSP00000264192
2177,MUL1,79594,,9606.ENSP00000264198
2178,NMU,10874,,9606.ENSP00000264218
2179,PPAT,5471,Q06203,9606.ENSP00000264220
2180,SRD5A3,79644,Q9H8P0,9606.ENSP00000264228
2181,CRACD,57482,,9606.ENSP00000264229
2182,NOA1,84273,,9606.ENSP00000264230
2183,POLQ,10721,,9606.ENSP00000264233
2184,UPK1B,7348,,9606.ENSP00000264234
2185,ARHGAP31,57514,,9606.ENSP00000264245
2186,CD80,941,,9606.ENSP00000264246
2187,CHST10,9486,,9606.ENSP00000264249
2188,TXNDC9,10190,,9606.ENSP00000264255
2189,IL1RL2,8808,,9606.ENSP00000264257
2190,IL18RAP,8807,,9606.ENSP00000264260
2191,GFM1,85476,,9606.ENSP00000264263
2192,LXN,56925,,9606.ENSP00000264265
2193,ALS2,,,9606.ENSP00000264276
2194,NOP58,51602,,9606.ENSP00000264279
2195,SLAIN2,57606,,9606.ENSP00000264313
2196,TXK,7294,P42681,9606.ENSP00000264316
2197,GABRA4,2557,P48169,9606.ENSP00000264318
2198,TOP2B,7155,Q02880,9606.ENSP00000264331
2199,YWHAE,7531,,9606.ENSP00000264335
2200,FAM13A,10144,,9606.ENSP00000264344
2201,HERC6,55008,,9606.ENSP00000264346
2202,HERC5,51191,,9606.ENSP00000264350
2203,PCDH10,57575,,9606.ENSP00000264360
2204,NDST4,64579,,9606.ENSP00000264363
2205,CRYGD,1421,,9606.ENSP00000264376
2206,ADAM23,8745,,9606.ENSP00000264377
2207,PIKFYVE,200576,,9606.ENSP00000264380
2208,BCHE,590,P06276,9606.ENSP00000264381
2209,SI,6476,P14410,9606.ENSP00000264382
2210,PRKG2,5593,Q13237,9606.ENSP00000264399
2211,GPAT3,84803,,9606.ENSP00000264409
2212,CUL3,8452,,9606.ENSP00000264414
2213,GLRB,2743,P48167,9606.ENSP00000264428
2214,RAPGEF2,9693,,9606.ENSP00000264431
2215,C2orf42,54980,,9606.ENSP00000264434
2216,ADD2,119,,9606.ENSP00000264436
2217,MXD1,4084,,9606.ENSP00000264444
2218,SLC30A9,10463,,9606.ENSP00000264451
2219,CDH10,1008,,9606.ENSP00000264463
2220,CSTA,1475,,9606.ENSP00000264474
2221,FGF2,2247,P09038,9606.ENSP00000264498
2222,BBS7,55212,,9606.ENSP00000264499
2223,KIAA1109,84162,,9606.ENSP00000264501
2224,RBBP5,5929,,9606.ENSP00000264515
2225,UBE2S,27338,,9606.ENSP00000264552
2226,GZMM,3004,,9606.ENSP00000264553
2227,SHC2,25759,,9606.ENSP00000264554
2228,PHRF1,57661,,9606.ENSP00000264555
2229,IL11,3589,,9606.ENSP00000264563
2230,AGA,175,,9606.ENSP00000264595
2231,NEIL3,55247,,9606.ENSP00000264596
2232,RAB17,64284,,9606.ENSP00000264601
2233,MLPH,79083,,9606.ENSP00000264605
2234,HDAC4,9759,P56524,9606.ENSP00000264606
2235,CP,1356,P00450,9606.ENSP00000264613
2236,WNT5A,7474,,9606.ENSP00000264634
2237,THRA,7067,P10827,9606.ENSP00000264637
2238,CNTNAP1,8506,,9606.ENSP00000264638
2239,PSMD3,5709,,9606.ENSP00000264639
2240,CASC3,22794,,9606.ENSP00000264645
2241,ATP6V0A1,535,Q93050,9606.ENSP00000264649
2242,STAT3,6774,P40763,9606.ENSP00000264657
2243,FBXL20,84961,,9606.ENSP00000264658
2244,KCNH4,23415,Q9UQ05,9606.ENSP00000264661
2245,NNT,23530,Q13423,9606.ENSP00000264663
2246,FGF10,2255,,9606.ENSP00000264664
2247,NSUN2,54888,,9606.ENSP00000264670
2248,MECOM,2122,,9606.ENSP00000264674
2249,UFSP2,55325,,9606.ENSP00000264689
2250,KLKB1,3818,P03952,9606.ENSP00000264690
2251,FNDC4,64838,,9606.ENSP00000264703
2252,CAD,790,P27708,9606.ENSP00000264705
2253,DNMT3A,1788,Q9Y6K1,9606.ENSP00000264709
2254,RAB10,10890,,9606.ENSP00000264710
2255,DNAJC27,51277,,9606.ENSP00000264711
2256,KIF3C,3797,,9606.ENSP00000264712
2257,FOSL2,2355,,9606.ENSP00000264716
2258,GCKR,2646,,9606.ENSP00000264717
2259,GPN1,11321,,9606.ENSP00000264718
2260,TP63,8626,,9606.ENSP00000264731
2261,CLDN16,10686,,9606.ENSP00000264734
2262,ITGA9,3680,,9606.ENSP00000264741
2263,ADD1,118,,9606.ENSP00000264758
2264,TMEM175,,,9606.ENSP00000264771
2265,KCNN2,3781,Q9H2S1,9606.ENSP00000264773
2266,PLPP1,8611,,9606.ENSP00000264775
2267,PPAP2A,100164616,,9606.ENSP00000264775
2268,SLC2A9,56606,,9606.ENSP00000264784
2269,PRDM5,11107,,9606.ENSP00000264808
2270,LYL1,4066,,9606.ENSP00000264824
2271,COL5A3,50509,,9606.ENSP00000264828
2272,ICAM1,3383,P05362,9606.ENSP00000264832
2273,OLFM2,93145,,9606.ENSP00000264833
2274,KLF1,10661,,9606.ENSP00000264834
2275,PI4K2B,55300,,9606.ENSP00000264864
2276,PPARGC1A,10891,,9606.ENSP00000264867
2277,F13A1,2162,P00488,9606.ENSP00000264870
2278,SCARB2,950,,9606.ENSP00000264896
2279,USO1,8615,,9606.ENSP00000264904
2280,ANXA3,306,P12429,9606.ENSP00000264908
2281,ARSB,411,,9606.ENSP00000264914
2282,PDE8B,8622,O95263,9606.ENSP00000264917
2283,RAD18,56852,,9606.ENSP00000264926
2284,SLC12A7,10723,Q9Y666,9606.ENSP00000264930
2285,SDHA,6389,P31040,9606.ENSP00000264932
2286,PDCD6,10016,O75340,9606.ENSP00000264933
2287,CEP72,55722,,9606.ENSP00000264935
2288,SLC9A3,6550,P48764,9606.ENSP00000264938
2289,XRN1,54464,,9606.ENSP00000264951
2290,GRK7,131890,,9606.ENSP00000264952
2291,GRPEL1,80273,,9606.ENSP00000264954
2292,EVC,2121,,9606.ENSP00000264956
2293,MGAT4A,11320,,9606.ENSP00000264968
2294,ZAP70,7535,P43403,9606.ENSP00000264972
2295,PPP2R3A,5523,,9606.ENSP00000264977
2296,CEP70,80321,,9606.ENSP00000264982
2297,MRPL3,11222,,9606.ENSP00000264995
2298,GALNT7,51809,,9606.ENSP00000265000
2299,SOX30,11063,,9606.ENSP00000265007
2300,BST1,683,,9606.ENSP00000265016
2301,FAM184B,27146,,9606.ENSP00000265018
2302,DGKG,1608,,9606.ENSP00000265022
2303,MAP3K13,9175,O43283,9606.ENSP00000265026
2304,FETUB,26998,,9606.ENSP00000265029
2305,DEPDC1B,55789,,9606.ENSP00000265036
2306,ERCC8,1161,,9606.ENSP00000265038
2307,MGLL,11343,,9606.ENSP00000265052
2308,MCM2,4171,,9606.ENSP00000265056
2309,RAB7A,7879,,9606.ENSP00000265062
2310,ZFR,51663,,9606.ENSP00000265069
2311,GOLPH3,64083,,9606.ENSP00000265070
2312,CDH6,1004,,9606.ENSP00000265071
2313,SUB1,10923,,9606.ENSP00000265073
2314,NPR3,4883,,9606.ENSP00000265074
2315,VCAN,1462,,9606.ENSP00000265077
2316,RASGRF2,5924,,9606.ENSP00000265080
2317,MSH3,4437,,9606.ENSP00000265081
2318,CPEB4,80315,,9606.ENSP00000265085
2319,STC2,8614,,9606.ENSP00000265087
2320,FBXW11,23291,,9606.ENSP00000265094
2321,DNAH5,1767,,9606.ENSP00000265104
2322,SLC1A3,6507,,9606.ENSP00000265113
2323,TNC,3371,,9606.ENSP00000265131
2324,AMBP,259,,9606.ENSP00000265132
2325,ARRDC3,57561,,9606.ENSP00000265138
2326,CENPE,1062,,9606.ENSP00000265148
2327,ENPEP,2028,,9606.ENSP00000265162
2328,CASP6,839,,9606.ENSP00000265164
2329,LEF1,51176,Q9UJU2,9606.ENSP00000265165
2330,EGF,1950,,9606.ENSP00000265171
2331,PAPSS1,9061,O43252,9606.ENSP00000265174
2332,NME5,8382,,9606.ENSP00000265191
2333,SIL1,64374,,9606.ENSP00000265195
2334,ANKRD7,56311,,9606.ENSP00000265224
2335,PCNP,57092,,9606.ENSP00000265260
2336,GPAM,57678,,9606.ENSP00000265276
2337,MINDY4,84182,,9606.ENSP00000265299
2338,TRPV5,56302,,9606.ENSP00000265310
2339,ABCB6,10058,,9606.ENSP00000265316
2340,PECR,55825,,9606.ENSP00000265322
2341,UBE2B,7320,,9606.ENSP00000265339
2342,PITX1,5307,,9606.ENSP00000265340
2343,FSTL4,23105,,9606.ENSP00000265342
2344,AFF4,27125,,9606.ENSP00000265343
2345,XPO5,57510,,9606.ENSP00000265351
2346,SRF,6722,,9606.ENSP00000265354
2347,SEMA3C,10512,,9606.ENSP00000265361
2348,SEMA3A,10371,,9606.ENSP00000265362
2349,NRP1,8829,,9606.ENSP00000265371
2350,CREM,1390,,9606.ENSP00000265372
2351,COL6A5,256076,,9606.ENSP00000265379
2352,APBA1,320,,9606.ENSP00000265381
2353,PIP5K1B,8395,,9606.ENSP00000265382
2354,TNPO3,23534,,9606.ENSP00000265388
2355,UGT2B10,7365,P36537,9606.ENSP00000265403
2356,STAP1,26228,,9606.ENSP00000265404
2357,POLB,5423,P06746,9606.ENSP00000265421
2358,CALB1,793,,9606.ENSP00000265431
2359,NBN,4683,,9606.ENSP00000265433
2360,ST7,7982,,9606.ENSP00000265437
2361,WNT2,7472,,9606.ENSP00000265441
2362,NRXN2,9379,,9606.ENSP00000265459
2363,PRDX5,25824,P30044,9606.ENSP00000265462
2364,POLA2,23649,Q14181,9606.ENSP00000265465
2365,B3GAT3,26229,,9606.ENSP00000265471
2366,USP4,7375,,9606.ENSP00000265560
2367,PTPN23,25930,,9606.ENSP00000265562
2368,PRKAR2A,5576,,9606.ENSP00000265563
2369,SCAP,22937,,9606.ENSP00000265565
2370,CLCN2,1181,P51788,9606.ENSP00000265593
2371,MCCC1,,,9606.ENSP00000265594
2372,LAMP3,27074,,9606.ENSP00000265598
2373,AHI1,54806,,9606.ENSP00000265602
2374,ALDH8A1,64577,,9606.ENSP00000265605
2375,PON3,5446,Q15166,9606.ENSP00000265627
2376,NPTX2,4885,,9606.ENSP00000265634
2377,CPT1A,1374,P50416,9606.ENSP00000265641
2378,GAL,51083,,9606.ENSP00000265643
2379,FBXO3,26273,,9606.ENSP00000265651
2380,TCIRG1,10312,Q13488,9606.ENSP00000265686
2381,CHKA,1119,P35790,9606.ENSP00000265689
2382,ANK1,286,,9606.ENSP00000265709
2383,KAT6A,7994,,9606.ENSP00000265713
2384,PRKAR2B,5577,,9606.ENSP00000265717
2385,DUS4L,11062,,9606.ENSP00000265720
2386,ABCB4,5244,,9606.ENSP00000265723
2387,ADAM22,53616,,9606.ENSP00000265727
2388,DBF4,10926,,9606.ENSP00000265728
2389,SRI,6717,P30626,9606.ENSP00000265729
2390,CDK6,1021,Q00534,9606.ENSP00000265734
2391,ANKIB1,54467,,9606.ENSP00000265742
2392,ANLN,54443,,9606.ENSP00000265748
2393,ADAM28,10863,,9606.ENSP00000265769
2394,SH2D4A,63898,,9606.ENSP00000265807
2395,ACAT1,38,P24752,9606.ENSP00000265838
2396,EXPH5,23086,,9606.ENSP00000265843
2397,PMS2,5395,,9606.ENSP00000265849
2398,HNRNPH3,3189,,9606.ENSP00000265866
2399,CCAR1,55749,,9606.ENSP00000265872
2400,SQLE,6713,Q14534,9606.ENSP00000265896
2401,SNX19,399979,,9606.ENSP00000265909
2402,BRINP1,1620,,9606.ENSP00000265922
2403,MAPKAP1,79109,,9606.ENSP00000265960
2404,GTF2H1,2965,,9606.ENSP00000265963
2405,HPS5,11234,,9606.ENSP00000265967
2406,KCNC1,3746,P48547,9606.ENSP00000265969
2407,PIK3C2A,5286,,9606.ENSP00000265970
2408,HPX,3263,,9606.ENSP00000265983
2409,IDE,3416,P14735,9606.ENSP00000265986
2410,BTAF1,9044,,9606.ENSP00000265990
2411,CPEB3,22849,,9606.ENSP00000265997
2412,DAXX,1616,,9606.ENSP00000266000
2413,GLT8D1,55830,,9606.ENSP00000266014
2414,RBM6,10180,,9606.ENSP00000266022
2415,HYAL1,3373,,9606.ENSP00000266031
2416,DOCK3,1795,,9606.ENSP00000266037
2417,ITIH4,3700,Q14624,9606.ENSP00000266041
2418,SLIT1,6585,,9606.ENSP00000266058
2419,SFRP5,6425,,9606.ENSP00000266066
2420,DIDO1,11083,,9606.ENSP00000266070
2421,SLC2A4RG,56731,,9606.ENSP00000266077
2422,PRPF6,24148,,9606.ENSP00000266079
2423,TIMP3,7078,,9606.ENSP00000266085
2424,SLC5A4,6527,,9606.ENSP00000266086
2425,FBXO7,25793,,9606.ENSP00000266087
2426,SLC5A1,6523,P13866,9606.ENSP00000266088
2427,EIF2B2,8892,,9606.ENSP00000266126
2428,TTLL1,25809,,9606.ENSP00000266254
2429,MTFP1,51537,,9606.ENSP00000266263
2430,PATZ1,23598,,9606.ENSP00000266269
2431,TEF,7008,,9606.ENSP00000266304
2432,CACNA1C,775,Q13936,9606.ENSP00000266376
2433,B4GALNT3,283358,,9606.ENSP00000266383
2434,PDE6H,,Q13956,9606.ENSP00000266395
2435,ALG10,84920,,9606.ENSP00000266483
2436,ARNTL2,56938,,9606.ENSP00000266503
2437,PLCZ1,89869,,9606.ENSP00000266505
2438,ZCRB1,85437,,9606.ENSP00000266529
2439,TMEM117,84216,,9606.ENSP00000266534
2440,NDUFA9,4704,,9606.ENSP00000266544
2441,CLSTN3,9746,,9606.ENSP00000266546
2442,KLRG1,10219,,9606.ENSP00000266551
2443,CD27,939,,9606.ENSP00000266557
2444,RBP5,83758,,9606.ENSP00000266560
2445,SLC38A4,55089,,9606.ENSP00000266579
2446,AMIGO2,347902,,9606.ENSP00000266581
2447,INHBE,83729,,9606.ENSP00000266646
2448,GLIPR1,11010,,9606.ENSP00000266659
2449,PHLDA1,22822,,9606.ENSP00000266671
2450,LGR5,8549,,9606.ENSP00000266674
2451,CPSF6,11052,,9606.ENSP00000266679
2452,SLC6A15,55117,,9606.ENSP00000266682
2453,TMTC3,160418,,9606.ENSP00000266712
2454,LUM,4060,,9606.ENSP00000266718
2455,KERA,11081,,9606.ENSP00000266719
2456,TMPO,7112,,9606.ENSP00000266732
2457,SNRPF,6636,,9606.ENSP00000266735
2458,ASCL1,429,,9606.ENSP00000266744
2459,CDK2,1017,P24941,9606.ENSP00000266970
2460,TARBP2,6895,,9606.ENSP00000266987
2461,ITGB7,3695,,9606.ENSP00000267082
2462,CSAD,51380,Q9Y600,9606.ENSP00000267085
2463,ERBB3,2065,,9606.ENSP00000267101
2464,C12orf10,60314,,9606.ENSP00000267103
2465,ESYT1,23344,,9606.ENSP00000267113
2466,KRT71,112802,,9606.ENSP00000267119
2467,RB1,5925,,9606.ENSP00000267163
2468,VPS33A,65082,,9606.ENSP00000267199
2469,RHOF,54509,,9606.ENSP00000267205
2470,PXN,5829,,9606.ENSP00000267257
2471,SRRM4,84530,,9606.ENSP00000267260
2472,METTL21C,196541,,9606.ENSP00000267273
2473,ZIC5,85416,,9606.ENSP00000267294
2474,SSTR1,6751,,9606.ENSP00000267377
2475,TINF2,26277,,9606.ENSP00000267415
2476,NOP9,161424,,9606.ENSP00000267425
2477,FANCM,57697,,9606.ENSP00000267430
2478,L2HGDH,79944,,9606.ENSP00000267436
2479,RTN1,6252,,9606.ENSP00000267484
2480,ARMH4,145407,,9606.ENSP00000267485
2481,GPR65,8477,,9606.ENSP00000267549
2482,JDP2,122953,Q8WYK2,9606.ENSP00000267569
2483,ITPK1,3705,,9606.ENSP00000267615
2484,TRIP11,9321,,9606.ENSP00000267622
2485,DUOXA1,90527,,9606.ENSP00000267803
2486,MFAP1,4236,,9606.ENSP00000267812
2487,SORD,6652,,9606.ENSP00000267814
2488,SLC27A2,11001,O14975,9606.ENSP00000267842
2489,FGF7,2252,,9606.ENSP00000267843
2490,HDC,3067,,9606.ENSP00000267845
2491,GCOM1,145781,,9606.ENSP00000267853
2492,SRP14,,P37108,9606.ENSP00000267884
2493,TTBK2,146057,,9606.ENSP00000267890
2494,COMMD4,54939,,9606.ENSP00000267935
2495,UBE2Q2,92912,,9606.ENSP00000267938
2496,BCL2A1,597,,9606.ENSP00000267953
2497,TSPAN3,10099,,9606.ENSP00000267970
2498,TLNRD1,59274,,9606.ENSP00000267984
2499,CYP11A1,1583,P05108,9606.ENSP00000268053
2500,BBS4,585,,9606.ENSP00000268057
2501,PML,5371,P29590,9606.ENSP00000268058
2502,ADAMTS17,170691,,9606.ENSP00000268070
2503,SCAMP2,10066,,9606.ENSP00000268099
2504,RHCG,51458,,9606.ENSP00000268122
2505,RLBP1,6017,,9606.ENSP00000268125
2506,ABHD2,11057,,9606.ENSP00000268129
2507,TICRR,90381,,9606.ENSP00000268138
2508,MFGE8,4240,,9606.ENSP00000268150
2509,ST8SIA2,8128,,9606.ENSP00000268164
2510,IQGAP1,8826,P46940,9606.ENSP00000268182
2511,CRTC3,64784,,9606.ENSP00000268184
2512,EFL1,79631,Q7Z2Z2,9606.ENSP00000268206
2513,PMM2,5373,,9606.ENSP00000268261
2514,UQCRC2,7385,,9606.ENSP00000268379
2515,CDR2,1039,,9606.ENSP00000268383
2516,IGSF6,10261,,9606.ENSP00000268389
2517,NKD1,85407,,9606.ENSP00000268459
2518,DHX38,9785,,9606.ENSP00000268482
2519,NUDT7,283927,,9606.ENSP00000268533
2520,CDH11,1009,P55287,9606.ENSP00000268603
2521,CDH13,1012,,9606.ENSP00000268613
2522,ZCCHC14,23174,,9606.ENSP00000268616
2523,ADAD2,161931,,9606.ENSP00000268624
2524,IRF8,3394,,9606.ENSP00000268638
2525,ZNF174,7727,,9606.ENSP00000268655
2526,RPL3L,6123,,9606.ENSP00000268661
2527,NDUFB10,4716,,9606.ENSP00000268668
2528,DEF8,54849,,9606.ENSP00000268676
2529,CBFA2T3,863,,9606.ENSP00000268679
2530,GALNS,2588,,9606.ENSP00000268695
2531,GAS8,2622,,9606.ENSP00000268699
2532,MED9,55090,,9606.ENSP00000268711
2533,NCOR1,9611,,9606.ENSP00000268712
2534,COPS3,8533,,9606.ENSP00000268717
2535,CPNE7,27132,,9606.ENSP00000268720
2536,NEK8,284086,,9606.ENSP00000268766
2537,GFOD2,81577,,9606.ENSP00000268797
2538,NOB1,28987,,9606.ENSP00000268802
2539,PRPSAP2,5636,,9606.ENSP00000268835
2540,UNC45B,,,9606.ENSP00000268876
2541,EPN3,55040,,9606.ENSP00000268933
2542,LRRC46,90506,,9606.ENSP00000269025
2543,G6PC3,92579,,9606.ENSP00000269097
2544,CDH2,1000,,9606.ENSP00000269141
2545,AFG3L2,10939,Q9Y4W6,9606.ENSP00000269143
2546,IMPA2,3613,O14732,9606.ENSP00000269159
2547,SLC39A6,25800,,9606.ENSP00000269187
2548,GALNT1,2589,,9606.ENSP00000269195
2549,ASXL3,80816,,9606.ENSP00000269197
2550,GAREM1,64762,,9606.ENSP00000269209
2551,ESCO1,114799,,9606.ENSP00000269214
2552,GATA6,2627,,9606.ENSP00000269216
2553,RMC1,29919,,9606.ENSP00000269221
2554,NPC1,4864,,9606.ENSP00000269228
2555,SAT2,112483,,9606.ENSP00000269298
2556,ASGR1,432,,9606.ENSP00000269299
2557,TP53,7157,P04637,9606.ENSP00000269305
2558,TRP53,22059,,9606.ENSP00000269305
2559,TTYH2,94015,,9606.ENSP00000269346
2560,TRIM65,201292,,9606.ENSP00000269383
2561,CBX8,57332,,9606.ENSP00000269385
2562,RNF157,114804,,9606.ENSP00000269391
2563,CEP131,22994,,9606.ENSP00000269392
2564,ZNF750,79755,,9606.ENSP00000269394
2565,CBX4,8535,,9606.ENSP00000269397
2566,RNF165,494470,,9606.ENSP00000269439
2567,DYM,54808,,9606.ENSP00000269445
2568,SERPINB13,5275,,9606.ENSP00000269489
2569,ZCCHC2,54877,,9606.ENSP00000269499
2570,CBLN2,147381,,9606.ENSP00000269503
2571,ERBB2,2064,P04626,9606.ENSP00000269571
2572,KRT10,3858,P13645,9606.ENSP00000269576
2573,PNMT,5409,P11086,9606.ENSP00000269582
2574,IGFBP4,3487,,9606.ENSP00000269593
2575,AKAP8,10270,,9606.ENSP00000269701
2576,CYP4F22,126410,,9606.ENSP00000269703
2577,SLC39A3,29985,,9606.ENSP00000269740
2578,ZNF544,27300,,9606.ENSP00000269829
2579,PFKL,5211,,9606.ENSP00000269848
2580,FEM1A,55527,,9606.ENSP00000269856
2581,CIB3,117286,,9606.ENSP00000269878
2582,CALR3,125972,Q96L12,9606.ENSP00000269881
2583,SH3GL1,6455,,9606.ENSP00000269886
2584,PGPEP1,54858,,9606.ENSP00000269919
2585,ZNF45,7596,,9606.ENSP00000269973
2586,BCKDHA,593,,9606.ENSP00000269980
2587,SSBP4,170463,,9606.ENSP00000270061
2588,SMG9,56006,,9606.ENSP00000270066
2589,PSG9,5678,,9606.ENSP00000270077
2590,HUNK,30811,,9606.ENSP00000270112
2591,LRRC56,115399,,9606.ENSP00000270115
2592,IFNAR1,3454,,9606.ENSP00000270139
2593,SOD1,6647,P00441,9606.ENSP00000270142
2594,SIK1,150094,P57059,9606.ENSP00000270162
2595,SIK1B,102724428,,9606.ENSP00000270162
2596,DNMT3L,29947,,9606.ENSP00000270172
2597,SCYL1,57410,,9606.ENSP00000270176
2598,DMWD,1762,,9606.ENSP00000270223
2599,SAE1,10055,,9606.ENSP00000270225
2600,BCAM,4059,,9606.ENSP00000270233
2601,LMTK3,114783,,9606.ENSP00000270238
2602,SLC6A3,6531,Q01959,9606.ENSP00000270349
2603,CACNG8,,Q8WXS5,9606.ENSP00000270458
2604,FBN3,84467,Q75N90,9606.ENSP00000270509
2605,TIMM44,10469,,9606.ENSP00000270538
2606,TM4SF5,9032,,9606.ENSP00000270560
2607,SLC47A1,55244,Q96FL8,9606.ENSP00000270570
2608,PSMB6,5694,,9606.ENSP00000270586
2609,GPR32,2854,,9606.ENSP00000270590
2610,RPS11,,,9606.ENSP00000270625
2611,PTH2,113091,,9606.ENSP00000270631
2612,RCN3,57333,,9606.ENSP00000270645
2613,PRDM16,63976,,9606.ENSP00000270722
2614,ARHGEF19,128272,,9606.ENSP00000270747
2615,PGD,5226,P52209,9606.ENSP00000270776
2616,SH3BGRL3,83442,,9606.ENSP00000270792
2617,IL22RA1,58985,,9606.ENSP00000270800
2618,PLK4,10733,O00444,9606.ENSP00000270861
2619,FCN3,8547,O75636,9606.ENSP00000270879
2620,TINAGL1,64129,,9606.ENSP00000271064
2621,MOB3C,148932,,9606.ENSP00000271139
2622,FNBP1L,54874,,9606.ENSP00000271234
2623,PSMA5,5686,,9606.ENSP00000271308
2624,PROK1,84432,,9606.ENSP00000271331
2625,CELSR2,1952,,9606.ENSP00000271332
2626,MPC2,25874,,9606.ENSP00000271373
2627,FCGR2A,2212,,9606.ENSP00000271450
2628,FCGR2C,9103,,9606.ENSP00000271450
2629,NUF2,83540,,9606.ENSP00000271452
2630,UAP1,6675,,9606.ENSP00000271469
2631,PRCC,5546,,9606.ENSP00000271526
2632,FCRL4,83417,,9606.ENSP00000271532
2633,MEF2D,4209,,9606.ENSP00000271555
2634,HMCN1,83872,,9606.ENSP00000271588
2635,PRUNE1,58497,,9606.ENSP00000271620
2636,SF3B4,10262,,9606.ENSP00000271628
2637,CGN,57530,,9606.ENSP00000271636
2638,S100A11,6282,,9606.ENSP00000271638
2639,SETDB1,9869,,9606.ENSP00000271640
2640,CTSK,1513,,9606.ENSP00000271651
2641,CERS2,29956,,9606.ENSP00000271688
2642,POGZ,23126,,9606.ENSP00000271715
2643,GOLPH3L,55204,,9606.ENSP00000271732
2644,KCNH1,3756,O95259,9606.ENSP00000271751
2645,EIF2D,1939,,9606.ENSP00000271764
2646,LGTN,100529141,,9606.ENSP00000271764
2647,CRNN,49860,,9606.ENSP00000271835
2648,JTB,10899,,9606.ENSP00000271843
2649,SLC27A3,11000,,9606.ENSP00000271857
2650,CREB3L4,148327,,9606.ENSP00000271889
2651,CAPN9,10753,,9606.ENSP00000271971
2652,ACP1,52,,9606.ENSP00000272067
2653,CNIH3,149111,,9606.ENSP00000272133
2654,WNT9A,7483,,9606.ENSP00000272164
2655,REN,5972,P00797,9606.ENSP00000272190
2656,OSR1,130497,,9606.ENSP00000272223
2657,RHOB,388,,9606.ENSP00000272233
2658,ATP6V1C2,245973,Q8NEY4,9606.ENSP00000272238
2659,GALM,130589,,9606.ENSP00000272252
2660,ABCG8,64241,,9606.ENSP00000272286
2661,RPS27A,6233,,9606.ENSP00000272317
2662,WDPCP,51057,,9606.ENSP00000272321
2663,VPS54,51542,,9606.ENSP00000272322
2664,REG3G,130120,,9606.ENSP00000272324
2665,ETAA1,54465,,9606.ENSP00000272342
2666,MEIS1,4211,,9606.ENSP00000272369
2667,MRPS5,64969,,9606.ENSP00000272418
2668,RTKN,6242,,9606.ENSP00000272430
2669,DUSP11,8446,,9606.ENSP00000272444
2670,SULT1C4,,O75897,9606.ENSP00000272452
2671,MALL,7851,,9606.ENSP00000272462
2672,SLC20A1,6574,Q8WUM9,9606.ENSP00000272542
2673,TMEFF2,23671,,9606.ENSP00000272771
2674,METTL21A,,,9606.ENSP00000272839
2675,PTH2R,5746,,9606.ENSP00000272847
2676,CPO;cpo,130749,O31168,9606.ENSP00000272852
2677,ABCA12,26154,,9606.ENSP00000272895
2678,SUMF1,285362,,9606.ENSP00000272902
2679,ACKR3,57007,,9606.ENSP00000272928
2680,HES6,55502,,9606.ENSP00000272937
2681,RAB5A,5868,,9606.ENSP00000273047
2682,CTDSP1,58190,Q9GZU7,9606.ENSP00000273062
2683,SLC4A3,6508,,9606.ENSP00000273063
2684,PNKD,25953,,9606.ENSP00000273077
2685,DYNC1LI1,51143,,9606.ENSP00000273130
2686,CSRNP1,64651,,9606.ENSP00000273153
2687,CTDSPL,10217,,9606.ENSP00000273179
2688,ARL6IP5,10550,,9606.ENSP00000273258
2689,LRIG1,26018,,9606.ENSP00000273261
2690,ITIH1,3697,P19827,9606.ENSP00000273283
2691,CNPY2,10330,,9606.ENSP00000273308
2692,LIMD1,8994,,9606.ENSP00000273317
2693,ZKSCAN7,55888,,9606.ENSP00000273320
2694,ADGRG7,84873,,9606.ENSP00000273352
2695,MYH15,22989,,9606.ENSP00000273353
2696,PLA1A,51365,,9606.ENSP00000273371
2697,RABL3,285282,,9606.ENSP00000273375
2698,BOC,91653,,9606.ENSP00000273395
2699,ATP6V1A,523,P38606,9606.ENSP00000273398
2700,ALDH1L1,10840,,9606.ENSP00000273450
2701,RNF7,9616,,9606.ENSP00000273480
2702,FTH1,2495,P02794,9606.ENSP00000273550
2703,AMT,275,P48728,9606.ENSP00000273588
2704,TCTA,6988,,9606.ENSP00000273590
2705,NICN1,84276,,9606.ENSP00000273598
2706,UCN2,90226,,9606.ENSP00000273610
2707,EAF2,55840,,9606.ENSP00000273668
2708,AHSG,197,P02765,9606.ENSP00000273784
2709,DGKQ,1609,,9606.ENSP00000273814
2710,CENPC,1060,,9606.ENSP00000273853
2711,CORIN,10699,,9606.ENSP00000273857
2712,ATP10D,57205,,9606.ENSP00000273859
2713,SLC10A6,345274,,9606.ENSP00000273905
2714,ENOPH1,58478,Q9UHY7,9606.ENSP00000273920
2715,CISD2,493856,,9606.ENSP00000273986
2716,AFG2A;SPATA5,166378,,9606.ENSP00000274008
2717,SPATA5,,,9606.ENSP00000274008
2718,FABP2,2169,P12104,9606.ENSP00000274024
2719,SETD7,80854,,9606.ENSP00000274031
2720,NAF1,92345,,9606.ENSP00000274054
2721,SFRP2,6423,,9606.ENSP00000274063
2722,GLRA3,8001,O75311,9606.ENSP00000274093
2723,NDUFS6,4726,,9606.ENSP00000274137
2724,MARCHF6,10299,,9606.ENSP00000274140
2725,ADAMTS16,170690,,9606.ENSP00000274181
2726,SRD5A1,6715,P18405,9606.ENSP00000274192
2727,RPL37,6167,,9606.ENSP00000274242
2728,SKP2,6502,,9606.ENSP00000274255
2729,OSMR,9180,,9606.ENSP00000274276
2730,PLK2,10769,Q9NYY3,9606.ENSP00000274289
2731,GZMA,3001,,9606.ENSP00000274306
2732,HAPLN1,1404,,9606.ENSP00000274341
2733,BHMT,635,Q93088,9606.ENSP00000274353
2734,IQGAP2,10788,,9606.ENSP00000274364
2735,CRHBP,1393,,9606.ENSP00000274368
2736,RASA1,5921,,9606.ENSP00000274376
2737,LIX1,167410,,9606.ENSP00000274382
2738,GTF2H2,2966,,9606.ENSP00000274400
2739,COMMD10,51397,,9606.ENSP00000274458
2740,ADAMTS19,171019,,9606.ENSP00000274487
2741,YIPF5,81555,,9606.ENSP00000274496
2742,ARHGAP26,23092,,9606.ENSP00000274498
2743,LECT2,3950,,9606.ENSP00000274507
2744,IL9,3578,,9606.ENSP00000274520
2745,TIMD4,91937,,9606.ENSP00000274532
2746,GABRA6,2559,Q16445,9606.ENSP00000274545
2747,GABRB2,2561,P47870,9606.ENSP00000274547
2748,SPINK7,84651,,9606.ENSP00000274565
2749,NHP2,55651,,9606.ENSP00000274606
2750,FGF18,8817,,9606.ENSP00000274625
2751,KCNMB1,3779,Q16558,9606.ENSP00000274629
2752,MYLK4,,Q86YV6,9606.ENSP00000274643
2753,CDKAL1,54901,,9606.ENSP00000274695
2754,GFRA3,2676,,9606.ENSP00000274721
2755,H2BC1,255626,,9606.ENSP00000274764
2756,TRIM7,81786,,9606.ENSP00000274773
2757,HIGD2A,192286,,9606.ENSP00000274787
2758,PLA2G7,7941,,9606.ENSP00000274793
2759,RNF44,22838,,9606.ENSP00000274811
2760,MMUT,4594,,9606.ENSP00000274813
2761,ABT1,29777,,9606.ENSP00000274849
2762,SCUBE3,222663,,9606.ENSP00000274938
2763,ANO7,50636,,9606.ENSP00000274979
2764,NFKBIE,4794,,9606.ENSP00000275015
2765,CYP39A1,51302,,9606.ENSP00000275016
2766,PHIP,55023,,9606.ENSP00000275034
2767,MMS22L,253714,,9606.ENSP00000275053
2768,TAAR6,319100,,9606.ENSP00000275198
2769,TAAR1,134864,Q96RJ0,9606.ENSP00000275216
2770,SLC18B1,116843,,9606.ENSP00000275227
2771,SLC2A12,154091,,9606.ENSP00000275230
2772,SHPRH,257218,,9606.ENSP00000275233
2773,SLC22A3,6581,,9606.ENSP00000275300
2774,GNA12,2768,,9606.ENSP00000275364
2775,GGCT,79017,,9606.ENSP00000275428
2776,EGFR,1956,P00533,9606.ENSP00000275493
2777,CDCA5,113130,,9606.ENSP00000275517
2778,IGFBP1,3484,,9606.ENSP00000275525
2779,CCT6A,908,,9606.ENSP00000275603
2780,SLC12A9,56996,,9606.ENSP00000275730
2781,GIGYF1,64599,,9606.ENSP00000275732
2782,STRA8,346673,,9606.ENSP00000275764
2783,EPHA1,2041,P21709,9606.ENSP00000275815
2784,TMEM47,83604,,9606.ENSP00000275954
2785,CDK16,5127,Q00536,9606.ENSP00000276052
2786,NDUFB11,54539,,9606.ENSP00000276062
2787,NONO,4841,,9606.ENSP00000276079
2788,HTR2C;Htr2c,3358,P08909;P28335,9606.ENSP00000276198
2789,UPF3B,65109,,9606.ENSP00000276201
2790,DOCK11,139818,,9606.ENSP00000276202
2791,GPR119,139760,,9606.ENSP00000276218
2792,CT55,54967,,9606.ENSP00000276241
2793,MFHAS1,9258,,9606.ENSP00000276282
2794,DLC1,10395,,9606.ENSP00000276297
2795,ATP6V1B2,526,P21281,9606.ENSP00000276390
2796,CHRNA6,8973,Q15825,9606.ENSP00000276410
2797,GNRH1,2796,P01148,9606.ENSP00000276414
2798,DOK2,9046,,9606.ENSP00000276420
2799,TNFRSF10B,8795,,9606.ENSP00000276431
2800,DOCK5,80005,,9606.ENSP00000276440
2801,STAR,6770,,9606.ENSP00000276449
2802,ST18,9705,,9606.ENSP00000276480
2803,GINS4,84296,,9606.ENSP00000276533
2804,DNAJC5B,85479,,9606.ENSP00000276570
2805,CRH,1392,,9606.ENSP00000276571
2806,MRPS28,28957,,9606.ENSP00000276585
2807,PRDM14,63978,,9606.ENSP00000276594
2808,TERF1,7013,,9606.ENSP00000276603
2809,DPYS,1807,,9606.ENSP00000276651
2810,LRP12,29967,,9606.ENSP00000276654
2811,RSPO2,340419,,9606.ENSP00000276659
2812,NDUFB9,4715,,9606.ENSP00000276689
2813,TATDN1,83940,,9606.ENSP00000276692
2814,UHRF2,115426,,9606.ENSP00000276893
2815,PLIN2,123,,9606.ENSP00000276914
2816,CDKN2B,1030,,9606.ENSP00000276925
2817,IFNA1,3439,,9606.ENSP00000276927
2818,IFNA13,3447,,9606.ENSP00000276927
2819,SIGMAR1,10280,Q99720,9606.ENSP00000277010
2820,NTRK2,4915,Q16620,9606.ENSP00000277120
2821,FAM120A,23196,,9606.ENSP00000277165
2822,ZNF462,58499,,9606.ENSP00000277225
2823,ASB6,140459,,9606.ENSP00000277458
2824,LCN9,392399,,9606.ENSP00000277526
2825,PROSER2,254427,,9606.ENSP00000277570
2826,USP6NL,9712,,9606.ENSP00000277575
2827,MINDY3,80013,,9606.ENSP00000277632
2828,NRBF2,29982,,9606.ENSP00000277746
2829,GLUD1,2746,P00367,9606.ENSP00000277865
2830,ABLIM1,3983,,9606.ENSP00000277895
2831,HABP2,3026,,9606.ENSP00000277903
2832,PAOX,196743,,9606.ENSP00000278060
2833,PPRC1,23082,,9606.ENSP00000278070
2834,ITPRIP,85450,,9606.ENSP00000278071
2835,LIN7C,55327,,9606.ENSP00000278193
2836,LRRC4C,57689,,9606.ENSP00000278198
2837,IMMP1L,196294,,9606.ENSP00000278200
2838,SAA4,6291,,9606.ENSP00000278222
2839,PGAP2,27315,,9606.ENSP00000278243
2840,SCGB1A1,7356,,9606.ENSP00000278282
2841,ZNF214,7761,,9606.ENSP00000278314
2842,ZNF215,7762,,9606.ENSP00000278319
2843,HSD17B12,51144,,9606.ENSP00000278353
2844,SLC1A2,6506,,9606.ENSP00000278379
2845,SERPING1,710,P05155,9606.ENSP00000278407
2846,SSRP1,6749,,9606.ENSP00000278412
2847,TMX2,51075,,9606.ENSP00000278422
2848,HIKESHI,51501,,9606.ENSP00000278483
2849,TENM4,26011,,9606.ENSP00000278550
2850,PAK1,5058,Q13153,9606.ENSP00000278568
2851,RPS3,6188,,9606.ENSP00000278572
2852,ZC3H12C,85463,,9606.ENSP00000278590
2853,NPAT,4863,,9606.ENSP00000278612
2854,ATM,472,Q13315,9606.ENSP00000278616
2855,LAMTOR1,55004,,9606.ENSP00000278671
2856,ST14,6768,Q9Y5Y6,9606.ENSP00000278742
2857,OVOL2,58495,,9606.ENSP00000278780
2858,MTA2,9219,,9606.ENSP00000278823
2859,ROM1,6094,,9606.ENSP00000278833
2860,MYRF,745,,9606.ENSP00000278836
2861,FADS2,9415,,9606.ENSP00000278840
2862,MS4A3,932,,9606.ENSP00000278865
2863,NINL,22981,,9606.ENSP00000278886
2864,MS4A2,2206,,9606.ENSP00000278888
2865,EI24,9538,,9606.ENSP00000278903
2866,ESAM,90952,,9606.ENSP00000278927
2867,MPZL2,10205,,9606.ENSP00000278937
2868,SCN2B,6327,O60939,9606.ENSP00000278947
2869,MPZL3,196264,,9606.ENSP00000278949
2870,DUSP15,128853,,9606.ENSP00000278979
2871,COMMD7,149951,,9606.ENSP00000278980
2872,MYL9,10398,,9606.ENSP00000279022
2873,KIAA1755,85449,,9606.ENSP00000279024
2874,SLC13A3,64849,,9606.ENSP00000279027
2875,PIGT,51604,,9606.ENSP00000279036
2876,CABLES2,81928,,9606.ENSP00000279101
2877,AIP,9049,,9606.ENSP00000279146
2878,LTO1,220064,,9606.ENSP00000279147
2879,GPHA2,170589,,9606.ENSP00000279168
2880,SLC22A9,,,9606.ENSP00000279178
2881,FERMT3,83706,,9606.ENSP00000279227
2882,MRPL49,740,,9606.ENSP00000279242
2883,TM7SF2,7108,,9606.ENSP00000279263
2884,VPS51,738,,9606.ENSP00000279281
2885,PPP4C,5531,,9606.ENSP00000279387
2886,MMP10,4319,,9606.ENSP00000279441
2887,DUSP6,1848,,9606.ENSP00000279488
2888,PRB4,5545,,9606.ENSP00000279575
2889,CTF1,1489,,9606.ENSP00000279804
2890,ARID5B,84159,,9606.ENSP00000279873
2891,HNMT,3176,P50135,9606.ENSP00000280097
2892,SPOPL,,,9606.ENSP00000280098
2893,PDCD4,27250,,9606.ENSP00000280154
2894,ADRA2A,150,P08913,9606.ENSP00000280155
2895,GPM6A,2823,,9606.ENSP00000280187
2896,WDR17,116966,,9606.ENSP00000280190
2897,FSIP1,161835,,9606.ENSP00000280236
2898,CCDC83,220047,,9606.ENSP00000280245
2899,PRSS23,11098,,9606.ENSP00000280258
2900,CCT5,22948,,9606.ENSP00000280326
2901,DLAT,1737,,9606.ENSP00000280346
2902,IL18,3606,,9606.ENSP00000280357
2903,PTS,5805,Q03393,9606.ENSP00000280362
2904,USP15,9958,,9606.ENSP00000280377
2905,FREM2,341640,,9606.ENSP00000280481
2906,SEC24D,9871,,9606.ENSP00000280551
2907,DENR,8562,,9606.ENSP00000280557
2908,RILPL2,196383,,9606.ENSP00000280571
2909,TKTL2,84076,,9606.ENSP00000280605
2910,PRSS53,,,9606.ENSP00000280606
2911,SLC7A11,23657,Q9UPY5,9606.ENSP00000280612
2912,NOCT,25819,,9606.ENSP00000280614
2913,DCP1B,196513,,9606.ENSP00000280665
2914,KCNA6,,P17658,9606.ENSP00000280684
2915,NGLY1,55768,,9606.ENSP00000280700
2916,ABTB3;BTBD11,121551,,9606.ENSP00000280758
2917,ANK3,288,,9606.ENSP00000280772
2918,PLBD2,196463,,9606.ENSP00000280800
2919,SLC2A13,114134,,9606.ENSP00000280871
2920,DIP2C,22982,,9606.ENSP00000280886
2921,DSC2,1824,,9606.ENSP00000280904
2922,AKAP6,9472,,9606.ENSP00000280979
2923,FAM177A1,283635,,9606.ENSP00000280987
2924,THRSP,7069,,9606.ENSP00000281030
2925,NDUFC2,4718,O95298,9606.ENSP00000281031
2926,NARS2,79731,,9606.ENSP00000281038
2927,MYCN,4613,,9606.ENSP00000281043
2928,MSGN1,343930,,9606.ENSP00000281047
2929,NUBPL,80224,,9606.ENSP00000281081
2930,FER,2241,P16591,9606.ENSP00000281092
2931,CDC123,8872,,9606.ENSP00000281141
2932,SCLT1,132320,,9606.ENSP00000281142
2933,C4orf33,132321,,9606.ENSP00000281146
2934,SLC25A31,83447,,9606.ENSP00000281154
2935,KHDRBS2,202559,,9606.ENSP00000281156
2936,PTPRO,5800,,9606.ENSP00000281171
2937,ACAD8,27034,,9606.ENSP00000281182
2938,QDPR,5860,,9606.ENSP00000281243
2939,CGNL1,84952,,9606.ENSP00000281282
2940,POU4F2,5458,,9606.ENSP00000281321
2941,PIGF,5281,,9606.ENSP00000281382
2942,ASAP2,8853,,9606.ENSP00000281419
2943,BARX2,8538,,9606.ENSP00000281437
2944,TMEM45B,120224,,9606.ENSP00000281441
2945,CENPU,79682,,9606.ENSP00000281453
2946,SLC25A4,291,P12235,9606.ENSP00000281456
2947,NBAS,51594,,9606.ENSP00000281513
2948,ZNF385D,79750,,9606.ENSP00000281523
2949,GUF1,60558,,9606.ENSP00000281543
2950,PARP8,79668,,9606.ENSP00000281631
2951,NVL,4931,,9606.ENSP00000281701
2952,MCHR2,84539,,9606.ENSP00000281806
2953,EPHA4,2043,P54764,9606.ENSP00000281821
2954,FARSB,10056,,9606.ENSP00000281828
2955,KCNE4,23704,Q8WWG9,9606.ENSP00000281830
2956,TNFSF4,7292,,9606.ENSP00000281834
2957,MGAT5,4249,,9606.ENSP00000281923
2958,MED13L,23389,,9606.ENSP00000281928
2959,HSPB8,26353,,9606.ENSP00000281938
2960,CYSLTR2,57105,Q9NS75,9606.ENSP00000282018
2961,GRID2,,,9606.ENSP00000282020
2962,ARL11,115761,,9606.ENSP00000282026
2963,EPG5,57724,,9606.ENSP00000282041
2964,SPC25,57405,,9606.ENSP00000282074
2965,PDE3B,5140,Q13370,9606.ENSP00000282096
2966,TCF7L1,83439,,9606.ENSP00000282111
2967,CRYGC,1420,,9606.ENSP00000282141
2968,KCNK13,56659,,9606.ENSP00000282146
2969,ATG10,83734,,9606.ENSP00000282185
2970,GUCY1A2,2977,P33402,9606.ENSP00000282249
2971,ANKRD44,91526,,9606.ENSP00000282272
2972,MARS2,92935,,9606.ENSP00000282276
2973,ZSCAN1,284312,,9606.ENSP00000282326
2974,USP12,219333,,9606.ENSP00000282344
2975,CAMK4,814,,9606.ENSP00000282356
2976,TRIM36,55521,,9606.ENSP00000282369
2977,TMED7-TICAM2,100302736,,9606.ENSP00000282382
2978,ZFP36L2,678,,9606.ENSP00000282388
2979,FLT1,2321,P17948,9606.ENSP00000282397
2980,PLEKHH2,,,9606.ENSP00000282406
2981,PPM1B,5495,,9606.ENSP00000282412
2982,IGSF10,285313,,9606.ENSP00000282466
2983,MBNL1,4154,,9606.ENSP00000282486
2984,GRIA4,2893,P48058,9606.ENSP00000282499
2985,NIPBL,25836,,9606.ENSP00000282516
2986,GADL1,339896,,9606.ENSP00000282538
2987,GPD1L,23171,,9606.ENSP00000282541
2988,GJA1,2697,P17302,9606.ENSP00000282561
2989,GMCL1,64395,,9606.ENSP00000282570
2990,CCNO,10309,,9606.ENSP00000282572
2991,ITGA1,3672,,9606.ENSP00000282588
2992,JADE2,23338,,9606.ENSP00000282605
2993,BMP3,651,,9606.ENSP00000282701
2994,HHEX,3087,,9606.ENSP00000282728
2995,GRM1,2911,,9606.ENSP00000282753
2996,GGPS1,9453,O95749,9606.ENSP00000282841
2997,ADAMTS18,170692,,9606.ENSP00000282849
2998,PLOD2,5352,O00469,9606.ENSP00000282903
2999,STK32B,55351,,9606.ENSP00000282908
3000,ZIC1,7545,,9606.ENSP00000282928
3001,CENPH,64946,,9606.ENSP00000283006
3002,TEKT5,146279,,9606.ENSP00000283025
3003,NUBP1,4682,,9606.ENSP00000283027
3004,RIOK2,55781,Q9BVS4,9606.ENSP00000283109
3005,SMARCA5,8467,,9606.ENSP00000283131
3006,SYCP2L,221711,,9606.ENSP00000283141
3007,BMP6,654,,9606.ENSP00000283147
3008,UXS1,80146,,9606.ENSP00000283148
3009,RANBP2,5903,,9606.ENSP00000283195
3010,PTPRR,5801,,9606.ENSP00000283228
3011,CCDC148,130940,,9606.ENSP00000283233
3012,PLA2R1,22925,,9606.ENSP00000283243
3013,ITGB6,3694,,9606.ENSP00000283249
3014,SCN3A,6328,Q9NY46,9606.ENSP00000283254
3015,FEZF2,55079,,9606.ENSP00000283268
3016,CD96,10225,,9606.ENSP00000283285
3017,ATG3,64422,,9606.ENSP00000283290
3018,ADGRF5,221395,,9606.ENSP00000283296
3019,ADGRF4,221393,,9606.ENSP00000283303
3020,LPCAT1,79888,,9606.ENSP00000283415
3021,RPIA;rpiA,22934,P44725,9606.ENSP00000283646
3022,SERPINB3,6317,,9606.ENSP00000283752
3023,HGD,3081,,9606.ENSP00000283871
3024,GTF2E1,,,9606.ENSP00000283875
3025,CFDP1,10428,,9606.ENSP00000283882
3026,TMPRSS11D,9407,,9606.ENSP00000283916
3027,HOXA10,3206,P31260,9606.ENSP00000283921
3028,JAZF1,221895,,9606.ENSP00000283928
3029,PID1,55022,,9606.ENSP00000283937
3030,DDAH1,23576,O94760,9606.ENSP00000284031
3031,DGKE,8526,,9606.ENSP00000284061
3032,MSI2,124540,,9606.ENSP00000284073
3033,HS3ST3A1,9955,,9606.ENSP00000284110
3034,SEMA3D,223117,,9606.ENSP00000284136
3035,GRAP,10750,,9606.ENSP00000284154
3036,IMPACT,55364,,9606.ENSP00000284202
3037,THY1,7070,,9606.ENSP00000284240
3038,JPH3,57338,,9606.ENSP00000284262
3039,ANKH,56172,,9606.ENSP00000284268
3040,UBASH3B,84959,,9606.ENSP00000284273
3041,OTULIN,90268,,9606.ENSP00000284274
3042,PANX3,116337,,9606.ENSP00000284288
3043,NRGN,4900,,9606.ENSP00000284292
3044,GPR15,2838,,9606.ENSP00000284311
3045,TOMM70,9868,,9606.ENSP00000284320
3046,ABI3BP,25890,,9606.ENSP00000284322
3047,CERS3,204219,,9606.ENSP00000284382
3048,UCHL1,7345,,9606.ENSP00000284440
3049,DISP1,84976,,9606.ENSP00000284476
3050,FAM167A,83648,,9606.ENSP00000284486
3051,NEIL2,252969,Q969S2,9606.ENSP00000284503
3052,ATP8B4,79895,,9606.ENSP00000284509
3053,WNT3A,89780,,9606.ENSP00000284523
3054,TRIM11,81559,,9606.ENSP00000284551
3055,PPP1R3A,5506,,9606.ENSP00000284601
3056,ASZ1,136991,,9606.ENSP00000284629
3057,KLHL41,10324,,9606.ENSP00000284669
3058,GPR26,2849,,9606.ENSP00000284674
3059,DHX32,55760,,9606.ENSP00000284690
3060,C10orf90,118611,,9606.ENSP00000284694
3061,OLA1,29789,,9606.ENSP00000284719
3062,PDLIM3,27295,,9606.ENSP00000284767
3063,LY96,23643,Q9Y6Y9,9606.ENSP00000284818
3064,CXADR,1525,,9606.ENSP00000284878
3065,C21orf91,54149,,9606.ENSP00000284881
3066,APP,351,P05067,9606.ENSP00000284981
3067,ADAMTS1,9510,,9606.ENSP00000284984
3068,ADAMTS5,11096,,9606.ENSP00000284987
3069,WNT7A,7476,,9606.ENSP00000285018
3070,XPC,7508,,9606.ENSP00000285021
3071,MYO5B,4645,,9606.ENSP00000285039
3072,FGD5,152273,,9606.ENSP00000285046
3073,FLCN,201163,,9606.ENSP00000285071
3074,ACAA2,10449,,9606.ENSP00000285093
3075,SKA1,220134,,9606.ENSP00000285116
3076,USP43,124739,,9606.ENSP00000285199
3077,RAB6B,51560,,9606.ENSP00000285208
3078,ABCC3,8714,,9606.ENSP00000285238
3079,VOPP1,81552,,9606.ENSP00000285279
3080,DKK2,27123,,9606.ENSP00000285311
3081,CA2,760,P00918,9606.ENSP00000285379
3082,CAR2,12349,,9606.ENSP00000285379
3083,CA3,761,P07451,9606.ENSP00000285381
3084,ATP6V0D2,245972,Q8N8Y2,9606.ENSP00000285393
3085,ERCC3,2071,,9606.ENSP00000285398
3086,ODF1,4956,,9606.ENSP00000285402
3087,KLF10,7071,,9606.ENSP00000285407
3088,OTUD6B,51633,,9606.ENSP00000285420
3089,SAMSN1,64092,,9606.ENSP00000285670
3090,RHOC,389,,9606.ENSP00000285735
3091,LONP2,83752,,9606.ENSP00000285737
3092,OXA1L,5018,,9606.ENSP00000285848
3093,MAGEC1,9947,,9606.ENSP00000285879
3094,AKR1B1,231,P15121,9606.ENSP00000285930
3095,SETD9,133383,,9606.ENSP00000285947
3096,NUP205,23165,,9606.ENSP00000285968
3097,CYP2C18,1562,P33260,9606.ENSP00000285979
3098,PDE11A,50940,Q9HCR9,9606.ENSP00000286063
3099,RBM45,129831,,9606.ENSP00000286070
3100,PPIL3,53938,,9606.ENSP00000286175
3101,CASP10,843,,9606.ENSP00000286186
3102,FZD7,8324,,9606.ENSP00000286201
3103,DEPTOR,64798,,9606.ENSP00000286234
3104,SLC26A2,1836,,9606.ENSP00000286298
3105,CSF1R,1436,P07333,9606.ENSP00000286301
3106,MED7,9443,,9606.ENSP00000286317
3107,TRIM42,287015,,9606.ENSP00000286349
3108,ADCY8,114,,9606.ENSP00000286355
3109,RASA2,5922,,9606.ENSP00000286364
3110,ATP1B3,483,P54709,9606.ENSP00000286371
3111,SMC2,10592,,9606.ENSP00000286398
3112,VBP1,7411,,9606.ENSP00000286428
3113,NAT2,10,P11245,9606.ENSP00000286479
3114,GNAQ,2776,,9606.ENSP00000286548
3115,WIF1,11197,,9606.ENSP00000286574
3116,MMP16,4325,,9606.ENSP00000286614
3117,KCNMA1,3778,Q12791,9606.ENSP00000286628
3118,BATF,10538,,9606.ENSP00000286639
3119,DCK,1633,P27707,9606.ENSP00000286648
3120,ADAMTS3,9508,,9606.ENSP00000286657
3121,C8orf37,157657,,9606.ENSP00000286688
3122,DRAM2,128338,,9606.ENSP00000286692
3123,STOM,2040,,9606.ENSP00000286713
3124,NAAA,27163,Q02083,9606.ENSP00000286733
3125,ADAMTSL3,57188,,9606.ENSP00000286744
3126,CXCL13,10563,,9606.ENSP00000286758
3127,CCT8,10694,,9606.ENSP00000286788
3128,NAA11,84779,,9606.ENSP00000286794
3129,CLDN17,26285,,9606.ENSP00000286808
3130,TIAM1,7074,,9606.ENSP00000286827
3131,SCAF4,,,9606.ENSP00000286835
3132,FUT6,2528,,9606.ENSP00000286955
3133,PCDH1,5097,,9606.ENSP00000287008
3134,GDF6,392255,,9606.ENSP00000287020
3135,KCNS2,,,9606.ENSP00000287042
3136,CD109,135228,,9606.ENSP00000287097
3137,NODAL,4838,,9606.ENSP00000287139
3138,KIF6,221458,,9606.ENSP00000287152
3139,UBE2L6,9246,,9606.ENSP00000287156
3140,ZDHHC5,25921,,9606.ENSP00000287169
3141,CELF6,60677,,9606.ENSP00000287202
3142,ZFAND3,60685,,9606.ENSP00000287218
3143,KAT6B,23522,,9606.ENSP00000287239
3144,GLYATL2,,Q8WU03,9606.ENSP00000287275
3145,AIFM1,9131,,9606.ENSP00000287295
3146,BAG4,9530,,9606.ENSP00000287322
3147,ATAD2,29028,,9606.ENSP00000287394
3148,NSMCE2,286053,,9606.ENSP00000287437
3149,ZNF689,115509,,9606.ENSP00000287461
3150,SASS6,163786,,9606.ENSP00000287482
3151,COX6A2,,Q02221,9606.ENSP00000287490
3152,LHFPL4,375323,,9606.ENSP00000287585
3153,B3GNT7,93010,,9606.ENSP00000287590
3154,BUB1B,701,,9606.ENSP00000287598
3155,PDE6D,5147,,9606.ENSP00000287600
3156,SST,6750,P61278,9606.ENSP00000287641
3157,FANCD2,2177,,9606.ENSP00000287647
3158,NOMO1,,Q15155,9606.ENSP00000287667
3159,NTAN1,123803,,9606.ENSP00000287706
3160,NMNAT2,23057,,9606.ENSP00000287713
3161,ZFYVE9,9372,,9606.ENSP00000287727
3162,KLHL40,,,9606.ENSP00000287777
3163,TIMP4,7079,,9606.ENSP00000287814
3164,PPARG,5468,P37231,9606.ENSP00000287820
3165,NRG1,3084,,9606.ENSP00000287842
3166,ODR4,54953,,9606.ENSP00000287859
3167,PRKAG2,51422,Q9UGJ0,9606.ENSP00000287878
3168,HTR5A,3361,P47898,9606.ENSP00000287907
3169,CLDN12,9069,,9606.ENSP00000287916
3170,FZD1,8321,,9606.ENSP00000287934
3171,HMGCR,3156,P04035,9606.ENSP00000287936
3172,GATAD1,57798,,9606.ENSP00000287957
3173,IPPK,64768,,9606.ENSP00000287996
3174,THTPA,,Q9BU02,9606.ENSP00000288014
3175,PDF,64146,Q9HBH1,9606.ENSP00000288022
3176,TMED6,146456,,9606.ENSP00000288025
3177,FCSK,197258,,9606.ENSP00000288078
3178,KIT,3815,P10721,9606.ENSP00000288135
3179,CACNA1D,776,Q01668,9606.ENSP00000288139
3180,IL17RB,55540,,9606.ENSP00000288167
3181,CCNB2,9133,,9606.ENSP00000288207
3182,ERC2,26059,,9606.ENSP00000288221
3183,MYO1E,4643,,9606.ENSP00000288235
3184,APPL1,26060,,9606.ENSP00000288266
3185,PREX2,80243,,9606.ENSP00000288368
3186,DGKI,9162,,9606.ENSP00000288490
3187,COQ5,84274,,9606.ENSP00000288532
3188,FMNL2,114793,,9606.ENSP00000288670
3189,SPPL3,121665,,9606.ENSP00000288680
3190,DPYSL5,56896,,9606.ENSP00000288699
3191,DRC1,92749,,9606.ENSP00000288710
3192,PEX10,5192,,9606.ENSP00000288774
3193,WIPI2,26100,,9606.ENSP00000288828
3194,SMAD6,4091,,9606.ENSP00000288840
3195,WDR66,144406,,9606.ENSP00000288912
3196,MRPL17,63875,,9606.ENSP00000288937
3197,DUSP2,1844,,9606.ENSP00000288943
3198,GRHL3,57822,,9606.ENSP00000288955
3199,HPD,3242,P32754,9606.ENSP00000289004
3200,RHPN1,114822,,9606.ENSP00000289013
3201,FANCC,2176,,9606.ENSP00000289081
3202,MRAS,22808,,9606.ENSP00000289104
3203,ACTR1B,10120,,9606.ENSP00000289228
3204,RHBDL2,54933,,9606.ENSP00000289248
3205,PCDHA13,,,9606.ENSP00000289272
3206,H2BC5,3017,,9606.ENSP00000289316
3207,BTN3A1,11119,,9606.ENSP00000289361
3208,EIF5B,9669,,9606.ENSP00000289371
3209,TMSB15A,11013,,9606.ENSP00000289373
3210,TMSB15B,286527,,9606.ENSP00000289373
3211,ACSM3,6296,,9606.ENSP00000289416
3212,CD1A,909,,9606.ENSP00000289429
3213,NCF1,653361,P14598,9606.ENSP00000289473
3214,NPC1L1,29881,Q9UHC9,9606.ENSP00000289547
3215,SLCO2B1,11309,O94956,9606.ENSP00000289575
3216,PAGE5,90737,,9606.ENSP00000289619
3217,PKD1L1,168507,,9606.ENSP00000289672
3218,SLAMF8,56833,,9606.ENSP00000289707
3219,CDH15,1013,,9606.ENSP00000289746
3220,MICOS10-NBL1,100532736,,9606.ENSP00000289749
3221,NBL1,4681,,9606.ENSP00000289749
3222,HTR6,3362,P50406,9606.ENSP00000289753
3223,FCER1G,2207,,9606.ENSP00000289902
3224,SLC5A11,115584,,9606.ENSP00000289932
3225,CHRNB3,1142,Q05901,9606.ENSP00000289957
3226,ARHGAP17,55114,,9606.ENSP00000289968
3227,CELA3A,10136,,9606.ENSP00000290122
3228,CFAP298,56683,,9606.ENSP00000290155
3229,KPNB1,3837,,9606.ENSP00000290158
3230,WNT4,54361,,9606.ENSP00000290167
3231,IL10RB,3588,,9606.ENSP00000290200
3232,NCOA5,57727,,9606.ENSP00000290231
3233,ELMO2,63916,,9606.ENSP00000290246
3234,STC1,6781,,9606.ENSP00000290271
3235,ARAF,369,P10398,9606.ENSP00000290277
3236,OGFR,11054,,9606.ENSP00000290291
3237,HOXB13,10481,,9606.ENSP00000290295
3238,ATP5PO,,P48047,9606.ENSP00000290299
3239,KCNE2,9992,Q9Y6J6,9606.ENSP00000290310
3240,IGF2BP1,10642,,9606.ENSP00000290341
3241,CBR1,873,P16152,9606.ENSP00000290349
3242,CBR3,874,O75828,9606.ENSP00000290354
3243,GJD2,57369,,9606.ENSP00000290374
3244,ACTC1,70,,9606.ENSP00000290378
3245,SIM2,6493,,9606.ENSP00000290399
3246,NPTN,27020,,9606.ENSP00000290401
3247,MCAT,27349,,9606.ENSP00000290429
3248,GOLGA6A,342096,,9606.ENSP00000290438
3249,PLA2G4D,283748,,9606.ENSP00000290472
3250,RFX5,5993,,9606.ENSP00000290524
3251,PSMB4,5692,,9606.ENSP00000290541
3252,BTG2,7832,,9606.ENSP00000290551
3253,HK2,3099,,9606.ENSP00000290573
3254,STARD9,57519,,9606.ENSP00000290607
3255,AMFR,267,,9606.ENSP00000290649
3256,UBR1,197131,,9606.ENSP00000290650
3257,RGL4,,,9606.ENSP00000290691
3258,MT1,17748,,9606.ENSP00000290705
3259,MT1A,4489,P04731,9606.ENSP00000290705
3260,PGLYRP3,114771,,9606.ENSP00000290722
3261,GSTT2,2953,P0CG29,9606.ENSP00000290765
3262,GSTT2B,653689,P0CG30,9606.ENSP00000290765
3263,ACE,1636,P12821,9606.ENSP00000290866
3264,TEPP,374739,,9606.ENSP00000290871
3265,CTBP1,1487,,9606.ENSP00000290921
3266,ATP6V0D1,9114,P61421,9606.ENSP00000290949
3267,AGRP,181,,9606.ENSP00000290953
3268,PIP,5304,,9606.ENSP00000291009
3269,PSKH1,,,9606.ENSP00000291041
3270,TNFRSF13C,115650,,9606.ENSP00000291232
3271,PTGIR,5739,P43119,9606.ENSP00000291294
3272,CALM1,801,P0DP23,9606.ENSP00000291295
3273,CALM3,808,P0DP25,9606.ENSP00000291295
3274,SSU72,,,9606.ENSP00000291386
3275,TRIM62,55223,,9606.ENSP00000291416
3276,NR2F6,2063,,9606.ENSP00000291442
3277,HAPLN4,404037,,9606.ENSP00000291481
3278,CILP2,148113,,9606.ENSP00000291495
3279,TFF2,7032,,9606.ENSP00000291526
3280,TFF1,7031,,9606.ENSP00000291527
3281,RSPH1,89765,,9606.ENSP00000291536
3282,PDE9A,5152,O76083,9606.ENSP00000291539
3283,PKNOX1,5316,,9606.ENSP00000291547
3284,U2AF1,7307,,9606.ENSP00000291552
3285,U2AF1L5,102724594,,9606.ENSP00000291552
3286,CRYAA,1409,,9606.ENSP00000291554
3287,HSF2BP,11077,,9606.ENSP00000291560
3288,PDXK,8566,O00764,9606.ENSP00000291565
3289,CSTB,1476,,9606.ENSP00000291568
3290,AGPAT3,56894,,9606.ENSP00000291572
3291,TRAPPC10,7109,,9606.ENSP00000291574
3292,GATD3A,8209,,9606.ENSP00000291577
3293,AIRE,326,,9606.ENSP00000291582
3294,MCM3AP,8888,,9606.ENSP00000291688
3295,S100B,6285,P04271,9606.ENSP00000291700
3296,FCN2,2220,,9606.ENSP00000291744
3297,LILRA4,23547,,9606.ENSP00000291759
3298,HIPK4,,,9606.ENSP00000291823
3299,SHKBP1,92799,,9606.ENSP00000291842
3300,KIR3DL3,115653,,9606.ENSP00000291860
3301,NCR1,9437,,9606.ENSP00000291890
3302,PKN3,29941,,9606.ENSP00000291906
3303,MED27,9442,,9606.ENSP00000292035
3304,FXYD2,486,P54710,9606.ENSP00000292079
3305,TMEM199,147007,,9606.ENSP00000292114
3306,PSG6,5675,,9606.ENSP00000292125
3307,PHLDB3,653583,,9606.ENSP00000292140
3308,ETHE1,23474,,9606.ENSP00000292147
3309,S100A1,6271,P23297,9606.ENSP00000292169
3310,CXCR5,643,,9606.ENSP00000292174
3311,FLAD1,80308,,9606.ENSP00000292180
3312,UBE2Q1,55585,,9606.ENSP00000292211
3313,ANO10,55129,,9606.ENSP00000292246
3314,CCR2,729230,,9606.ENSP00000292301
3315,CCR5,1234,,9606.ENSP00000292303
3316,RNF126,55658,,9606.ENSP00000292363
3317,AZGP1,563,,9606.ENSP00000292401
3318,FGFR4,2264,P22455,9606.ENSP00000292408
3319,CYP11B1,1584,P15538,9606.ENSP00000292427
3320,LY6K,54742,,9606.ENSP00000292430
3321,NACC1,112939,,9606.ENSP00000292431
3322,HK3,3101,,9606.ENSP00000292432
3323,CPSF4,10898,,9606.ENSP00000292476
3324,PTGER1,5731,P34995,9606.ENSP00000292513
3325,LTC4S,4056,Q16873,9606.ENSP00000292596
3326,MAML1,9794,,9606.ENSP00000292599
3327,PGLYRP2,114770,Q96PD5,9606.ENSP00000292609
3328,POLR2J,5439,,9606.ENSP00000292614
3329,LRWD1,222229,,9606.ENSP00000292616
3330,SCGB3A1,92304,,9606.ENSP00000292641
3331,YDJC,150223,,9606.ENSP00000292778
3332,DCUN1D1,54165,,9606.ENSP00000292782
3333,PCYT1A,5130,P49585,9606.ENSP00000292823
3334,FBXO17,115290,,9606.ENSP00000292852
3335,HBE1,3046,,9606.ENSP00000292896
3336,COX7A1,1346,P24310,9606.ENSP00000292907
3337,ZNF382,84911,,9606.ENSP00000292928
3338,GRIN2C,2905,Q14957,9606.ENSP00000293190
3339,ACOX1,51,,9606.ENSP00000293217
3340,CYGB,114757,,9606.ENSP00000293230
3341,BAX,581,,9606.ENSP00000293288
3342,STAT5B,6777,P51692,9606.ENSP00000293328
3343,HCRT,3060,,9606.ENSP00000293330
3344,ALDH16A1,126133,,9606.ENSP00000293350
3345,PSME3,10197,,9606.ENSP00000293362
3346,NCKAP1L,3071,,9606.ENSP00000293373
3347,ITGA5,3678,,9606.ENSP00000293379
3348,NAGS,162417,,9606.ENSP00000293404
3349,SHANK1,50944,,9606.ENSP00000293441
3350,ZNF613,79898,,9606.ENSP00000293471
3351,SDR9C7,121214,,9606.ENSP00000293502
3352,WNT1,7471,,9606.ENSP00000293549
3353,AQP5,362,,9606.ENSP00000293599
3354,CELA1,1990,Q9UNI1,9606.ENSP00000293636
3355,GRASP,160622,,9606.ENSP00000293662
3356,KRT83,3889,,9606.ENSP00000293670
3357,KRT6,110309,,9606.ENSP00000293745
3358,KRT72,140807,,9606.ENSP00000293745
3359,IP6K3,117283,,9606.ENSP00000293756
3360,ALOX15,246,P16050,9606.ENSP00000293761
3361,MED11,,,9606.ENSP00000293777
3362,CXCL16,58191,,9606.ENSP00000293778
3363,BCL6B,255877,,9606.ENSP00000293805
3364,TNFSF12,8742,,9606.ENSP00000293825
3365,TNFSF12-TNFSF13,407977,,9606.ENSP00000293825
3366,FGF11,2256,,9606.ENSP00000293829
3367,EIF4A1,1973,,9606.ENSP00000293831
3368,POLR3K,51728,,9606.ENSP00000293860
3369,WDR24,,,9606.ENSP00000293883
3370,CCDC78,,,9606.ENSP00000293889
3371,SOX8,30812,,9606.ENSP00000293894
3372,SSTR5,6755,P35346,9606.ENSP00000293897
3373,SLX4,84464,,9606.ENSP00000294008
3374,ADCY9,115,,9606.ENSP00000294016
3375,CLPB,,,9606.ENSP00000294053
3376,NEU3,10825,,9606.ENSP00000294064
3377,MAP4K2,5871,Q12851,9606.ENSP00000294066
3378,UBXN1,51035,,9606.ENSP00000294119
3379,NCKIPSD,51517,,9606.ENSP00000294129
3380,RPL29,6159,,9606.ENSP00000294189
3381,LRP5,4041,,9606.ENSP00000294304
3382,TPCN2,219931,,9606.ENSP00000294309
3383,FGF19,9965,,9606.ENSP00000294312
3384,PDZK1IP1,10158,,9606.ENSP00000294338
3385,TAL1,6886,,9606.ENSP00000294339
3386,ZYG11B,79699,,9606.ENSP00000294353
3387,USP24,23358,,9606.ENSP00000294383
3388,GMEB1,10691,,9606.ENSP00000294409
3389,RHCE,6006,,9606.ENSP00000294413
3390,RBP7,116362,,9606.ENSP00000294435
3391,DRAXIN,374946,,9606.ENSP00000294485
3392,PDPN,10630,,9606.ENSP00000294489
3393,LAPTM5,7805,,9606.ENSP00000294507
3394,DOCK6,57572,,9606.ENSP00000294618
3395,LHX8,431707,,9606.ENSP00000294638
3396,GFI1,2672,,9606.ENSP00000294702
3397,AGL,178,,9606.ENSP00000294724
3398,KCNT2,343450,,9606.ENSP00000294725
3399,VCAM1,7412,P19320,9606.ENSP00000294728
3400,ZNF281,23528,,9606.ENSP00000294740
3401,ARPC5,10092,,9606.ENSP00000294742
3402,ZNF496,84838,,9606.ENSP00000294753
3403,NCSTN,23385,Q92542,9606.ENSP00000294785
3404,PPP1R21,129285,,9606.ENSP00000294952
3405,LHCGR,3973,P22888,9606.ENSP00000294954
3406,CAPN2,824,,9606.ENSP00000295006
3407,REL,5966,Q04864,9606.ENSP00000295025
3408,PEX13,5194,,9606.ENSP00000295030
3409,SPRTN,83932,,9606.ENSP00000295050
3410,MEMO1,51072,,9606.ENSP00000295065
3411,KCNF1,,Q9H3M0,9606.ENSP00000295082
3412,SLC66A3,130814,,9606.ENSP00000295083
3413,LRATD1,151354,,9606.ENSP00000295092
3414,ARHGAP15,55843,,9606.ENSP00000295095
3415,KCNJ3,3760,P48549,9606.ENSP00000295101
3416,NEUROD1,4760,,9606.ENSP00000295108
3417,FRZB,2487,,9606.ENSP00000295113
3418,WDR92,116143,,9606.ENSP00000295121
3419,WDCP,80304,,9606.ENSP00000295148
3420,TEKT4,150483,,9606.ENSP00000295201
3421,EN1,,,9606.ENSP00000295206
3422,SPATA18,132671,,9606.ENSP00000295213
3423,KCNIP3,30818,,9606.ENSP00000295225
3424,INHBB,3625,,9606.ENSP00000295228
3425,BBS5,129880,,9606.ENSP00000295240
3426,HPGDS,27306,O60760,9606.ENSP00000295256
3427,SLC9A4,389015,,9606.ENSP00000295269
3428,TMOD4,29765,,9606.ENSP00000295314
3429,IWS1,55677,,9606.ENSP00000295321
3430,BMP10,27302,,9606.ENSP00000295379
3431,MERTK,10461,Q12866,9606.ENSP00000295408
3432,GNPDA2,132789,,9606.ENSP00000295448
3433,GABRG1,2565,Q8N1C3,9606.ENSP00000295452
3434,ALPG,251,P10696,9606.ENSP00000295453
3435,GABRB1,2560,P18505,9606.ENSP00000295454
3436,NIPAL1,152519,,9606.ENSP00000295461
3437,ALPI,248,,9606.ENSP00000295463
3438,HELQ,113510,,9606.ENSP00000295488
3439,MRPS18C,51023,,9606.ENSP00000295491
3440,CLDN1,9076,,9606.ENSP00000295522
3441,COL6A3,1293,,9606.ENSP00000295550
3442,TAFA4,151647,,9606.ENSP00000295569
3443,POGLUT1,56983,,9606.ENSP00000295588
3444,CCKAR,886,,9606.ENSP00000295589
3445,PROK2,60675,,9606.ENSP00000295619
3446,FSTL1,11167,,9606.ENSP00000295633
3447,RNPEP,6051,,9606.ENSP00000295640
3448,IGFBP7,3490,,9606.ENSP00000295666
3449,CXCR1,3577,P25024,9606.ENSP00000295683
3450,ARPC2,10109,,9606.ENSP00000295685
3451,CCT3,7203,P49368,9606.ENSP00000295688
3452,TMEM79,84283,,9606.ENSP00000295694
3453,SSR2,6746,,9606.ENSP00000295702
3454,RNF25,64320,,9606.ENSP00000295704
3455,STK36,27148,Q9NRP7,9606.ENSP00000295709
3456,PTPRN,5798,,9606.ENSP00000295718
3457,FEV,54738,,9606.ENSP00000295727
3458,IHH,3549,,9606.ENSP00000295731
3459,CIP2A,57650,,9606.ENSP00000295746
3460,RETNLB,84666,,9606.ENSP00000295755
3461,TRAT1,50852,,9606.ENSP00000295756
3462,HDAC11,79885,Q96DB2,9606.ENSP00000295757
3463,STT3B,201595,,9606.ENSP00000295770
3464,SERPINI1,5274,,9606.ENSP00000295777
3465,PRKCI,5584,P41743,9606.ENSP00000295797
3466,RETSAT,,Q6NUM9,9606.ENSP00000295802
3467,EIF5A2,56648,,9606.ENSP00000295822
3468,FABP1,2168,P07148,9606.ENSP00000295834
3469,ABI2,10152,,9606.ENSP00000295851
3470,NKX6-1,4825,,9606.ENSP00000295886
3471,CDS1,1040,,9606.ENSP00000295887
3472,WDFY3,23001,,9606.ENSP00000295888
3473,ALB,213,P02768,9606.ENSP00000295897
3474,ATXN7,6314,,9606.ENSP00000295900
3475,CCNL1,57018,,9606.ENSP00000295926
3476,PTX3,5806,,9606.ENSP00000295927
3477,ABHD6,57406,,9606.ENSP00000295962
3478,C3orf67,200844,,9606.ENSP00000295966
3479,RBM47,54502,,9606.ENSP00000295971
3480,IL17RC,84818,,9606.ENSP00000295981
3481,SYN1,6853,,9606.ENSP00000295987
3482,PCOLCE2,26577,,9606.ENSP00000295992
3483,MTMR14,64419,,9606.ENSP00000296003
3484,CXCL3,2921,,9606.ENSP00000296026
3485,CXCL5,6374,,9606.ENSP00000296027
3486,PPBP,5473,,9606.ENSP00000296028
3487,PF4,5196,,9606.ENSP00000296029
3488,CPA3,1359,,9606.ENSP00000296046
3489,SNRK,54861,Q9NRH2,9606.ENSP00000296088
3490,TRIM54,57159,,9606.ENSP00000296098
3491,UCN,7349,,9606.ENSP00000296099
3492,MRPL33,9553,,9606.ENSP00000296102
3493,TGM4,7047,P49221,9606.ENSP00000296125
3494,CDCP1,64866,,9606.ENSP00000296129
3495,CLEC3B,7123,,9606.ENSP00000296130
3496,LZTFL1,54585,,9606.ENSP00000296135
3497,FYCO1,79443,,9606.ENSP00000296137
3498,CCR1,1230,,9606.ENSP00000296140
3499,RTP3,83597,,9606.ENSP00000296142
3500,TDGF1,6997,,9606.ENSP00000296145
3501,ELP6,54859,,9606.ENSP00000296149
3502,DTX3L,151636,,9606.ENSP00000296161
3503,ITGB5,3693,,9606.ENSP00000296181
3504,SNIP1,79753,,9606.ENSP00000296215
3505,DNALI1,7802,,9606.ENSP00000296218
3506,OSBPL11,114885,,9606.ENSP00000296220
3507,KLF15,28999,,9606.ENSP00000296233
3508,CAMK2N2,94032,,9606.ENSP00000296238
3509,LIPH,200879,,9606.ENSP00000296252
3510,RPN1,6184,,9606.ENSP00000296255
3511,SENP2,59343,,9606.ENSP00000296257
3512,IFT122,55764,,9606.ENSP00000296266
3513,RHO,6010,,9606.ENSP00000296271
3514,MASP1,5648,,9606.ENSP00000296280
3515,RFT1,91869,,9606.ENSP00000296292
3516,IL17RD,54756,,9606.ENSP00000296318
3517,SLC51A,200931,,9606.ENSP00000296327
3518,PIGX,54965,,9606.ENSP00000296333
3519,RUBCN,9711,,9606.ENSP00000296343
3520,MELTF,4241,,9606.ENSP00000296350
3521,S100P,6286,P25815,9606.ENSP00000296370
3522,CLDN19,,,9606.ENSP00000296387
3523,METAP1,23173,,9606.ENSP00000296411
3524,ADH5,128,P11766,9606.ENSP00000296412
3525,H2AZ1,3015,,9606.ENSP00000296417
3526,EMCN,51705,,9606.ENSP00000296420
3527,SLC9B1,150159,,9606.ENSP00000296422
3528,BDH2,56898,,9606.ENSP00000296424
3529,CAMP,820,,9606.ENSP00000296435
3530,FBXW12,285231,,9606.ENSP00000296438
3531,BSN,8927,,9606.ENSP00000296452
3532,APEH,327,,9606.ENSP00000296456
3533,HSPA4L,22824,,9606.ENSP00000296464
3534,MST1R,4486,Q04912,9606.ENSP00000296474
3535,POC1A,25886,,9606.ENSP00000296484
3536,ETNPPL,64850,,9606.ENSP00000296486
3537,NDST3,9348,,9606.ENSP00000296499
3538,HMGB2,3148,,9606.ENSP00000296503
3539,MAD2L1,4085,,9606.ENSP00000296509
3540,ANXA5,308,P08758,9606.ENSP00000296511
3541,ADAD1,132612,,9606.ENSP00000296513
3542,GUCY1A1,2982,Q02108,9606.ENSP00000296518
3543,HPGD,3248,P15428,9606.ENSP00000296522
3544,GRIA2,2891,P42262,9606.ENSP00000296526
3545,NAA15,80155,,9606.ENSP00000296543
3546,IL15,3600,P40933,9606.ENSP00000296545
3547,ARFIP1,27236,,9606.ENSP00000296557
3548,HHIP,64399,,9606.ENSP00000296575
3549,ABCE1,6059,,9606.ENSP00000296577
3550,LSM6,,P62312,9606.ENSP00000296581
3551,ITGA2,3673,,9606.ENSP00000296585
3552,SLC45A2,51151,,9606.ENSP00000296589
3553,EDIL3,10085,,9606.ENSP00000296591
3554,NDUFAF2,91942,,9606.ENSP00000296597
3555,F2RL2,2151,,9606.ENSP00000296641
3556,RPS23,6228,,9606.ENSP00000296674
3557,F2RL1,2150,,9606.ENSP00000296677
3558,PRDM9,56979,,9606.ENSP00000296682
3559,NDUFS4,4724,,9606.ENSP00000296684
3560,SCGB3A2,117156,,9606.ENSP00000296694
3561,SPINK1,6690,,9606.ENSP00000296695
3562,TCERG1,10915,,9606.ENSP00000296702
3563,AFAP1L1,134265,,9606.ENSP00000296721
3564,ENPP6,133121,,9606.ENSP00000296741
3565,ERAP1,51752,,9606.ENSP00000296754
3566,MAP1B,4131,,9606.ENSP00000296755
3567,CARTPT,9607,Q16568,9606.ENSP00000296777
3568,RICTOR,253260,,9606.ENSP00000296782
3569,UBLCP1,134510,,9606.ENSP00000296786
3570,TLR3,7098,,9606.ENSP00000296795
3571,FOXQ1,94234,,9606.ENSP00000296839
3572,NKD2,85409,,9606.ENSP00000296849
3573,RAPGEF6,51735,,9606.ENSP00000296859
3574,TNFRSF21,27242,,9606.ENSP00000296861
3575,IL3,3562,P08700,9606.ENSP00000296870
3576,CSF2,1437,,9606.ENSP00000296871
3577,LEAP2,116842,,9606.ENSP00000296877
3578,TLX3,30012,,9606.ENSP00000296921
3579,NPM1,4869,P06748,9606.ENSP00000296930
3580,TBXT,6862,,9606.ENSP00000296946
3581,CREBRF,153222,,9606.ENSP00000296953
3582,DCBLD1,285761,,9606.ENSP00000296955
3583,IL22RA2,116379,,9606.ENSP00000296980
3584,SPATA48,100130988,,9606.ENSP00000297001
3585,H2AC1,221613,,9606.ENSP00000297012
3586,SCIN,85477,,9606.ENSP00000297029
3587,CYTH3,9265,,9606.ENSP00000297044
3588,DAGLB,,,9606.ENSP00000297056
3589,TRA2A,29896,,9606.ENSP00000297071
3590,GALNT10,55568,,9606.ENSP00000297107
3591,COG5,10466,,9606.ENSP00000297135
3592,NEUROD6,63974,,9606.ENSP00000297142
3593,SLU7,10569,,9606.ENSP00000297151
3594,CAMLG,819,P49069,9606.ENSP00000297156
3595,RP9,6100,,9606.ENSP00000297157
3596,HSPA9,3313,,9606.ENSP00000297185
3597,STEAP1,26872,,9606.ENSP00000297205
3598,FABP5,2171,,9606.ENSP00000297258
3599,SHH,6469,,9606.ENSP00000297261
3600,CHMP4C,92421,,9606.ENSP00000297265
3601,FNDC1,84624,,9606.ENSP00000297267
3602,COL1A2,1278,,9606.ENSP00000297268
3603,CASD1,64921,,9606.ENSP00000297273
3604,PGAM2,5224,,9606.ENSP00000297283
3605,BRI3,25798,,9606.ENSP00000297290
3606,LMTK2,22853,,9606.ENSP00000297293
3607,RGS20,8601,,9606.ENSP00000297313
3608,SOX17,64321,,9606.ENSP00000297316
3609,ADCY1,107,Q08828,9606.ENSP00000297323
3610,RAD21,5885,,9606.ENSP00000297338
3611,MED30,90390,,9606.ENSP00000297347
3612,TNFRSF11B,4982,,9606.ENSP00000297350
3613,SBSPON,157869,,9606.ENSP00000297354
3614,EN2,2020,,9606.ENSP00000297375
3615,CSMD3,114788,,9606.ENSP00000297405
3616,SPIDR,23514,,9606.ENSP00000297423
3617,ORC5,5001,,9606.ENSP00000297431
3618,DEFA4,1669,,9606.ENSP00000297435
3619,DEFA6,1671,,9606.ENSP00000297436
3620,DEFB1,1672,,9606.ENSP00000297439
3621,DNAAF5,54919,,9606.ENSP00000297440
3622,TMEM74,157753,,9606.ENSP00000297459
3623,NOS3,4846,P29474,9606.ENSP00000297494
3624,ABCB8,11194,,9606.ENSP00000297504
3625,MICALL2,79778,,9606.ENSP00000297508
3626,ASIC3,9311,,9606.ENSP00000297512
3627,FASTK,10922,,9606.ENSP00000297532
3628,FMC1,154791,,9606.ENSP00000297534
3629,PHAX,51808,,9606.ENSP00000297540
3630,DCAF13,25879,,9606.ENSP00000297579
3631,DCSTAMP,81501,,9606.ENSP00000297581
3632,VIRMA,25962,,9606.ENSP00000297591
3633,GEM,2669,,9606.ENSP00000297596
3634,HSD3B7,80270,,9606.ENSP00000297679
3635,NFIL3,4783,,9606.ENSP00000297689
3636,ZMAT4,79698,,9606.ENSP00000297737
3637,CPA6,57094,,9606.ENSP00000297770
3638,ALDH1A1,216,P00352,9606.ENSP00000297785
3639,KDM1B,221656,,9606.ENSP00000297792
3640,ANKS6,203286,,9606.ENSP00000297837
3641,COL14A1,7373,,9606.ENSP00000297848
3642,ZHX1,11244,,9606.ENSP00000297857
3643,VEGFD,2277,,9606.ENSP00000297904
3644,WNK2,65268,,9606.ENSP00000297954
3645,AQP7,364,,9606.ENSP00000297988
3646,AQP3,360,Q92482,9606.ENSP00000297991
3647,MELK,9833,Q14680,9606.ENSP00000298048
3648,DEUP1,159989,,9606.ENSP00000298050
3649,FBXO33,254170,,9606.ENSP00000298097
3650,LRFN5,145581,,9606.ENSP00000298119
3651,WRN,7486,,9606.ENSP00000298139
3652,CFL2,1073,,9606.ENSP00000298159
3653,FOLR2,2350,P14207,9606.ENSP00000298223
3654,INPPL1,3636,,9606.ENSP00000298229
3655,PHOX2A,401,,9606.ENSP00000298231
3656,CRYL1,51084,,9606.ENSP00000298248
3657,HEPACAM,220296,,9606.ENSP00000298251
3658,PKNOX2,63876,,9606.ENSP00000298282
3659,RPL10L,,Q96L21,9606.ENSP00000298283
3660,LRR1,122769,,9606.ENSP00000298288
3661,DNAAF2,55172,,9606.ENSP00000298292
3662,DEPP1,11067,,9606.ENSP00000298295
3663,MAGEC3,139081,,9606.ENSP00000298296
3664,KLHDC2,23588,,9606.ENSP00000298307
3665,NEMF,9147,,9606.ENSP00000298310
3666,ARF6,382,,9606.ENSP00000298316
3667,NGB,58157,,9606.ENSP00000298352
3668,TRIM9,114088,,9606.ENSP00000298355
3669,AKR1E2,83592,Q96JD6,9606.ENSP00000298375
3670,RXFP2,122042,,9606.ENSP00000298386
3671,OXGR1,27199,,9606.ENSP00000298440
3672,ABRAXAS2,23172,,9606.ENSP00000298492
3673,PRDX3,10935,,9606.ENSP00000298510
3674,CLEC1B,51266,,9606.ENSP00000298527
3675,SNAPC4,6621,,9606.ENSP00000298532
3676,FRMD7,90167,,9606.ENSP00000298542
3677,AK8,158067,,9606.ENSP00000298545
3678,TSC1,7248,,9606.ENSP00000298552
3679,HPRT1,3251,P00492,9606.ENSP00000298556
3680,DUSP16,80824,,9606.ENSP00000298573
3681,ZMYND19,116225,,9606.ENSP00000298585
3682,SLC39A2,29986,,9606.ENSP00000298681
3683,RNASE7,84659,,9606.ENSP00000298690
3684,METTL3,56339,,9606.ENSP00000298717
3685,GAS1,2619,,9606.ENSP00000298743
3686,SHLD2,54537,,9606.ENSP00000298786
3687,ARHGAP42,143872,,9606.ENSP00000298815
3688,TTLL5,23093,,9606.ENSP00000298832
3689,RAPSN,5913,,9606.ENSP00000298854
3690,CPSF2,53981,,9606.ENSP00000298875
3691,LRRK2,120892,Q5S007,9606.ENSP00000298910
3692,CLMN,79789,,9606.ENSP00000298912
3693,NELL1,4745,,9606.ENSP00000298925
3694,C1QL3,389941,,9606.ENSP00000298943
3695,PIWIL4,143689,,9606.ENSP00000299001
3696,LIPC,3990,,9606.ENSP00000299022
3697,SPRED1,161742,,9606.ENSP00000299084
3698,JAM3,83700,,9606.ENSP00000299106
3699,VPS35,55737,,9606.ENSP00000299138
3700,AMN,81693,,9606.ENSP00000299155
3701,FOXN4,121643,,9606.ENSP00000299162
3702,HIF1AN,55662,,9606.ENSP00000299163
3703,ADAMTS15,170689,,9606.ENSP00000299164
3704,NDUFB8,4714,,9606.ENSP00000299166
3705,AVPR1A,552,P37288,9606.ENSP00000299178
3706,HEATR3,55027,,9606.ENSP00000299192
3707,CKB,1152,P12277,9606.ENSP00000299198
3708,LARP6,55323,,9606.ENSP00000299213
3709,COPS2,9318,,9606.ENSP00000299259
3710,CHODL,140578,,9606.ENSP00000299295
3711,PCBD1,5092,,9606.ENSP00000299299
3712,CCT2,10576,,9606.ENSP00000299300
3713,TMEM132B,114795,,9606.ENSP00000299308
3714,GNPTAB,79158,,9606.ENSP00000299314
3715,icd,,P39126,9606.ENSP00000299314
3716,COX11,1353,,9606.ENSP00000299335
3717,FAM227B,196951,,9606.ENSP00000299338
3718,CLDN10,9071,,9606.ENSP00000299339
3719,C2,717,,9606.ENSP00000299367
3720,TRIM44,54765,,9606.ENSP00000299413
3721,TPP1,1200,,9606.ENSP00000299427
3722,RAG1,5896,,9606.ENSP00000299440
3723,DCHS1,8642,,9606.ENSP00000299441
3724,LOC100288966,100288966,,9606.ENSP00000299443
3725,POTED,317754,,9606.ENSP00000299443
3726,PPFIBP2,8495,,9606.ENSP00000299492
3727,KIAA0355,9710,,9606.ENSP00000299505
3728,IDH3A,3419,P50213,9606.ENSP00000299518
3729,CRABP1,1381,P29762,9606.ENSP00000299529
3730,RNF169,254225,,9606.ENSP00000299563
3731,CHRNA5,1138,P30532,9606.ENSP00000299565
3732,RDL,39054,,9606.ENSP00000299601
3733,ALG8,79053,,9606.ENSP00000299626
3734,HDGFL3,50810,,9606.ENSP00000299633
3735,CLEC4E,26253,,9606.ENSP00000299663
3736,CLEC4D,338339,,9606.ENSP00000299665
3737,MT-TK,,,9606.ENSP00000299697
3738,TK2,7084,O00142,9606.ENSP00000299697
3739,A2ML1,144568,,9606.ENSP00000299698
3740,TMED3,23423,,9606.ENSP00000299705
3741,GALR1,2587,,9606.ENSP00000299727
3742,CENPV,201161,,9606.ENSP00000299736
3743,CDH16,,,9606.ENSP00000299752
3744,MC4R,4160,P32245,9606.ENSP00000299766
3745,HSP90B1,7184,P14625,9606.ENSP00000299767
3746,SLC9A5,6553,,9606.ENSP00000299798
3747,NCAPH2,29781,,9606.ENSP00000299821
3748,PPP1R16B,26051,,9606.ENSP00000299824
3749,CHRFAM7A,89832,,9606.ENSP00000299847
3750,POLR3E,55718,,9606.ENSP00000299853
3751,MMP3,4314,,9606.ENSP00000299855
3752,TMPRSS5,80975,,9606.ENSP00000299882
3753,COG1,9382,,9606.ENSP00000299886
3754,CASC4,113201,,9606.ENSP00000299957
3755,SLFN5,162394,,9606.ENSP00000299977
3756,PPIB,5479,,9606.ENSP00000300026
3757,CIAO2A,84191,,9606.ENSP00000300030
3758,PCLAF,9768,,9606.ENSP00000300035
3759,PLIN1,5346,,9606.ENSP00000300055
3760,PEX11A,8800,,9606.ENSP00000300056
3761,MESP1,55897,,9606.ENSP00000300057
3762,ANPEP,290,P15144,9606.ENSP00000300060
3763,SCNN1G,6340,P51170,9606.ENSP00000300061
3764,GLYATL1,92292,Q969I3,9606.ENSP00000300079
3765,TERF2IP,54386,,9606.ENSP00000300086
3766,DCTN5,84516,,9606.ENSP00000300087
3767,PLK1,5347,P53350,9606.ENSP00000300093
3768,GPR182,11318,,9606.ENSP00000300098
3769,CACNG2,10369,Q9Y698,9606.ENSP00000300105
3770,CLPX,10845,,9606.ENSP00000300107
3771,CHP2,63928,,9606.ENSP00000300113
3772,OR4D6,,,9606.ENSP00000300127
3773,NEMP1,23306,,9606.ENSP00000300128
3774,NAB2,4665,,9606.ENSP00000300131
3775,STAT6,6778,,9606.ENSP00000300134
3776,SCG5,6447,,9606.ENSP00000300175
3777,AGFG2,3268,,9606.ENSP00000300176
3778,EEF1AKMT3,25895,,9606.ENSP00000300209
3779,CCNDBP1,23582,,9606.ENSP00000300213
3780,MAP1A,4130,P78559,9606.ENSP00000300231
3781,AKTIP,64400,,9606.ENSP00000300245
3782,MAPRE2,10982,,9606.ENSP00000300249
3783,TCP10L,140290,,9606.ENSP00000300258
3784,CKMT1A,548596,P12532,9606.ENSP00000300283
3785,CKMT1B,1159,,9606.ENSP00000300283
3786,PDIA3,2923,P30101,9606.ENSP00000300289
3787,NUDT21,11051,,9606.ENSP00000300291
3788,RUNX1,861,,9606.ENSP00000300305
3789,TPX2,22974,,9606.ENSP00000300403
3790,B4GALNT2,124872,,9606.ENSP00000300404
3791,SNRPD1,6632,,9606.ENSP00000300413
3792,SLC27A4,10999,,9606.ENSP00000300456
3793,COL6A2,1292,,9606.ENSP00000300527
3794,GPRC5B,51704,,9606.ENSP00000300571
3795,CRK,1398,,9606.ENSP00000300574
3796,NOD2,64127,,9606.ENSP00000300589
3797,ZNF91,7644,,9606.ENSP00000300619
3798,MED1,5469,,9606.ENSP00000300651
3799,PGAP3,93210,,9606.ENSP00000300658
3800,NFATC3,4775,,9606.ENSP00000300659
3801,ATP5MG,10632,O75964,9606.ENSP00000300688
3802,CD3D,915,,9606.ENSP00000300692
3803,RRM1,6240,P23921,9606.ENSP00000300738
3804,TRIM68,55128,,9606.ENSP00000300747
3805,ZNF267,10308,,9606.ENSP00000300870
3806,USP32,84669,,9606.ENSP00000300896
3807,CA4,762,P22748,9606.ENSP00000300900
3808,CAR4,12351,,9606.ENSP00000300900
3809,RAB8A,4218,,9606.ENSP00000300935
3810,PCSK4,54760,,9606.ENSP00000300954
3811,JSRP1,126306,,9606.ENSP00000300961
3812,KLHL26,55295,,9606.ENSP00000300976
3813,MVD,4597,,9606.ENSP00000301012
3814,PIEZO1,9780,,9606.ENSP00000301015
3815,CDT1,81620,,9606.ENSP00000301019
3816,ANKRD11,29123,,9606.ENSP00000301030
3817,LALBA,3906,,9606.ENSP00000301046
3818,CACNB3,784,P54284,9606.ENSP00000301050
3819,WNT10B,7480,,9606.ENSP00000301061
3820,KMT2D,8085,,9606.ENSP00000301067
3821,CYP2A6,1548,P11509,9606.ENSP00000301141
3822,CYP2A7,1549,,9606.ENSP00000301146
3823,GPD1,2819,P21695,9606.ENSP00000301149
3824,PRODH2,58510,,9606.ENSP00000301175
3825,AXL,558,P30530,9606.ENSP00000301178
3826,DIP2B,57609,,9606.ENSP00000301180
3827,CDC42EP5,148170,,9606.ENSP00000301200
3828,LAIR2,3904,,9606.ENSP00000301202
3829,ZNF526,,,9606.ENSP00000301215
3830,GRIK5,2901,Q16478,9606.ENSP00000301218
3831,PPP1R14A,94274,,9606.ENSP00000301242
3832,SPINT2,10653,,9606.ENSP00000301244
3833,PSCA,8000,,9606.ENSP00000301258
3834,LY6D,8581,,9606.ENSP00000301263
3835,TMIGD2,126259,,9606.ENSP00000301272
3836,CHAF1A,10036,,9606.ENSP00000301280
3837,NLRP4,147945,,9606.ENSP00000301295
3838,SLC39A4,55630,,9606.ENSP00000301305
3839,ZNF582,147948,,9606.ENSP00000301310
3840,GLOD4,51031,,9606.ENSP00000301329
3841,RILP,83547,,9606.ENSP00000301336
3842,TRPV3,162514,Q8NET8,9606.ENSP00000301365
3843,CYB5D2,124936,,9606.ENSP00000301391
3844,PELP1,27043,,9606.ENSP00000301396
3845,ZNF577,84765,,9606.ENSP00000301399
3846,CGB1,114335,,9606.ENSP00000301407
3847,CGB3,1082,,9606.ENSP00000301408
3848,CGB5,93659,,9606.ENSP00000301408
3849,CGB8,94115,,9606.ENSP00000301408
3850,KLK1,3816,P06870,9606.ENSP00000301420
3851,ACER1,125981,,9606.ENSP00000301452
3852,ANGPTL4,51129,,9606.ENSP00000301455
3853,NDUFA7,4701,,9606.ENSP00000301457
3854,CD320,51293,,9606.ENSP00000301458
3855,IGFBP6,3489,,9606.ENSP00000301464
3856,SOAT2,8435,,9606.ENSP00000301466
3857,CDK2AP2,10263,,9606.ENSP00000301488
3858,PRDX2,7001,,9606.ENSP00000301522
3859,TPx1,,Q8IL80,9606.ENSP00000301522
3860,ZNF443,10224,,9606.ENSP00000301547
3861,MRPL58,3396,,9606.ENSP00000301585
3862,ATP5PD,10476,,9606.ENSP00000301587
3863,TMEM88,92162,,9606.ENSP00000301599
3864,BIRC5,332,O15392,9606.ENSP00000301633
3865,CYP7A1,1581,,9606.ENSP00000301645
3866,KRT16,3868,P08779,9606.ENSP00000301653
3867,GSDMA,284110,,9606.ENSP00000301659
3868,SOST,50964,,9606.ENSP00000301691
3869,ECI1,1632,,9606.ENSP00000301729
3870,ABCA3,21,,9606.ENSP00000301732
3871,SRRM2,23524,,9606.ENSP00000301740
3872,SDHAF2,54949,,9606.ENSP00000301761
3873,DDB1,1642,,9606.ENSP00000301764
3874,VPS37C,55048,,9606.ENSP00000301765
3875,HNRNPUL2,221092,,9606.ENSP00000301785
3876,POLR2G,5436,,9606.ENSP00000301788
3877,ENTPD3,956,,9606.ENSP00000301825
3878,ULK4,54986,,9606.ENSP00000301831
3879,FADD,8772,,9606.ENSP00000301838
3880,LTBP3,4054,,9606.ENSP00000301873
3881,BATF2,116071,,9606.ENSP00000301887
3882,SLC22A11,55867,Q9NSA0,9606.ENSP00000301891
3883,SCARA3,51435,,9606.ENSP00000301904
3884,PNOC,5368,,9606.ENSP00000301908
3885,SOX7,83595,,9606.ENSP00000301921
3886,TRIM35,23087,,9606.ENSP00000301924
3887,ANTXR1,84168,,9606.ENSP00000301945
3888,ACSM1,116285,,9606.ENSP00000301956
3889,USP42,84132,,9606.ENSP00000301962
3890,MYRIP,25924,,9606.ENSP00000301972
3891,MFF,56947,,9606.ENSP00000302037
3892,C3AR1,719,,9606.ENSP00000302079
3893,LGALS4,3960,,9606.ENSP00000302100
3894,CRYGA,1418,,9606.ENSP00000302105
3895,MGMT,4255,P16455,9606.ENSP00000302111
3896,PRL,5617,,9606.ENSP00000302150
3897,NHLH1,4807,,9606.ENSP00000302189
3898,ATP6V1G2,534,O95670,9606.ENSP00000302194
3899,ATOH1,474,,9606.ENSP00000302216
3900,ALKBH3,221120,Q96Q83,9606.ENSP00000302232
3901,CCL11,6356,,9606.ENSP00000302234
3902,GBX2,2637,,9606.ENSP00000302251
3903,C1QTNF4,114900,,9606.ENSP00000302274
3904,EMB,133418,,9606.ENSP00000302289
3905,LGI3,203190,,9606.ENSP00000302297
3906,RNASE3,6037,P12724,9606.ENSP00000302324
3907,LDHAL6B,92483,,9606.ENSP00000302393
3908,TPST1,8460,,9606.ENSP00000302413
3909,KLF13,51621,,9606.ENSP00000302456
3910,HSPB2,3316,,9606.ENSP00000302476
3911,POLR1D,51082,,9606.ENSP00000302478
3912,MAP2K1,5604,Q02750,9606.ENSP00000302486
3913,BUB1,699,,9606.ENSP00000302530
3914,MDM1,56890,,9606.ENSP00000302537
3915,CXXC5,51523,,9606.ENSP00000302543
3916,HOXD4,3233,,9606.ENSP00000302548
3917,HSPBAP1,79663,,9606.ENSP00000302562
3918,CLEC7A,64581,,9606.ENSP00000302569
3919,LRATD2,157638,,9606.ENSP00000302578
3920,SCEL,8796,,9606.ENSP00000302579
3921,FUT9,10690,,9606.ENSP00000302599
3922,AGXT,189,P21549,9606.ENSP00000302620
3923,LRG1,116844,,9606.ENSP00000302621
3924,AXIN2,8313,,9606.ENSP00000302625
3925,CHSY3,337876,,9606.ENSP00000302629
3926,ONECUT1,3175,,9606.ENSP00000302630
3927,UBTF,7343,,9606.ENSP00000302640
3928,NRTN,4902,,9606.ENSP00000302648
3929,GPR22,2845,,9606.ENSP00000302676
3930,MUC17,140453,,9606.ENSP00000302716
3931,INSL5,10022,,9606.ENSP00000302724
3932,GUSB,2990,,9606.ENSP00000302728
3933,ZNF296,162979,,9606.ENSP00000302770
3934,TRAPPC1,58485,,9606.ENSP00000302783
3935,XPO6,23214,,9606.ENSP00000302790
3936,MTNR1A,4543,P48039,9606.ENSP00000302811
3937,OTP,23440,,9606.ENSP00000302814
3938,MAEA,10296,,9606.ENSP00000302830
3939,PTGER4,5734,P35408,9606.ENSP00000302846
3940,SLC23A1,9963,Q9UHI7,9606.ENSP00000302851
3941,PA2G4,5036,,9606.ENSP00000302886
3942,ARAP2,116984,,9606.ENSP00000302895
3943,AURKC,6795,Q9UQB9,9606.ENSP00000302898
3944,IL17D,53342,,9606.ENSP00000302924
3945,IL16,3603,,9606.ENSP00000302935
3946,HSPA4,3308,,9606.ENSP00000302961
3947,HDAC3,8841,O15379,9606.ENSP00000302967
3948,CDY1,9085,,9606.ENSP00000302968
3949,ZRSR2,8233,,9606.ENSP00000303015
3950,AFAP1L2,84632,,9606.ENSP00000303042
3951,PPIC,5480,,9606.ENSP00000303057
3952,CEP120,153241,,9606.ENSP00000303058
3953,VSTM2A,222008,,9606.ENSP00000303108
3954,VAT1L,57687,,9606.ENSP00000303129
3955,TMED10,10972,,9606.ENSP00000303145
3956,MAT2A,4144,,9606.ENSP00000303147
3957,TMEM37,140738,,9606.ENSP00000303148
3958,COL22A1,169044,,9606.ENSP00000303153
3959,CCDC8,83987,,9606.ENSP00000303158
3960,UGT1A6,54578,P19224,9606.ENSP00000303174
3961,RGL1,23179,,9606.ENSP00000303192
3962,REG1B,5968,,9606.ENSP00000303206
3963,PCSK9,255738,,9606.ENSP00000303208
3964,aceE,,P0AFG8,9606.ENSP00000303211
3965,ACHE,43,P22303,9606.ENSP00000303211
3966,MTCH2,23788,,9606.ENSP00000303222
3967,IL12A,3592,,9606.ENSP00000303231
3968,ACOT12,134526,,9606.ENSP00000303246
3969,ZNF804A,91752,,9606.ENSP00000303252
3970,RNASE2,6036,,9606.ENSP00000303276
3971,JUNB,3726,,9606.ENSP00000303315
3972,TACR3,6870,,9606.ENSP00000303325
3973,DCXR,51181,,9606.ENSP00000303356
3974,H2AC4,8335,,9606.ENSP00000303373
3975,HSPB3,8988,,9606.ENSP00000303394
3976,MTBP,27085,,9606.ENSP00000303398
3977,FNTA,2339,,9606.ENSP00000303423
3978,PTGDR,5729,Q13258,9606.ENSP00000303424
3979,PDS5A,23244,,9606.ENSP00000303427
3980,USP38,84640,,9606.ENSP00000303434
3981,TSNARE1,203062,,9606.ENSP00000303437
3982,TRH,7200,,9606.ENSP00000303452
3983,ZCCHC4,29063,,9606.ENSP00000303468
3984,BCR,613,P11274,9606.ENSP00000303507
3985,FRMD3,257019,,9606.ENSP00000303508
3986,PEX6,5190,,9606.ENSP00000303511
3987,TACR1,6869,P25103,9606.ENSP00000303522
3988,DEFB4A,1673,,9606.ENSP00000303532
3989,DEFB4B,100289462,,9606.ENSP00000303532
3990,SCN1A,6323,P35498,9606.ENSP00000303540
3991,CYTL1,54360,,9606.ENSP00000303550
3992,N6AMT1,29104,,9606.ENSP00000303584
3993,HSFY2,159119,,9606.ENSP00000303599
3994,LRP8,7804,,9606.ENSP00000303634
3995,NTSR2,23620,O95665,9606.ENSP00000303686
3996,CDC25A,993,,9606.ENSP00000303706
3997,UBE2E1,7324,,9606.ENSP00000303709
3998,PPID,5481,,9606.ENSP00000303754
3999,LUZP1,7798,,9606.ENSP00000303758
4000,HTRA3,94031,,9606.ENSP00000303766
4001,AKNA,80709,,9606.ENSP00000303769
4002,PROKR1,10887,,9606.ENSP00000303775
4003,INSR,3643,P06213,9606.ENSP00000303830
4004,DCLK2,166614,Q8N568,9606.ENSP00000303887
4005,ABR,29,,9606.ENSP00000303909
4006,MZB1,51237,,9606.ENSP00000303920
4007,GP9,2815,P14770,9606.ENSP00000303942
4008,CTRB2,440387,,9606.ENSP00000303963
4009,SYCE1,93426,,9606.ENSP00000303978
4010,TMEM43,79188,,9606.ENSP00000303992
4011,GTPBP2,54676,,9606.ENSP00000303997
4012,FOXA3,3171,,9606.ENSP00000304004
4013,RNF139,11236,,9606.ENSP00000304051
4014,FAM83B,222584,,9606.ENSP00000304078
4015,COPS6,10980,,9606.ENSP00000304102
4016,FAM171B,165215,,9606.ENSP00000304108
4017,KCNG3,170850,Q8TAE7,9606.ENSP00000304127
4018,SCG2,7857,,9606.ENSP00000304133
4019,PCNX1,22990,,9606.ENSP00000304192
4020,HIPK3,10114,Q9H422,9606.ENSP00000304226
4021,HINT1,3094,P49773,9606.ENSP00000304229
4022,CDK5R2,8941,,9606.ENSP00000304250
4023,TM4SF1,4071,,9606.ENSP00000304277
4024,RAC3,5881,,9606.ENSP00000304283
4025,FOXI1,2299,,9606.ENSP00000304286
4026,CHRNB1,1140,,9606.ENSP00000304290
4027,ANKRD27,84079,,9606.ENSP00000304292
4028,PYDC1,260434,,9606.ENSP00000304336
4029,POP7,10248,,9606.ENSP00000304353
4030,SMYD4,114826,,9606.ENSP00000304360
4031,C1GALT1C1,29071,,9606.ENSP00000304364
4032,RAB24,53917,,9606.ENSP00000304376
4033,COL3A1,1281,,9606.ENSP00000304408
4034,KREMEN2,79412,,9606.ENSP00000304422
4035,SNX7,51375,,9606.ENSP00000304429
4036,HAS3,3038,,9606.ENSP00000304440
4037,THOP1,7064,,9606.ENSP00000304467
4038,ADORA2B,136,P29275,9606.ENSP00000304501
4039,SIX2,10736,,9606.ENSP00000304502
4040,MPLKIP,136647,,9606.ENSP00000304553
4041,FASN,2194,P49327,9606.ENSP00000304592
4042,ZNHIT1,10467,,9606.ENSP00000304593
4043,MAGI3,260425,,9606.ENSP00000304604
4044,FAM134B,100859798,,9606.ENSP00000304642
4045,RETREG1,54463,,9606.ENSP00000304642
4046,CTNNA1,1495,,9606.ENSP00000304669
4047,ATOH8,84913,,9606.ENSP00000304676
4048,THAP11,57215,,9606.ENSP00000304689
4049,P2RY1,5028,P47900,9606.ENSP00000304767
4050,CES3,23491,,9606.ENSP00000304782
4051,SLC26A5,375611,,9606.ENSP00000304783
4052,DTYMK,1841,,9606.ENSP00000304802
4053,UGT2B7,7364,P16662,9606.ENSP00000304811
4054,CSN3,1448,P07498,9606.ENSP00000304822
4055,UGT1A1,54658,P22309,9606.ENSP00000304845
4056,ATP6V1E2,90423,Q96A05,9606.ENSP00000304891
4057,IRS1,3667,,9606.ENSP00000304895
4058,IL13,3596,,9606.ENSP00000304915
4059,LRRC28,123355,,9606.ENSP00000304923
4060,SOSTDC1,25928,,9606.ENSP00000304930
4061,TCTN2,79867,,9606.ENSP00000304941
4062,ROBO4,54538,,9606.ENSP00000304945
4063,MN1,4330,,9606.ENSP00000304956
4064,PSG8,440533,,9606.ENSP00000305005
4065,RFXANK,8625,,9606.ENSP00000305071
4066,SOCS5,9655,,9606.ENSP00000305133
4067,TRIM56,81844,,9606.ENSP00000305161
4068,CKAP2L,150468,,9606.ENSP00000305204
4069,UGT2B4,7363,P06133,9606.ENSP00000305221
4070,SRP9,6726,,9606.ENSP00000305230
4071,IRX1,79192,,9606.ENSP00000305244
4072,GNB2,2783,,9606.ENSP00000305260
4073,NLGN2,57555,,9606.ENSP00000305288
4074,SLC6A19,340024,,9606.ENSP00000305302
4075,FSTL5,56884,,9606.ENSP00000305334
4076,SOX14,8403,,9606.ENSP00000305343
4077,ADRB2,154,P07550,9606.ENSP00000305372
4078,S1PR1,1901,P21453,9606.ENSP00000305416
4079,CEBPB,1051,,9606.ENSP00000305422
4080,TUB,7275,,9606.ENSP00000305426
4081,COG7,91949,,9606.ENSP00000305442
4082,CNNM3,26505,,9606.ENSP00000305449
4083,FEN1,2237,P39748,9606.ENSP00000305480
4084,SPATA5L1,,,9606.ENSP00000305494
4085,SIRPG,55423,,9606.ENSP00000305529
4086,PCBP1,5093,,9606.ENSP00000305556
4087,B3GNT2,10678,,9606.ENSP00000305595
4088,FUT3,2525,,9606.ENSP00000305603
4089,CPLX1,10815,,9606.ENSP00000305613
4090,HOMER2,9455,,9606.ENSP00000305632
4091,CXCL10,3627,,9606.ENSP00000305651
4092,LETM1,3954,,9606.ENSP00000305653
4093,CAVIN2,8436,,9606.ENSP00000305675
4094,GAA,2548,P10253,9606.ENSP00000305692
4095,HOOK3,84376,,9606.ENSP00000305699
4096,BMP1,649,,9606.ENSP00000305714
4097,mtlD,,O08355,9606.ENSP00000305714
4098,IBTK,25998,,9606.ENSP00000305721
4099,CHST11,50515,,9606.ENSP00000305725
4100,CST1,1469,,9606.ENSP00000305731
4101,LRTOMT,220074,,9606.ENSP00000305742
4102,MRGPRX1,259249,,9606.ENSP00000305766
4103,SMAD1,4086,,9606.ENSP00000305769
4104,SF3B3,23450,,9606.ENSP00000305790
4105,STX18,53407,,9606.ENSP00000305810
4106,TM4SF4,7104,,9606.ENSP00000305852
4107,NMUR1,10316,,9606.ENSP00000305877
4108,TMEM208,29100,,9606.ENSP00000305892
4109,KMT5B,51111,,9606.ENSP00000305899
4110,UTF1,8433,,9606.ENSP00000305906
4111,BRD3,8019,,9606.ENSP00000305918
4112,HTRA4,203100,,9606.ENSP00000305919
4113,PPP4R4,57718,,9606.ENSP00000305924
4114,OTUD7A,161725,,9606.ENSP00000305926
4115,USH2A,7399,,9606.ENSP00000305941
4116,SLCO1A2,6579,,9606.ENSP00000305974
4117,SIK2,23235,Q9H0K1,9606.ENSP00000305976
4118,ALCAM,214,,9606.ENSP00000305988
4119,PGK2,5232,P07205,9606.ENSP00000305995
4120,ATP5ME,,,9606.ENSP00000306003
4121,ARF4,378,,9606.ENSP00000306010
4122,SYNPO2,171024,,9606.ENSP00000306015
4123,NUDT6,11162,,9606.ENSP00000306070
4124,FGB,2244,,9606.ENSP00000306099
4125,PAM,5066,P19021,9606.ENSP00000306100
4126,CEP89,84902,,9606.ENSP00000306105
4127,DDX19A,55308,,9606.ENSP00000306117
4128,RPAP1,26015,,9606.ENSP00000306123
4129,PRKCE,5581,Q02156,9606.ENSP00000306124
4130,DRD5,1816,P21918,9606.ENSP00000306129
4131,GRM5,2915,P41594,9606.ENSP00000306138
4132,IL7R,3575,,9606.ENSP00000306157
4133,ANTXR2,118429,,9606.ENSP00000306185
4134,FOS,2353,P01100,9606.ENSP00000306245
4135,ITPR1,3708,Q14643,9606.ENSP00000306253
4136,KCNK3,3777,O14649,9606.ENSP00000306275
4137,TPD52L1,7164,,9606.ENSP00000306285
4138,GON7,,,9606.ENSP00000306320
4139,YWHAG,7532,,9606.ENSP00000306330
4140,RFX2,5990,,9606.ENSP00000306335
4141,CDKL2,8999,Q92772,9606.ENSP00000306340
4142,TMEM135,65084,,9606.ENSP00000306344
4143,TBCA,6902,,9606.ENSP00000306362
4144,PRSS27,83886,,9606.ENSP00000306390
4145,RNF187,149603,,9606.ENSP00000306396
4146,UQCRFS1,7386,,9606.ENSP00000306397
4147,ARMC4,55130,,9606.ENSP00000306410
4148,GPR37,2861,,9606.ENSP00000306449
4149,B4GALT6,9331,,9606.ENSP00000306459
4150,SPRR1B,6699,,9606.ENSP00000306461
4151,SHCBP1,79801,,9606.ENSP00000306473
4152,CHRM1,1128,P11229,9606.ENSP00000306490
4153,RAB33B,83452,,9606.ENSP00000306496
4154,KCNJ4,3761,P48050,9606.ENSP00000306497
4155,CXCL8,3576,P10145,9606.ENSP00000306512
4156,CAMTA1,23261,,9606.ENSP00000306522
4157,DESI2,51029,,9606.ENSP00000306528
4158,MRPL13,28998,,9606.ENSP00000306548
4159,OGG1,4968,,9606.ENSP00000306561
4160,ISG20,3669,,9606.ENSP00000306565
4161,ADH1B,125,P00325,9606.ENSP00000306606
4162,ASPSCR1,79058,,9606.ENSP00000306625
4163,SLC9C1,285335,,9606.ENSP00000306627
4164,ADRA1B,147,P35368,9606.ENSP00000306662
4165,ANKK1,255239,Q8NFD2,9606.ENSP00000306678
4166,PPM1D,8493,,9606.ENSP00000306682
4167,BOLA2,552900,,9606.ENSP00000306752
4168,BOLA2B,654483,,9606.ENSP00000306752
4169,NEUROD2,4761,,9606.ENSP00000306754
4170,LDB2,9079,,9606.ENSP00000306772
4171,ARL6IP1,23204,,9606.ENSP00000306788
4172,RBKS,64080,,9606.ENSP00000306817
4173,AVEN,57099,,9606.ENSP00000306822
4174,SEMA4C,54910,,9606.ENSP00000306844
4175,VASN,114990,,9606.ENSP00000306864
4176,GABARAP,11337,,9606.ENSP00000306866
4177,SEC23A,10484,,9606.ENSP00000306881
4178,CXCL11,6373,,9606.ENSP00000306884
4179,TMEM126A,84233,,9606.ENSP00000306887
4180,ETV5,2119,,9606.ENSP00000306894
4181,PRND,23627,,9606.ENSP00000306900
4182,MRPL4,51073,,9606.ENSP00000306902
4183,RNF181,51255,,9606.ENSP00000306906
4184,GLB1,2720,P16278,9606.ENSP00000306920
4185,CDCA7,83879,,9606.ENSP00000306968
4186,YEATS2,55689,,9606.ENSP00000306983
4187,HAS2,3037,,9606.ENSP00000306991
4188,MYOZ2,51778,,9606.ENSP00000306997
4189,ESCO2,157570,,9606.ENSP00000306999
4190,APLF,200558,,9606.ENSP00000307004
4191,IRX2,153572,,9606.ENSP00000307006
4192,KLF11,8462,,9606.ENSP00000307023
4193,BNC1,646,,9606.ENSP00000307041
4194,SDC2,6383,,9606.ENSP00000307046
4195,KIF5B,3799,,9606.ENSP00000307078
4196,MAP6,4135,,9606.ENSP00000307093
4197,CST5,1473,,9606.ENSP00000307132
4198,CTNND2,1501,,9606.ENSP00000307134
4199,DONSON,29980,,9606.ENSP00000307143
4200,LAMB2,3913,,9606.ENSP00000307156
4201,RAMAC,83640,,9606.ENSP00000307181
4202,ING2,3622,,9606.ENSP00000307183
4203,ASL,435,P04424,9606.ENSP00000307188
4204,DNAJB7,150353,,9606.ENSP00000307197
4205,AHSP,51327,Q9NZD4,9606.ENSP00000307199
4206,BPTF,2186,,9606.ENSP00000307208
4207,EIF2AK3,9451,,9606.ENSP00000307235
4208,KRT74,121391,,9606.ENSP00000307240
4209,PDHB,5162,,9606.ENSP00000307241
4210,AAMDC,28971,,9606.ENSP00000307254
4211,P2RY12,64805,Q9H244,9606.ENSP00000307259
4212,TBL2,26608,,9606.ENSP00000307260
4213,RPTOR,57521,,9606.ENSP00000307272
4214,SCAMP3,10067,,9606.ENSP00000307275
4215,MYL1,4632,,9606.ENSP00000307280
4216,MCM7,4176,,9606.ENSP00000307288
4217,CAVIN3,112464,,9606.ENSP00000307292
4218,CHST14,113189,,9606.ENSP00000307297
4219,FEM1B,10116,,9606.ENSP00000307298
4220,DDIT4,54541,,9606.ENSP00000307305
4221,HOXC10,3226,,9606.ENSP00000307321
4222,HCN1,348980,,9606.ENSP00000307342
4223,MLLT10,8028,,9606.ENSP00000307411
4224,NECAB2,54550,,9606.ENSP00000307449
4225,MINAR1,23251,,9606.ENSP00000307461
4226,ARNT2,9915,,9606.ENSP00000307479
4227,WDR48,57599,,9606.ENSP00000307491
4228,CALB2,794,P22676,9606.ENSP00000307508
4229,MRC2,9902,,9606.ENSP00000307513
4230,TMPRSS11E,28983,,9606.ENSP00000307519
4231,CST2,1470,,9606.ENSP00000307540
4232,NPTX1,4884,,9606.ENSP00000307549
4233,QARS1,5859,P47897,9606.ENSP00000307567
4234,ZBTB5,9925,,9606.ENSP00000307604
4235,AGAP1,116987,,9606.ENSP00000307634
4236,MORN4,118812,,9606.ENSP00000307636
4237,TTC36,143941,,9606.ENSP00000307640
4238,VPS50,,,9606.ENSP00000307666
4239,CANT1,124583,,9606.ENSP00000307674
4240,TADA3,10474,,9606.ENSP00000307684
4241,ACOX2,8309,,9606.ENSP00000307697
4242,TSPAN5,10098,,9606.ENSP00000307701
4243,CMTM8,152189,,9606.ENSP00000307741
4244,HTR1E,3354,P28566,9606.ENSP00000307766
4245,CYCS,54205,P99999,9606.ENSP00000307786
4246,NPFFR2,10886,,9606.ENSP00000307822
4247,FBXO22,26263,,9606.ENSP00000307833
4248,DRAP1,10589,,9606.ENSP00000307850
4249,MUS81,80198,,9606.ENSP00000307853
4250,ZBTB4,57659,,9606.ENSP00000307858
4251,U2AF2,11338,,9606.ENSP00000307863
4252,RPL13,6137,,9606.ENSP00000307889
4253,GLUL,2752,P15104,9606.ENSP00000307900
4254,CHST2,9435,,9606.ENSP00000307911
4255,GCC2,9648,,9606.ENSP00000307939
4256,EEF2,1938,P13639,9606.ENSP00000307940
4257,DST,667,,9606.ENSP00000307959
4258,METTL18,92342,,9606.ENSP00000307975
4259,TUT1,64852,,9606.ENSP00000308000
4260,PCSK1,5122,,9606.ENSP00000308024
4261,CYP2S1,29785,,9606.ENSP00000308032
4262,OR10P1,,,9606.ENSP00000308082
4263,CD248,57124,,9606.ENSP00000308117
4264,ATP6V0A4,50617,Q9HBG4,9606.ENSP00000308122
4265,AMZ1,155185,,9606.ENSP00000308149
4266,WDR3,10885,,9606.ENSP00000308179
4267,RNASEH2C,84153,,9606.ENSP00000308193
4268,MMP14,4323,,9606.ENSP00000308208
4269,RGMB,285704,,9606.ENSP00000308219
4270,COMMD1,150684,,9606.ENSP00000308236
4271,PPP1R3B,79660,,9606.ENSP00000308318
4272,UTP23,84294,,9606.ENSP00000308332
4273,SEC16B,89866,,9606.ENSP00000308339
4274,MLKL,197259,,9606.ENSP00000308351
4275,P2RY14,9934,Q15391,9606.ENSP00000308361
4276,LEMD3,23592,,9606.ENSP00000308369
4277,RPS6KB2,6199,,9606.ENSP00000308413
4278,CYB5B,80777,,9606.ENSP00000308430
4279,KRT17,3872,,9606.ENSP00000308452
4280,RND1,27289,,9606.ENSP00000308461
4281,EIF4EBP3,8637,,9606.ENSP00000308472
4282,GEMIN2,8487,,9606.ENSP00000308533
4283,GOLT1A,127845,,9606.ENSP00000308535
4284,F2,2147,P00734,9606.ENSP00000308541
4285,ZNHIT2,741,,9606.ENSP00000308548
4286,RHOD,29984,,9606.ENSP00000308576
4287,CENPS,378708,,9606.ENSP00000308583
4288,DLEC1,9940,,9606.ENSP00000308597
4289,AGR3,155465,,9606.ENSP00000308606
4290,GPD2,2820,,9606.ENSP00000308610
4291,GLE1,2733,,9606.ENSP00000308622
4292,INHBC,3626,,9606.ENSP00000308716
4293,MRPL48,51642,,9606.ENSP00000308717
4294,PRSS1,5644,P07477,9606.ENSP00000308720
4295,GABRB3,2562,P28472,9606.ENSP00000308725
4296,GPR151,134391,,9606.ENSP00000308733
4297,CBX2,84733,,9606.ENSP00000308750
4298,TMOD3,29766,,9606.ENSP00000308753
4299,SULT1B1,,O43704,9606.ENSP00000308770
4300,GP6,51206,,9606.ENSP00000308782
4301,CCL19,6363,,9606.ENSP00000308815
4302,RIC3,79608,Q7Z5B4,9606.ENSP00000308820
4303,SNED1,25992,,9606.ENSP00000308893
4304,SLC19A1,6573,P41440,9606.ENSP00000308895
4305,ZCCHC12,170261,,9606.ENSP00000308921
4306,TLR10,81793,,9606.ENSP00000308925
4307,PMP22,5376,,9606.ENSP00000308937
4308,PLG,5340,P00747,9606.ENSP00000308938
4309,HLTF,6596,,9606.ENSP00000308944
4310,PSG1,5669,,9606.ENSP00000308970
4311,VWC2L,402117,,9606.ENSP00000308976
4312,GMPPB,29925,,9606.ENSP00000309092
4313,B4GAT1,11041,,9606.ENSP00000309096
4314,PTPN7,5778,,9606.ENSP00000309116
4315,OLR1,4973,,9606.ENSP00000309124
4316,NSUN5,55695,,9606.ENSP00000309126
4317,MARCHF3,115123,,9606.ENSP00000309141
4318,INPP5D,3635,,9606.ENSP00000309142
4319,PDE12,201626,,9606.ENSP00000309142
4320,ZNF471,57573,,9606.ENSP00000309161
4321,RCE1,9986,,9606.ENSP00000309163
4322,UBE3C,9690,,9606.ENSP00000309198
4323,LRRC7,57554,,9606.ENSP00000309245
4324,USP48,84196,,9606.ENSP00000309262
4325,CHST1,,,9606.ENSP00000309270
4326,RPL15,6138,,9606.ENSP00000309334
4327,HOXC5,3222,,9606.ENSP00000309336
4328,CLCF1,23529,,9606.ENSP00000309338
4329,CD164,8763,,9606.ENSP00000309376
4330,CLTB,1212,,9606.ENSP00000309415
4331,ZDHHC24,254359,,9606.ENSP00000309429
4332,PIGS,94005,,9606.ENSP00000309430
4333,RETREG3,162427,,9606.ENSP00000309432
4334,HOXB9,3219,,9606.ENSP00000309439
4335,VPS41,27072,,9606.ENSP00000309457
4336,PSMD1,5707,,9606.ENSP00000309474
4337,ACO1,48,,9606.ENSP00000309477
4338,GPRC6A,222545,,9606.ENSP00000309493
4339,SLC26A7,115111,,9606.ENSP00000309504
4340,PHYHD1,254295,,9606.ENSP00000309515
4341,LIME1,54923,,9606.ENSP00000309521
4342,CSHL1,1444,,9606.ENSP00000309524
4343,DAPL1,92196,,9606.ENSP00000309538
4344,PGA5,5222,,9606.ENSP00000309542
4345,HCFC1,3054,,9606.ENSP00000309555
4346,UQCRH,7388,,9606.ENSP00000309565
4347,KLF7,8609,,9606.ENSP00000309570
4348,TERT,7015,O14746,9606.ENSP00000309572
4349,PRKACA,5566,P17612,9606.ENSP00000309591
4350,ATXN8,724066,,9606.ENSP00000309595
4351,TWNK,56652,,9606.ENSP00000309595
4352,MAP3K11,4296,Q16584,9606.ENSP00000309597
4353,ZNF408,79797,,9606.ENSP00000309606
4354,XXYLT1,152002,,9606.ENSP00000309640
4355,BOD1,91272,,9606.ENSP00000309644
4356,GLIS1,148979,,9606.ENSP00000309653
4357,SH3PXD2B,285590,,9606.ENSP00000309714
4358,SLCO4C1,,Q6ZQN7,9606.ENSP00000309741
4359,APOBEC3F,200316,,9606.ENSP00000309749
4360,NLRP6,171389,,9606.ENSP00000309767
4361,CPED1,79974,,9606.ENSP00000309772
4362,TBC1D16,125058,,9606.ENSP00000309794
4363,RPL38,,,9606.ENSP00000309830
4364,TBX5,6910,,9606.ENSP00000309913
4365,SPNS1,83985,,9606.ENSP00000309945
4366,EFEMP2,30008,,9606.ENSP00000309953
4367,ADAM17,6868,,9606.ENSP00000309968
4368,CNIH2,254263,,9606.ENSP00000310003
4369,NR1D2,9975,,9606.ENSP00000310006
4370,CD34,947,,9606.ENSP00000310036
4371,FAM53A,152877,,9606.ENSP00000310057
4372,TAOK2,9344,Q9UL54,9606.ENSP00000310094
4373,PPP1R14B,26472,,9606.ENSP00000310117
4374,PSMD2,5708,,9606.ENSP00000310129
4375,CYP2W1,54905,,9606.ENSP00000310149
4376,FOSL1,8061,,9606.ENSP00000310170
4377,SLC5A6,8884,Q9Y289,9606.ENSP00000310208
4378,KLRC4,8302,,9606.ENSP00000310216
4379,HSPA6,3310,,9606.ENSP00000310219
4380,RAB1B,81876,,9606.ENSP00000310226
4381,RASGRP1,10125,,9606.ENSP00000310244
4382,INTS6,26512,,9606.ENSP00000310260
4383,TNFRSF10D,8793,,9606.ENSP00000310263
4384,SP3,6670,,9606.ENSP00000310301
4385,P2RY2,5029,P41231,9606.ENSP00000310305
4386,RESF1,55196,,9606.ENSP00000310338
4387,RMI2,116028,,9606.ENSP00000310356
4388,MLC1,23209,,9606.ENSP00000310375
4389,XCR1,2829,,9606.ENSP00000310405
4390,RIN1,9610,,9606.ENSP00000310406
4391,GLS2,27165,Q9UI32,9606.ENSP00000310447
4392,SART1,9092,,9606.ENSP00000310448
4393,AKIP1,56672,,9606.ENSP00000310459
4394,ARHGAP1,392,,9606.ENSP00000310491
4395,PRM1,5619,,9606.ENSP00000310515
4396,ERCC4,2072,,9606.ENSP00000310520
4397,LCLAT1,253558,,9606.ENSP00000310551
4398,KCNE3,10008,Q9Y6H6,9606.ENSP00000310557
4399,PSMC5,5705,,9606.ENSP00000310572
4400,PCP2,126006,,9606.ENSP00000310585
4401,MAP9,79884,,9606.ENSP00000310593
4402,LSM1,27257,,9606.ENSP00000310596
4403,SNX32,254122,,9606.ENSP00000310620
4404,ISCU,23479,,9606.ENSP00000310623
4405,MRGPRD,116512,,9606.ENSP00000310631
4406,OR8S1,341568,,9606.ENSP00000310632
4407,BRSK1,84446,,9606.ENSP00000310649
4408,NDST2,8509,,9606.ENSP00000310657
4409,SCUBE2,57758,,9606.ENSP00000310658
4410,PDE7B,27115,Q9NP56,9606.ENSP00000310661
4411,NUP93,9688,,9606.ENSP00000310668
4412,CCAR2,57805,,9606.ENSP00000310670
4413,ABCD2,225,,9606.ENSP00000310688
4414,B4GALT2,8704,,9606.ENSP00000310696
4415,CYP7B1,9420,,9606.ENSP00000310721
4416,MOS,4342,,9606.ENSP00000310722
4417,DDX23,9416,,9606.ENSP00000310723
4418,OR5J2,282775,,9606.ENSP00000310788
4419,CTSF,8722,,9606.ENSP00000310832
4420,FBXO31,79791,,9606.ENSP00000310841
4421,FANCI,55215,,9606.ENSP00000310842
4422,KRT2,3849,P35908,9606.ENSP00000310861
4423,COQ2,27235,,9606.ENSP00000310873
4424,MAL,4118,,9606.ENSP00000310880
4425,CSRP2,1466,,9606.ENSP00000310901
4426,PPARD,5467,Q03181,9606.ENSP00000310928
4427,MADD,8567,,9606.ENSP00000310933
4428,MAPK7,5598,Q13164,9606.ENSP00000311005
4429,ELF5,2001,,9606.ENSP00000311010
4430,ABCC12,94160,,9606.ENSP00000311030
4431,CASP3,836,P42574,9606.ENSP00000311032
4432,CD200R1,131450,,9606.ENSP00000311035
4433,CKS1B,1163,P61024,9606.ENSP00000311083
4434,CYP4A11,1579,Q02928,9606.ENSP00000311095
4435,PSMA8,,,9606.ENSP00000311121
4436,VEGFB,7423,,9606.ENSP00000311127
4437,AQP1,358,P29972,9606.ENSP00000311165
4438,NPAS4,266743,,9606.ENSP00000311196
4439,TRIM59,286827,,9606.ENSP00000311219
4440,ZMAT3,64393,,9606.ENSP00000311221
4441,ACOT1,641371,,9606.ENSP00000311224
4442,DNAH7,56171,,9606.ENSP00000311273
4443,ELF4,2000,,9606.ENSP00000311280
4444,PROP1,5626,,9606.ENSP00000311290
4445,SLCO2A1,6578,,9606.ENSP00000311291
4446,CTSW,1521,,9606.ENSP00000311300
4447,CST6,1474,,9606.ENSP00000311313
4448,ATG4D,84971,,9606.ENSP00000311318
4449,ZNF417,147687,,9606.ENSP00000311319
4450,PPP2R1B,5519,,9606.ENSP00000311344
4451,RAD9A,5883,,9606.ENSP00000311360
4452,MUCL1,118430,,9606.ENSP00000311364
4453,POLD4,57804,,9606.ENSP00000311368
4454,ADCY6,112,,9606.ENSP00000311405
4455,RPL4,6124,P36578,9606.ENSP00000311430
4456,RAB6A,5870,,9606.ENSP00000311449
4457,GSTM1,2944,P09488,9606.ENSP00000311469
4458,ISX,91464,,9606.ENSP00000311492
4459,HEG1,57493,,9606.ENSP00000311502
4460,IQCB1,9657,,9606.ENSP00000311505
4461,RSF1,51773,,9606.ENSP00000311513
4462,GPR162,27239,,9606.ENSP00000311528
4463,ARR3,407,,9606.ENSP00000311538
4464,ADGRE1,2015,,9606.ENSP00000311545
4465,TNKS,8658,,9606.ENSP00000311579
4466,SPSB4,92369,,9606.ENSP00000311609
4467,UGT8,7368,,9606.ENSP00000311648
4468,PPP1R8,5511,,9606.ENSP00000311677
4469,SPEG,10290,,9606.ENSP00000311684
4470,NIPAL4,348938,,9606.ENSP00000311687
4471,CCDC85B,11007,,9606.ENSP00000311695
4472,FGF5,2250,,9606.ENSP00000311697
4473,OXSR1,9943,O95747,9606.ENSP00000311713
4474,KLK10,5655,,9606.ENSP00000311746
4475,coaA,,P0A6I3,9606.ENSP00000311747
4476,RBM14,10432,,9606.ENSP00000311747
4477,RBM14-RBM4,100526737,,9606.ENSP00000311747
4478,REST,5978,,9606.ENSP00000311816
4479,CTBP2,1488,,9606.ENSP00000311825
4480,MSL2,55167,,9606.ENSP00000311827
4481,SLC37A2,219855,,9606.ENSP00000311833
4482,SNTG2,54221,,9606.ENSP00000311837
4483,PTPN2,5771,,9606.ENSP00000311857
4484,DAW1,164781,,9606.ENSP00000311899
4485,LTBP4,8425,,9606.ENSP00000311905
4486,GGA2,23062,,9606.ENSP00000311962
4487,NAXD,55739,,9606.ENSP00000311984
4488,NEFH,4744,,9606.ENSP00000311997
4489,HAVCR2,84868,,9606.ENSP00000312002
4490,FUT1,2523,,9606.ENSP00000312021
4491,CD7,924,,9606.ENSP00000312027
4492,SRP68,6730,,9606.ENSP00000312066
4493,PCDHGC3,5098,,9606.ENSP00000312070
4494,TLR8,51311,Q9NR97,9606.ENSP00000312082
4495,UBXN2A,165324,,9606.ENSP00000312107
4496,ADCY4,196883,,9606.ENSP00000312126
4497,KCNG4,93107,Q8TDN1,9606.ENSP00000312129
4498,PRG2,5553,,9606.ENSP00000312134
4499,TNS3,64759,,9606.ENSP00000312143
4500,TRIB1,10221,,9606.ENSP00000312150
4501,BTN2A1,11120,,9606.ENSP00000312158
4502,ELMO1,9844,,9606.ENSP00000312185
4503,ZHX3,23051,,9606.ENSP00000312222
4504,GRK2,156,P25098,9606.ENSP00000312262
4505,YPEL2,388403,,9606.ENSP00000312272
4506,LGI4,163175,,9606.ENSP00000312273
4507,SPESP1,246777,,9606.ENSP00000312284
4508,PLA2G1B,5319,P04054,9606.ENSP00000312286
4509,MOBP,4336,,9606.ENSP00000312293
4510,TPMT,7172,P51580,9606.ENSP00000312304
4511,ZNRD2,10534,,9606.ENSP00000312318
4512,AOC3,8639,Q16853,9606.ENSP00000312326
4513,TRMT10C,54931,,9606.ENSP00000312356
4514,CD84,8832,,9606.ENSP00000312367
4515,KMT2E,55904,,9606.ENSP00000312379
4516,EVX2,344191,,9606.ENSP00000312385
4517,KLHL3,26249,,9606.ENSP00000312397
4518,CCDC63,160762,,9606.ENSP00000312399
4519,PPM1E,22843,,9606.ENSP00000312411
4520,SSX5,6758,,9606.ENSP00000312415
4521,CFLAR,8837,,9606.ENSP00000312455
4522,BAALC,79870,,9606.ENSP00000312457
4523,ARV1,64801,,9606.ENSP00000312458
4524,CSPG4,1464,,9606.ENSP00000312506
4525,LRFN4,78999,,9606.ENSP00000312535
4526,TMEM70,54968,,9606.ENSP00000312599
4527,NFYC,4802,,9606.ENSP00000312617
4528,ACAD9,28976,,9606.ENSP00000312618
4529,TCAP,8557,,9606.ENSP00000312624
4530,INSM1,3642,,9606.ENSP00000312631
4531,PDLIM2,64236,,9606.ENSP00000312634
4532,PPARGC1B,133522,Q86YN6,9606.ENSP00000312649
4533,LEP,3952,,9606.ENSP00000312652
4534,CHRNA9,55584,Q9UGM1,9606.ENSP00000312663
4535,CASP2,835,,9606.ENSP00000312664
4536,GH1,2688,,9606.ENSP00000312673
4537,TRIM72,493829,,9606.ENSP00000312675
4538,B3GNT8,374907,,9606.ENSP00000312700
4539,CCDC65,85478,,9606.ENSP00000312706
4540,TAF7,6879,,9606.ENSP00000312709
4541,CAMKK2,10645,Q96RR4,9606.ENSP00000312741
4542,IFT80,57560,,9606.ENSP00000312778
4543,KCNK10,54207,,9606.ENSP00000312811
4544,MLXIP,22877,,9606.ENSP00000312834
4545,SEZ6,124925,,9606.ENSP00000312942
4546,STAB1,23166,,9606.ENSP00000312946
4547,USP39,10713,,9606.ENSP00000312981
4548,HNF4A,3172,,9606.ENSP00000312987
4549,NFKBIB,4793,,9606.ENSP00000312988
4550,CLSPN,63967,,9606.ENSP00000312995
4551,GNAI2,2771,,9606.ENSP00000312999
4552,PABPC1,26986,,9606.ENSP00000313007
4553,FBXW5,54461,,9606.ENSP00000313034
4554,NIPSNAP2,2631,,9606.ENSP00000313050
4555,EXD2,55218,,9606.ENSP00000313140
4556,ZNF366,167465,,9606.ENSP00000313158
4557,NPHP1,4867,,9606.ENSP00000313169
4558,ATAD5,79915,,9606.ENSP00000313171
4559,BVES,11149,,9606.ENSP00000313172
4560,HNRNPD,3184,Q14103,9606.ENSP00000313199
4561,HSF5,124535,,9606.ENSP00000313243
4562,FUZ,80199,,9606.ENSP00000313309
4563,SLC35C1,55343,,9606.ENSP00000313318
4564,RNASEH1,246243,,9606.ENSP00000313350
4565,PANK2,80025,,9606.ENSP00000313377
4566,DAB2,1601,,9606.ENSP00000313391
4567,CD19,930,,9606.ENSP00000313419
4568,PRKDC,5591,P78527,9606.ENSP00000313420
4569,GFRA4,64096,,9606.ENSP00000313423
4570,GRHPR,9380,,9606.ENSP00000313432
4571,MMP19,4327,,9606.ENSP00000313437
4572,UBA6,55236,,9606.ENSP00000313454
4573,PFAS,5198,O15067,9606.ENSP00000313490
4574,LGALS7,3963,,9606.ENSP00000313571
4575,LGALS7B,653499,,9606.ENSP00000313571
4576,KLK2,3817,,9606.ENSP00000313581
4577,ZNF436,80818,,9606.ENSP00000313582
4578,CC2D1A,54862,,9606.ENSP00000313601
4579,ABCF1,23,,9606.ENSP00000313603
4580,ALS2CL,259173,,9606.ENSP00000313670
4581,SPHK1,8877,Q9NYA1,9606.ENSP00000313681
4582,FTMT,94033,,9606.ENSP00000313691
4583,SSNA1,8636,,9606.ENSP00000313752
4584,AMBN,258,,9606.ENSP00000313809
4585,USP20,10868,,9606.ENSP00000313811
4586,KHDRBS1,10657,,9606.ENSP00000313829
4587,PDS5B,23047,,9606.ENSP00000313851
4588,CLPTM1L,81037,,9606.ENSP00000313854
4589,GORASP1,64689,,9606.ENSP00000313869
4590,CD46,4179,,9606.ENSP00000313875
4591,TSFM,10102,,9606.ENSP00000313877
4592,MKRN3,7681,,9606.ENSP00000313881
4593,MSRA,4482,,9606.ENSP00000313921
4594,AURKB,9212,Q96GD4,9606.ENSP00000313950
4595,TTC27,55622,,9606.ENSP00000313953
4596,C1QB,713,P02746,9606.ENSP00000313967
4597,NSD3,54904,,9606.ENSP00000313983
4598,ANAPC2,29882,,9606.ENSP00000314004
4599,SIDT2,51092,,9606.ENSP00000314023
4600,SENP3,26168,,9606.ENSP00000314029
4601,DNAJA2,10294,,9606.ENSP00000314030
4602,MRGPRX4,117196,,9606.ENSP00000314042
4603,PAK2,5062,Q13177,9606.ENSP00000314067
4604,HIC1,3090,,9606.ENSP00000314080
4605,CA5B,,Q9Y2D0,9606.ENSP00000314099
4606,TMEM107,84314,,9606.ENSP00000314116
4607,TFE3,7030,,9606.ENSP00000314129
4608,BOK,666,,9606.ENSP00000314132
4609,KLK3,354,,9606.ENSP00000314151
4610,SNAP47,116841,,9606.ENSP00000314157
4611,SAMD12,401474,,9606.ENSP00000314173
4612,MBOAT4,619373,,9606.ENSP00000314196
4613,CFHR1,3078,,9606.ENSP00000314299
4614,DDX10,1662,,9606.ENSP00000314348
4615,GRINA,2907,,9606.ENSP00000314380
4616,PRMT9,90826,,9606.ENSP00000314396
4617,CA8,767,P35219,9606.ENSP00000314407
4618,PER1;per1,5187,P37321,9606.ENSP00000314420
4619,METTL1,4234,,9606.ENSP00000314441
4620,WDR35,57539,,9606.ENSP00000314444
4621,GAK,2580,O14976,9606.ENSP00000314499
4622,GALNT14,79623,,9606.ENSP00000314500
4623,MCM9,254394,,9606.ENSP00000314505
4624,GBA;GBA1,2629,,9606.ENSP00000314508
4625,GBA1,,,9606.ENSP00000314508
4626,LYSMD3,116068,,9606.ENSP00000314518
4627,UACA,55075,,9606.ENSP00000314556
4628,SGSH,6448,,9606.ENSP00000314606
4629,ZFAND2A,90637,,9606.ENSP00000314619
4630,ALDH5A1,7915,P51649,9606.ENSP00000314649
4631,ZHX2,22882,,9606.ENSP00000314709
4632,PPFIBP1,,,9606.ENSP00000314724
4633,TOLLIP,54472,,9606.ENSP00000314733
4634,BOLL,66037,,9606.ENSP00000314792
4635,FOXR1,283150,,9606.ENSP00000314806
4636,IL1RAP,3556,,9606.ENSP00000314807
4637,ALOXE3,59344,,9606.ENSP00000314879
4638,ANGPT2,285,,9606.ENSP00000314897
4639,LRRN1,57633,,9606.ENSP00000314901
4640,RPRM,56475,,9606.ENSP00000314946
4641,IL20RA,53832,,9606.ENSP00000314976
4642,SLC28A2,9153,,9606.ENSP00000315006
4643,EDNRA,1909,P25101,9606.ENSP00000315011
4644,CRAT,1384,P43155,9606.ENSP00000315013
4645,PPP1R42,286187,,9606.ENSP00000315035
4646,MAGEF1,64110,,9606.ENSP00000315064
4647,RNF31,55072,,9606.ENSP00000315112
4648,COQ8B,,Q96D53,9606.ENSP00000315118
4649,CLU,1191,P10909,9606.ENSP00000315130
4650,APBA3,9546,,9606.ENSP00000315136
4651,SGPP2,130367,,9606.ENSP00000315137
4652,METAP1D,254042,,9606.ENSP00000315152
4653,SHQ1,55164,,9606.ENSP00000315182
4654,ITGA3,3675,,9606.ENSP00000315190
4655,GLTP,51228,Q9NZD2,9606.ENSP00000315263
4656,KIAA1549L,25758,,9606.ENSP00000315295
4657,CALML3,810,,9606.ENSP00000315299
4658,D2HGDH,728294,,9606.ENSP00000315351
4659,ARL6IP6,151188,,9606.ENSP00000315357
4660,ANO5,203859,,9606.ENSP00000315371
4661,PRPF3,9129,,9606.ENSP00000315379
4662,ASPRV1,151516,,9606.ENSP00000315383
4663,POGLUT3,143888,,9606.ENSP00000315386
4664,TMEM102,284114,,9606.ENSP00000315387
4665,OSBPL3,26031,,9606.ENSP00000315410
4666,ALX1,8092,,9606.ENSP00000315417
4667,DSCAML1,57453,,9606.ENSP00000315465
4668,CD209,30835,,9606.ENSP00000315477
4669,AVL9,23080,,9606.ENSP00000315568
4670,DIS3L2,129563,,9606.ENSP00000315569
4671,CHRNA3,1136,P32297,9606.ENSP00000315602
4672,SWAP70,23075,,9606.ENSP00000315630
4673,TYMS,7298,P04818,9606.ENSP00000315644
4674,KCNG2,,Q9UJ96,9606.ENSP00000315654
4675,DNMBP,23268,,9606.ENSP00000315659
4676,PEX7,5191,,9606.ENSP00000315680
4677,CHAF1B,8208,,9606.ENSP00000315700
4678,MOB4,25843,,9606.ENSP00000315702
4679,SSH1,54434,,9606.ENSP00000315713
4680,METRNL,284207,,9606.ENSP00000315731
4681,CCNG2,901,,9606.ENSP00000315743
4682,STAT2,6773,,9606.ENSP00000315768
4683,NDUFS8,4728,,9606.ENSP00000315774
4684,COG4,25839,,9606.ENSP00000315775
4685,CSTF3,1479,,9606.ENSP00000315791
4686,ANXA2R,389289,,9606.ENSP00000315915
4687,AHCYL2,23382,,9606.ENSP00000315931
4688,HOXD8,3234,,9606.ENSP00000315949
4689,LILRB1,10859,,9606.ENSP00000315997
4690,SPAG11A,653423,,9606.ENSP00000316012
4691,SPAG11B,10407,,9606.ENSP00000316012
4692,TLN1,7094,,9606.ENSP00000316029
4693,NUP98,4928,,9606.ENSP00000316032
4694,DVL3,1857,,9606.ENSP00000316054
4695,AGGF1,55109,,9606.ENSP00000316109
4696,SGF29,112869,,9606.ENSP00000316114
4697,SFTPC,6440,,9606.ENSP00000316152
4698,UBE2N,7334,,9606.ENSP00000316176
4699,CLEC4M,10332,,9606.ENSP00000316228
4700,HTR1A,3350,P08908,9606.ENSP00000316244
4701,SCD5,79966,,9606.ENSP00000316329
4702,FARS2,10667,,9606.ENSP00000316335
4703,BAIAP2,10458,,9606.ENSP00000316338
4704,USP9X,8239,,9606.ENSP00000316357
4705,DLGAP1,9229,,9606.ENSP00000316377
4706,CSH1,1442,,9606.ENSP00000316416
4707,PACS1,55690,,9606.ENSP00000316454
4708,DEGS1,8560,,9606.ENSP00000316476
4709,DCAF4L2,138009,,9606.ENSP00000316496
4710,TLK2,11011,Q86UE8,9606.ENSP00000316512
4711,ZNF609,23060,,9606.ENSP00000316527
4712,RAPH1,65059,,9606.ENSP00000316543
4713,SUZ12,23512,,9606.ENSP00000316578
4714,RANBP10,57610,,9606.ENSP00000316589
4715,CNGB3,54714,,9606.ENSP00000316605
4716,OSBPL2,9885,,9606.ENSP00000316649
4717,ACTL9,284382,,9606.ENSP00000316674
4718,PVRIG,79037,,9606.ENSP00000316675
4719,RHOJ,57381,,9606.ENSP00000316729
4720,BIN1,274,,9606.ENSP00000316779
4721,NBPF3,84224,,9606.ENSP00000316782
4722,HSD11B2,3291,P80365,9606.ENSP00000316786
4723,RTL3,203430,,9606.ENSP00000316794
4724,PITPNA,5306,,9606.ENSP00000316809
4725,GPM6B,2824,,9606.ENSP00000316861
4726,P3H2,55214,Q8IVL5,9606.ENSP00000316881
4727,SFXN1,94081,,9606.ENSP00000316905
4728,SLC17A8,246213,,9606.ENSP00000316909
4729,ACSS1,84532,Q9NUB1,9606.ENSP00000316924
4730,TMEM31,203562,,9606.ENSP00000316940
4731,CLK4,,Q9HAZ1,9606.ENSP00000316948
4732,TM6SF1,53346,,9606.ENSP00000317000
4733,RMI1,80010,,9606.ENSP00000317039
4734,SNRNP200,23020,,9606.ENSP00000317123
4735,PLXND1,23129,,9606.ENSP00000317128
4736,PIBF1,10464,,9606.ENSP00000317144
4737,CYC1,1537,,9606.ENSP00000317159
4738,PLEKHD1,400224,,9606.ENSP00000317175
4739,PLD6,201164,,9606.ENSP00000317177
4740,FKBP10,60681,,9606.ENSP00000317232
4741,CPNE1,8904,Q99829,9606.ENSP00000317257
4742,MET,4233,P08581,9606.ENSP00000317272
4743,UBASH3A,53347,,9606.ENSP00000317327
4744,SSR4,6748,,9606.ENSP00000317331
4745,NEUROG2,63973,,9606.ENSP00000317333
4746,TCP1,6950,,9606.ENSP00000317334
4747,MRPS11,64963,,9606.ENSP00000317376
4748,GLS,2744,O94925,9606.ENSP00000317379
4749,CHST13,166012,,9606.ENSP00000317404
4750,BBS1,582,,9606.ENSP00000317469
4751,RABGGTB,5876,,9606.ENSP00000317473
4752,GRK3,157,P35626,9606.ENSP00000317578
4753,C16orf58,64755,,9606.ENSP00000317579
4754,TPPP2,122664,,9606.ENSP00000317595
4755,ZNF518B,85460,,9606.ENSP00000317614
4756,RECQL5,9400,,9606.ENSP00000317636
4757,APOL1,8542,O14791,9606.ENSP00000317674
4758,ZFP42,132625,,9606.ENSP00000317686
4759,STX4,6810,,9606.ENSP00000317714
4760,STX4A,20909,,9606.ENSP00000317714
4761,PIPOX,51268,Q9P0Z9,9606.ENSP00000317721
4762,COX5A,9377,P20674,9606.ENSP00000317780
4763,SPTBN5,51332,,9606.ENSP00000317790
4764,SH2D3C,10044,,9606.ENSP00000317817
4765,RBBP6,5930,,9606.ENSP00000317872
4766,TNIP1,10318,,9606.ENSP00000317891
4767,RPTN,126638,,9606.ENSP00000317895
4768,CEP57,9702,,9606.ENSP00000317902
4769,GYS1,2997,,9606.ENSP00000317904
4770,WDTC1,23038,,9606.ENSP00000317971
4771,ROCK2,9475,O75116,9606.ENSP00000317985
4772,NOC2L,26155,,9606.ENSP00000317992
4773,DUOX1,53905,,9606.ENSP00000317997
4774,WASHC5,9897,,9606.ENSP00000318016
4775,EGR3,1960,,9606.ENSP00000318057
4776,SCMH1,22955,,9606.ENSP00000318094
4777,CLDN22,53842,,9606.ENSP00000318113
4778,FUT7,2529,,9606.ENSP00000318142
4779,EDEM3,80267,,9606.ENSP00000318147
4780,OS9,10956,,9606.ENSP00000318165
4781,PRKRA,8575,,9606.ENSP00000318176
4782,FUBP3,8939,,9606.ENSP00000318177
4783,NCL,4691,,9606.ENSP00000318195
4784,TUBA3E,,,9606.ENSP00000318197
4785,COL26A1,,,9606.ENSP00000318234
4786,CSRNP3,80034,,9606.ENSP00000318258
4787,PROM2,150696,,9606.ENSP00000318270
4788,RUVBL1,8607,,9606.ENSP00000318297
4789,TENT5A,55603,,9606.ENSP00000318298
4790,MPI,4351,,9606.ENSP00000318318
4791,BCKDHB,594,,9606.ENSP00000318351
4792,AQP10,89872,,9606.ENSP00000318355
4793,ZNF513,130557,,9606.ENSP00000318373
4794,KIAA0319L,79932,,9606.ENSP00000318406
4795,CCDC114,93233,,9606.ENSP00000318429
4796,FDCSP,260436,,9606.ENSP00000318437
4797,YME1L1,10730,,9606.ENSP00000318480
4798,CDK5R1,8851,,9606.ENSP00000318486
4799,BACE1,23621,,9606.ENSP00000318585
4800,PRTFDC1,56952,,9606.ENSP00000318602
4801,MAF1,84232,,9606.ENSP00000318604
4802,LDLRAD3,143458,,9606.ENSP00000318607
4803,VPS37A,137492,,9606.ENSP00000318629
4804,SUMO4,387082,,9606.ENSP00000318635
4805,INTS3,65123,,9606.ENSP00000318641
4806,RPS15A,6210,,9606.ENSP00000318646
4807,GREM2,64388,,9606.ENSP00000318650
4808,GCFC2,6936,,9606.ENSP00000318690
4809,TUBB6,84617,Q9BUF5,9606.ENSP00000318697
4810,BHLHE22,27319,,9606.ENSP00000318799
4811,SYTL2,54843,,9606.ENSP00000318803
4812,CRLF3,51379,,9606.ENSP00000318804
4813,GCC1,79571,,9606.ENSP00000318821
4814,BID,637,,9606.ENSP00000318822
4815,SF3B2,10992,,9606.ENSP00000318861
4816,CYP8B1,1582,,9606.ENSP00000318867
4817,SHMT1,6470,P34896,9606.ENSP00000318868
4818,FMN2,56776,,9606.ENSP00000318884
4819,CA13,377677,Q8N1Q1,9606.ENSP00000318912
4820,PNMA1,9240,,9606.ENSP00000318914
4821,MARCO,8685,Q9UEW3,9606.ENSP00000318916
4822,TRAF7,84231,,9606.ENSP00000318944
4823,PINX1,54984,,9606.ENSP00000318966
4824,EPSTI1,94240,,9606.ENSP00000318982
4825,NSUN3,,,9606.ENSP00000318986
4826,CETN1,1068,,9606.ENSP00000319052
4827,ZNF77,58492,,9606.ENSP00000319053
4828,CAMK2G,818,Q13555,9606.ENSP00000319060
4829,RAP2B,5912,,9606.ENSP00000319096
4830,GSX2,170825,,9606.ENSP00000319118
4831,CYBRD1,79901,,9606.ENSP00000319141
4832,PRMT5,10419,,9606.ENSP00000319169
4833,KDF1,126695,,9606.ENSP00000319179
4834,STK17A,9263,Q9UEE5,9606.ENSP00000319192
4835,PHLDA2,7262,,9606.ENSP00000319231
4836,CHORDC1,26973,,9606.ENSP00000319255
4837,BASP1,10409,,9606.ENSP00000319281
4838,KCNMB3,27094,Q9NPA1,9606.ENSP00000319370
4839,ARMC10,83787,,9606.ENSP00000319412
4840,SKA3,221150,,9606.ENSP00000319417
4841,CPN2,,P22792,9606.ENSP00000319464
4842,ICOS,29851,,9606.ENSP00000319476
4843,TSPAN16,26526,,9606.ENSP00000319486
4844,UGDH,7358,,9606.ENSP00000319501
4845,GCSH,2653,P23434,9606.ENSP00000319531
4846,KCND3,3752,Q9UK17,9606.ENSP00000319591
4847,SNAPC5,10302,,9606.ENSP00000319597
4848,SULT1C2,6819,O00338,9606.ENSP00000319622
4849,CXCR2,3579,P25025,9606.ENSP00000319635
4850,NUDC,10726,,9606.ENSP00000319664
4851,DUOXA2,405753,,9606.ENSP00000319705
4852,AGTRAP,57085,,9606.ENSP00000319713
4853,PRSS8,5652,,9606.ENSP00000319730
4854,RCN2,5955,,9606.ENSP00000319739
4855,GPR4,2828,,9606.ENSP00000319744
4856,TNS2,23371,,9606.ENSP00000319756
4857,RAB43,339122,,9606.ENSP00000319781
4858,NQO1,1728,P15559,9606.ENSP00000319788
4859,PCK1,5105,P35558,9606.ENSP00000319814
4860,OPA3,80207,,9606.ENSP00000319817
4861,ZNF687,57592,,9606.ENSP00000319829
4862,DEF6,50619,,9606.ENSP00000319831
4863,SLURP2,432355,,9606.ENSP00000319846
4864,CHDH,55349,Q8NE62,9606.ENSP00000319851
4865,ADGRE2,30817,,9606.ENSP00000319883
4866,TCIM,56892,,9606.ENSP00000319914
4867,ITFG1,81533,,9606.ENSP00000319918
4868,BBX,56987,,9606.ENSP00000319974
4869,B3GNTL1,146712,,9606.ENSP00000319979
4870,SLC16A6,9120,,9606.ENSP00000319991
4871,TMEM11,8834,,9606.ENSP00000319992
4872,MPDZ,8777,,9606.ENSP00000320006
4873,CACNB2,783,Q08289,9606.ENSP00000320025
4874,LYPLA1,10434,,9606.ENSP00000320043
4875,DIPK2A,205428,,9606.ENSP00000320081
4876,CD276,80381,,9606.ENSP00000320084
4877,NKX2-6,137814,,9606.ENSP00000320089
4878,SH3GL3,6457,,9606.ENSP00000320092
4879,TRIP10,9322,,9606.ENSP00000320117
4880,DYNC1I1,1780,,9606.ENSP00000320130
4881,EZH2,2146,Q15910,9606.ENSP00000320147
4882,PKM,5315,P14618,9606.ENSP00000320171
4883,HCLS1,3059,,9606.ENSP00000320176
4884,GHRHR,2692,Q02643,9606.ENSP00000320180
4885,MRPS23,51649,,9606.ENSP00000320184
4886,CIDEA,1149,,9606.ENSP00000320209
4887,SLC9A9,285195,,9606.ENSP00000320246
4888,AQP6,363,,9606.ENSP00000320247
4889,OSBPL1A,114876,,9606.ENSP00000320291
4890,TUBB3,10381,Q13509,9606.ENSP00000320295
4891,NPEPPS,9520,P55786,9606.ENSP00000320324
4892,PLAAT3,11145,,9606.ENSP00000320337
4893,ELL3,80237,,9606.ENSP00000320346
4894,P2RY13,53829,Q9BPV8,9606.ENSP00000320376
4895,SLC7A8,23428,,9606.ENSP00000320378
4896,UGT2B17,7367,O75795,9606.ENSP00000320401
4897,CTNNAL1,8727,,9606.ENSP00000320434
4898,ARID1A,8289,,9606.ENSP00000320485
4899,BANK1,55024,,9606.ENSP00000320509
4900,LRRC75B,388886,,9606.ENSP00000320520
4901,FAM3A,60343,,9606.ENSP00000320521
4902,WDFY4,57705,,9606.ENSP00000320563
4903,ING3,54556,,9606.ENSP00000320566
4904,MRPS33,51650,,9606.ENSP00000320567
4905,SLCO3A1,28232,,9606.ENSP00000320634
4906,YARS2,51067,,9606.ENSP00000320658
4907,EML4,27436,,9606.ENSP00000320663
4908,SLC25A36,55186,,9606.ENSP00000320688
4909,TMEM150B,284417,,9606.ENSP00000320757
4910,USF3,205717,,9606.ENSP00000320794
4911,TUBD1,51174,Q9UJT1,9606.ENSP00000320797
4912,DEFB104A,140596,,9606.ENSP00000320813
4913,DEFB104B,503618,,9606.ENSP00000320813
4914,KIF1C,10749,,9606.ENSP00000320821
4915,CALR,811,P27797,9606.ENSP00000320866
4916,SPAST,6683,,9606.ENSP00000320885
4917,MLXIPL,51085,,9606.ENSP00000320886
4918,RNF168,165918,,9606.ENSP00000320898
4919,WIPF2,147179,,9606.ENSP00000320924
4920,SLC2A4,6517,,9606.ENSP00000320935
4921,IL17RA,23765,,9606.ENSP00000320936
4922,CNOT1,23019,,9606.ENSP00000320949
4923,DEFB103A,414325,,9606.ENSP00000320951
4924,DEFB103B,55894,,9606.ENSP00000320951
4925,VGLL2,245806,,9606.ENSP00000320957
4926,LURAP1L,286343,,9606.ENSP00000321026
4927,ME2,4200,P23368,9606.ENSP00000321070
4928,SIGLEC8,27181,,9606.ENSP00000321077
4929,TAC1,6863,,9606.ENSP00000321106
4930,SPOCK2,9806,,9606.ENSP00000321108
4931,TNIP2,79155,,9606.ENSP00000321203
4932,SH2B1,25970,,9606.ENSP00000321221
4933,RCHY1,25898,,9606.ENSP00000321239
4934,TALDO1,6888,,9606.ENSP00000321259
4935,COX8A,1351,P10176,9606.ENSP00000321260
4936,HGH1,51236,,9606.ENSP00000321320
4937,F2R,2149,,9606.ENSP00000321326
4938,RNF144A,9781,,9606.ENSP00000321330
4939,LPA,4018,,9606.ENSP00000321334
4940,IL23R,149233,,9606.ENSP00000321345
4941,STRBP,55342,,9606.ENSP00000321347
4942,DIAPH2,1730,,9606.ENSP00000321348
4943,FBXO39,162517,,9606.ENSP00000321386
4944,SLC34A1,6569,Q06495,9606.ENSP00000321424
4945,KCNH5,27133,Q8NCM2,9606.ENSP00000321427
4946,MSC,9242,,9606.ENSP00000321445
4947,C19orf18,147685,,9606.ENSP00000321519
4948,LLGL1,3996,,9606.ENSP00000321537
4949,KBTBD11,9920,,9606.ENSP00000321544
4950,BORCS5,118426,,9606.ENSP00000321546
4951,DCBLD2,131566,,9606.ENSP00000321573
4952,IMPDH2,3615,P12268,9606.ENSP00000321584
4953,CRMP1,1400,,9606.ENSP00000321606
4954,ANKFN1,162282,,9606.ENSP00000321627
4955,TOP3A,7156,,9606.ENSP00000321636
4956,CDC25C,995,,9606.ENSP00000321656
4957,MEOX1,4222,,9606.ENSP00000321684
4958,TACC1,6867,,9606.ENSP00000321703
4959,GEMIN4,50628,,9606.ENSP00000321706
4960,SLC16A8,23539,,9606.ENSP00000321735
4961,H2BC10,8346,,9606.ENSP00000321744
4962,H2BC4,8347,,9606.ENSP00000321744
4963,H2BC6,8344,,9606.ENSP00000321744
4964,H2BC7,8343,,9606.ENSP00000321744
4965,H2BC8,8339,,9606.ENSP00000321744
4966,FGF8,2253,,9606.ENSP00000321797
4967,PAQR4,124222,,9606.ENSP00000321804
4968,RIT2,6014,,9606.ENSP00000321805
4969,TRIT1,54802,,9606.ENSP00000321810
4970,STXBP5,134957,,9606.ENSP00000321826
4971,ETV4,2118,,9606.ENSP00000321835
4972,ZNF671,79891,,9606.ENSP00000321848
4973,SERPINF2,5345,,9606.ENSP00000321853
4974,CRELD1,78987,,9606.ENSP00000321856
4975,B3GNT3,10331,,9606.ENSP00000321874
4976,FBXL13,222235,,9606.ENSP00000321927
4977,FAIM2,23017,,9606.ENSP00000321951
4978,TSPEAR,54084,,9606.ENSP00000321987
4979,LARP1B,55132,,9606.ENSP00000321997
4980,SLC25A22,79751,,9606.ENSP00000322020
4981,C7,730,,9606.ENSP00000322061
4982,ATG4C,84938,,9606.ENSP00000322159
4983,DSCC1,79075,,9606.ENSP00000322180
4984,DPM2,8818,,9606.ENSP00000322181
4985,PGA3,,,9606.ENSP00000322192
4986,PITPNM2,57605,,9606.ENSP00000322218
4987,FADS1,3992,,9606.ENSP00000322229
4988,ORAI3,93129,,9606.ENSP00000322249
4989,FPGT-TNNI3K,100526835,,9606.ENSP00000322251
4990,TNNI3K,51086,Q59H18,9606.ENSP00000322251
4991,VNN2,8875,,9606.ENSP00000322276
4992,PORCN,64840,,9606.ENSP00000322304
4993,FAM20C,56975,,9606.ENSP00000322323
4994,CDK20,23552,,9606.ENSP00000322343
4995,ZNF236,7776,,9606.ENSP00000322361
4996,RRS1,23212,,9606.ENSP00000322396
4997,KDM5D,8284,Q9BY66,9606.ENSP00000322408
4998,TUFM,7284,P49411,9606.ENSP00000322439
4999,SIAH2,6478,,9606.ENSP00000322457
5000,SCN4B,6330,Q8IWT1,9606.ENSP00000322460
5001,PELI3,246330,,9606.ENSP00000322532
5002,SOX11,6664,,9606.ENSP00000322568
5003,POLE,5426,Q07864,9606.ENSP00000322570
5004,PHF23,79142,,9606.ENSP00000322579
5005,RAB39A,54734,,9606.ENSP00000322594
5006,ERICH3,127254,,9606.ENSP00000322609
5007,HTR3C,170572,Q8WXA8,9606.ENSP00000322617
5008,SLC25A41,284427,,9606.ENSP00000322649
5009,HMGCS1,3157,,9606.ENSP00000322706
5010,GLYR1,84656,,9606.ENSP00000322716
5011,RHBDF2,79651,,9606.ENSP00000322775
5012,MMP1,4312,,9606.ENSP00000322788
5013,TSPYL5,85453,,9606.ENSP00000322802
5014,MTSS1,9788,,9606.ENSP00000322804
5015,ROGDI,79641,,9606.ENSP00000322832
5016,ZMYM3,9203,,9606.ENSP00000322845
5017,DTX2,113878,,9606.ENSP00000322885
5018,EBF1,1879,,9606.ENSP00000322898
5019,ZMYM4,9202,,9606.ENSP00000322915
5020,HTR1F,3355,P30939,9606.ENSP00000322924
5021,LRSAM1,90678,,9606.ENSP00000322937
5022,BCAT2,587,,9606.ENSP00000322991
5023,ACP3,55,,9606.ENSP00000323036
5024,EXOSC3,51010,,9606.ENSP00000323046
5025,MTG1,92170,,9606.ENSP00000323047
5026,GADD45GIP1,90480,,9606.ENSP00000323065
5027,ACOT4,122970,,9606.ENSP00000323071
5028,RAI1,10743,,9606.ENSP00000323074
5029,NDUFAF3,25915,,9606.ENSP00000323076
5030,ATRIP,84126,,9606.ENSP00000323099
5031,ZKSCAN1,7586,,9606.ENSP00000323148
5032,DAND5,199699,Q8N907,9606.ENSP00000323155
5033,SAGE1,55511,,9606.ENSP00000323191
5034,E2F7,144455,,9606.ENSP00000323246
5035,MARVELD2,153562,,9606.ENSP00000323264
5036,DNAAF4,161582,,9606.ENSP00000323275
5037,CD6,923,,9606.ENSP00000323280
5038,SPAG5,10615,,9606.ENSP00000323300
5039,PDIA5,10954,,9606.ENSP00000323313
5040,SIGLEC7,27036,,9606.ENSP00000323328
5041,CBLL2,158506,,9606.ENSP00000323348
5042,SMC1A,8243,,9606.ENSP00000323421
5043,PNKP,11284,,9606.ENSP00000323511
5044,UTS2R,2837,,9606.ENSP00000323516
5045,MKLN1,4289,,9606.ENSP00000323527
5046,SLC6A18,348932,,9606.ENSP00000323549
5047,SLC2A2,6514,P11168,9606.ENSP00000323568
5048,IFT88,8100,,9606.ENSP00000323580
5049,ITLN1,55600,,9606.ENSP00000323587
5050,SOX2,6657,,9606.ENSP00000323588
5051,DBF4B,80174,,9606.ENSP00000323663
5052,ZBTB7A,51341,,9606.ENSP00000323670
5053,UBE2O,63893,,9606.ENSP00000323687
5054,CRTAP,10491,,9606.ENSP00000323696
5055,MED14,9282,,9606.ENSP00000323720
5056,UCP3,7352,,9606.ENSP00000323740
5057,TEX35,84066,,9606.ENSP00000323795
5058,HACL1,26061,,9606.ENSP00000323811
5059,AHRR,57491,,9606.ENSP00000323816
5060,PLEC,5339,,9606.ENSP00000323856
5061,DDX54,79039,,9606.ENSP00000323858
5062,PRKAG1,,P54619,9606.ENSP00000323867
5063,P2RY11,5032,Q96G91,9606.ENSP00000323872
5064,ZNRF2,223082,,9606.ENSP00000323879
5065,FOXJ1,2302,,9606.ENSP00000323880
5066,TRIM25,7706,,9606.ENSP00000323889
5067,FZD2,2535,,9606.ENSP00000323901
5068,TRIM55,84675,,9606.ENSP00000323913
5069,TRPM8,79054,Q7Z2W7,9606.ENSP00000323926
5070,PLXDC1,57125,,9606.ENSP00000323927
5071,A2M,2,P01023,9606.ENSP00000323929
5072,SMARCE1,6605,,9606.ENSP00000323967
5073,KIF15,56992,,9606.ENSP00000324020
5074,ZNF354C,30832,,9606.ENSP00000324064
5075,CD151,977,,9606.ENSP00000324101
5076,ENO3,,,9606.ENSP00000324105
5077,PRPF31,26121,,9606.ENSP00000324122
5078,POLR2L,5441,,9606.ENSP00000324124
5079,PSD3,23362,,9606.ENSP00000324127
5080,HSPA5,3309,P11021,9606.ENSP00000324173
5081,MAMSTR,284358,,9606.ENSP00000324175
5082,KCNRG,283518,,9606.ENSP00000324191
5083,AATK,9625,,9606.ENSP00000324196
5084,WRAP53,55135,,9606.ENSP00000324203
5085,OXTR,5021,P30559,9606.ENSP00000324270
5086,ACAP2,23527,,9606.ENSP00000324287
5087,STXBP6,29091,,9606.ENSP00000324302
5088,TRAPPC12,51112,,9606.ENSP00000324318
5089,UPB1,51733,,9606.ENSP00000324343
5090,PHF21B,112885,,9606.ENSP00000324403
5091,TCHP,84260,,9606.ENSP00000324404
5092,ZYX,7791,Q15942,9606.ENSP00000324422
5093,YLPM1,56252,,9606.ENSP00000324463
5094,BAIAP3,8938,,9606.ENSP00000324510
5095,SEPTIN1,1731,,9606.ENSP00000324511
5096,MYO1D,4642,,9606.ENSP00000324527
5097,LAMA3,3909,,9606.ENSP00000324532
5098,ULK1,8408,O75385,9606.ENSP00000324560
5099,FLII,2314,,9606.ENSP00000324573
5100,FAM193A,8603,,9606.ENSP00000324587
5101,NAPG,8774,,9606.ENSP00000324628
5102,CYP2B,,Q14097,9606.ENSP00000324648
5103,CYP2B6,1555,P20813,9606.ENSP00000324648
5104,TMEM108,66000,,9606.ENSP00000324651
5105,GRHL1,29841,,9606.ENSP00000324693
5106,MAB21L2,10586,,9606.ENSP00000324701
5107,SAV1,60485,,9606.ENSP00000324729
5108,MAP11,55262,,9606.ENSP00000324741
5109,PPP2R1A,5518,,9606.ENSP00000324804
5110,GSK3B,2932,P49841,9606.ENSP00000324806
5111,AACS,65985,,9606.ENSP00000324842
5112,STK11,6794,,9606.ENSP00000324856
5113,SEMA6D,80031,,9606.ENSP00000324857
5114,CD28,940,,9606.ENSP00000324890
5115,IQCK,124152,,9606.ENSP00000324901
5116,MBOAT1,154141,,9606.ENSP00000324944
5117,RNF14,9604,,9606.ENSP00000324956
5118,CABP4,,,9606.ENSP00000324960
5119,ZNF569,148266,,9606.ENSP00000325018
5120,PPP2R2A,5520,,9606.ENSP00000325074
5121,PGR,5241,P06401,9606.ENSP00000325120
5122,HADHB,3032,,9606.ENSP00000325136
5123,COL12A1,1303,,9606.ENSP00000325146
5124,LASP1,3927,,9606.ENSP00000325240
5125,TTC9C,283237,,9606.ENSP00000325266
5126,PKD2L1,9033,,9606.ENSP00000325296
5127,METAP2,10988,,9606.ENSP00000325312
5128,MAP1S,55201,,9606.ENSP00000325313
5129,HNRNPM,4670,,9606.ENSP00000325376
5130,TPRKB,,,9606.ENSP00000325398
5131,MYPOP,339344,,9606.ENSP00000325402
5132,PARL,55486,,9606.ENSP00000325421
5133,MAT2B,27430,,9606.ENSP00000325425
5134,KARS1,3735,Q15046,9606.ENSP00000325448
5135,CERS5,91012,,9606.ENSP00000325485
5136,KIR3DL2,3812,,9606.ENSP00000325525
5137,WNT11,7481,,9606.ENSP00000325526
5138,FBN1,2200,,9606.ENSP00000325527
5139,PLAG1,5324,,9606.ENSP00000325546
5140,CNDP2,55748,,9606.ENSP00000325548
5141,TMC8,147138,,9606.ENSP00000325561
5142,MICOS10,440574,,9606.ENSP00000325562
5143,PTPRCAP,5790,,9606.ENSP00000325589
5144,MED16,10025,,9606.ENSP00000325612
5145,ZNF639,51193,,9606.ENSP00000325634
5146,PRM3,58531,,9606.ENSP00000325638
5147,CHCHD5,84269,,9606.ENSP00000325655
5148,NFKBIZ,64332,,9606.ENSP00000325663
5149,RNF40,9810,,9606.ENSP00000325677
5150,CARM1,10498,,9606.ENSP00000325690
5151,CD37,951,,9606.ENSP00000325708
5152,STK25,10494,,9606.ENSP00000325748
5153,SPECC1L,23384,,9606.ENSP00000325785
5154,NR2F1,7025,,9606.ENSP00000325819
5155,CYP11B2,1585,P19099,9606.ENSP00000325822
5156,SEC16A,9919,,9606.ENSP00000325827
5157,MRE11,4361,,9606.ENSP00000325863
5158,MRE11A,17535,,9606.ENSP00000325863
5159,PCSK7,9159,,9606.ENSP00000325917
5160,PSMG2,56984,,9606.ENSP00000325919
5161,RIC8A,60626,,9606.ENSP00000325941
5162,CDHR3,222256,,9606.ENSP00000325954
5163,PTPMT1,114971,,9606.ENSP00000325958
5164,LRRC31,79782,,9606.ENSP00000325978
5165,PUS10,150962,,9606.ENSP00000326003
5166,PRX,57716,,9606.ENSP00000326018
5167,FHL5,9457,,9606.ENSP00000326022
5168,PPP1CA,5499,,9606.ENSP00000326031
5169,TUBA3C,7278,,9606.ENSP00000326042
5170,TUBA3D,113457,,9606.ENSP00000326042
5171,COX14,84987,,9606.ENSP00000326052
5172,TMEM39A,55254,,9606.ENSP00000326063
5173,MACIR,90355,,9606.ENSP00000326110
5174,PMAIP1,5366,,9606.ENSP00000326119
5175,KLK4,9622,,9606.ENSP00000326159
5176,ZBTB11,27107,,9606.ENSP00000326200
5177,DHRS4,10901,Q9BTZ2,9606.ENSP00000326219
5178,GANC,2595,,9606.ENSP00000326227
5179,MYNN,55892,,9606.ENSP00000326240
5180,SAMD9L,219285,,9606.ENSP00000326247
5181,SRRM1,10250,,9606.ENSP00000326261
5182,EFCAB11,90141,,9606.ENSP00000326267
5183,FOXL1,2300,,9606.ENSP00000326272
5184,SLC25A20,788,O43772,9606.ENSP00000326305
5185,LRRC37A,9884,,9606.ENSP00000326324
5186,ATG16L2,89849,,9606.ENSP00000326340
5187,ELMOD2,255520,,9606.ENSP00000326342
5188,PSEN1,5663,P49768,9606.ENSP00000326366
5189,EIF4A2,1974,,9606.ENSP00000326381
5190,CLEC1A,51267,,9606.ENSP00000326407
5191,NADSYN1,55191,Q6IA69,9606.ENSP00000326424
5192,CCR8,1237,,9606.ENSP00000326432
5193,SHISA3,152573,,9606.ENSP00000326445
5194,PAGR1,79447,,9606.ENSP00000326519
5195,THOC6,79228,,9606.ENSP00000326531
5196,TACC3,10460,,9606.ENSP00000326550
5197,KDM3B,51780,,9606.ENSP00000326563
5198,FKRP,79147,,9606.ENSP00000326570
5199,PEG3,5178,,9606.ENSP00000326581
5200,PRSS50,29122,,9606.ENSP00000326598
5201,SMCHD1,23347,,9606.ENSP00000326603
5202,LMBR1,64327,,9606.ENSP00000326604
5203,ZFPM1,161882,,9606.ENSP00000326630
5204,HPS1,3257,,9606.ENSP00000326649
5205,SLC47A2,,,9606.ENSP00000326671
5206,SLC25A42,284439,,9606.ENSP00000326693
5207,TNFRSF12A,51330,,9606.ENSP00000326737
5208,MED25,81857,,9606.ENSP00000326767
5209,CUL1,8454,,9606.ENSP00000326804
5210,NCBP2,22916,,9606.ENSP00000326806
5211,YOD1,55432,,9606.ENSP00000326813
5212,LRRC57,255252,,9606.ENSP00000326817
5213,C14orf28,122525,,9606.ENSP00000326846
5214,NT5DC1,221294,,9606.ENSP00000326858
5215,LIMS2,55679,,9606.ENSP00000326888
5216,SERTAD2,9792,,9606.ENSP00000326933
5217,FTSJ1,24140,,9606.ENSP00000326948
5218,IMP3,55272,,9606.ENSP00000326981
5219,CLIP4,79745,,9606.ENSP00000327009
5220,RORC,6097,,9606.ENSP00000327025
5221,MAF,4094,,9606.ENSP00000327048
5222,LMNB2,84823,,9606.ENSP00000327054
5223,mdh,,P80040,9606.ENSP00000327070
5224,MDH2,4191,P40926,9606.ENSP00000327070
5225,PCM1,5108,,9606.ENSP00000327077
5226,EHD3,30845,,9606.ENSP00000327116
5227,FLNC,2318,,9606.ENSP00000327145
5228,CCT6B,10693,,9606.ENSP00000327191
5229,SENP5,205564,,9606.ENSP00000327197
5230,NRIP1,8204,,9606.ENSP00000327213
5231,ATP13A2,23400,,9606.ENSP00000327214
5232,VIPR1,7433,,9606.ENSP00000327246
5233,NOS2,4843,P35228,9606.ENSP00000327251
5234,PPM1A,5494,,9606.ENSP00000327255
5235,NDUFV2,4729,,9606.ENSP00000327268
5236,ITGA11,22801,,9606.ENSP00000327290
5237,THNSL2,55258,,9606.ENSP00000327323
5238,BGN,633,,9606.ENSP00000327336
5239,COL10A1,1300,,9606.ENSP00000327368
5240,GPR39,2863,,9606.ENSP00000327417
5241,HBG1,3047,,9606.ENSP00000327431
5242,SETD3,84193,,9606.ENSP00000327436
5243,BMP8A,353500,,9606.ENSP00000327440
5244,APOBEC3B,9582,,9606.ENSP00000327459
5245,KLHDC8B,200942,,9606.ENSP00000327468
5246,TSEN54,283989,,9606.ENSP00000327487
5247,STAC2,342667,,9606.ENSP00000327509
5248,CSF1,1435,,9606.ENSP00000327513
5249,npr,,P00800,9606.ENSP00000327545
5250,NPTXR,23467,,9606.ENSP00000327545
5251,SLC22A10,387775,,9606.ENSP00000327569
5252,GLUD2,2747,,9606.ENSP00000327589
5253,CLEC4G,339390,,9606.ENSP00000327599
5254,ADAMTSL5,339366,,9606.ENSP00000327608
5255,VPS33B,26276,,9606.ENSP00000327650
5256,GRIK1,2897,P39086,9606.ENSP00000327687
5257,AP2A2,161,,9606.ENSP00000327694
5258,TAS2R60,338398,,9606.ENSP00000327724
5259,NKX2-5,1482,,9606.ENSP00000327758
5260,NLRP10,338322,,9606.ENSP00000327763
5261,P4HB,5034,P07237,9606.ENSP00000327801
5262,XPOT,11260,,9606.ENSP00000327821
5263,IFNLR1,163702,,9606.ENSP00000327824
5264,ATAT1,79969,,9606.ENSP00000327832
5265,IL3RA,3563,,9606.ENSP00000327890
5266,SLC5A2,6524,P31639,9606.ENSP00000327943
5267,TGIF1,7050,,9606.ENSP00000327959
5268,SNAI3,333929,,9606.ENSP00000327968
5269,DHRS7C,201140,,9606.ENSP00000327975
5270,TRIM50,135892,,9606.ENSP00000327994
5271,YAF2,10138,,9606.ENSP00000328004
5272,TNFAIP8L3,388121,,9606.ENSP00000328016
5273,RLIM,51132,,9606.ENSP00000328059
5274,PAWR,5074,,9606.ENSP00000328088
5275,IL25,64806,,9606.ENSP00000328111
5276,MCF2L2,23101,,9606.ENSP00000328118
5277,IL20RB,53833,,9606.ENSP00000328133
5278,MT1E,4493,,9606.ENSP00000328137
5279,JAG2,3714,,9606.ENSP00000328169
5280,PIF1,80119,,9606.ENSP00000328174
5281,NOG,9241,,9606.ENSP00000328181
5282,CLN8,2055,,9606.ENSP00000328182
5283,TRAIP,10293,,9606.ENSP00000328203
5284,TNFRSF18,8784,,9606.ENSP00000328207
5285,CDCA2,157313,,9606.ENSP00000328228
5286,FFAR3,2865,,9606.ENSP00000328230
5287,KNTC1,9735,,9606.ENSP00000328236
5288,ZNF71,58491,,9606.ENSP00000328245
5289,RIOX2,84864,,9606.ENSP00000328251
5290,RNF123,63891,,9606.ENSP00000328287
5291,PTTG1IP,754,,9606.ENSP00000328325
5292,XKR4,114786,,9606.ENSP00000328326
5293,SMIM10,644538,,9606.ENSP00000328335
5294,DEFA3,1668,,9606.ENSP00000328359
5295,MAFA,389692,,9606.ENSP00000328364
5296,VMO1,284013,,9606.ENSP00000328397
5297,PDE6G,5148,P18545,9606.ENSP00000328412
5298,TASOR2,54906,,9606.ENSP00000328426
5299,S1PR5,53637,Q9H228,9606.ENSP00000328472
5300,H2AC14,8331,,9606.ENSP00000328484
5301,KCNA4,3739,P22459,9606.ENSP00000328511
5302,DENND5A,,,9606.ENSP00000328524
5303,DNMT3B,1789,Q9UBC3,9606.ENSP00000328547
5304,GLRX5,51218,,9606.ENSP00000328570
5305,SIX6,4990,,9606.ENSP00000328596
5306,HOXD1,3231,,9606.ENSP00000328598
5307,NRROS,,,9606.ENSP00000328625
5308,MOB2,81532,,9606.ENSP00000328694
5309,RXFP3,51289,,9606.ENSP00000328708
5310,FOXK1,221937,,9606.ENSP00000328720
5311,SELENOF,9403,,9606.ENSP00000328729
5312,HEXIM1,10614,,9606.ENSP00000328773
5313,EFNA5,1946,,9606.ENSP00000328777
5314,KCNH8,131096,Q96L42,9606.ENSP00000328813
5315,GPR132,29933,,9606.ENSP00000328818
5316,TOP1MT,116447,Q969P6,9606.ENSP00000328835
5317,RBM10,8241,,9606.ENSP00000328848
5318,TRAK2,66008,,9606.ENSP00000328875
5319,KANK3,256949,,9606.ENSP00000328923
5320,HOXB4,3214,,9606.ENSP00000328928
5321,AFMID,125061,,9606.ENSP00000328938
5322,SCN5A,6331,Q14524,9606.ENSP00000328968
5323,RPH3AL,9501,,9606.ENSP00000328977
5324,CHST6,4166,,9606.ENSP00000328983
5325,TRAK1,22906,,9606.ENSP00000328998
5326,HAX1,10456,,9606.ENSP00000329002
5327,SLC25A18,83733,,9606.ENSP00000329033
5328,OR4C46,119749,,9606.ENSP00000329056
5329,TPH2,121278,,9606.ENSP00000329093
5330,PHF6,84295,,9606.ENSP00000329097
5331,LIN9,286826,,9606.ENSP00000329102
5332,BPY2,9083,,9606.ENSP00000329106
5333,BPY2B,442867,,9606.ENSP00000329106
5334,BPY2C,442868,,9606.ENSP00000329106
5335,PRKCH,5583,,9606.ENSP00000329127
5336,C1QTNF12,388581,,9606.ENSP00000329137
5337,CREB3L2,64764,,9606.ENSP00000329140
5338,CLRN1,7401,,9606.ENSP00000329158
5339,POU3F2,5454,,9606.ENSP00000329170
5340,STAC3,246329,,9606.ENSP00000329200
5341,SIVA1,10572,O15304,9606.ENSP00000329213
5342,FMNL1,752,,9606.ENSP00000329219
5343,KRT7,3855,P08729,9606.ENSP00000329243
5344,ZNF662,389114,,9606.ENSP00000329264
5345,IGLL1,3543,,9606.ENSP00000329312
5346,SP1,6667,,9606.ENSP00000329357
5347,CCDC137,339230,,9606.ENSP00000329360
5348,SERPINA7,6906,,9606.ENSP00000329374
5349,GP1BA,2811,P07359,9606.ENSP00000329380
5350,PCP4,5121,,9606.ENSP00000329403
5351,COPB2,9276,,9606.ENSP00000329419
5352,SLC25A21,89874,,9606.ENSP00000329452
5353,SIRT7,51547,,9606.ENSP00000329466
5354,KDELR1,10945,,9606.ENSP00000329471
5355,CD300C,10871,,9606.ENSP00000329507
5356,TRARG1,286753,,9606.ENSP00000329548
5357,SHC4,399694,,9606.ENSP00000329668
5358,GALR2,8811,,9606.ENSP00000329684
5359,PLPP2,8612,,9606.ENSP00000329697
5360,DRG1,4733,,9606.ENSP00000329715
5361,CPNE8,144402,,9606.ENSP00000329748
5362,ATP6V0C,527,P27449,9606.ENSP00000329757
5363,TCEAL7,56849,,9606.ENSP00000329794
5364,CADM1,23705,,9606.ENSP00000329797
5365,ZAR1,326340,,9606.ENSP00000329803
5366,GALNT9,50614,,9606.ENSP00000329846
5367,TRMT12,55039,,9606.ENSP00000329858
5368,TPO,7173,P07202,9606.ENSP00000329869
5369,PHACTR1,221692,,9606.ENSP00000329880
5370,DEFA5,1670,,9606.ENSP00000329890
5371,PSMG1,8624,,9606.ENSP00000329915
5372,MEX3B,84206,,9606.ENSP00000329918
5373,MCEMP1,199675,,9606.ENSP00000329920
5374,CALHM1,255022,,9606.ENSP00000329926
5375,PHF12,57649,,9606.ENSP00000329933
5376,TBK1,29110,Q9UHD2,9606.ENSP00000329967
5377,IFNL1,282618,,9606.ENSP00000329991
5378,PIWIL3,440822,,9606.ENSP00000330031
5379,UP,104073,,9606.ENSP00000330032
5380,UPP1,7378,Q16831,9606.ENSP00000330032
5381,H1-5,3009,,9606.ENSP00000330074
5382,GRID1,2894,,9606.ENSP00000330148
5383,SOX1,6656,,9606.ENSP00000330218
5384,SPSB1,80176,,9606.ENSP00000330221
5385,CASP9,842,P55211,9606.ENSP00000330237
5386,CCDC34,91057,,9606.ENSP00000330240
5387,TRAPPC6B,122553,,9606.ENSP00000330289
5388,SOCS3,9021,,9606.ENSP00000330341
5389,DDX41,51428,,9606.ENSP00000330349
5390,C8orf33,65265,,9606.ENSP00000330361
5391,PDGFB,5155,,9606.ENSP00000330382
5392,PTRHD1,,,9606.ENSP00000330389
5393,SPRR3,6707,,9606.ENSP00000330391
5394,LEPR,3953,,9606.ENSP00000330393
5395,FAM83F,113828,,9606.ENSP00000330432
5396,TM2D3,80213,,9606.ENSP00000330433
5397,PLB1,151056,,9606.ENSP00000330442
5398,DDX59,83479,,9606.ENSP00000330460
5399,AMY1A,276,,9606.ENSP00000330484
5400,AMY1B,277,,9606.ENSP00000330484
5401,AMY1C,278,,9606.ENSP00000330484
5402,CTHRC1,115908,,9606.ENSP00000330523
5403,MAPK8IP2,23542,,9606.ENSP00000330572
5404,MT1H,4496,,9606.ENSP00000330587
5405,HHIPL1,84439,,9606.ENSP00000330601
5406,HS3ST4,9951,,9606.ENSP00000330606
5407,CNTN2,6900,,9606.ENSP00000330633
5408,PAPPA,5069,,9606.ENSP00000330658
5409,NSMCE3,56160,,9606.ENSP00000330694
5410,P2RX7,5027,Q99572,9606.ENSP00000330696
5411,COA5,493753,,9606.ENSP00000330730
5412,NDUFA12,55967,,9606.ENSP00000330737
5413,BRWD1,54014,,9606.ENSP00000330753
5414,IFITM1,8519,,9606.ENSP00000330825
5415,OPCML,4978,,9606.ENSP00000330862
5416,FANCF,2188,,9606.ENSP00000330875
5417,KPNA7,402569,,9606.ENSP00000330878
5418,PGP,283871,,9606.ENSP00000330918
5419,TMED9,54732,,9606.ENSP00000330945
5420,IL1R2,7850,,9606.ENSP00000330959
5421,RPS27L,51065,,9606.ENSP00000331019
5422,OLIG2,10215,,9606.ENSP00000331040
5423,PEX26,55670,,9606.ENSP00000331106
5424,POLR1H;ZNRD1,30834,,9606.ENSP00000331111
5425,MXI1,4601,,9606.ENSP00000331152
5426,CD8B,926,,9606.ENSP00000331172
5427,HGS,9146,O14964,9606.ENSP00000331201
5428,BCAN,63827,,9606.ENSP00000331210
5429,RBM43,375287,,9606.ENSP00000331211
5430,KREMEN1,83999,,9606.ENSP00000331242
5431,POMK,84197,,9606.ENSP00000331258
5432,TOB2,10766,,9606.ENSP00000331305
5433,MORF4L1,10933,,9606.ENSP00000331310
5434,GNB1L,54584,,9606.ENSP00000331313
5435,RAB11FIP1,80223,,9606.ENSP00000331342
5436,GAST,2520,,9606.ENSP00000331358
5437,SERPINB8,5271,,9606.ENSP00000331368
5438,BOLA3,388962,,9606.ENSP00000331369
5439,FAM43B,163933,,9606.ENSP00000331397
5440,FBLN7,129804,,9606.ENSP00000331411
5441,ZNF84,7637,,9606.ENSP00000331465
5442,DBX2,440097,,9606.ENSP00000331470
5443,NPLOC4,55666,,9606.ENSP00000331487
5444,FES,2242,P07332,9606.ENSP00000331504
5445,FBLN1,2192,,9606.ENSP00000331544
5446,CYLC1,1538,,9606.ENSP00000331556
5447,PRKCD,5580,Q05655,9606.ENSP00000331602
5448,IRX3,79191,,9606.ENSP00000331608
5449,IKZF1,10320,,9606.ENSP00000331614
5450,PKP3,11187,,9606.ENSP00000331678
5451,KLHL22,84861,,9606.ENSP00000331682
5452,C16orf72,29035,,9606.ENSP00000331720
5453,KCNH7,90134,Q9NS40,9606.ENSP00000331727
5454,SELE,6401,P16581,9606.ENSP00000331736
5455,HOXB2,3212,,9606.ENSP00000331741
5456,GDF3,9573,,9606.ENSP00000331745
5457,CALCA,796,,9606.ENSP00000331746
5458,TBX1,6899,,9606.ENSP00000331791
5459,GAS6,2621,,9606.ENSP00000331831
5460,NLRP9,338321,,9606.ENSP00000331857
5461,TAS1R1,80835,,9606.ENSP00000331867
5462,PRMT3,10196,,9606.ENSP00000331879
5463,IDH2,3418,P48735,9606.ENSP00000331897
5464,COL4A5,1287,,9606.ENSP00000331902
5465,RFLNB,359845,,9606.ENSP00000331915
5466,CARMIL1,55604,,9606.ENSP00000331983
5467,ZGPAT,84619,,9606.ENSP00000332013
5468,PROSER1,80209,,9606.ENSP00000332034
5469,CD86,942,,9606.ENSP00000332049
5470,SNX20,124460,,9606.ENSP00000332062
5471,MGAT1,4245,,9606.ENSP00000332073
5472,EPHB3,2049,,9606.ENSP00000332118
5473,SRARP,149563,,9606.ENSP00000332162
5474,SLIT3,6586,,9606.ENSP00000332164
5475,H2AC20,8338,,9606.ENSP00000332194
5476,NOP10,55505,,9606.ENSP00000332198
5477,RFX6,222546,,9606.ENSP00000332208
5478,PMCH,5367,,9606.ENSP00000332225
5479,ATP6V0A2,23545,Q9Y487,9606.ENSP00000332247
5480,ALDH1A3,220,P47895,9606.ENSP00000332256
5481,SYNGR1,9145,,9606.ENSP00000332287
5482,ASCL2,430,,9606.ENSP00000332293
5483,RARB,5915,P10826,9606.ENSP00000332296
5484,ZNF703,80139,,9606.ENSP00000332325
5485,PTCH1,5727,,9606.ENSP00000332353
5486,COL7A1,1294,,9606.ENSP00000332371
5487,BEST3,144453,,9606.ENSP00000332413
5488,ZSCAN22,342945,,9606.ENSP00000332433
5489,CRIP1,1396,,9606.ENSP00000332449
5490,RIPK4,54101,P57078,9606.ENSP00000332454
5491,SPPL2C,162540,,9606.ENSP00000332488
5492,CCR10,2826,,9606.ENSP00000332504
5493,RNLS,55328,,9606.ENSP00000332530
5494,GRIN2A,2903,Q12879,9606.ENSP00000332549
5495,SULT4A1,25830,Q9BR01,9606.ENSP00000332565
5496,OSBP2,23762,,9606.ENSP00000332576
5497,NPY2R,4887,P49146,9606.ENSP00000332591
5498,SPAG16,79582,,9606.ENSP00000332592
5499,CTAG1A,246100,,9606.ENSP00000332602
5500,CTAG1B,1485,,9606.ENSP00000332602
5501,EIF3C,8663,,9606.ENSP00000332604
5502,ENPP7,339221,,9606.ENSP00000332656
5503,CCR4,1233,,9606.ENSP00000332659
5504,CYP2A13,1553,Q16696,9606.ENSP00000332679
5505,LRP2BP,55805,,9606.ENSP00000332681
5506,PURA,5813,,9606.ENSP00000332706
5507,COLEC10,10584,,9606.ENSP00000332723
5508,UNC5A,90249,,9606.ENSP00000332737
5509,FUT10,84750,,9606.ENSP00000332757
5510,CLCNKA,1187,,9606.ENSP00000332771
5511,YIPF7,285525,,9606.ENSP00000332772
5512,IGDCC3,9543,,9606.ENSP00000332773
5513,KLHL15,80311,,9606.ENSP00000332791
5514,PCARE,388939,,9606.ENSP00000332809
5515,PTGDR2,11251,Q9Y5Y4,9606.ENSP00000332812
5516,ZNF530,348327,,9606.ENSP00000332861
5517,FLRT2,23768,,9606.ENSP00000332879
5518,FREM3,166752,,9606.ENSP00000332886
5519,UQCR10,29796,,9606.ENSP00000332887
5520,SMAD3,4088,,9606.ENSP00000332973
5521,BACE2,25825,,9606.ENSP00000332979
5522,WBP2NL,164684,,9606.ENSP00000332983
5523,PRSS55,203074,,9606.ENSP00000333003
5524,SS18L1,26039,,9606.ENSP00000333012
5525,ADSS1,122622,Q8N142,9606.ENSP00000333019
5526,PHF7,51533,,9606.ENSP00000333024
5527,ACTRT3,84517,,9606.ENSP00000333037
5528,C14orf180,400258,,9606.ENSP00000333041
5529,FIGLA,344018,,9606.ENSP00000333097
5530,PLA2G6,8398,O60733,9606.ENSP00000333142
5531,MARCHF11,441061,,9606.ENSP00000333181
5532,SERPINA5,5104,,9606.ENSP00000333203
5533,CYP2U1,113612,,9606.ENSP00000333212
5534,INPP5J,27124,,9606.ENSP00000333262
5535,UBA7,7318,,9606.ENSP00000333266
5536,NR2C1,7181,,9606.ENSP00000333275
5537,H3C15,333932,,9606.ENSP00000333277
5538,FAAP100,,,9606.ENSP00000333283
5539,SPNS2,124976,,9606.ENSP00000333292
5540,LAMP1,3916,,9606.ENSP00000333298
5541,HSD17B13,345275,,9606.ENSP00000333300
5542,SULT1C3,,Q6IMI6,9606.ENSP00000333310
5543,TUBA8,51807,,9606.ENSP00000333326
5544,USP17L2,377630,,9606.ENSP00000333329
5545,DNAH8,1769,,9606.ENSP00000333363
5546,ARSI,340075,,9606.ENSP00000333395
5547,MRPL40,64976,,9606.ENSP00000333401
5548,SKA2,348235,,9606.ENSP00000333433
5549,TREX2,11219,,9606.ENSP00000333441
5550,MAGEA2,4101,,9606.ENSP00000333487
5551,MAGEA2B,266740,,9606.ENSP00000333487
5552,KCND2,3751,Q9NZV8,9606.ENSP00000333496
5553,SLC24A3,57419,,9606.ENSP00000333519
5554,CYP2F1,,,9606.ENSP00000333534
5555,RAB11B,9230,,9606.ENSP00000333547
5556,PLPBP,11212,,9606.ENSP00000333551
5557,SLC35D3,340146,,9606.ENSP00000333591
5558,NXPH4,11247,,9606.ENSP00000333593
5559,MTA1,9112,,9606.ENSP00000333633
5560,IFNL2,282616,,9606.ENSP00000333639
5561,EYA2,2139,,9606.ENSP00000333640
5562,MX2,4600,,9606.ENSP00000333657
5563,ACAA1,30,,9606.ENSP00000333664
5564,ADI1,55256,,9606.ENSP00000333666
5565,glyA,,P0A827,9606.ENSP00000333667
5566,SHMT2,6472,P34897,9606.ENSP00000333667
5567,MAPK11,5600,Q15759,9606.ENSP00000333685
5568,NPAP1,23742,,9606.ENSP00000333735
5569,BSG,682,,9606.ENSP00000333769
5570,ZNF479,90827,,9606.ENSP00000333776
5571,EVI2B,2124,,9606.ENSP00000333779
5572,MRGPRX2,117194,,9606.ENSP00000333800
5573,ALG12,79087,,9606.ENSP00000333813
5574,MC2R,4158,Q01718,9606.ENSP00000333821
5575,CMTM4,146223,,9606.ENSP00000333833
5576,RPS6KA4,8986,,9606.ENSP00000333896
5577,OIT3,170392,,9606.ENSP00000333900
5578,BTLA,151888,,9606.ENSP00000333919
5579,TTF1,7270,,9606.ENSP00000333920
5580,ABCC5,10057,,9606.ENSP00000333926
5581,TRMT11,60487,,9606.ENSP00000333934
5582,NEXN,91624,,9606.ENSP00000333938
5583,CHST15,51363,,9606.ENSP00000333947
5584,NDEL1,81565,,9606.ENSP00000333982
5585,TRDN,10345,,9606.ENSP00000333984
5586,HAP1,9001,,9606.ENSP00000334002
5587,INTU,27152,,9606.ENSP00000334003
5588,PARVA,55742,,9606.ENSP00000334008
5589,EMC10,284361,,9606.ENSP00000334037
5590,TAC4,255061,,9606.ENSP00000334042
5591,GNAL,2774,,9606.ENSP00000334051
5592,EXOC7,23265,,9606.ENSP00000334100
5593,OR10T2,128360,,9606.ENSP00000334115
5594,FGF3,2248,,9606.ENSP00000334122
5595,KLHDC10,23008,,9606.ENSP00000334140
5596,F3,2152,,9606.ENSP00000334145
5597,RFTN1,23180,,9606.ENSP00000334153
5598,KDM4D,55693,,9606.ENSP00000334181
5599,VWCE,220001,,9606.ENSP00000334186
5600,CACNA1H,8912,O95180,9606.ENSP00000334198
5601,ATP4B,496,P51164,9606.ENSP00000334216
5602,CYP4Z1,199974,,9606.ENSP00000334246
5603,UGT2B28,54490,,9606.ENSP00000334276
5604,TCFL5,10732,,9606.ENSP00000334294
5605,ACTL7A,10881,,9606.ENSP00000334300
5606,SYNE3,161176,,9606.ENSP00000334308
5607,EML1,2009,,9606.ENSP00000334314
5608,PCLO,27445,,9606.ENSP00000334319
5609,UNC5B,219699,,9606.ENSP00000334329
5610,KPNA4,3840,,9606.ENSP00000334373
5611,SLITRK2,84631,,9606.ENSP00000334374
5612,C2CD3,26005,,9606.ENSP00000334379
5613,HOMER1,9456,,9606.ENSP00000334382
5614,FAM9C,171484,,9606.ENSP00000334430
5615,NUDT17,200035,,9606.ENSP00000334437
5616,GNG2,54331,,9606.ENSP00000334448
5617,LYPD6,130574,,9606.ENSP00000334463
5618,FOXE3,2301,,9606.ENSP00000334472
5619,ZMIZ1,57178,,9606.ENSP00000334474
5620,TAL2,6887,,9606.ENSP00000334547
5621,POLR3C,10623,,9606.ENSP00000334564
5622,CYP2R1,120227,Q6VVX0,9606.ENSP00000334592
5623,TMPRSS11A,339967,,9606.ENSP00000334611
5624,PDZD8,118987,,9606.ENSP00000334642
5625,LCE3C,353144,,9606.ENSP00000334644
5626,KCNK18,338567,,9606.ENSP00000334650
5627,TRIM46,80128,,9606.ENSP00000334657
5628,FSCN2,25794,,9606.ENSP00000334665
5629,ERCC6L,54821,,9606.ENSP00000334675
5630,TESC,54997,,9606.ENSP00000334785
5631,USP16,10600,,9606.ENSP00000334808
5632,RAX,30062,,9606.ENSP00000334813
5633,BMP2K,55589,Q9NSY1,9606.ENSP00000334836
5634,TMEM216,51259,,9606.ENSP00000334844
5635,ZACN,353174,,9606.ENSP00000334854
5636,MT1F,4494,,9606.ENSP00000334872
5637,GRK1,6011,,9606.ENSP00000334876
5638,PDE2A,5138,O00408,9606.ENSP00000334910
5639,PTPRB,,,9606.ENSP00000334928
5640,UPK3B,105375355,,9606.ENSP00000334938
5641,GGN,199720,,9606.ENSP00000334940
5642,PTPRU,10076,,9606.ENSP00000334941
5643,CARMIL2,146206,,9606.ENSP00000334958
5644,MT1B,4490,,9606.ENSP00000334998
5645,LCE3A,353142,,9606.ENSP00000335006
5646,RASA3,22821,,9606.ENSP00000335029
5647,ARID2,196528,,9606.ENSP00000335044
5648,WASF3,10810,,9606.ENSP00000335055
5649,HPDL,84842,,9606.ENSP00000335060
5650,PDCD1,5133,,9606.ENSP00000335062
5651,GHRL,51738,,9606.ENSP00000335074
5652,EDARADD,128178,,9606.ENSP00000335076
5653,TMEM17,200728,,9606.ENSP00000335094
5654,HSP90AA1,3320,P07900,9606.ENSP00000335153
5655,VPS39,23339,,9606.ENSP00000335193
5656,GLDN,342035,,9606.ENSP00000335196
5657,BCDIN3D,144233,,9606.ENSP00000335201
5658,ENTPD5,957,O75356,9606.ENSP00000335246
5659,STARD10,10809,,9606.ENSP00000335247
5660,ANGPTL5,253935,,9606.ENSP00000335255
5661,TMLHE,55217,Q9NVH6,9606.ENSP00000335261
5662,SLC51B,123264,,9606.ENSP00000335292
5663,DLST,1743,,9606.ENSP00000335304
5664,DPPA4,55211,,9606.ENSP00000335306
5665,BCL9L,283149,,9606.ENSP00000335320
5666,SF3B1,23451,,9606.ENSP00000335321
5667,CDKN3,1033,,9606.ENSP00000335357
5668,LCE3B,353143,,9606.ENSP00000335358
5669,TRAPPC11,60684,,9606.ENSP00000335371
5670,ZPBP2,124626,,9606.ENSP00000335384
5671,NME9,347736,,9606.ENSP00000335444
5672,KNL1,57082,,9606.ENSP00000335463
5673,EMID1,129080,,9606.ENSP00000335481
5674,FOXD2,2306,,9606.ENSP00000335493
5675,SLX4IP,128710,,9606.ENSP00000335557
5676,OR1J2,26740,,9606.ENSP00000335575
5677,TCP11L1,55346,,9606.ENSP00000335595
5678,CMTM7,112616,,9606.ENSP00000335605
5679,SPATA21,374955,,9606.ENSP00000335612
5680,PPFIA3,8541,,9606.ENSP00000335614
5681,BTBD7,55727,,9606.ENSP00000335615
5682,GSTA1,2938,P08263,9606.ENSP00000335620
5683,SPDYA,245711,,9606.ENSP00000335628
5684,CHP,43690,,9606.ENSP00000335632
5685,CHP1,11261,Q99653,9606.ENSP00000335632
5686,FOXK2,3607,,9606.ENSP00000335677
5687,TTC7B,145567,,9606.ENSP00000336127
5688,CEP63,80254,,9606.ENSP00000336524
5689,NR1I2,8856,O75469,9606.ENSP00000336528
5690,CLDN2,9075,,9606.ENSP00000336571
5691,RAD54B,25788,,9606.ENSP00000336606
5692,AP1S1,1174,,9606.ENSP00000336666
5693,CBX3,11335,,9606.ENSP00000336687
5694,RAD51C,5889,,9606.ENSP00000336701
5695,EIF5A,1984,,9606.ENSP00000336702
5696,TNPO1,3842,,9606.ENSP00000336712
5697,LARP1,23367,,9606.ENSP00000336721
5698,TBC1D22A,25771,,9606.ENSP00000336724
5699,GALNT16,57452,,9606.ENSP00000336729
5700,ST6GALNAC4,27090,,9606.ENSP00000336733
5701,LIMK1,3984,P53667,9606.ENSP00000336740
5702,DHX15,1665,,9606.ENSP00000336741
5703,HIP1,3092,,9606.ENSP00000336747
5704,SUPT7L,,,9606.ENSP00000336750
5705,FIP1L1,81608,,9606.ENSP00000336752
5706,ANG,283,,9606.ENSP00000336762
5707,KIR2DL1,3802,,9606.ENSP00000336769
5708,SYNM,23336,,9606.ENSP00000336775
5709,TNRC6C,57690,,9606.ENSP00000336783
5710,ATF4,468,P18848,9606.ENSP00000336790
5711,TUBA1B,10376,,9606.ENSP00000336799
5712,LUZP2,338645,,9606.ENSP00000336817
5713,FGG,2266,,9606.ENSP00000336829
5714,PLS1,5357,,9606.ENSP00000336831
5715,IQCH,64799,,9606.ENSP00000336861
5716,CENPA,1058,,9606.ENSP00000336868
5717,SLC39A9,55334,,9606.ENSP00000336887
5718,NAB1,4664,,9606.ENSP00000336894
5719,FGD3,89846,,9606.ENSP00000336914
5720,ARHGAP10,79658,,9606.ENSP00000336923
5721,PNRC1,10957,,9606.ENSP00000336931
5722,CLPTM1,1209,,9606.ENSP00000336994
5723,HJV,148738,,9606.ENSP00000337014
5724,UNC119,9094,,9606.ENSP00000337040
5725,SEL1L,6400,,9606.ENSP00000337053
5726,NME1,4830,P15531,9606.ENSP00000337060
5727,CXCL14,9547,,9606.ENSP00000337065
5728,MEN1,4221,,9606.ENSP00000337088
5729,CHAT,1103,P28329,9606.ENSP00000337103
5730,EDN3,1908,,9606.ENSP00000337128
5731,SERPINA9,327657,,9606.ENSP00000337133
5732,ENOX2,10495,,9606.ENSP00000337146
5733,AZIN1,51582,,9606.ENSP00000337180
5734,PRP4K,,Q13523,9606.ENSP00000337194
5735,PRPF4B,8899,,9606.ENSP00000337194
5736,LRAT,9227,O95237,9606.ENSP00000337224
5737,CDCA4,55038,,9606.ENSP00000337226
5738,ARHGEF1,9138,,9606.ENSP00000337261
5739,SIRT6,51548,,9606.ENSP00000337332
5740,SLC22A8,9376,Q8TCC7,9606.ENSP00000337335
5741,TDP1,55775,,9606.ENSP00000337353
5742,LIPA,3988,,9606.ENSP00000337354
5743,ZNF224,7767,,9606.ENSP00000337368
5744,NLRP3,114548,,9606.ENSP00000337383
5745,ZFP36L1,677,,9606.ENSP00000337386
5746,UXT,8409,,9606.ENSP00000337393
5747,HYAL3,8372,,9606.ENSP00000337425
5748,IL17F,112744,,9606.ENSP00000337432
5749,DACT1,51339,,9606.ENSP00000337439
5750,NXN,64359,,9606.ENSP00000337443
5751,ELAC2,60528,,9606.ENSP00000337445
5752,STARD3,10948,,9606.ENSP00000337446
5753,CYP3A7,1551,P24462,9606.ENSP00000337450
5754,CYP3A7-CYP3A51P,100861540,,9606.ENSP00000337450
5755,EPHA3,2042,P29320,9606.ENSP00000337451
5756,NIPA1,123606,,9606.ENSP00000337452
5757,ARL17B,100506084,,9606.ENSP00000337478
5758,FBXO40,51725,,9606.ENSP00000337510
5759,CMTR2,55783,,9606.ENSP00000337512
5760,SRA1,10011,,9606.ENSP00000337513
5761,DGKH,160851,,9606.ENSP00000337572
5762,GGTLC1,92086,,9606.ENSP00000337587
5763,LIMS1,3987,,9606.ENSP00000337598
5764,NIPA2,81614,,9606.ENSP00000337618
5765,RNASEH2B,79621,,9606.ENSP00000337623
5766,SARNP,84324,,9606.ENSP00000337632
5767,PPP2R5E,5529,,9606.ENSP00000337641
5768,EBAG9,9166,,9606.ENSP00000337675
5769,SEC62,7095,,9606.ENSP00000337688
5770,MAPK15,225689,Q8TD08,9606.ENSP00000337691
5771,PNPLA2,57104,,9606.ENSP00000337701
5772,CIDEB,27141,,9606.ENSP00000337731
5773,RUNDC3B,154661,,9606.ENSP00000337732
5774,KLK5,25818,,9606.ENSP00000337733
5775,ISYNA1,51477,Q9NPH2,9606.ENSP00000337746
5776,PIDD1,55367,,9606.ENSP00000337797
5777,SPAG17,200162,,9606.ENSP00000337804
5778,MMP25,64386,Q9NPA2,9606.ENSP00000337816
5779,RTN4,57142,,9606.ENSP00000337838
5780,HEXD,284004,,9606.ENSP00000337854
5781,OVOL1,5017,,9606.ENSP00000337862
5782,MPP7,143098,,9606.ENSP00000337907
5783,PACRG,135138,,9606.ENSP00000337946
5784,HTR7,3363,P34969,9606.ENSP00000337949
5785,GDPD5,81544,,9606.ENSP00000337972
5786,SUV39H1,6839,,9606.ENSP00000337976
5787,SPTY2D1,144108,,9606.ENSP00000337991
5788,IL21R,50615,,9606.ENSP00000338010
5789,DNAJB2,,,9606.ENSP00000338019
5790,STARD7,56910,,9606.ENSP00000338030
5791,SPRYD4,283377,,9606.ENSP00000338034
5792,PSMF1,,,9606.ENSP00000338039
5793,HBG2,3048,,9606.ENSP00000338082
5794,TARS3,123283,,9606.ENSP00000338093
5795,TESK1,7016,Q15569,9606.ENSP00000338127
5796,KLRD1,3824,,9606.ENSP00000338130
5797,ZBTB16,7704,,9606.ENSP00000338157
5798,SKAP1,8631,,9606.ENSP00000338171
5799,PUM2,23369,,9606.ENSP00000338173
5800,PLCB1,23236,,9606.ENSP00000338185
5801,EED,8726,,9606.ENSP00000338186
5802,SNTB2,6645,,9606.ENSP00000338191
5803,LMO1,4004,,9606.ENSP00000338207
5804,MTDH,92140,,9606.ENSP00000338235
5805,HEY1,23462,,9606.ENSP00000338272
5806,CRISP1,167,,9606.ENSP00000338276
5807,NPAS2,4862,,9606.ENSP00000338283
5808,SGCD,6444,,9606.ENSP00000338343
5809,CELA3B,23436,,9606.ENSP00000338369
5810,UBA1,7317,,9606.ENSP00000338413
5811,MGAT4B,11282,,9606.ENSP00000338487
5812,AGTPBP1,23287,,9606.ENSP00000338512
5813,FAM53B,9679,,9606.ENSP00000338532
5814,STX3,6809,,9606.ENSP00000338562
5815,TASP1,55617,,9606.ENSP00000338624
5816,SLC6A16,28968,,9606.ENSP00000338627
5817,RERE,473,,9606.ENSP00000338629
5818,MS4A4A,51338,,9606.ENSP00000338648
5819,RHOBTB1,9886,,9606.ENSP00000338671
5820,CDK10,8558,,9606.ENSP00000338673
5821,UGP2,7360,,9606.ENSP00000338703
5822,CCDC88A,55704,,9606.ENSP00000338728
5823,NPHP3,27031,,9606.ENSP00000338766
5824,ASAP3,55616,,9606.ENSP00000338769
5825,AP3S2,10239,,9606.ENSP00000338777
5826,STARD13,90627,,9606.ENSP00000338785
5827,ZC3H15,55854,,9606.ENSP00000338788
5828,SSX2,6757,,9606.ENSP00000338796
5829,SSX2B,727837,,9606.ENSP00000338796
5830,NFAT5,10725,,9606.ENSP00000338806
5831,C1QTNF6,114904,,9606.ENSP00000338812
5832,BAG5,9529,,9606.ENSP00000338814
5833,SEC23B,10483,,9606.ENSP00000338844
5834,RASGRP2,10235,,9606.ENSP00000338864
5835,EZR,7430,,9606.ENSP00000338934
5836,ATG101,60673,,9606.ENSP00000338990
5837,TUBB,203068,P07437,9606.ENSP00000339001
5838,FOXG1,2290,,9606.ENSP00000339004
5839,ATAD1,84896,,9606.ENSP00000339017
5840,ZFP91,80829,,9606.ENSP00000339030
5841,EEF1A1,1915,P68104,9606.ENSP00000339063
5842,ANAPC1,64682,,9606.ENSP00000339109
5843,ERAS,3266,,9606.ENSP00000339136
5844,RRP1B,23076,,9606.ENSP00000339145
5845,CPM,1368,,9606.ENSP00000339157
5846,AIDA,64853,,9606.ENSP00000339161
5847,GRAP2,9402,,9606.ENSP00000339186
5848,CAV1,857,,9606.ENSP00000339191
5849,DPP8,54878,,9606.ENSP00000339208
5850,SLC6A13,6540,,9606.ENSP00000339260
5851,TRIO,7204,,9606.ENSP00000339299
5852,ZNF70,7621,,9606.ENSP00000339314
5853,PLAUR,5329,Q03405,9606.ENSP00000339328
5854,LGALS12,85329,,9606.ENSP00000339374
5855,RGS12,6002,,9606.ENSP00000339381
5856,HLA-DQA1,3117,,9606.ENSP00000339398
5857,ASCC1,51008,,9606.ENSP00000339404
5858,SRR,63826,Q9GZT4,9606.ENSP00000339435
5859,CFAP52,146845,,9606.ENSP00000339449
5860,RHOG,391,,9606.ENSP00000339467
5861,ICOSLG,23308,,9606.ENSP00000339477
5862,NT5C2,22978,P49902,9606.ENSP00000339479
5863,ZFAND4,93550,,9606.ENSP00000339484
5864,NELFB,25920,,9606.ENSP00000339495
5865,DFFB,1677,,9606.ENSP00000339524
5866,FOXO3,2309,,9606.ENSP00000339527
5867,H1-2,3006,,9606.ENSP00000339566
5868,RHD,6007,,9606.ENSP00000339577
5869,GSDME,1687,,9606.ENSP00000339587
5870,KIR2DL4,3805,,9606.ENSP00000339634
5871,BRAT1,221927,,9606.ENSP00000339637
5872,TRIM2,23321,,9606.ENSP00000339659
5873,RASSF4,83937,,9606.ENSP00000339692
5874,NDUFA4,4697,,9606.ENSP00000339720
5875,CIR1,9541,,9606.ENSP00000339723
5876,THBS4,7060,,9606.ENSP00000339730
5877,ARL4C,10123,,9606.ENSP00000339754
5878,PRDM8,56978,,9606.ENSP00000339764
5879,ZNF433,163059,,9606.ENSP00000339767
5880,ACSL4,2182,O60488,9606.ENSP00000339787
5881,RPL7,6129,,9606.ENSP00000339795
5882,IDS,3423,,9606.ENSP00000339801
5883,TSLP,85480,,9606.ENSP00000339804
5884,ZNF546,339327,,9606.ENSP00000339823
5885,FGFR3,2261,P22607,9606.ENSP00000339824
5886,PIK3AP1,118788,,9606.ENSP00000339826
5887,CLCN1,1180,,9606.ENSP00000339867
5888,LBR,3930,,9606.ENSP00000339883
5889,FLRT3,23767,,9606.ENSP00000339912
5890,LIMK2,3985,P53671,9606.ENSP00000339916
5891,PKLR,5313,P30613,9606.ENSP00000339933
5892,MYB,4602,,9606.ENSP00000339992
5893,HSPD1,3329,,9606.ENSP00000340019
5894,THEG,51298,,9606.ENSP00000340088
5895,PPP1R17,10842,,9606.ENSP00000340125
5896,RBPMS,11030,,9606.ENSP00000340176
5897,aac,,P9WQG9,9606.ENSP00000340200
5898,GLYAT,10249,Q6IB77,9606.ENSP00000340200
5899,CORO1B,57175,,9606.ENSP00000340211
5900,LMX1A,4009,,9606.ENSP00000340226
5901,SERINC3,10955,,9606.ENSP00000340243
5902,TAF3,83860,,9606.ENSP00000340271
5903,PARK7,11315,,9606.ENSP00000340278
5904,SSX2IP,117178,,9606.ENSP00000340279
5905,DLK1,8788,,9606.ENSP00000340292
5906,UBE2V1,7335,,9606.ENSP00000340305
5907,NYX,60506,,9606.ENSP00000340328
5908,CAPRIN1,4076,,9606.ENSP00000340329
5909,KAT5,10524,,9606.ENSP00000340330
5910,TCF7,6932,,9606.ENSP00000340347
5911,ACVR2B,93,,9606.ENSP00000340361
5912,DYRK1A,1859,Q13627,9606.ENSP00000340373
5913,SMPD1,6609,P17405,9606.ENSP00000340409
5914,ERMP1,79956,,9606.ENSP00000340427
5915,RTL6,84247,,9606.ENSP00000340434
5916,RAP1GDS1,5910,,9606.ENSP00000340454
5917,GANAB,23193,,9606.ENSP00000340466
5918,CARMIL3,90668,,9606.ENSP00000340467
5919,ZNF395,55893,,9606.ENSP00000340494
5920,SENP8,123228,,9606.ENSP00000340505
5921,TRIM24,8805,,9606.ENSP00000340507
5922,PPL,5493,,9606.ENSP00000340510
5923,ZNF14,7561,,9606.ENSP00000340514
5924,UTS2B,257313,,9606.ENSP00000340526
5925,RASSF6,166824,,9606.ENSP00000340578
5926,RTL4,340595,,9606.ENSP00000340590
5927,UBE3B,89910,,9606.ENSP00000340596
5928,SGK2,10110,,9606.ENSP00000340608
5929,DUPD1,338599,,9606.ENSP00000340609
5930,HUWE1,10075,,9606.ENSP00000340648
5931,ELSPBP1,64100,,9606.ENSP00000340660
5932,ARMCX3,51566,,9606.ENSP00000340672
5933,MAOA,4128,P21397,9606.ENSP00000340684
5934,ADGRL1,22859,,9606.ENSP00000340688
5935,EIF4EBP1,1978,,9606.ENSP00000340691
5936,GYG1,2992,,9606.ENSP00000340736
5937,CFAP65,255101,,9606.ENSP00000340776
5938,ZNF326,284695,,9606.ENSP00000340796
5939,GJB5,2709,,9606.ENSP00000340811
5940,MAPT,4137,P10636,9606.ENSP00000340820
5941,OSTF1,26578,,9606.ENSP00000340836
5942,C1QTNF1,114897,,9606.ENSP00000340864
5943,MEF2C,4208,,9606.ENSP00000340874
5944,SMARCB1,6598,,9606.ENSP00000340883
5945,ASH2L,9070,,9606.ENSP00000340896
5946,MIA3,375056,,9606.ENSP00000340900
5947,TRPC6,7225,,9606.ENSP00000340913
5948,DMP1,1758,,9606.ENSP00000340935
5949,CLDN18,51208,,9606.ENSP00000340939
5950,CRHR2,1395,,9606.ENSP00000340943
5951,SPAG8,26206,,9606.ENSP00000340982
5952,SFN,2810,,9606.ENSP00000340989
5953,NTN4,59277,,9606.ENSP00000340998
5954,AMTN,401138,,9606.ENSP00000341013
5955,NANOS2,339345,,9606.ENSP00000341021
5956,CSN2,1447,,9606.ENSP00000341030
5957,WNT7B,7477,,9606.ENSP00000341032
5958,ACACB,32,O00763,9606.ENSP00000341044
5959,UGT2B15,7366,P54855,9606.ENSP00000341045
5960,ARHGEF3,50650,,9606.ENSP00000341071
5961,NPR2,4882,,9606.ENSP00000341083
5962,HMX2,3167,,9606.ENSP00000341108
5963,SIGLEC1,6614,,9606.ENSP00000341141
5964,CERKL,375298,,9606.ENSP00000341159
5965,PTN,5764,,9606.ENSP00000341170
5966,MTSS2,92154,,9606.ENSP00000341171
5967,PTK2,5747,Q05397,9606.ENSP00000341189
5968,NEO1,4756,,9606.ENSP00000341198
5969,CHST4,10164,,9606.ENSP00000341206
5970,STAT5A,6776,,9606.ENSP00000341208
5971,RAB5IF,55969,,9606.ENSP00000341213
5972,H1-6,3010,,9606.ENSP00000341214
5973,ZNF695,57116,,9606.ENSP00000341236
5974,TRADD,8717,,9606.ENSP00000341268
5975,JARID2,3720,,9606.ENSP00000341280
5976,TUBB4B,10383,P68371,9606.ENSP00000341289
5977,WNK1,65125,,9606.ENSP00000341292
5978,KLHL6,89857,,9606.ENSP00000341342
5979,TEKT1,83659,,9606.ENSP00000341346
5980,RNF13,11342,,9606.ENSP00000341361
5981,TMEM230,29058,,9606.ENSP00000341364
5982,SMC4,10051,,9606.ENSP00000341382
5983,P4HTM,54681,Q9NXG6,9606.ENSP00000341422
5984,RANBP3,8498,,9606.ENSP00000341483
5985,SYDE1,85360,,9606.ENSP00000341489
5986,SEPTIN6,23157,,9606.ENSP00000341524
5987,ZNF34,80778,,9606.ENSP00000341528
5988,TCAIM,285343,,9606.ENSP00000341539
5989,SLC24A5,283652,,9606.ENSP00000341550
5990,SMAD4,4089,,9606.ENSP00000341551
5991,B4GALNT1,2583,,9606.ENSP00000341562
5992,FAM111B,374393,,9606.ENSP00000341565
5993,C15orf48,84419,,9606.ENSP00000341610
5994,CYB5A,1528,,9606.ENSP00000341625
5995,NCR3LG1,374383,,9606.ENSP00000341637
5996,THYN1,29087,,9606.ENSP00000341657
5997,AGMO,392636,,9606.ENSP00000341662
5998,DTNBP1,84062,,9606.ENSP00000341680
5999,ENSA,2029,,9606.ENSP00000341743
6000,BSPH1,100131137,,9606.ENSP00000341762
6001,SPATA16,83893,,9606.ENSP00000341765
6002,PPP1CC,5501,,9606.ENSP00000341779
6003,ADIPOR1,51094,,9606.ENSP00000341785
6004,SOX18,54345,,9606.ENSP00000341815
6005,FPR3,2359,,9606.ENSP00000341821
6006,HNRNPA1,3178,,9606.ENSP00000341826
6007,TNNI3,7137,,9606.ENSP00000341838
6008,ETV7,51513,,9606.ENSP00000341843
6009,RIOK3,8780,O14730,9606.ENSP00000341874
6010,RPS2,6187,,9606.ENSP00000341885
6011,CAV3,859,,9606.ENSP00000341940
6012,TP53BP2,7159,,9606.ENSP00000341957
6013,FOXD4L3,286380,,9606.ENSP00000341961
6014,NANOS3,342977,,9606.ENSP00000341992
6015,ZNF93,81931,,9606.ENSP00000342002
6016,CYP1A2,1544,P05177,9606.ENSP00000342007
6017,DMKN,93099,,9606.ENSP00000342012
6018,ZNF189,7743,,9606.ENSP00000342019
6019,FBXO38,81545,,9606.ENSP00000342023
6020,PRDX6,9588,,9606.ENSP00000342026
6021,CS,1431,O75390,9606.ENSP00000342056
6022,SLPI,6590,,9606.ENSP00000342082
6023,OBP2A,29991,Q9NY56,9606.ENSP00000342097
6024,SPINT1,6692,,9606.ENSP00000342098
6025,DYRK2,8445,,9606.ENSP00000342105
6026,SERPINA12,145264,,9606.ENSP00000342109
6027,ICAM4,3386,,9606.ENSP00000342114
6028,HHIPL2,79802,,9606.ENSP00000342118
6029,CREB3,10488,,9606.ENSP00000342136
6030,PDZK1,5174,,9606.ENSP00000342143
6031,EVC2,132884,,9606.ENSP00000342144
6032,NCR3,259197,,9606.ENSP00000342156
6033,TEX9,374618,,9606.ENSP00000342169
6034,LRRIQ4,344657,,9606.ENSP00000342188
6035,BTNL8,79908,,9606.ENSP00000342197
6036,KIR2DL3,3804,,9606.ENSP00000342215
6037,KIR2DS5,3810,,9606.ENSP00000342215
6038,TRPV2,51393,Q9Y5S1,9606.ENSP00000342222
6039,ERBB4,2066,Q15303,9606.ENSP00000342235
6040,NUP43,348995,,9606.ENSP00000342262
6041,SLC25A15,10166,,9606.ENSP00000342267
6042,OAS2,4939,,9606.ENSP00000342278
6043,ANKRD55,79722,,9606.ENSP00000342295
6044,FOXM1,2305,,9606.ENSP00000342307
6045,BORCS7,119032,,9606.ENSP00000342331
6046,FAM180A,389558,,9606.ENSP00000342336
6047,NRF1,4899,,9606.ENSP00000342351
6048,OSTN,344901,,9606.ENSP00000342356
6049,SNRPD2,,P62316,9606.ENSP00000342374
6050,PTGES,9536,,9606.ENSP00000342385
6051,MESP2,145873,,9606.ENSP00000342392
6052,BAZ1B,9031,,9606.ENSP00000342434
6053,PYCR2,29920,,9606.ENSP00000342502
6054,IFI6,2537,,9606.ENSP00000342513
6055,STMN4,,Q9H169,9606.ENSP00000342538
6056,HRH3,11255,Q9Y5N1,9606.ENSP00000342560
6057,TREML4,285852,,9606.ENSP00000342570
6058,FAM184A,79632,,9606.ENSP00000342604
6059,ACER2,340485,,9606.ENSP00000342609
6060,PDE4B,5142,Q07343,9606.ENSP00000342637
6061,CD5,921,,9606.ENSP00000342681
6062,RNF41,10193,,9606.ENSP00000342755
6063,PPM1G,5496,,9606.ENSP00000342778
6064,PLD1,5337,Q13393,9606.ENSP00000342793
6065,USP9Y,8287,,9606.ENSP00000342812
6066,NKX2-3,159296,,9606.ENSP00000342828
6067,YPEL1,29799,,9606.ENSP00000342832
6068,LYSMD4,145748,,9606.ENSP00000342840
6069,NOXA1,10811,,9606.ENSP00000342848
6070,SERPINA6,866,P08185,9606.ENSP00000342850
6071,FERMT2,10979,,9606.ENSP00000342858
6072,POLR2K,5440,,9606.ENSP00000342889
6073,MCPH1,79648,,9606.ENSP00000342924
6074,POU1F1,5449,,9606.ENSP00000342931
6075,ADCY2,108,Q08462,9606.ENSP00000342952
6076,SERINC1,57515,,9606.ENSP00000342962
6077,UBE4B,10277,,9606.ENSP00000343001
6078,B3GLCT,145173,,9606.ENSP00000343002
6079,SP100,6672,,9606.ENSP00000343023
6080,RBM5,10181,,9606.ENSP00000343054
6081,PRMT7,54496,,9606.ENSP00000343103
6082,TRIM29,23650,,9606.ENSP00000343129
6083,XIRP1,165904,,9606.ENSP00000343140
6084,EPB41L3,23136,,9606.ENSP00000343158
6085,PPCDC,60490,,9606.ENSP00000343190
6086,SKOR1,390598,,9606.ENSP00000343200
6087,TCL1B,9623,,9606.ENSP00000343223
6088,DUSP21,63904,,9606.ENSP00000343244
6089,SBK1,,Q52WX2,9606.ENSP00000343248
6090,KLHL7,55975,,9606.ENSP00000343273
6091,FOXN3,1112,,9606.ENSP00000343288
6092,PKN1,5585,Q16512,9606.ENSP00000343325
6093,P2RX2,22953,Q9UBL9,9606.ENSP00000343339
6094,VSTM1,284415,,9606.ENSP00000343366
6095,TMPPE,643853,,9606.ENSP00000343398
6096,SEC24C,9632,,9606.ENSP00000343405
6097,BABAM2,9577,,9606.ENSP00000343412
6098,GPR18,2841,Q14330,9606.ENSP00000343428
6099,SERPINB4,6318,,9606.ENSP00000343445
6100,NBR1,4077,,9606.ENSP00000343479
6101,LCTL,197021,,9606.ENSP00000343490
6102,TNFSF13,8741,,9606.ENSP00000343505
6103,TCEA2,6919,,9606.ENSP00000343515
6104,USP1,7398,,9606.ENSP00000343526
6105,USP7,7874,,9606.ENSP00000343535
6106,ICMT,23463,,9606.ENSP00000343552
6107,TPSAB1,7177,,9606.ENSP00000343577
6108,ZNF606,80095,,9606.ENSP00000343617
6109,HOXA9,3205,,9606.ENSP00000343619
6110,PRRC2C,23215,,9606.ENSP00000343629
6111,FOXN2,3344,,9606.ENSP00000343633
6112,RAPGEF5,9771,,9606.ENSP00000343656
6113,MCCC2,64087,,9606.ENSP00000343657
6114,MAP4K4,9448,O95819,9606.ENSP00000343658
6115,GJA4,2701,,9606.ENSP00000343676
6116,DPYSL3,1809,,9606.ENSP00000343690
6117,KPNA1,3836,,9606.ENSP00000343701
6118,MAGEH1,28986,,9606.ENSP00000343706
6119,ATR,545,,9606.ENSP00000343741
6120,ADRB3,155,P13945,9606.ENSP00000343782
6121,CDK5RAP2,55755,,9606.ENSP00000343818
6122,UGT1A10,54575,Q9HAW8,9606.ENSP00000343838
6123,NEK10,152110,,9606.ENSP00000343847
6124,PPA2,27068,,9606.ENSP00000343885
6125,SMARCA4,6597,,9606.ENSP00000343896
6126,FRMD6,122786,,9606.ENSP00000343899
6127,PRELP,5549,,9606.ENSP00000343924
6128,ESR2,2100,Q92731,9606.ENSP00000343925
6129,CCR6,1235,,9606.ENSP00000343952
6130,IFNAR2,3455,P48551,9606.ENSP00000343957
6131,PSPC1,55269,,9606.ENSP00000343966
6132,METTL24,728464,,9606.ENSP00000344071
6133,AUTS2,26053,,9606.ENSP00000344087
6134,POMGNT2,84892,,9606.ENSP00000344125
6135,ABCA2,20,,9606.ENSP00000344155
6136,TMEM189-UBE2V1,387522,,9606.ENSP00000344166
6137,TRIM14,9830,,9606.ENSP00000344208
6138,TP53INP1,94241,,9606.ENSP00000344215
6139,SUSD4,55061,,9606.ENSP00000344219
6140,PDPK1,5170,O15530,9606.ENSP00000344220
6141,MBTPS1,8720,,9606.ENSP00000344223
6142,LRRC43,254050,,9606.ENSP00000344233
6143,LRRC17,10234,,9606.ENSP00000344242
6144,OFD1,8481,,9606.ENSP00000344314
6145,ATF3,467,P18847,9606.ENSP00000344352
6146,CLUAP1,23059,,9606.ENSP00000344392
6147,FCF1,51077,,9606.ENSP00000344393
6148,LIN28B,389421,,9606.ENSP00000344401
6149,SUSD6,9766,,9606.ENSP00000344424
6150,IFITM10,402778,,9606.ENSP00000344430
6151,DNAJB13,374407,,9606.ENSP00000344431
6152,DOK7,285489,,9606.ENSP00000344432
6153,FGD6,55785,,9606.ENSP00000344446
6154,PROZ,8858,,9606.ENSP00000344458
6155,PEAR1,375033,,9606.ENSP00000344465
6156,SDC3,9672,,9606.ENSP00000344468
6157,NR4A2,4929,,9606.ENSP00000344479
6158,JPH1,56704,,9606.ENSP00000344488
6159,TMEM201,199953,,9606.ENSP00000344503
6160,H1-0,3005,,9606.ENSP00000344504
6161,IKZF3,22806,,9606.ENSP00000344544
6162,PTMA,5757,,9606.ENSP00000344547
6163,FIBP,9158,,9606.ENSP00000344572
6164,APOL3,80833,,9606.ENSP00000344577
6165,BTG3,10950,,9606.ENSP00000344609
6166,CCNG1,900,,9606.ENSP00000344635
6167,SLC37A1,54020,,9606.ENSP00000344648
6168,NF2,4771,,9606.ENSP00000344666
6169,DHRS2,10202,,9606.ENSP00000344674
6170,TOX2,84969,,9606.ENSP00000344724
6171,CFAP100,348807,,9606.ENSP00000344749
6172,GFI1B,8328,,9606.ENSP00000344782
6173,NFASC,23114,,9606.ENSP00000344786
6174,MOCS1,4337,Q9NZB8,9606.ENSP00000344794
6175,CMTM5,116173,,9606.ENSP00000344819
6176,QPCT,25797,,9606.ENSP00000344829
6177,SLC25A40,55972,,9606.ENSP00000344831
6178,FBXL14,144699,,9606.ENSP00000344855
6179,FBXL5,26234,,9606.ENSP00000344866
6180,MAFK,7975,,9606.ENSP00000344903
6181,DPY19L3,147991,,9606.ENSP00000344937
6182,SPRY4,81848,,9606.ENSP00000344967
6183,DALRD3,,,9606.ENSP00000344989
6184,CRTC1,23373,,9606.ENSP00000345001
6185,FBLN5,10516,,9606.ENSP00000345008
6186,GSTO2,119391,,9606.ENSP00000345023
6187,KCNQ5,56479,Q9NR82,9606.ENSP00000345055
6188,PRICKLE1,144165,,9606.ENSP00000345064
6189,MAP2K3,5606,P46734,9606.ENSP00000345083
6190,IMPDH1,3614,P20839,9606.ENSP00000345096
6191,CDC42BPG,55561,Q6DT37,9606.ENSP00000345133
6192,APOD,347,P05090,9606.ENSP00000345179
6193,OLFM3,118427,,9606.ENSP00000345192
6194,SHANK2,22941,,9606.ENSP00000345193
6195,UBQLN2,29978,,9606.ENSP00000345195
6196,RBPJ,3516,,9606.ENSP00000345206
6197,USP54,159195,,9606.ENSP00000345216
6198,DNER,92737,,9606.ENSP00000345229
6199,SIGLEC10,89790,,9606.ENSP00000345243
6200,EPB41,2035,,9606.ENSP00000345259
6201,ZDHHC3,51304,,9606.ENSP00000345268
6202,MGAT3,4248,,9606.ENSP00000345270
6203,GPT2,84706,Q8TD30,9606.ENSP00000345282
6204,NDRG3,57446,,9606.ENSP00000345292
6205,SH2D4B,387694,,9606.ENSP00000345295
6206,PTGES2,80142,,9606.ENSP00000345341
6207,CTSL,1514,P07711,9606.ENSP00000345344
6208,HMGB1,3146,P09429,9606.ENSP00000345347
6209,PAPLN,89932,,9606.ENSP00000345395
6210,CPSF7,79869,,9606.ENSP00000345412
6211,SAMM50,25813,,9606.ENSP00000345445
6212,NHLRC1,378884,,9606.ENSP00000345464
6213,PCDHB13,56123,,9606.ENSP00000345491
6214,SH2B3,10019,Q9UQQ2,9606.ENSP00000345492
6215,PLSCR1,5359,,9606.ENSP00000345494
6216,PDE4D,5144,Q08499,9606.ENSP00000345502
6217,E2F1,1869,,9606.ENSP00000345571
6218,MAP3K15,,Q6ZN16,9606.ENSP00000345629
6219,ZCCHC13,389874,,9606.ENSP00000345633
6220,VAPA;vapA,9218,Q76NM6,9606.ENSP00000345656
6221,CA7,,P43166,9606.ENSP00000345659
6222,CTSB,1508,,9606.ENSP00000345672
6223,GATA2,2624,,9606.ENSP00000345681
6224,NFYA,4800,,9606.ENSP00000345702
6225,KCNJ11,3767,Q14654,9606.ENSP00000345708
6226,NKAPL,222698,,9606.ENSP00000345716
6227,TOR1A,1861,,9606.ENSP00000345719
6228,ATP7A,538,,9606.ENSP00000345728
6229,DLG1,1739,,9606.ENSP00000345731
6230,SCNN1B,6338,P51168,9606.ENSP00000345751
6231,MTMR2,,,9606.ENSP00000345752
6232,ANKRD6,22881,,9606.ENSP00000345767
6233,ALDH3A2,224,,9606.ENSP00000345774
6234,FZD9,8326,,9606.ENSP00000345785
6235,ZC3H7B,23264,,9606.ENSP00000345793
6236,KRBOX4,55634,,9606.ENSP00000345797
6237,ARHGAP12,94134,,9606.ENSP00000345808
6238,ZNF197,10168,,9606.ENSP00000345809
6239,PMEPA1,56937,,9606.ENSP00000345826
6240,DPY30,84661,,9606.ENSP00000345837
6241,ANP32B,10541,,9606.ENSP00000345848
6242,SPAM1,6677,,9606.ENSP00000345849
6243,DUSP9,1852,,9606.ENSP00000345853
6244,GJB4,127534,,9606.ENSP00000345868
6245,SLC26A3,1811,,9606.ENSP00000345873
6246,NUP50,,,9606.ENSP00000345895
6247,RPS21,6227,,9606.ENSP00000345957
6248,TRAF3IP2,10758,,9606.ENSP00000345984
6249,LRFN2,57497,,9606.ENSP00000345985
6250,PLCH1,23007,,9606.ENSP00000345988
6251,DMPK,1760,,9606.ENSP00000345997
6252,RPL3,6122,P39023,9606.ENSP00000346001
6253,RPL27A,,,9606.ENSP00000346015
6254,RPL21,6144,,9606.ENSP00000346027
6255,ANXA2,302,P07355,9606.ENSP00000346032
6256,RPLP1,6176,,9606.ENSP00000346037
6257,RPS3A,6189,,9606.ENSP00000346050
6258,TDRD6,221400,,9606.ENSP00000346065
6259,RPL22,6146,,9606.ENSP00000346088
6260,GPX4,2879,P36969,9606.ENSP00000346103
6261,SLC12A6,9990,Q9UHW9,9606.ENSP00000346112
6262,DDX21,9188,,9606.ENSP00000346120
6263,PLEKHB1,58473,,9606.ENSP00000346127
6264,TBC1D20,128637,,9606.ENSP00000346139
6265,PRKAA1,5562,Q13131,9606.ENSP00000346148
6266,MAGI2,9863,,9606.ENSP00000346151
6267,UCKL1,54963,,9606.ENSP00000346155
6268,REG4,83998,,9606.ENSP00000346158
6269,DUSP19,142679,,9606.ENSP00000346160
6270,ETFB,2109,,9606.ENSP00000346173
6271,SETDB2,83852,,9606.ENSP00000346175
6272,NDUFV3,4731,P56181,9606.ENSP00000346196
6273,TAP1,6890,,9606.ENSP00000346206
6274,FBXO2,26232,,9606.ENSP00000346240
6275,BPIFA1,51297,,9606.ENSP00000346251
6276,CRKL,1399,,9606.ENSP00000346300
6277,NRDE2,55051,,9606.ENSP00000346335
6278,COPS8,10920,,9606.ENSP00000346340
6279,ZNF774,342132,,9606.ENSP00000346348
6280,KIAA0586,9786,,9606.ENSP00000346359
6281,APBB3,10307,,9606.ENSP00000346378
6282,ATG7,10533,,9606.ENSP00000346437
6283,LRMP,4033,,9606.ENSP00000346442
6284,ADAMTSL2,9719,,9606.ENSP00000346478
6285,DDRGK1,65992,,9606.ENSP00000346483
6286,MAK,4117,,9606.ENSP00000346484
6287,PDGFA,5154,,9606.ENSP00000346508
6288,SCN8A,6334,Q9UQD0,9606.ENSP00000346534
6289,SMOC2,64094,,9606.ENSP00000346537
6290,ANXA6,309,,9606.ENSP00000346550
6291,FILIP1L,11259,,9606.ENSP00000346560
6292,AK5,26289,,9606.ENSP00000346577
6293,STYX,6815,,9606.ENSP00000346599
6294,THRAP3,9967,,9606.ENSP00000346634
6295,HKDC1,80201,,9606.ENSP00000346643
6296,OCA2,4948,,9606.ENSP00000346659
6297,P,,P24024;Q05486,9606.ENSP00000346659
6298,WNK3,65267,,9606.ENSP00000346667
6299,FYN,2534,P06241,9606.ENSP00000346671
6300,ELOVL2,54898,,9606.ENSP00000346693
6301,HNRNPA2B1,3181,P22626,9606.ENSP00000346694
6302,BMF,90427,,9606.ENSP00000346697
6303,PES1,23481,,9606.ENSP00000346725
6304,SND1,27044,,9606.ENSP00000346762
6305,UGT1A9,54600,O60656,9606.ENSP00000346768
6306,WLS,79971,,9606.ENSP00000346829
6307,FN1,2335,P02751,9606.ENSP00000346839
6308,FAR1,,,9606.ENSP00000346874
6309,NKX2-1,7080,,9606.ENSP00000346879
6310,GABPA,2551,,9606.ENSP00000346886
6311,NRDC,4898,,9606.ENSP00000346890
6312,FMO1,2326,Q01740,9606.ENSP00000346901
6313,SLC25A26,115286,,9606.ENSP00000346955
6314,SLC38A6,145389,,9606.ENSP00000346959
6315,EGFLAM,133584,,9606.ENSP00000346964
6316,TMEM207,131920,,9606.ENSP00000346981
6317,WAC,51322,,9606.ENSP00000346986
6318,SCARA5,286133,,9606.ENSP00000346990
6319,SUV39H2,79723,,9606.ENSP00000346997
6320,LUC7L2,,,9606.ENSP00000347005
6321,PIP4K2C,79837,Q8TBX8,9606.ENSP00000347032
6322,PLSCR4,57088,,9606.ENSP00000347038
6323,FMOD,2331,,9606.ENSP00000347041
6324,ZNF649,65251,,9606.ENSP00000347043
6325,PDE5A,8654,O76074,9606.ENSP00000347046
6326,MYL4,4635,,9606.ENSP00000347055
6327,LARGE1,9215,,9606.ENSP00000347088
6328,NET1,10276,,9606.ENSP00000347134
6329,ATRNL1,26033,,9606.ENSP00000347152
6330,NEIL1,79661,Q96FI4,9606.ENSP00000347170
6331,HTT,3064,,9606.ENSP00000347184
6332,C5AR1,728,P21730,9606.ENSP00000347197
6333,SRGAP1,57522,,9606.ENSP00000347198
6334,GPAA1,8733,,9606.ENSP00000347206
6335,ENTPD2,954,,9606.ENSP00000347213
6336,BLM;blm,641,P04190,9606.ENSP00000347232
6337,ITSN2,50618,,9606.ENSP00000347244
6338,MSRB3,253827,,9606.ENSP00000347324
6339,POLR3H,171568,,9606.ENSP00000347345
6340,MAGEA11,4110,,9606.ENSP00000347358
6341,OCLN,100506658,,9606.ENSP00000347379
6342,MINK1,50488,Q8N4C8,9606.ENSP00000347427
6343,APCDD1,147495,,9606.ENSP00000347433
6344,TDRD7,23424,,9606.ENSP00000347444
6345,LINGO1,84894,,9606.ENSP00000347451
6346,ANO1,55107,Q5XXA6,9606.ENSP00000347454
6347,DNM3,26052,,9606.ENSP00000347457
6348,GIT2,9815,,9606.ENSP00000347464
6349,THSD4,79875,,9606.ENSP00000347484
6350,WARS1,7453,,9606.ENSP00000347495
6351,ZFYVE19,84936,,9606.ENSP00000347498
6352,MYH7,4625,,9606.ENSP00000347507
6353,SHTN1,57698,,9606.ENSP00000347532
6354,RNF220,55182,,9606.ENSP00000347548
6355,MFSD12,126321,,9606.ENSP00000347583
6356,CCDC69,26112,,9606.ENSP00000347586
6357,GFRA1,2674,,9606.ENSP00000347591
6358,ARID4A,5926,,9606.ENSP00000347602
6359,NUDCD3,23386,,9606.ENSP00000347626
6360,SOX12,6666,,9606.ENSP00000347646
6361,ZNF512,84450,,9606.ENSP00000347648
6362,P3H4,10609,,9606.ENSP00000347649
6363,GRK6,2870,,9606.ENSP00000347655
6364,VANGL1,81839,,9606.ENSP00000347672
6365,LMX1B,4010,,9606.ENSP00000347684
6366,PDE4C,5143,Q08493,9606.ENSP00000347689
6367,OPHN1,4983,,9606.ENSP00000347710
6368,C2CD4A,145741,,9606.ENSP00000347712
6369,FCAR,2204,,9606.ENSP00000347714
6370,DHCR7,1717,,9606.ENSP00000347717
6371,TBCD,6904,,9606.ENSP00000347719
6372,ZNF536,9745,,9606.ENSP00000347730
6373,HTR3A,3359,P46098,9606.ENSP00000347754
6374,NEK5,341676,Q6P3R8,9606.ENSP00000347767
6375,SLC26A8,116369,,9606.ENSP00000347778
6376,SYNJ2,8871,,9606.ENSP00000347792
6377,MORC4,79710,,9606.ENSP00000347821
6378,FBXL3,26224,,9606.ENSP00000347834
6379,UBE2H,7328,,9606.ENSP00000347836
6380,SORBS2,8470,,9606.ENSP00000347852
6381,VAT1,10493,,9606.ENSP00000347872
6382,MBD6,114785,,9606.ENSP00000347896
6383,CLEC12A,160364,,9606.ENSP00000347916
6384,PCNX3,399909,,9606.ENSP00000347931
6385,RET,5979,P07949,9606.ENSP00000347942
6386,TNFRSF14,8764,,9606.ENSP00000347948
6387,SLC17A5,26503,,9606.ENSP00000348019
6388,MLH3,27030,,9606.ENSP00000348020
6389,OR11L1,391189,,9606.ENSP00000348033
6390,COMMD6,170622,,9606.ENSP00000348054
6391,UBE2I,7329,,9606.ENSP00000348056
6392,ART3,419,,9606.ENSP00000348064
6393,SREBF1,6720,P36956,9606.ENSP00000348069
6394,CLEC9A,283420,,9606.ENSP00000348074
6395,ERCC6,2074,,9606.ENSP00000348089
6396,PGBD3,267004,,9606.ENSP00000348089
6397,PDLIM7,9260,,9606.ENSP00000348099
6398,C1D,10438,,9606.ENSP00000348107
6399,KHDRBS3,10656,,9606.ENSP00000348108
6400,SVIL,6840,,9606.ENSP00000348128
6401,STK31,56164,,9606.ENSP00000348132
6402,GPR160,26996,,9606.ENSP00000348161
6403,PLS3,5358,,9606.ENSP00000348163
6404,GTF2E2,2961,,9606.ENSP00000348168
6405,HP,3240,,9606.ENSP00000348170
6406,SLC25A46,91137,,9606.ENSP00000348211
6407,SH3PXD2A,9644,,9606.ENSP00000348215
6408,TRIM4,89122,,9606.ENSP00000348216
6409,TAT,6898,,9606.ENSP00000348234
6410,STK39,27347,Q9UEW8,9606.ENSP00000348278
6411,TRIM13,10206,,9606.ENSP00000348299
6412,BTG4,54766,,9606.ENSP00000348300
6413,MMP23B,8510,,9606.ENSP00000348308
6414,SPEF2,79925,,9606.ENSP00000348314
6415,JPT1,51155,,9606.ENSP00000348316
6416,MYO9A,4649,,9606.ENSP00000348349
6417,ADD3,120,,9606.ENSP00000348381
6418,COL27A1,85301,,9606.ENSP00000348385
6419,NPEPL1,79716,,9606.ENSP00000348395
6420,TJP1,7082,,9606.ENSP00000348416
6421,ZNF44,51710,,9606.ENSP00000348419
6422,ACSL5,51703,,9606.ENSP00000348429
6423,PSMD12,5718,,9606.ENSP00000348442
6424,ANO2,57101,,9606.ENSP00000348453
6425,UVRAG,7405,,9606.ENSP00000348455
6426,ACMSD,130013,,9606.ENSP00000348459
6427,NPAS3,64067,,9606.ENSP00000348460
6428,RAC1,5879,P63000,9606.ENSP00000348461
6429,SH3YL1,26751,,9606.ENSP00000348471
6430,PXK,54899,,9606.ENSP00000348472
6431,FBRS,64319,,9606.ENSP00000348489
6432,SUN5,140732,,9606.ENSP00000348496
6433,GTF3C1,2975,,9606.ENSP00000348510
6434,RBM38,55544,,9606.ENSP00000348538
6435,CDC16,8881,,9606.ENSP00000348554
6436,CDAN1,146059,,9606.ENSP00000348564
6437,UBA5,79876,,9606.ENSP00000348565
6438,AKAP9,10142,,9606.ENSP00000348573
6439,SDAD1,55153,,9606.ENSP00000348596
6440,AMPH,273,,9606.ENSP00000348602
6441,RBCK1,10616,,9606.ENSP00000348632
6442,JAML,120425,,9606.ENSP00000348635
6443,PXDNL,137902,,9606.ENSP00000348645
6444,GALNT6,11226,,9606.ENSP00000348668
6445,AREL1,9870,,9606.ENSP00000348714
6446,SPRED2,200734,,9606.ENSP00000348753
6447,CCDC151,115948,,9606.ENSP00000348757
6448,ARIH2,10425,,9606.ENSP00000348769
6449,PITPNM1,9600,,9606.ENSP00000348772
6450,MYOM1,8736,,9606.ENSP00000348821
6451,ARHGEF26,26084,,9606.ENSP00000348828
6452,UBE2C,11065,,9606.ENSP00000348838
6453,WDR45,11152,,9606.ENSP00000348848
6454,RPS26,6231,,9606.ENSP00000348849
6455,STOML2,30968,,9606.ENSP00000348886
6456,PIGR,5284,,9606.ENSP00000348888
6457,ADAM33,80332,,9606.ENSP00000348912
6458,FABP7,2173,,9606.ENSP00000348931
6459,RSPO1,284654,,9606.ENSP00000348944
6460,MAN1A2,10905,,9606.ENSP00000348959
6461,DYNC1H1,1778,,9606.ENSP00000348965
6462,MEGF6,,,9606.ENSP00000348982
6463,SON,6651,,9606.ENSP00000348984
6464,PTGER3,5733,P43115,9606.ENSP00000349003
6465,PEX14,5195,,9606.ENSP00000349016
6466,ARC,23237,,9606.ENSP00000349022
6467,NRARP,441478,,9606.ENSP00000349041
6468,OSCP1,127700,,9606.ENSP00000349052
6469,FDPS,2224,P14324,9606.ENSP00000349078
6470,MAGEA1,4100,,9606.ENSP00000349085
6471,RSPO3,84870,,9606.ENSP00000349131
6472,ATP5F1C,,P36542,9606.ENSP00000349142
6473,CNNM1,26507,,9606.ENSP00000349147
6474,SIAH1,6477,,9606.ENSP00000349156
6475,HNRNPH1,3187,,9606.ENSP00000349168
6476,HVCN1,84329,,9606.ENSP00000349181
6477,CRB3,92359,,9606.ENSP00000349204
6478,PIK3R4,30849,,9606.ENSP00000349205
6479,PIWIL2,55124,,9606.ENSP00000349208
6480,CCDC88B,283234,,9606.ENSP00000349238
6481,ITGAL,3683,P20701,9606.ENSP00000349252
6482,SPTBN1,6711,,9606.ENSP00000349259
6483,HBM,3042,,9606.ENSP00000349270
6484,PPP1R26,9858,,9606.ENSP00000349274
6485,TMEM71,137835,,9606.ENSP00000349296
6486,MYLIP,29116,,9606.ENSP00000349298
6487,GOLGA4,2803,,9606.ENSP00000349305
6488,NHEJ1,79840,,9606.ENSP00000349313
6489,CACNA2D1,781,P54289,9606.ENSP00000349320
6490,TNFRSF10C,8794,,9606.ENSP00000349324
6491,BICD2,23299,,9606.ENSP00000349351
6492,IL27,246778,,9606.ENSP00000349365
6493,ABCD4,5826,,9606.ENSP00000349396
6494,PTBP1,5725,,9606.ENSP00000349428
6495,H2BC12,85236,,9606.ENSP00000349430
6496,ADAM15,8751,,9606.ENSP00000349436
6497,IGF2R,3482,,9606.ENSP00000349437
6498,ARG1,383,P05089,9606.ENSP00000349446
6499,CILK1,22858,Q9UPZ9,9606.ENSP00000349458
6500,ICK,,,9606.ENSP00000349458
6501,SCRIB,23513,,9606.ENSP00000349486
6502,GUCA2A,2980,,9606.ENSP00000349493
6503,CAVIN1,284119,,9606.ENSP00000349541
6504,PEX2,5828,,9606.ENSP00000349543
6505,RASSF1,11186,,9606.ENSP00000349547
6506,DCTD,1635,P32321,9606.ENSP00000349576
6507,PRODH,5625,O43272,9606.ENSP00000349577
6508,ANK2,287,,9606.ENSP00000349588
6509,ELAVL4,1996,,9606.ENSP00000349594
6510,ATP2A1,487,,9606.ENSP00000349595
6511,TRIM38,10475,,9606.ENSP00000349596
6512,ADIPOR2,79602,,9606.ENSP00000349616
6513,LRBA,987,,9606.ENSP00000349629
6514,MCRS1,10445,,9606.ENSP00000349640
6515,XPNPEP3,63929,,9606.ENSP00000349658
6516,SPOCK3,50859,,9606.ENSP00000349677
6517,DYNLRB1,83658,,9606.ENSP00000349679
6518,GM2A,2760,,9606.ENSP00000349687
6519,ZDHHC9,51114,,9606.ENSP00000349689
6520,ZMYM6,9204,,9606.ENSP00000349708
6521,UBE2D3,7323,,9606.ENSP00000349722
6522,BCL11B,64919,,9606.ENSP00000349723
6523,DOK3,79930,,9606.ENSP00000349727
6524,SFPQ,6421,P23246,9606.ENSP00000349748
6525,DCHS2,54798,,9606.ENSP00000349768
6526,MAP1LC3C,440738,,9606.ENSP00000349785
6527,COL9A1,1297,,9606.ENSP00000349790
6528,INKA2,55924,,9606.ENSP00000349805
6529,SMARCAL1,50485,,9606.ENSP00000349823
6530,REPS2,9185,,9606.ENSP00000349824
6531,GFPT1,2673,,9606.ENSP00000349860
6532,GALP,,,9606.ENSP00000349884
6533,DLK2,65989,,9606.ENSP00000349893
6534,LAGE3,,,9606.ENSP00000349923
6535,ENTR1,10807,,9606.ENSP00000349929
6536,ANAPC11,51529,,9606.ENSP00000349957
6537,CCRL2,9034,,9606.ENSP00000349967
6538,ERGIC3,51614,,9606.ENSP00000349970
6539,CEACAM3,1084,,9606.ENSP00000349971
6540,GIP,2695,,9606.ENSP00000350005
6541,ACSL3,2181,,9606.ENSP00000350012
6542,FRMD4A,55691,,9606.ENSP00000350032
6543,SMC1B,27127,,9606.ENSP00000350036
6544,ECE2,9718,,9606.ENSP00000350066
6545,EEF1AKMT4-ECE2,110599583,,9606.ENSP00000350066
6546,STRN3,29966,,9606.ENSP00000350071
6547,ARPIN,348110,,9606.ENSP00000350075
6548,POP5,51367,,9606.ENSP00000350098
6549,PLN,5350,,9606.ENSP00000350132
6550,SYCP2,10388,,9606.ENSP00000350162
6551,FXR1,8087,,9606.ENSP00000350170
6552,MAP3K6,,O95382,9606.ENSP00000350195
6553,SSTR2,6752,P30874,9606.ENSP00000350198
6554,DNAJC14,85406,,9606.ENSP00000350223
6555,BMX,660,P51813,9606.ENSP00000350224
6556,POT1,25913,,9606.ENSP00000350249
6557,CCR9,10803,,9606.ENSP00000350256
6558,DENND2D,79961,,9606.ENSP00000350266
6559,SLC30A7,148867,,9606.ENSP00000350278
6560,ZNF816,125893,,9606.ENSP00000350295
6561,ATP2B4,493,,9606.ENSP00000350310
6562,BCO2,83875,,9606.ENSP00000350314
6563,MYBPC2,4606,,9606.ENSP00000350332
6564,SAP130,79595,,9606.ENSP00000350333
6565,GRM7,2917,,9606.ENSP00000350348
6566,CREB5,9586,,9606.ENSP00000350359
6567,NEGR1,257194,,9606.ENSP00000350364
6568,MAFG,4097,,9606.ENSP00000350369
6569,MCTP2,55784,,9606.ENSP00000350377
6570,CHM,1121,,9606.ENSP00000350386
6571,HHLA2,11148,,9606.ENSP00000350402
6572,APOA4,337,P06727,9606.ENSP00000350425
6573,PRIM1,5557,P49642,9606.ENSP00000350491
6574,COPS5,10987,,9606.ENSP00000350512
6575,LVRN,206338,,9606.ENSP00000350541
6576,SEMA4F,10505,,9606.ENSP00000350547
6577,RFX4,5992,,9606.ENSP00000350552
6578,TLL2,7093,,9606.ENSP00000350630
6579,SERTAD1,29950,,9606.ENSP00000350633
6580,FAM3B,54097,,9606.ENSP00000350673
6581,PHF8,23133,,9606.ENSP00000350676
6582,ELK4,2005,,9606.ENSP00000350681
6583,ANKLE2,23141,,9606.ENSP00000350686
6584,C1orf109,54955,,9606.ENSP00000350704
6585,RAD23B,5887,,9606.ENSP00000350708
6586,TUSC1,286319,,9606.ENSP00000350716
6587,SYNE2,23224,,9606.ENSP00000350719
6588,ST7L,54879,,9606.ENSP00000350734
6589,mCR,,,9606.ENSP00000350815
6590,NR3C2,4306,P08235,9606.ENSP00000350815
6591,MPPED2,744,,9606.ENSP00000350833
6592,PAX5,5079,,9606.ENSP00000350844
6593,HMGN5,79366,,9606.ENSP00000350848
6594,METTL9,51108,,9606.ENSP00000350874
6595,EPHB4,2050,P54760,9606.ENSP00000350896
6596,CTSE,1510,,9606.ENSP00000350911
6597,GAD1,2571,,9606.ENSP00000350928
6598,RABEP2,79874,,9606.ENSP00000350934
6599,TES,26136,,9606.ENSP00000350937
6600,GMPPA,29926,,9606.ENSP00000350949
6601,NF1,4763,,9606.ENSP00000351015
6602,TPM1,7168,P09493,9606.ENSP00000351022
6603,FAM217B,63939,,9606.ENSP00000351040
6604,ZC3HC1,51530,,9606.ENSP00000351052
6605,CX3CR1,1524,,9606.ENSP00000351059
6606,SUSD2,56241,,9606.ENSP00000351075
6607,FRYL,285527,,9606.ENSP00000351113
6608,RHOT1,55288,,9606.ENSP00000351132
6609,XAB2,56949,,9606.ENSP00000351137
6610,WTAP,9589,,9606.ENSP00000351141
6611,GRM8,2918,,9606.ENSP00000351142
6612,DCAF4,26094,,9606.ENSP00000351147
6613,ATL1,51062,,9606.ENSP00000351155
6614,TXNDC15,79770,,9606.ENSP00000351157
6615,CNOT3,4849,,9606.ENSP00000351159
6616,DNA2,1763,,9606.ENSP00000351185
6617,ITIH2,3698,P19823,9606.ENSP00000351190
6618,EPHA2,1969,P29317,9606.ENSP00000351209
6619,TOMM7,54543,,9606.ENSP00000351214
6620,TRIM33,51592,,9606.ENSP00000351250
6621,STAT4,6775,,9606.ENSP00000351255
6622,CASP8,841,,9606.ENSP00000351273
6623,RAD52,5893,,9606.ENSP00000351284
6624,PSMB10,5699,P40306,9606.ENSP00000351314
6625,PLEKHG1,57480,,9606.ENSP00000351318
6626,AKAP4,8852,,9606.ENSP00000351327
6627,PLXNB1,5364,,9606.ENSP00000351338
6628,PTPN5,84867,,9606.ENSP00000351342
6629,VPS13B,157680,,9606.ENSP00000351346
6630,TMA16,55319,,9606.ENSP00000351380
6631,ARNT,405,,9606.ENSP00000351407
6632,GYPE,2996,,9606.ENSP00000351430
6633,WDR5,11091,,9606.ENSP00000351446
6634,GIMAP5,55340,,9606.ENSP00000351473
6635,PASK,23178,,9606.ENSP00000351475
6636,NAALADL1,10004,,9606.ENSP00000351484
6637,MAX,4149,,9606.ENSP00000351490
6638,UBL5,59286,,9606.ENSP00000351492
6639,FCGR2B,2213,,9606.ENSP00000351497
6640,BDP1,55814,,9606.ENSP00000351575
6641,H2AC11,8969,,9606.ENSP00000351589
6642,H2AC13,8329,,9606.ENSP00000351589
6643,H2AC15,8330,,9606.ENSP00000351589
6644,H2AC16,8332,,9606.ENSP00000351589
6645,H2AC17,8336,,9606.ENSP00000351589
6646,NLGN3,54413,,9606.ENSP00000351591
6647,FUT4,2526,,9606.ENSP00000351602
6648,FZD6,8323,,9606.ENSP00000351605
6649,SYN3,8224,,9606.ENSP00000351614
6650,PBLD,64081,,9606.ENSP00000351619
6651,FAM3D,131177,,9606.ENSP00000351632
6652,BCAS4,55653,,9606.ENSP00000351642
6653,GTPBP3,84705,,9606.ENSP00000351644
6654,STIP1,10963,,9606.ENSP00000351646
6655,MANEA,79694,,9606.ENSP00000351669
6656,CCL20,6364,,9606.ENSP00000351671
6657,CNDP1,84735,,9606.ENSP00000351682
6658,PRDM10,56980,,9606.ENSP00000351686
6659,REV3L,5980,,9606.ENSP00000351697
6660,TMEM126B,55863,,9606.ENSP00000351737
6661,FAM114A1,92689,,9606.ENSP00000351740
6662,TFEB,7942,,9606.ENSP00000351742
6663,FHAD1,114827,,9606.ENSP00000351770
6664,VCP,7415,,9606.ENSP00000351777
6665,PELI1,57162,,9606.ENSP00000351789
6666,MYPN,84665,,9606.ENSP00000351790
6667,ELN,2006,P15502,9606.ENSP00000351807
6668,EDC4,23644,,9606.ENSP00000351811
6669,MARCHF5,54708,,9606.ENSP00000351813
6670,RAB3GAP2,25782,,9606.ENSP00000351832
6671,SPANXC,64663,,9606.ENSP00000351884
6672,TGFBR2,7048,P37173,9606.ENSP00000351905
6673,MAP3K5,4217,,9606.ENSP00000351908
6674,AP2A1,160,,9606.ENSP00000351926
6675,SMARCAD1,56916,,9606.ENSP00000351947
6676,PDE3A,5139,Q14432,9606.ENSP00000351957
6677,SFTA2,389376,,9606.ENSP00000351989
6678,NAE1,8883,Q13564,9606.ENSP00000351990
6679,CACNA1G,8913,O43497,9606.ENSP00000352011
6680,KCNQ2,3785,O43526,9606.ENSP00000352035
6681,NLRC3,197358,,9606.ENSP00000352039
6682,WWP2,11060,,9606.ENSP00000352069
6683,CD163,9332,,9606.ENSP00000352071
6684,KIRREL1,55243,,9606.ENSP00000352138
6685,ELAVL3,1995,,9606.ENSP00000352162
6686,SLC25A29,,Q8N8R3,9606.ENSP00000352167
6687,PLAC1,10761,,9606.ENSP00000352173
6688,PHF2,5253,,9606.ENSP00000352185
6689,MYOF,26509,,9606.ENSP00000352208
6690,SLC2A10,81031,,9606.ENSP00000352216
6691,ANXA10,11199,,9606.ENSP00000352248
6692,H3C2,8358,,9606.ENSP00000352252
6693,XRCC6,2547,,9606.ENSP00000352257
6694,CD2AP,23607,,9606.ENSP00000352264
6695,XRCC2,7516,,9606.ENSP00000352271
6696,MYOZ1,58529,,9606.ENSP00000352272
6697,TMEM139,135932,,9606.ENSP00000352284
6698,PLXNB2,23654,,9606.ENSP00000352288
6699,CGB2,114336,,9606.ENSP00000352295
6700,TRPV6,55503,,9606.ENSP00000352358
6701,NUP214,8021,,9606.ENSP00000352400
6702,RPE,6120,Q96AT9,9606.ENSP00000352401
6703,BABAM1,29086,,9606.ENSP00000352408
6704,FGF17,8822,,9606.ENSP00000352414
6705,RGR,5995,,9606.ENSP00000352427
6706,PCBP2,5094,,9606.ENSP00000352438
6707,MFAP5,8076,,9606.ENSP00000352455
6708,TCF20,6942,,9606.ENSP00000352463
6709,TECPR2,9895,,9606.ENSP00000352510
6710,MPZL1,9019,,9606.ENSP00000352513
6711,DNMT1,1786,P26358,9606.ENSP00000352516
6712,ATP6V1H,51606,Q9UI12,9606.ENSP00000352522
6713,KCNK5,8645,,9606.ENSP00000352527
6714,GTF3C2,2976,,9606.ENSP00000352536
6715,EMP2,2013,,9606.ENSP00000352540
6716,CPLX2,10814,,9606.ENSP00000352544
6717,CALCR,799,,9606.ENSP00000352561
6718,HAND2,9464,,9606.ENSP00000352565
6719,PCNT,5116,,9606.ENSP00000352572
6720,AKR1B10,57016,O60218,9606.ENSP00000352584
6721,LRP10,26020,,9606.ENSP00000352601
6722,RYR1,6261,P21817,9606.ENSP00000352608
6723,ZSWIM5,57643,,9606.ENSP00000352614
6724,CELA2A,63036,,9606.ENSP00000352639
6725,PGLYRP4,57115,,9606.ENSP00000352672
6726,ELF3,1999,,9606.ENSP00000352673
6727,ZRANB1,54764,,9606.ENSP00000352676
6728,SUPV3L1,6832,,9606.ENSP00000352678
6729,HIBCH,26275,,9606.ENSP00000352706
6730,G3BP2,9908,,9606.ENSP00000352738
6731,DSG4,147409,,9606.ENSP00000352785
6732,COL18A1,80781,,9606.ENSP00000352798
6733,PTPN22,26191,,9606.ENSP00000352833
6734,MB,4151,,9606.ENSP00000352835
6735,PLXNA4,91584,,9606.ENSP00000352882
6736,RXRG,6258,P48443,9606.ENSP00000352900
6737,TRRAP,8295,,9606.ENSP00000352925
6738,TEAD4,7004,,9606.ENSP00000352926
6739,MTCL1,23255,,9606.ENSP00000352927
6740,DDA1,79016,,9606.ENSP00000352928
6741,SPINK5,11005,,9606.ENSP00000352936
6742,KCTD18,130535,,9606.ENSP00000352941
6743,RBM23,55147,,9606.ENSP00000352956
6744,ART5,116969,,9606.ENSP00000352992
6745,SULF2,55959,,9606.ENSP00000353007
6746,ATG2B,55102,,9606.ENSP00000353010
6747,CLEC14A,161198,,9606.ENSP00000353013
6748,FAM3C,10447,,9606.ENSP00000353025
6749,PTPRF,5792,,9606.ENSP00000353030
6750,P2RX4,5025,Q99571,9606.ENSP00000353032
6751,ATP2A3,489,,9606.ENSP00000353072
6752,HLA-DRB1,3123,,9606.ENSP00000353099
6753,DHDDS,79947,,9606.ENSP00000353104
6754,AHNAK2,113146,,9606.ENSP00000353114
6755,GAL3ST4,79690,,9606.ENSP00000353142
6756,TPK1,27010,Q9H3S4,9606.ENSP00000353165
6757,PYY,5697,,9606.ENSP00000353198
6758,C17orf97,400566,,9606.ENSP00000353245
6759,MAK16,84549,,9606.ENSP00000353246
6760,AGBL5,60509,,9606.ENSP00000353249
6761,CD300A,11314,,9606.ENSP00000353259
6762,DDX3Y,8653,,9606.ENSP00000353284
6763,SCNN1A,6337,P37088,9606.ENSP00000353292
6764,RTEL1,51750,,9606.ENSP00000353332
6765,ETS2,2114,,9606.ENSP00000353344
6766,MAP4,4134,P27816,9606.ENSP00000353375
6767,CCDC102B,79839,,9606.ENSP00000353377
6768,MAGEA4,4103,,9606.ENSP00000353379
6769,F8,2157,,9606.ENSP00000353393
6770,CUX1,1523,,9606.ENSP00000353401
6771,MSN,4478,,9606.ENSP00000353408
6772,ATP2B2,491,,9606.ENSP00000353414
6773,VPS13A,23230,,9606.ENSP00000353422
6774,RAB5B,5869,,9606.ENSP00000353444
6775,MYLK,4638,Q15746,9606.ENSP00000353452
6776,CASS4,57091,,9606.ENSP00000353462
6777,CLDN7,1366,,9606.ENSP00000353475
6778,LZTS3,9762,,9606.ENSP00000353496
6779,MAP2,4133,P11137,9606.ENSP00000353508
6780,PARP9,83666,,9606.ENSP00000353512
6781,ANKS1A,23294,,9606.ENSP00000353518
6782,LRRCC1,85444,,9606.ENSP00000353538
6783,SLC35F1,222553,,9606.ENSP00000353557
6784,EIF2B3,8891,,9606.ENSP00000353575
6785,NRP2,8828,,9606.ENSP00000353582
6786,MYH10,4628,,9606.ENSP00000353590
6787,SULT1A3,6818,P0DMM9,9606.ENSP00000353600
6788,SULT1A4,,P0DMN0,9606.ENSP00000353600
6789,DSC3,1825,,9606.ENSP00000353608
6790,PLEKHG4,25894,,9606.ENSP00000353646
6791,COL4A2,1284,,9606.ENSP00000353654
6792,SPOCD1,90853,,9606.ENSP00000353670
6793,CES1,1066,P23141,9606.ENSP00000353720
6794,DPP4,1803,P27487,9606.ENSP00000353731
6795,PLAGL1,5325,,9606.ENSP00000353734
6796,TOPORS,10210,,9606.ENSP00000353735
6797,PCMTD1,115294,,9606.ENSP00000353739
6798,ETF1,2107,,9606.ENSP00000353741
6799,MMP17,4326,,9606.ENSP00000353767
6800,SCAF1,58506,,9606.ENSP00000353769
6801,RRM2,6241,P31350,9606.ENSP00000353770
6802,TPPP,11076,,9606.ENSP00000353785
6803,SLC6A9,6536,,9606.ENSP00000353791
6804,WDHD1,11169,,9606.ENSP00000353793
6805,PIM3,415116,Q86V86,9606.ENSP00000353824
6806,LONP1,9361,,9606.ENSP00000353826
6807,DCLK1,9201,O15075,9606.ENSP00000353846
6808,ITGB1BP1,9270,,9606.ENSP00000353850
6809,ZNF148,7707,,9606.ENSP00000353863
6810,PAK3,5063,O75914,9606.ENSP00000353864
6811,TLR9,54106,Q9NR96,9606.ENSP00000353874
6812,LGALS14,56891,,9606.ENSP00000353893
6813,CSNK1G3,1456,,9606.ENSP00000353904
6814,FUT8,2530,,9606.ENSP00000353910
6815,HTR4,3360,Q13639,9606.ENSP00000353915
6816,ADARB1,104,,9606.ENSP00000353920
6817,ZNF711,7552,,9606.ENSP00000353922
6818,GYPA,2993,,9606.ENSP00000354003
6819,TRPM6,140803,,9606.ENSP00000354006
6820,BSCL2,26580,,9606.ENSP00000354032
6821,UBAP2,55833,,9606.ENSP00000354039
6822,GTPBP4,23560,,9606.ENSP00000354040
6823,GLT8D2,83468,,9606.ENSP00000354053
6824,SCUBE1,80274,,9606.ENSP00000354080
6825,ANKHD1,54882,,9606.ENSP00000354085
6826,ANKHD1-EIF4EBP3,404734,,9606.ENSP00000354085
6827,SIGLEC14,100049587,,9606.ENSP00000354090
6828,RGS22,26166,,9606.ENSP00000354109
6829,DNAJC5,80331,,9606.ENSP00000354111
6830,EIF3B,8662,,9606.ENSP00000354125
6831,ERC1,23085,,9606.ENSP00000354158
6832,UBE2Z,65264,,9606.ENSP00000354201
6833,NTRK3,4916,Q16288,9606.ENSP00000354207
6834,HS3ST3B1,9953,,9606.ENSP00000354213
6835,PPP1R13L,10848,,9606.ENSP00000354218
6836,MPC1,51660,,9606.ENSP00000354223
6837,C11orf80,79703,,9606.ENSP00000354227
6838,NCKAP1,10787,,9606.ENSP00000354251
6839,PRSS3,5646,,9606.ENSP00000354280
6840,CTRB1,1504,,9606.ENSP00000354294
6841,ZSCAN12,9753,,9606.ENSP00000354305
6842,HAO2,51179,,9606.ENSP00000354314
6843,MPEG1,219972,,9606.ENSP00000354335
6844,UBA3,9039,,9606.ENSP00000354340
6845,MATR3,9782,,9606.ENSP00000354346
6846,MATR3-2,,,9606.ENSP00000354346
6847,GSTM3,2947,P21266,9606.ENSP00000354357
6848,RFWD3,55159,,9606.ENSP00000354361
6849,RAB25,57111,,9606.ENSP00000354376
6850,ZNF37A,7587,,9606.ENSP00000354377
6851,STAT1,6772,,9606.ENSP00000354394
6852,ZNF627,199692,,9606.ENSP00000354414
6853,CCL28,56477,,9606.ENSP00000354416
6854,ANKRD30A,91074,,9606.ENSP00000354432
6855,IQGAP3,128239,,9606.ENSP00000354451
6856,C8A,731,P07357,9606.ENSP00000354458
6857,PHETA1,144717,,9606.ENSP00000354461
6858,CYB5R3,1727,,9606.ENSP00000354468
6859,SREBF2,6721,,9606.ENSP00000354476
6860,DLX1,1745,,9606.ENSP00000354478
6861,ZEB1,6935,,9606.ENSP00000354487
6862,TNNI1,7135,,9606.ENSP00000354488
6863,ATP1A2,477,P50993,9606.ENSP00000354490
6864,FAN1,22909,,9606.ENSP00000354497
6865,PHLDB1,23187,,9606.ENSP00000354498
6866,COX1,4512,,9606.ENSP00000354499
6867,MT-CO1,,P00395,9606.ENSP00000354499
6868,ZNF277,11179,,9606.ENSP00000354501
6869,ASTN2,23245,,9606.ENSP00000354504
6870,COMT,1312,P21964,9606.ENSP00000354511
6871,TOP1,7150,P11387,9606.ENSP00000354522
6872,MRPL24,79590,,9606.ENSP00000354525
6873,PNP,4860,P00491,9606.ENSP00000354532
6874,ASTN1,460,,9606.ENSP00000354536
6875,ZFP69B,65243,,9606.ENSP00000354547
6876,CYTB,4519,,9606.ENSP00000354554
6877,MTOR,2475,P42345,9606.ENSP00000354558
6878,CD3E,916,,9606.ENSP00000354566
6879,MACF1,23499,,9606.ENSP00000354573
6880,GPX6,257202,P59796,9606.ENSP00000354581
6881,FZD5,7855,,9606.ENSP00000354607
6882,PPT2,9374,,9606.ENSP00000354608
6883,PTGS1,5742,P23219,9606.ENSP00000354612
6884,,,P23219,9606.ENSP00000354612
6885,SMURF1,57154,,9606.ENSP00000354621
6886,WHRN,25861,,9606.ENSP00000354623
6887,ATP6,4508,Q08853,9606.ENSP00000354632
6888,MT-ATP6,,P00846,9606.ENSP00000354632
6889,DIO1,1733,P49895,9606.ENSP00000354643
6890,GPATCH3,,,9606.ENSP00000354645
6891,MAGT1,84061,,9606.ENSP00000354649
6892,NPY1R,4886,,9606.ENSP00000354652
6893,MAGEC2,51438,,9606.ENSP00000354660
6894,MT-ND6,,,9606.ENSP00000354665
6895,ND6,4541,,9606.ENSP00000354665
6896,MAST2,23139,,9606.ENSP00000354671
6897,GPX7,2882,Q96SL4,9606.ENSP00000354677
6898,OPA1,4976,,9606.ENSP00000354681
6899,ZNF652,22834,,9606.ENSP00000354686
6900,MT-ND1,,,9606.ENSP00000354687
6901,ND1,4535,,9606.ENSP00000354687
6902,SLC39A13,91252,,9606.ENSP00000354689
6903,FCRL5,83416,,9606.ENSP00000354691
6904,AKAP13,11214,,9606.ENSP00000354718
6905,SMC3,9126,,9606.ENSP00000354720
6906,SLC26A1,10861,,9606.ENSP00000354721
6907,ND4L,4539,,9606.ENSP00000354728
6908,PRR5-ARHGAP8,553158,,9606.ENSP00000354732
6909,SBNO2,22904,,9606.ENSP00000354733
6910,RPL12,6136,,9606.ENSP00000354739
6911,IPO9,55705,,9606.ENSP00000354742
6912,SPRYD7,57213,,9606.ENSP00000354774
6913,PJA2,9867,,9606.ENSP00000354775
6914,TBKBP1,9755,,9606.ENSP00000354777
6915,CNTNAP2,26047,,9606.ENSP00000354778
6916,CD247,919,,9606.ENSP00000354782
6917,DCTN1,1639,,9606.ENSP00000354791
6918,ZNF521,25925,,9606.ENSP00000354794
6919,SPOUT1,,,9606.ENSP00000354812
6920,MT-ND5,,,9606.ENSP00000354813
6921,ND5,4540,,9606.ENSP00000354813
6922,XAF1,54739,,9606.ENSP00000354822
6923,CALD1,800,,9606.ENSP00000354826
6924,SGMS1,259230,,9606.ENSP00000354829
6925,DDIT4L,115265,,9606.ENSP00000354830
6926,ARHGEF2,9181,,9606.ENSP00000354837
6927,TOX,9760,,9606.ENSP00000354842
6928,KIFBP,26128,,9606.ENSP00000354848
6929,OGA,10724,O60502,9606.ENSP00000354850
6930,NFE2L1,4779,,9606.ENSP00000354855
6931,DRD2,1813,P14416,9606.ENSP00000354859
6932,SEPTIN4,5414,,9606.ENSP00000354874
6933,COX2,4513,,9606.ENSP00000354876
6934,MT-CO2,,P00403,9606.ENSP00000354876
6935,KIF21A,55605,,9606.ENSP00000354878
6936,RASSF9,9182,,9606.ENSP00000354884
6937,SLC25A47,283600,,9606.ENSP00000354886
6938,GJB1,2705,,9606.ENSP00000354900
6939,CXCL9,4283,,9606.ENSP00000354901
6940,MAGEE1,57692,,9606.ENSP00000354912
6941,CDC14A,8556,,9606.ENSP00000354916
6942,VEPH1,79674,,9606.ENSP00000354919
6943,EEF1AKNMT,51603,,9606.ENSP00000354920
6944,DMD,1756,P11532,9606.ENSP00000354923
6945,MAP3K3,4215,Q99759,9606.ENSP00000354927
6946,TLR1,7096,,9606.ENSP00000354932
6947,GAB2,9846,,9606.ENSP00000354952
6948,SMC5,23137,,9606.ENSP00000354957
6949,FAM189B,10712,,9606.ENSP00000354958
6950,COLGALT2,23127,,9606.ENSP00000354960
6951,MT-ND4,,,9606.ENSP00000354961
6952,ND4,4538,,9606.ENSP00000354961
6953,ZNF318,24149,,9606.ENSP00000354964
6954,NAA35,60560,,9606.ENSP00000354972
6955,COX3,4514,,9606.ENSP00000354982
6956,MT-CO3,,P00414,9606.ENSP00000354982
6957,ALPK2,115701,,9606.ENSP00000354991
6958,ABCG1,9619,P45844,9606.ENSP00000354995
6959,POU3F3,5455,,9606.ENSP00000355001
6960,ILF2,3608,,9606.ENSP00000355011
6961,CTR9,9646,,9606.ENSP00000355013
6962,PJA1,64219,,9606.ENSP00000355014
6963,TEDC2,80178,,9606.ENSP00000355022
6964,ARHGEF15,22899,,9606.ENSP00000355026
6965,MT-ND2,,,9606.ENSP00000355046
6966,ND2,4536,,9606.ENSP00000355046
6967,CTNNBL1,56259,,9606.ENSP00000355050
6968,ARHGEF10L,55160,,9606.ENSP00000355060
6969,PCDH18,54510,,9606.ENSP00000355082
6970,MSRB1,51734,,9606.ENSP00000355084
6971,ARHGAP11A,9824,,9606.ENSP00000355090
6972,QKI,9444,,9606.ENSP00000355094
6973,SMOC1,64093,,9606.ENSP00000355110
6974,KRT19,3880,,9606.ENSP00000355124
6975,NOS1AP,9722,,9606.ENSP00000355133
6976,HOXB1,3211,,9606.ENSP00000355140
6977,SELENON,57190,,9606.ENSP00000355141
6978,GRIN3A,116443,Q8TCU5,9606.ENSP00000355155
6979,SUCNR1,56670,Q9BXA5,9606.ENSP00000355156
6980,FCRL2,79368,,9606.ENSP00000355157
6981,LRRC10,376132,,9606.ENSP00000355166
6982,HORMAD1,84072,,9606.ENSP00000355167
6983,COL6A1,1291,,9606.ENSP00000355180
6984,DCLRE1A,9937,,9606.ENSP00000355185
6985,CACNA1S,779,Q13698,9606.ENSP00000355192
6986,FAM110B,90362,,9606.ENSP00000355204
6987,ND3,4537,Q34522,9606.ENSP00000355206
6988,HMGN2,3151,,9606.ENSP00000355228
6989,BECN1,8678,Q14457,9606.ENSP00000355231
6990,CDC42BPB,9578,,9606.ENSP00000355237
6991,PAX9,5083,,9606.ENSP00000355245
6992,E2F2,1870,,9606.ENSP00000355249
6993,PPP1R14C,81706,,9606.ENSP00000355260
6994,ATP8,4509,,9606.ENSP00000355265
6995,CNOT7,29883,,9606.ENSP00000355279
6996,MOK,5891,,9606.ENSP00000355304
6997,HACD1,9200,,9606.ENSP00000355308
6998,RPL39,6170,,9606.ENSP00000355315
6999,GRM3,2913,,9606.ENSP00000355316
7000,PSMB5,5693,P28074,9606.ENSP00000355325
7001,TGM2,7052,P21980,9606.ENSP00000355330
7002,APOBEC3C,27350,,9606.ENSP00000355340
7003,SOX15,6665,,9606.ENSP00000355354
7004,CD47,961,,9606.ENSP00000355361
7005,CNTF,1270,,9606.ENSP00000355370
7006,OSGIN1,29948,,9606.ENSP00000355374
7007,AKR7A3,22977,,9606.ENSP00000355377
7008,SLC26A11,284129,,9606.ENSP00000355384
7009,SCAMP5,192683,,9606.ENSP00000355387
7010,MPHOSPH8,54737,,9606.ENSP00000355388
7011,LRIG2,9860,,9606.ENSP00000355396
7012,ISLR2,57611,,9606.ENSP00000355402
7013,PCDH11Y,83259,,9606.ENSP00000355419
7014,GAGE2A,729447,,9606.ENSP00000355421
7015,GAGE2B,645037,,9606.ENSP00000355421
7016,TRIM58,25893,,9606.ENSP00000355437
7017,TFB2M,64216,,9606.ENSP00000355471
7018,EFCAB2,84288,,9606.ENSP00000355480
7019,COX20,116228,,9606.ENSP00000355486
7020,ADSS2,159,P30520,9606.ENSP00000355493
7021,SDCCAG8,10806,,9606.ENSP00000355499
7022,EXO1,9156,,9606.ENSP00000355506
7023,CHML,1122,,9606.ENSP00000355511
7024,OPN3,23596,,9606.ENSP00000355512
7025,KMO,8564,,9606.ENSP00000355517
7026,FH,2271,,9606.ENSP00000355518
7027,RGS7,6000,,9606.ENSP00000355523
7028,RYR2,6262,Q92736,9606.ENSP00000355533
7029,MTR,4548,Q99707,9606.ENSP00000355536
7030,ACTN2,88,,9606.ENSP00000355537
7031,HEATR1,55127,,9606.ENSP00000355541
7032,B3GALNT2,148789,,9606.ENSP00000355559
7033,TOMM20,9804,,9606.ENSP00000355566
7034,IRF2BP2,359948,,9606.ENSP00000355568
7035,COA6,388753,,9606.ENSP00000355574
7036,SLC35F3,148641,,9606.ENSP00000355577
7037,KCNK1,3775,O00180,9606.ENSP00000355580
7038,MAP3K21,84451,,9606.ENSP00000355583
7039,NTPCR,84284,,9606.ENSP00000355587
7040,TSNAX,7257,,9606.ENSP00000355599
7041,EGLN1,54583,Q9GZT9,9606.ENSP00000355601
7042,EXOC8,,,9606.ENSP00000355605
7043,GNPAT,8443,,9606.ENSP00000355607
7044,TRIM67,440730,,9606.ENSP00000355613
7045,AGT,183,P01019,9606.ENSP00000355627
7046,COG2,22796,,9606.ENSP00000355629
7047,OTX1,5013,,9606.ENSP00000355631
7048,GALNT2,2590,,9606.ENSP00000355632
7049,ABCB10,23456,,9606.ENSP00000355637
7050,ACTA1,58,,9606.ENSP00000355645
7051,RAB4A,5867,,9606.ENSP00000355651
7052,RHOU,58480,,9606.ENSP00000355652
7053,H2AW,92815,,9606.ENSP00000355656
7054,H3-4,8290,,9606.ENSP00000355657
7055,IBA57,200205,,9606.ENSP00000355672
7056,GJC2,57165,,9606.ENSP00000355675
7057,GUK1,,Q16774,9606.ENSP00000355689
7058,DLL1,28514,,9606.ENSP00000355718
7059,CDC42BPA,8476,,9606.ENSP00000355731
7060,ERMARD,55780,,9606.ENSP00000355735
7061,COQ8A,56997,Q8NI60,9606.ENSP00000355741
7062,PSEN2,5664,P49810,9606.ENSP00000355747
7063,THBS2,7058,,9606.ENSP00000355751
7064,PARP1,142,P09874,9606.ENSP00000355759
7065,DACT2,168002,,9606.ENSP00000355760
7066,AFDN,4301,,9606.ENSP00000355771
7067,ACBD3,64746,,9606.ENSP00000355777
7068,TMEM63A,9725,,9606.ENSP00000355800
7069,ENAH,55740,,9606.ENSP00000355809
7070,FGFR1OP,11116,,9606.ENSP00000355812
7071,FBXO28,23219,,9606.ENSP00000355827
7072,LINC00473,,,9606.ENSP00000355847
7073,PDE10A,10846,Q9Y233,9606.ENSP00000355847
7074,PRKN,5071,,9606.ENSP00000355865
7075,DUSP10,11221,,9606.ENSP00000355866
7076,HLX,3142,,9606.ENSP00000355870
7077,MTARC2,54996,,9606.ENSP00000355880
7078,IARS2,55699,,9606.ENSP00000355889
7079,EPRS1,2058,,9606.ENSP00000355890
7080,SLC30A10,55532,,9606.ENSP00000355893
7081,TGFB2,7042,,9606.ENSP00000355896
7082,GPATCH2,55105,,9606.ENSP00000355902
7083,ESRRG,2104,P62508,9606.ENSP00000355904
7084,SLC22A2,6582,,9606.ENSP00000355920
7085,CENPF,1063,,9606.ENSP00000355922
7086,PTPN14,5784,,9606.ENSP00000355923
7087,SMYD2,56950,,9606.ENSP00000355924
7088,PROX1,5629,,9606.ENSP00000355925
7089,SLC22A1,6580,O15245,9606.ENSP00000355930
7090,FLVCR1,28982,,9606.ENSP00000355938
7091,NENF,29937,,9606.ENSP00000355955
7092,DTL,51514,,9606.ENSP00000355958
7093,INTS7,25896,,9606.ENSP00000355961
7094,LPGAT1,9926,,9606.ENSP00000355964
7095,NEK2,4751,P51955,9606.ENSP00000355966
7096,SLC30A1,7779,,9606.ENSP00000355968
7097,RD3,343035,,9606.ENSP00000355969
7098,IRF6,3664,,9606.ENSP00000355988
7099,TRAF3IP3,80342,,9606.ENSP00000355991
7100,HSD11B1,3290,P28845,9606.ENSP00000355995
7101,G0S2,50486,,9606.ENSP00000355996
7102,PLXNA2,5362,,9606.ENSP00000356000
7103,ACAT2,39,,9606.ENSP00000356015
7104,CR1,1378,,9606.ENSP00000356016
7105,CR2,1380,,9606.ENSP00000356024
7106,CD55,1604,P08174,9606.ENSP00000356030
7107,TAGAP,117289,,9606.ENSP00000356033
7108,C4BPA,722,P04003,9606.ENSP00000356037
7109,PFKFB2,5208,,9606.ENSP00000356047
7110,FCMR,9214,,9606.ENSP00000356058
7111,IL20,50604,,9606.ENSP00000356065
7112,MAPKAPK2,9261,,9606.ENSP00000356070
7113,DYRK3,8444,,9606.ENSP00000356076
7114,AVPR1B,553,P47901,9606.ENSP00000356094
7115,FAM72A,729533,,9606.ENSP00000356096
7116,SLC26A9,115019,,9606.ENSP00000356102
7117,SLC41A1,254428,,9606.ENSP00000356105
7118,RAB29,8934,,9606.ENSP00000356107
7119,NUCKS1,64710,,9606.ENSP00000356110
7120,LEMD1,93273,,9606.ENSP00000356121
7121,LRRN2,10446,,9606.ENSP00000356143
7122,MDM4,4194,,9606.ENSP00000356150
7123,PIK3C2B,5287,O00750,9606.ENSP00000356155
7124,PPP1R15B,84919,,9606.ENSP00000356156
7125,KISS1,3814,,9606.ENSP00000356162
7126,SOX13,9580,,9606.ENSP00000356172
7127,OPTC,26254,,9606.ENSP00000356191
7128,CHIT1,1118,,9606.ENSP00000356198
7129,ADORA1,134,P30542,9606.ENSP00000356205
7130,TMEM183A,92703,,9606.ENSP00000356211
7131,VIP,7432,,9606.ENSP00000356213
7132,MYCT1,80177,,9606.ENSP00000356214
7133,CYB5R1,51706,,9606.ENSP00000356218
7134,cpg2,,P06621,9606.ENSP00000356224
7135,SYNE1,23345,,9606.ENSP00000356224
7136,KLHL12,59349,,9606.ENSP00000356230
7137,KDM5B,10765,,9606.ENSP00000356233
7138,SYT2,127833,,9606.ENSP00000356237
7139,LGR6,59352,,9606.ENSP00000356247
7140,TIMM17A,10440,,9606.ENSP00000356256
7141,LMOD1,25802,,9606.ENSP00000356257
7142,NAV1,89796,,9606.ENSP00000356265
7143,CSRP1,1465,P21291,9606.ENSP00000356275
7144,PHLDA3,23612,,9606.ENSP00000356280
7145,TMEM9,252839,,9606.ENSP00000356301
7146,ULBP3,79465,,9606.ENSP00000356308
7147,RAET1L,154064,,9606.ENSP00000356310
7148,KIF14,9928,,9606.ENSP00000356319
7149,ULBP2,80328,,9606.ENSP00000356320
7150,NR5A2,2494,,9606.ENSP00000356331
7151,NEK7,140609,,9606.ENSP00000356355
7152,LHX9,56956,,9606.ENSP00000356357
7153,CRB1,23418,,9606.ENSP00000356370
7154,ASPM,259266,,9606.ENSP00000356379
7155,F13B,2165,P05160,9606.ENSP00000356382
7156,CFHR2,3080,,9606.ENSP00000356385
7157,CFHR4,10877,,9606.ENSP00000356386
7158,CFHR3,10878,,9606.ENSP00000356395
7159,CFH,3075,P08603,9606.ENSP00000356399
7160,CDC73,79577,,9606.ENSP00000356405
7161,GLRX2,51022,,9606.ENSP00000356410
7162,RO60,6738,,9606.ENSP00000356416
7163,UCHL5,51377,,9606.ENSP00000356421
7164,TAB2,23118,,9606.ENSP00000356426
7165,RGS1,5996,,9606.ENSP00000356429
7166,BRINP3,339479,,9606.ENSP00000356432
7167,UST,10090,,9606.ENSP00000356433
7168,PLA2G4A,5321,P47712,9606.ENSP00000356436
7169,SASH1,23328,,9606.ENSP00000356437
7170,PTGS2,5743,P35354,9606.ENSP00000356438
7171,,,P35354,9606.ENSP00000356438
7172,SAMD5,389432,,9606.ENSP00000356444
7173,TPR,7175,,9606.ENSP00000356448
7174,RAB32,10981,,9606.ENSP00000356465
7175,IVNS1ABP,10625,,9606.ENSP00000356468
7176,SWT1,54823,,9606.ENSP00000356470
7177,RNF2,6045,,9606.ENSP00000356480
7178,NIBAN1,116496,,9606.ENSP00000356481
7179,EPM2A,7957,,9606.ENSP00000356489
7180,NCF2,4688,P19878,9606.ENSP00000356505
7181,UTRN,7402,P46939,9606.ENSP00000356515
7182,DHX9,1660,,9606.ENSP00000356520
7183,RNASEL,6041,,9606.ENSP00000356530
7184,STX11,8676,,9606.ENSP00000356540
7185,CACNA1E,777,Q15878,9606.ENSP00000356545
7186,IER5,51278,,9606.ENSP00000356549
7187,KIAA1614,57710,,9606.ENSP00000356560
7188,XPR1,9213,,9606.ENSP00000356562
7189,PEX3,8504,,9606.ENSP00000356563
7190,QSOX1,5768,,9606.ENSP00000356574
7191,HIVEP2,3097,,9606.ENSP00000356576
7192,CEP350,9857,,9606.ENSP00000356579
7193,ADGRG6,57211,,9606.ENSP00000356581
7194,NPHS2,7827,,9606.ENSP00000356587
7195,SOAT1,6646,P35610,9606.ENSP00000356591
7196,VTA1,51534,,9606.ENSP00000356602
7197,RALGPS2,55103,,9606.ENSP00000356607
7198,RASAL2,9462,,9606.ENSP00000356621
7199,HECA,51696,,9606.ENSP00000356630
7200,PAPPA2,60676,,9606.ENSP00000356634
7201,COP1,64326,,9606.ENSP00000356641
7202,TNR,7143,,9606.ENSP00000356646
7203,CACYBP,27101,,9606.ENSP00000356652
7204,RC3H1,149041,,9606.ENSP00000356669
7205,SERPINC1,462,P01008,9606.ENSP00000356671
7206,SLC9C2,284525,,9606.ENSP00000356687
7207,FASLG,356,,9606.ENSP00000356694
7208,SUCO,51430,,9606.ENSP00000356696
7209,OLIG3,167826,,9606.ENSP00000356708
7210,IFNGR1,3459,,9606.ENSP00000356713
7211,FMO3,2328,P31513,9606.ENSP00000356729
7212,GORAB,92344,,9606.ENSP00000356737
7213,F5,2153,,9606.ENSP00000356771
7214,CCDC181,57821,,9606.ENSP00000356780
7215,BLZF1,8548,,9606.ENSP00000356782
7216,NME7,29922,,9606.ENSP00000356785
7217,ATP1B1,481,P05026,9606.ENSP00000356790
7218,DPT,1805,,9606.ENSP00000356791
7219,XCL1,6375,,9606.ENSP00000356792
7220,XCL2,6846,,9606.ENSP00000356793
7221,TBX19,9095,,9606.ENSP00000356795
7222,TIPRL,261726,,9606.ENSP00000356807
7223,HBS1L,10767,,9606.ENSP00000356811
7224,DCAF6,55827,,9606.ENSP00000356814
7225,ADCY10,55811,,9606.ENSP00000356825
7226,RCSD1,92241,,9606.ENSP00000356828
7227,SGK1,6446,,9606.ENSP00000356832
7228,POU2F1,5451,,9606.ENSP00000356840
7229,GPA33,10223,,9606.ENSP00000356842
7230,MAEL,84944,,9606.ENSP00000356846
7231,TADA1,117143,,9606.ENSP00000356848
7232,UCK2,7371,,9606.ENSP00000356853
7233,TCF21,6943,,9606.ENSP00000356857
7234,MGST3,4259,,9606.ENSP00000356864
7235,DDR2,4921,Q16832,9606.ENSP00000356899
7236,VNN1,8876,,9606.ENSP00000356905
7237,SH2D1B,117157,,9606.ENSP00000356906
7238,OLFML2B,25903,,9606.ENSP00000356917
7239,STX7,8417,,9606.ENSP00000356918
7240,ATF6,22926,P18850,9606.ENSP00000356919
7241,DUSP12,11266,,9606.ENSP00000356920
7242,FCRLA,84824,,9606.ENSP00000356936
7243,MOXD1,26002,,9606.ENSP00000356940
7244,FCGR3A,2214,,9606.ENSP00000356946
7245,SDHC,6391,Q99643,9606.ENSP00000356953
7246,CCN2,1490,,9606.ENSP00000356954
7247,CTGF,100194970,,9606.ENSP00000356954
7248,NR1I3,9970,Q14994,9606.ENSP00000356959
7249,APOA2,336,P02652,9606.ENSP00000356969
7250,NDUFS2,4720,O75306,9606.ENSP00000356972
7251,ADAMTS4,9507,,9606.ENSP00000356975
7252,PPOX,5498,,9606.ENSP00000356978
7253,USP21,27005,,9606.ENSP00000356981
7254,UFC1,51506,,9606.ENSP00000356982
7255,DEDD,9191,,9606.ENSP00000356984
7256,NIT1,4817,,9606.ENSP00000356988
7257,NECTIN4,81607,,9606.ENSP00000356991
7258,USF1,7391,,9606.ENSP00000357000
7259,F11R,50848,,9606.ENSP00000357005
7260,CD244,51744,,9606.ENSP00000357012
7261,SLAMF7,57823,,9606.ENSP00000357022
7262,SLAMF6,114836,,9606.ENSP00000357036
7263,VANGL2,57216,,9606.ENSP00000357040
7264,MED23,9439,,9606.ENSP00000357047
7265,COPA,1314,,9606.ENSP00000357048
7266,PEX19,5824,,9606.ENSP00000357051
7267,PEA15,8682,,9606.ENSP00000357055
7268,CASQ1,844,P31415,9606.ENSP00000357057
7269,ATP1A4,480,Q13733,9606.ENSP00000357060
7270,IGSF8,93185,,9606.ENSP00000357065
7271,KCNJ9,,Q92806,9606.ENSP00000357067
7272,PIGM,93183,,9606.ENSP00000357069
7273,SLAMF9,89886,,9606.ENSP00000357072
7274,IGSF9,57549,,9606.ENSP00000357073
7275,TAGLN2,8407,P37802,9606.ENSP00000357076
7276,FCRL6,343413,,9606.ENSP00000357086
7277,DUSP23,54935,,9606.ENSP00000357087
7278,FCER1A,2205,,9606.ENSP00000357097
7279,ACKR1,2532,Q16570,9606.ENSP00000357103
7280,CADM3,,,9606.ENSP00000357106
7281,EPB41L2,2037,,9606.ENSP00000357110
7282,AIM2,9447,,9606.ENSP00000357112
7283,IFI16,3428,,9606.ENSP00000357113
7284,L3MBTL3,84456,,9606.ENSP00000357118
7285,PYHIN1,149628,,9606.ENSP00000357122
7286,MNDA,4332,,9606.ENSP00000357123
7287,ARHGAP18,93663,,9606.ENSP00000357131
7288,CD1E,913,,9606.ENSP00000357149
7289,CD1B,910,,9606.ENSP00000357150
7290,CD1C,911,,9606.ENSP00000357152
7291,CD5L,922,,9606.ENSP00000357156
7292,FCRL1,115350,,9606.ENSP00000357158
7293,FCRL3,115352,,9606.ENSP00000357169
7294,ETV3,2117,,9606.ENSP00000357175
7295,ARHGEF11,9826,,9606.ENSP00000357177
7296,INSRR,3645,P14616,9606.ENSP00000357178
7297,HDGF,3068,,9606.ENSP00000357189
7298,NES,10763,,9606.ENSP00000357206
7299,NAXE,128240,,9606.ENSP00000357218
7300,TSACC,128229,,9606.ENSP00000357238
7301,BGLAP,632,P02818,9606.ENSP00000357255
7302,PMF1,11243,,9606.ENSP00000357256
7303,PMF1-BGLAP,100527963,,9606.ENSP00000357256
7304,SEMA4A,64218,,9606.ENSP00000357265
7305,LMNA,4000,,9606.ENSP00000357283
7306,LAMTOR2,28956,,9606.ENSP00000357288
7307,UBQLN4,,,9606.ENSP00000357292
7308,RNF146,81847,,9606.ENSP00000357297
7309,RIT1,6016,,9606.ENSP00000357305
7310,SYT11,23208,,9606.ENSP00000357307
7311,CENPW,387103,,9606.ENSP00000357308
7312,GON4L,54856,,9606.ENSP00000357315
7313,DAP3,7818,,9606.ENSP00000357320
7314,YY1AP1,55249,,9606.ENSP00000357323
7315,RUSC1,23623,,9606.ENSP00000357336
7316,CLK2,1196,P49760,9606.ENSP00000357345
7317,HEY2,23493,,9606.ENSP00000357348
7318,MTX1,4580,,9606.ENSP00000357360
7319,THBS3,7059,,9606.ENSP00000357362
7320,DPM3,,,9606.ENSP00000357384
7321,SLC50A1,55974,,9606.ENSP00000357389
7322,EFNA1,1942,,9606.ENSP00000357392
7323,EFNA3,1944,,9606.ENSP00000357393
7324,NKAIN2,154215,,9606.ENSP00000357402
7325,SMPDL3A,10924,,9606.ENSP00000357425
7326,HSF2,3298,,9606.ENSP00000357440
7327,PYGO2,90780,,9606.ENSP00000357442
7328,PBXIP1,57326,,9606.ENSP00000357448
7329,PMVK,10654,,9606.ENSP00000357452
7330,MAN1A1,4121,,9606.ENSP00000357453
7331,ADAR,103,,9606.ENSP00000357459
7332,CHRNB2,1141,P17787,9606.ENSP00000357461
7333,TDRD10,126668,,9606.ENSP00000357465
7334,IL6R,3570,,9606.ENSP00000357470
7335,IL6RA,16194,,9606.ENSP00000357470
7336,CEP85L,387119,,9606.ENSP00000357474
7337,NUS1,116150,,9606.ENSP00000357480
7338,GOPC,57120,,9606.ENSP00000357484
7339,ROS1,6098,P08922,9606.ENSP00000357494
7340,C1orf43,25912,,9606.ENSP00000357507
7341,ECHS1,1892,,9606.ENSP00000357535
7342,VENTX,27287,,9606.ENSP00000357556
7343,RAB13,5872,,9606.ENSP00000357564
7344,ZUP1,221302,,9606.ENSP00000357565
7345,CFAP46,54777,,9606.ENSP00000357575
7346,INPP5A,3632,,9606.ENSP00000357583
7347,CALHM6,441168,,9606.ENSP00000357594
7348,TSPYL1,7259,,9606.ENSP00000357597
7349,SLC39A1,27173,,9606.ENSP00000357612
7350,CRTC2,200186,,9606.ENSP00000357622
7351,BNIP3,664,,9606.ENSP00000357625
7352,TCERG1L,256536,,9606.ENSP00000357631
7353,GLRX3,10539,,9606.ENSP00000357633
7354,EBF3,253738,,9606.ENSP00000357637
7355,MKI67,4288,,9606.ENSP00000357643
7356,GATAD2B,57459,,9606.ENSP00000357644
7357,TUBE1,51175,Q9UJT0,9606.ENSP00000357651
7358,CCN6,8838,,9606.ENSP00000357655
7359,ADAM12,8038,,9606.ENSP00000357668
7360,NPR1,4881,P16066,9606.ENSP00000357669
7361,SNAPIN,23557,,9606.ENSP00000357674
7362,CHTOP,26097,,9606.ENSP00000357679
7363,S100A14,57402,,9606.ENSP00000357691
7364,S100A16,140576,Q96FQ6,9606.ENSP00000357695
7365,S100A3,6274,,9606.ENSP00000357702
7366,S100A4,6275,P26447,9606.ENSP00000357704
7367,S100A5,6276,,9606.ENSP00000357707
7368,S100A6,6277,P06703,9606.ENSP00000357709
7369,S100A7,6278,P31151,9606.ENSP00000357711
7370,S100A7A,338324,,9606.ENSP00000357718
7371,S100A8,6279,P05109,9606.ENSP00000357721
7372,S100A12,6283,P80511,9606.ENSP00000357726
7373,S100A9,6280,P06702,9606.ENSP00000357727
7374,LOR,,,9606.ENSP00000357731
7375,LORICRIN,4014,,9606.ENSP00000357731
7376,PRR9,574414,,9606.ENSP00000357733
7377,SPRR2A,6700,,9606.ENSP00000357744
7378,SPRR2B,6701,,9606.ENSP00000357744
7379,BCCIP,56647,,9606.ENSP00000357748
7380,SPRR1A,6698,,9606.ENSP00000357751
7381,IVL,3713,,9606.ENSP00000357753
7382,SMCP,4184,,9606.ENSP00000357754
7383,C1orf68,100129271,,9606.ENSP00000357764
7384,LCE4A,199834,,9606.ENSP00000357766
7385,LCE2B,26239,,9606.ENSP00000357769
7386,LCE3D,84648,,9606.ENSP00000357776
7387,CRCT1,54544,,9606.ENSP00000357779
7388,UROS,7390,,9606.ENSP00000357787
7389,FLG,2312,,9606.ENSP00000357789
7390,HRNR,388697,Q86YZ3,9606.ENSP00000357791
7391,TCHHL1,126637,,9606.ENSP00000357796
7392,MMP21,118856,,9606.ENSP00000357798
7393,S100A10,6281,,9606.ENSP00000357801
7394,THEM4,117145,,9606.ENSP00000357804
7395,MRPL9,65005,,9606.ENSP00000357823
7396,EEF1AKMT2,399818,,9606.ENSP00000357829
7397,LHPP,64077,,9606.ENSP00000357835
7398,OAT,4942,Q6LFH8,9606.ENSP00000357838
7399,TUFT1,7286,,9606.ENSP00000357842
7400,SLC16A10,117247,,9606.ENSP00000357844
7401,BUB3,9184,,9606.ENSP00000357858
7402,PI4KB,5298,Q9UBF8,9606.ENSP00000357869
7403,ACADSB,36,P45954,9606.ENSP00000357873
7404,PSMD4,5710,,9606.ENSP00000357876
7405,IKZF5,64376,,9606.ENSP00000357881
7406,PIP5K1A,8394,,9606.ENSP00000357883
7407,DMBT1,1755,,9606.ENSP00000357905
7408,TNFAIP8L2,79626,,9606.ENSP00000357906
7409,CDK19,23097,,9606.ENSP00000357907
7410,SLC22A16,85413,,9606.ENSP00000357915
7411,MLLT11,10962,,9606.ENSP00000357917
7412,DDO,8528,,9606.ENSP00000357920
7413,BNIPL,149428,,9606.ENSP00000357927
7414,CDC40,51362,,9606.ENSP00000357928
7415,ANXA9,8416,,9606.ENSP00000357943
7416,AFG1L,246269,,9606.ENSP00000357973
7417,NR2E1,7101,,9606.ENSP00000357979
7418,HTRA1,5654,,9606.ENSP00000357980
7419,CTSS,1520,P25774,9606.ENSP00000357981
7420,PLEKHA1,59338,Q9HB21,9606.ENSP00000357986
7421,SEC63,11231,,9606.ENSP00000357998
7422,TACC2,10579,,9606.ENSP00000358001
7423,MCL1,4170,Q07820,9606.ENSP00000358022
7424,PDSS2,57107,,9606.ENSP00000358033
7425,ADAMTSL4,54507,,9606.ENSP00000358035
7426,QRSL1,55278,,9606.ENSP00000358042
7427,ECM1,1893,,9606.ENSP00000358045
7428,RTN4IP1,84816,,9606.ENSP00000358059
7429,TARS2,80222,,9606.ENSP00000358060
7430,CRYBG1,202,,9606.ENSP00000358062
7431,RPRD2,23248,,9606.ENSP00000358064
7432,SEC23IP,11196,,9606.ENSP00000358071
7433,ATG5,9474,,9606.ENSP00000358072
7434,BAG3,9531,,9606.ENSP00000358081
7435,TIAL1,7073,,9606.ENSP00000358089
7436,PRDM1,639,,9606.ENSP00000358092
7437,RGS10,6001,,9606.ENSP00000358099
7438,APH1A,51107,Q96BI3,9606.ENSP00000358105
7439,CA14,,Q9ULX7,9606.ENSP00000358107
7440,PLEKHO1,51177,,9606.ENSP00000358120
7441,EIF3A,8661,,9606.ENSP00000358140
7442,SV2A,9900,Q7L0J3,9606.ENSP00000358142
7443,CACUL1,143384,,9606.ENSP00000358147
7444,H2BC21,8349,,9606.ENSP00000358151
7445,H2AC18,8337,,9606.ENSP00000358155
7446,H2AC19,723790,,9606.ENSP00000358155
7447,ASCC3,10973,,9606.ENSP00000358159
7448,FCGR1A,2209,,9606.ENSP00000358165
7449,RAB11FIP2,22841,,9606.ENSP00000358200
7450,VAX1,11023,,9606.ENSP00000358207
7451,SIM1,6492,,9606.ENSP00000358210
7452,PRDM13,,,9606.ENSP00000358217
7453,PNLIP,,P16233,9606.ENSP00000358223
7454,PNLIPRP3,119548,,9606.ENSP00000358232
7455,GJA8,2703,,9606.ENSP00000358238
7456,FBXL4,26235,,9606.ENSP00000358247
7457,FAM160B1,57700,,9606.ENSP00000358251
7458,CHD1L,9557,,9606.ENSP00000358262
7459,KLHL32,114792,,9606.ENSP00000358265
7460,NDUFAF4,29078,,9606.ENSP00000358272
7461,UFL1,23376,,9606.ENSP00000358283
7462,CD160,11126,,9606.ENSP00000358294
7463,ADRB1,153,P08588,9606.ENSP00000358301
7464,NHLRC2,374354,,9606.ENSP00000358307
7465,EPHA7,2045,Q15375,9606.ENSP00000358309
7466,ITGA10,8515,,9606.ENSP00000358310
7467,PEX11B,8799,,9606.ENSP00000358312
7468,CASP7,840,P55210,9606.ENSP00000358327
7469,MAP3K7,6885,,9606.ENSP00000358335
7470,PDE4DIP,9659,,9606.ENSP00000358363
7471,NRAP,4892,,9606.ENSP00000358365
7472,SCAF11,9169,,9606.ENSP00000358374
7473,FAM72B,653820,,9606.ENSP00000358397
7474,ADAM30,11085,,9606.ENSP00000358407
7475,ZDHHC6,64429,,9606.ENSP00000358413
7476,HMGCS2,3158,,9606.ENSP00000358414
7477,HSD3B1,3283,P14060,9606.ENSP00000358421
7478,RRAGD,,,9606.ENSP00000358423
7479,TBX15,6913,,9606.ENSP00000358437
7480,TENT5C,54855,,9606.ENSP00000358458
7481,CLIC2,1193,,9606.ENSP00000358460
7482,SHOC2,8036,,9606.ENSP00000358464
7483,RAB39B,116442,,9606.ENSP00000358466
7484,VTCN1,79679,,9606.ENSP00000358470
7485,BRCC3,79184,P46736,9606.ENSP00000358474
7486,TTF2,8458,,9606.ENSP00000358478
7487,CD101,9398,,9606.ENSP00000358482
7488,MTCP1,4515,,9606.ENSP00000358488
7489,CD2,914,,9606.ENSP00000358490
7490,IGSF3,3321,,9606.ENSP00000358495
7491,RNGTT,8732,,9606.ENSP00000358497
7492,CD58,965,,9606.ENSP00000358501
7493,FUNDC2,65991,,9606.ENSP00000358510
7494,CNR1,1268,P21554,9606.ENSP00000358513
7495,NHLH2,4808,,9606.ENSP00000358519
7496,NGF,4803,,9606.ENSP00000358525
7497,TSPAN2,10100,,9606.ENSP00000358529
7498,RBM20,282996,,9606.ENSP00000358532
7499,SYCP1,6847,,9606.ENSP00000358535
7500,MPP1,4354,,9606.ENSP00000358547
7501,NRAS,4893,,9606.ENSP00000358548
7502,RARS2,57038,,9606.ENSP00000358549
7503,BCAS2,10286,,9606.ENSP00000358554
7504,DKC1,1736,,9606.ENSP00000358563
7505,SLC35A1,10559,,9606.ENSP00000358565
7506,AP4B1,10717,,9606.ENSP00000358582
7507,ZNF292,23036,,9606.ENSP00000358590
7508,DUSP5,1847,,9606.ENSP00000358596
7509,PHTF1,10745,,9606.ENSP00000358617
7510,SYNCRIP,10492,,9606.ENSP00000358635
7511,UBL4A,8266,,9606.ENSP00000358674
7512,TBX18,9096,,9606.ENSP00000358677
7513,CYB5R4,,,9606.ENSP00000358695
7514,PLXNA3,55558,,9606.ENSP00000358696
7515,WNT2B,7482,,9606.ENSP00000358698
7516,RIPPLY2,134701,,9606.ENSP00000358703
7517,PRSS35,167681,,9606.ENSP00000358714
7518,SORCS3,22986,,9606.ENSP00000358715
7519,DDX20,11218,,9606.ENSP00000358716
7520,ME1,4199,,9606.ENSP00000358719
7521,RAP1A,5906,,9606.ENSP00000358723
7522,GSTO1,9446,P78417,9606.ENSP00000358727
7523,TMIGD3,57413,,9606.ENSP00000358730
7524,SFR1,119392,,9606.ENSP00000358742
7525,OVGP1,5016,,9606.ENSP00000358747
7526,PIFO,128344,,9606.ENSP00000358753
7527,CHIA,27159,,9606.ENSP00000358755
7528,UBE3D,90025,,9606.ENSP00000358762
7529,TPBG,7162,,9606.ENSP00000358765
7530,SLK,9748,Q9H2G2,9606.ENSP00000358770
7531,ATP6AP1,537,Q15904,9606.ENSP00000358777
7532,NPBWR2,2832,,9606.ENSP00000358783
7533,KCNA3,3738,P22001,9606.ENSP00000358784
7534,KCNA10,,Q16322,9606.ENSP00000358786
7535,SLC16A4,9122,,9606.ENSP00000358794
7536,NEURL1,9148,,9606.ENSP00000358795
7537,RBM15,64783,,9606.ENSP00000358799
7538,KCNC4,3749,Q03721,9606.ENSP00000358802
7539,TTK,7272,P33981,9606.ENSP00000358813
7540,AHCYL1,10768,,9606.ENSP00000358814
7541,EPS8L3,79574,,9606.ENSP00000358820
7542,DNASE1L1,1774,,9606.ENSP00000358824
7543,ELOVL4,6785,,9606.ENSP00000358831
7544,ATP5MD,84833,,9606.ENSP00000358840
7545,GSTM4,2948,Q03013,9606.ENSP00000358851
7546,EMD,2010,,9606.ENSP00000358857
7547,INA,9118,,9606.ENSP00000358865
7548,FLNA,2316,P21333,9606.ENSP00000358866
7549,GNAI3,2773,,9606.ENSP00000358867
7550,SYPL2,284612,,9606.ENSP00000358888
7551,CNNM2,54805,,9606.ENSP00000358894
7552,AS3MT,57412,,9606.ENSP00000358896
7553,CYP17A1,1586,P05093,9606.ENSP00000358903
7554,SUFU,51684,,9606.ENSP00000358918
7555,ACTR1A,10121,,9606.ENSP00000358921
7556,PSRC1,84722,,9606.ENSP00000358925
7557,TKTL1,8277,,9606.ENSP00000358931
7558,SARS1,6301,P49591,9606.ENSP00000358939
7559,OPN1MW,2652,,9606.ENSP00000358945
7560,OPN1MW2,728458,,9606.ENSP00000358945
7561,OPN1MW3,101060233,,9606.ENSP00000358945
7562,CUEDC2,79004,,9606.ENSP00000358953
7563,IRAK1BP1,134728,,9606.ENSP00000358956
7564,HTR1B,3351,P28222,9606.ENSP00000358963
7565,C1orf194,,,9606.ENSP00000358965
7566,IMPG1,3617,,9606.ENSP00000358966
7567,OPN1LW,5956,,9606.ENSP00000358967
7568,NFKB2,4791,Q00653,9606.ENSP00000358983
7569,MYO6,4646,,9606.ENSP00000358994
7570,IRAK1,3654,P51617,9606.ENSP00000358997
7571,TMEM187,8269,,9606.ENSP00000358999
7572,GBF1,8729,,9606.ENSP00000359000
7573,TNFRSF6B,8771,,9606.ENSP00000359013
7574,PITX3,5309,,9606.ENSP00000359019
7575,STXBP3,6814,,9606.ENSP00000359025
7576,PRPF38B,55119,,9606.ENSP00000359042
7577,ARHGAP4,393,,9606.ENSP00000359045
7578,HENMT1,113802,,9606.ENSP00000359049
7579,ARMH3,79591,,9606.ENSP00000359050
7580,STMN3,50861,,9606.ENSP00000359070
7581,VAV3,10451,,9606.ENSP00000359073
7582,L1CAM,3897,,9606.ENSP00000359077
7583,NTNG1,22854,,9606.ENSP00000359085
7584,PRMT6,55170,,9606.ENSP00000359095
7585,COL11A1,1301,,9606.ENSP00000359114
7586,DPH5,51611,,9606.ENSP00000359127
7587,DBT,1629,,9606.ENSP00000359151
7588,SLC35A3,,,9606.ENSP00000359172
7589,POLL,27343,,9606.ENSP00000359181
7590,PPDPF,79144,,9606.ENSP00000359198
7591,BTRC,8945,,9606.ENSP00000359206
7592,DPYD,1806,Q12882,9606.ENSP00000359211
7593,LBX1,10660,,9606.ENSP00000359212
7594,TLX1,3195,,9606.ENSP00000359215
7595,PTBP2,58155,,9606.ENSP00000359216
7596,KAZALD1,81621,,9606.ENSP00000359219
7597,RWDD3,25950,,9606.ENSP00000359221
7598,TLCD4,148534,,9606.ENSP00000359222
7599,ALG14,,,9606.ENSP00000359224
7600,CNN3,1266,,9606.ENSP00000359225
7601,HAUS7,55559,,9606.ENSP00000359230
7602,ABCD3,5825,,9606.ENSP00000359233
7603,LZTS2,84445,,9606.ENSP00000359240
7604,ABCA4,24,,9606.ENSP00000359245
7605,GCLM,2730,P48507,9606.ENSP00000359258
7606,CHRNA4,1137,P43681,9606.ENSP00000359285
7607,DR1,1810,,9606.ENSP00000359295
7608,NSDHL,50814,,9606.ENSP00000359297
7609,TMED5,50999,,9606.ENSP00000359305
7610,PAX2,5076,,9606.ENSP00000359319
7611,MTF2,22823,,9606.ENSP00000359321
7612,DIPK1A,388650,,9606.ENSP00000359333
7613,GABRA3,2556,P34903,9606.ENSP00000359337
7614,CGAS,115004,,9606.ENSP00000359339
7615,RPL5,6125,,9606.ENSP00000359345
7616,GABRE,2564,P78334,9606.ENSP00000359353
7617,DDX43,55510,,9606.ENSP00000359361
7618,YTHDF1,54915,,9606.ENSP00000359364
7619,FATE1,89885,,9606.ENSP00000359375
7620,SLC17A9,63910,,9606.ENSP00000359376
7621,SCD,6319,,9606.ENSP00000359380
7622,SCD1,20249,,9606.ENSP00000359380
7623,PASD1,139135,,9606.ENSP00000359382
7624,GLMN,11146,,9606.ENSP00000359385
7625,KHDC3L,154288,,9606.ENSP00000359392
7626,HMGB3,3149,,9606.ENSP00000359393
7627,BLOC1S2,282991,,9606.ENSP00000359398
7628,MTM1,4534,,9606.ENSP00000359423
7629,CHUK,1147,O15111,9606.ENSP00000359424
7630,CPN1,1369,P15169,9606.ENSP00000359446
7631,HFM1,164045,,9606.ENSP00000359454
7632,ZNF644,84146,,9606.ENSP00000359469
7633,BARHL2,343472,,9606.ENSP00000359474
7634,LRRC8C,84230,,9606.ENSP00000359483
7635,GBP6,163351,,9606.ENSP00000359485
7636,GBP5,115362,,9606.ENSP00000359488
7637,AFF2,2334,,9606.ENSP00000359489
7638,GBP2,2634,,9606.ENSP00000359497
7639,FMR1NB,158521,,9606.ENSP00000359498
7640,GBP1,2633,,9606.ENSP00000359504
7641,FMR1,2332,,9606.ENSP00000359506
7642,GTF2B,2959,,9606.ENSP00000359531
7643,NTSR1,4923,,9606.ENSP00000359532
7644,GOT1,2805,P17174,9606.ENSP00000359539
7645,CREG1,8804,,9606.ENSP00000359540
7646,SPANXD,64648,,9606.ENSP00000359546
7647,SPANXA1,30014,,9606.ENSP00000359549
7648,SPANXA2,728712,,9606.ENSP00000359549
7649,PKN2,5586,Q16513,9606.ENSP00000359552
7650,LDOC1,23641,,9606.ENSP00000359557
7651,SOX3,6658,,9606.ENSP00000359567
7652,CXorf66,347487,,9606.ENSP00000359571
7653,LMO4,8543,,9606.ENSP00000359575
7654,HS2ST1,9653,,9606.ENSP00000359581
7655,HPSE2,60495,,9606.ENSP00000359583
7656,CLCA4,22802,,9606.ENSP00000359594
7657,CLCA2,9635,,9606.ENSP00000359596
7658,ODF2L,57489,,9606.ENSP00000359600
7659,PYROXD2,84795,,9606.ENSP00000359607
7660,CRTAC1,55118,,9606.ENSP00000359629
7661,ADGRB3,577,,9606.ENSP00000359630
7662,LPAR3,23566,,9606.ENSP00000359643
7663,RBMX,27316,,9606.ENSP00000359645
7664,EYS,346007,,9606.ENSP00000359655
7665,AVPI1,60370,,9606.ENSP00000359660
7666,CD40LG,959,,9606.ENSP00000359663
7667,CTBS,1486,,9606.ENSP00000359664
7668,PI4K2A,55361,,9606.ENSP00000359665
7669,VGLL1,51442,,9606.ENSP00000359668
7670,GNG5,2787,,9606.ENSP00000359675
7671,HOGA1,112817,,9606.ENSP00000359680
7672,BRS3,680,,9606.ENSP00000359682
7673,RPF1,80135,,9606.ENSP00000359688
7674,LGSN,51557,,9606.ENSP00000359691
7675,PRKACB,5567,P22694,9606.ENSP00000359719
7676,SLC9A6,10479,,9606.ENSP00000359729
7677,ZNF451,26036,,9606.ENSP00000359740
7678,ADGRL2,23266,,9606.ENSP00000359765
7679,ADGRL4,64123,,9606.ENSP00000359778
7680,IFI44,10561,,9606.ENSP00000359783
7681,IFI44L,10964,,9606.ENSP00000359787
7682,PTGFR,5737,P43088,9606.ENSP00000359793
7683,GIPC2,54810,,9606.ENSP00000359795
7684,DNAJB4,11080,,9606.ENSP00000359799
7685,FUBP1,8880,,9606.ENSP00000359804
7686,MMS19,64210,,9606.ENSP00000359818
7687,USP33,23032,,9606.ENSP00000359829
7688,PIGK,10026,,9606.ENSP00000359848
7689,GPC4,2239,,9606.ENSP00000359864
7690,BMP5,653,,9606.ENSP00000359866
7691,ACADM,34,,9606.ENSP00000359871
7692,MBNL3,55796,,9606.ENSP00000359890
7693,SLC44A5,204962,,9606.ENSP00000359892
7694,PSMA7,5688,,9606.ENSP00000359910
7695,RAP2C,57826,,9606.ENSP00000359911
7696,LRRC1,55227,,9606.ENSP00000359925
7697,FPGT,8790,,9606.ENSP00000359935
7698,EXOSC1,51013,,9606.ENSP00000359939
7699,IGSF1,3547,,9606.ENSP00000359940
7700,ELOVL5,60481,,9606.ENSP00000359956
7701,CTH,1491,P32929,9606.ENSP00000359976
7702,SRSF11,9295,,9606.ENSP00000359988
7703,PGAM1,5223,P18669,9606.ENSP00000359991
7704,GSTA4,2941,,9606.ENSP00000360002
7705,DIRAS3,9077,,9606.ENSP00000360020
7706,GNG12,55970,,9606.ENSP00000360021
7707,GADD45A,1647,,9606.ENSP00000360025
7708,GSTA5,221357,,9606.ENSP00000360028
7709,SERBP1,26135,,9606.ENSP00000360034
7710,C1orf141,400757,,9606.ENSP00000360046
7711,PHACTR3,116154,,9606.ENSP00000360054
7712,FRAT2,23401,,9606.ENSP00000360058
7713,FRAT1,10023,,9606.ENSP00000360060
7714,SGIP1,84251,,9606.ENSP00000360076
7715,EFHC1,114327,,9606.ENSP00000360107
7716,DNAJC6,9829,,9606.ENSP00000360108
7717,RAVER2,55225,,9606.ENSP00000360112
7718,ROR1,4919,,9606.ENSP00000360120
7719,PGM1,5236,,9606.ENSP00000360124
7720,ITGB3BP,23421,,9606.ENSP00000360133
7721,GNAS,2778,,9606.ENSP00000360141
7722,XPNPEP2,7512,,9606.ENSP00000360147
7723,OCRL,4952,,9606.ENSP00000360154
7724,FOXD3,27022,,9606.ENSP00000360157
7725,PKHD1,5314,,9606.ENSP00000360158
7726,SMARCA1,6594,,9606.ENSP00000360162
7727,ACTRT1,139741,,9606.ENSP00000360165
7728,ANGPTL3,27329,,9606.ENSP00000360170
7729,SH2D1A,4068,,9606.ENSP00000360181
7730,STX16,8675,,9606.ENSP00000360183
7731,KANK4,163782,,9606.ENSP00000360195
7732,C20orf85,128602,,9606.ENSP00000360210
7733,ZBP1,81030,,9606.ENSP00000360215
7734,DNTT,1791,,9606.ENSP00000360216
7735,RHAG,6005,,9606.ENSP00000360217
7736,NFIA,4774,,9606.ENSP00000360231
7737,XIAP,331,,9606.ENSP00000360242
7738,CYP2J2,1573,P51589,9606.ENSP00000360247
7739,ENTPD1,953,,9606.ENSP00000360250
7740,HOOK1,51361,,9606.ENSP00000360252
7741,OPN5,221391,,9606.ENSP00000360255
7742,FGGY,55277,,9606.ENSP00000360262
7743,JUN,3725,P05412,9606.ENSP00000360266
7744,ALDH18A1,5832,,9606.ENSP00000360268
7745,TACSTD2,4070,,9606.ENSP00000360269
7746,OMA1,115209,,9606.ENSP00000360270
7747,DAB1,1600,,9606.ENSP00000360280
7748,C8B,732,P07358,9606.ENSP00000360281
7749,PRKAA2,5563,P54646,9606.ENSP00000360290
7750,SORBS1,10580,,9606.ENSP00000360293
7751,PLPP3,8613,,9606.ENSP00000360296
7752,ADGRF1,266977,,9606.ENSP00000360299
7753,PDLIM1,9124,,9606.ENSP00000360305
7754,DHCR24,1718,,9606.ENSP00000360316
7755,CYP2C8,1558,P10632,9606.ENSP00000360317
7756,LEXM,163747,,9606.ENSP00000360320
7757,TTC22,55001,,9606.ENSP00000360323
7758,PARS2,25973,,9606.ENSP00000360327
7759,TTC4,7268,,9606.ENSP00000360329
7760,MCTS1,28985,,9606.ENSP00000360365
7761,ACOT11,26027,,9606.ENSP00000360366
7762,CYP2C19,1557,P33261,9606.ENSP00000360372
7763,SLC25A27,9481,,9606.ENSP00000360398
7764,NOC3L,,,9606.ENSP00000360412
7765,CACNA1B,774,A0A024R8I1;Q00975,9606.ENSP00000360423
7766,PLCE1,51196,,9606.ENSP00000360431
7767,ENPP5,59084,,9606.ENSP00000360436
7768,RHOXF2,84528,,9606.ENSP00000360441
7769,NKAP,79576,,9606.ENSP00000360464
7770,LGI1,9211,,9606.ENSP00000360472
7771,PFDN4,5203,,9606.ENSP00000360473
7772,NDC1,55706,,9606.ENSP00000360483
7773,NDUFA1,4694,,9606.ENSP00000360492
7774,RUNX2,860,,9606.ENSP00000360493
7775,RNF113A,7737,,9606.ENSP00000360497
7776,MRPL41,64975,,9606.ENSP00000360498
7777,PDE6C,,P51160,9606.ENSP00000360502
7778,SUPT3H,8464,,9606.ENSP00000360515
7779,RBP4,5950,P02753,9606.ENSP00000360522
7780,ZNF217,7764,,9606.ENSP00000360526
7781,NSMF,26012,,9606.ENSP00000360530
7782,CDC5L,988,,9606.ENSP00000360532
7783,FFAR4,338557,,9606.ENSP00000360538
7784,CEP55,55165,,9606.ENSP00000360540
7785,CPT2,1376,P23786,9606.ENSP00000360541
7786,TSHZ2,128553,,9606.ENSP00000360552
7787,SCP2,6342,,9606.ENSP00000360569
7788,ECHDC2,55268,,9606.ENSP00000360577
7789,ZYG11A,440590,,9606.ENSP00000360583
7790,COA7,65260,,9606.ENSP00000360593
7791,LRRC26,389816,,9606.ENSP00000360597
7792,GRIN1,2902,Q05586,9606.ENSP00000360608
7793,HSP90AB1,3326,,9606.ENSP00000360609
7794,UBE2A,7319,,9606.ENSP00000360613
7795,ORC1,4998,,9606.ENSP00000360623
7796,KCNG1,,Q9UIX4,9606.ENSP00000360626
7797,DPP7,29952,,9606.ENSP00000360635
7798,DPM1,8813,,9606.ENSP00000360638
7799,MAN1B1,11253,,9606.ENSP00000360645
7800,NPDC1,56654,,9606.ENSP00000360660
7801,ADNP,23394,,9606.ENSP00000360662
7802,SLC25A5,292,P05141,9606.ENSP00000360671
7803,PTPN1,5770,,9606.ENSP00000360683
7804,PTGDS,5730,P41222,9606.ENSP00000360687
7805,TXNDC12,51060,,9606.ENSP00000360688
7806,TNKS2,80351,,9606.ENSP00000360689
7807,C8G,,P07360,9606.ENSP00000360697
7808,TMEM189,387521,,9606.ENSP00000360715
7809,RABL6,55684,,9606.ENSP00000360727
7810,IL13RA1,3597,,9606.ENSP00000360730
7811,AGPAT2,10555,,9606.ENSP00000360761
7812,ANKRD1,27063,,9606.ENSP00000360762
7813,EGFL7,51162,,9606.ENSP00000360764
7814,INPP5E,56623,,9606.ENSP00000360777
7815,PMPCA,23203,,9606.ENSP00000360782
7816,KIF20B,9585,,9606.ENSP00000360793
7817,CARD9,64170,,9606.ENSP00000360797
7818,EPS15,2060,,9606.ENSP00000360798
7819,DNLZ,728489,,9606.ENSP00000360803
7820,KCNB1,3745,Q14721,9606.ENSP00000360806
7821,LHX3,8022,,9606.ENSP00000360811
7822,ZNFX1,57169,,9606.ENSP00000360817
7823,UBAC1,10422,,9606.ENSP00000360821
7824,KCNT1,57582,,9606.ENSP00000360822
7825,C1ORF185,284546,,9606.ENSP00000360824
7826,GLT6D1,,Q7Z4J2,9606.ENSP00000360829
7827,SLC16A12,387700,,9606.ENSP00000360855
7828,OLFM1,10439,,9606.ENSP00000360858
7829,IFIT5,24138,,9606.ENSP00000360860
7830,IFIT1,3434,,9606.ENSP00000360869
7831,FCN1,2219,,9606.ENSP00000360871
7832,IFIT3,3437,,9606.ENSP00000360876
7833,COL5A1,1289,,9606.ENSP00000360882
7834,AGBL4,84871,,9606.ENSP00000360905
7835,VAV2,7410,,9606.ENSP00000360916
7836,CH25H,9023,,9606.ENSP00000360918
7837,STAU1,6780,,9606.ENSP00000360922
7838,SARDH,1757,,9606.ENSP00000360938
7839,CMPK1,51727,P30085,9606.ENSP00000360939
7840,STIL,6491,,9606.ENSP00000360944
7841,CYP4A22,284541,,9606.ENSP00000360958
7842,CT83,203413,,9606.ENSP00000360961
7843,SLC2A6,11182,,9606.ENSP00000360966
7844,CYP4X1,,,9606.ENSP00000360968
7845,AGTR2,186,P50052,9606.ENSP00000360973
7846,ARFGEF2,10564,,9606.ENSP00000360985
7847,CYP4B1,1580,P13584,9606.ENSP00000360991
7848,ADAMTS13,11093,,9606.ENSP00000360997
7849,ANKRD22,118932,,9606.ENSP00000360998
7850,EFCAB14,9813,,9606.ENSP00000361001
7851,IL13RA2,3598,,9606.ENSP00000361004
7852,PREX1,57580,,9606.ENSP00000361009
7853,REXO4,57109,,9606.ENSP00000361010
7854,PTEN,5728,,9606.ENSP00000361021
7855,AMOT,154796,,9606.ENSP00000361027
7856,SURF1,6834,,9606.ENSP00000361042
7857,RAD54L,8438,,9606.ENSP00000361043
7858,SURF4,6836,,9606.ENSP00000361057
7859,POMGNT1,55624,,9606.ENSP00000361060
7860,MINPP1,9562,,9606.ENSP00000361064
7861,NCOA3,8202,,9606.ENSP00000361066
7862,TSPAN1,10103,,9606.ENSP00000361072
7863,RPL7A,6130,,9606.ENSP00000361076
7864,SNCG,6623,,9606.ENSP00000361087
7865,TMEM69,51249,,9606.ENSP00000361095
7866,BMPR1A,657,,9606.ENSP00000361107
7867,CHRDL1,91851,,9606.ENSP00000361112
7868,RALGDS,5900,,9606.ENSP00000361120
7869,AKR1A1,10327,P14550,9606.ENSP00000361140
7870,OPN4,94233,,9606.ENSP00000361141
7871,TESK2,10420,,9606.ENSP00000361158
7872,TOE1,114034,,9606.ENSP00000361162
7873,KCNE5,23630,Q9UJ90,9606.ENSP00000361173
7874,LRIT1,26103,,9606.ENSP00000361177
7875,TP53RK,112858,,9606.ENSP00000361186
7876,C10orf99,387695,,9606.ENSP00000361199
7877,IRS4,8471,,9606.ENSP00000361202
7878,MRPS18A,55168,,9606.ENSP00000361206
7879,SPACA9,11092,,9606.ENSP00000361209
7880,NRG3,10718,,9606.ENSP00000361214
7881,TSPAN14,81619,,9606.ENSP00000361231
7882,RSPH9,221421,,9606.ENSP00000361238
7883,RAPGEF1,2889,,9606.ENSP00000361264
7884,PTCH2,8643,,9606.ENSP00000361266
7885,PLK3,1263,Q9H4B4,9606.ENSP00000361275
7886,UCK1,83549,,9606.ENSP00000361285
7887,MAT1A,4143,,9606.ENSP00000361287
7888,KIF2C,11004,,9606.ENSP00000361298
7889,POMT1,10585,,9606.ENSP00000361302
7890,rt,,Q3MS49,9606.ENSP00000361302
7891,ATG4A,115201,,9606.ENSP00000361306
7892,POLH,5429,,9606.ENSP00000361310
7893,TMEM254,80195,,9606.ENSP00000361355
7894,CD40,958,,9606.ENSP00000361359
7895,SFTPD,6441,,9606.ENSP00000361366
7896,KLF17,128209,,9606.ENSP00000361373
7897,AIF1L,83543,,9606.ENSP00000361383
7898,SFTPA2,729238,,9606.ENSP00000361400
7899,MMP9,4318,P14780,9606.ENSP00000361405
7900,ABL1,25,P00519,9606.ENSP00000361423
7901,EXOSC2,23404,,9606.ENSP00000361433
7902,POLR3A,11128,,9606.ENSP00000361446
7903,TSC22D3,1831,,9606.ENSP00000361458
7904,DLG5,9231,,9606.ENSP00000361467
7905,ASS1,445,P00966,9606.ENSP00000361471
7906,KDM4A,9682,,9606.ENSP00000361473
7907,NCS1,23413,P62166,9606.ENSP00000361475
7908,YIPF3,25844,,9606.ENSP00000361499
7909,PRPS1,5631,,9606.ENSP00000361512
7910,CDC20,991,,9606.ENSP00000361540
7911,PRRX2,51450,,9606.ENSP00000361547
7912,MPL,4352,P40238,9606.ENSP00000361548
7913,TIE1,7075,P35590,9606.ENSP00000361554
7914,CTSA,5476,P10619,9606.ENSP00000361562
7915,ppcA,,Q8GGK7,9606.ENSP00000361562
7916,SVBP,374969,,9606.ENSP00000361599
7917,ZNF503,84858,,9606.ENSP00000361602
7918,ABCC10,89845,,9606.ENSP00000361608
7919,YBX1,4904,,9606.ENSP00000361626
7920,SH3GLB2,56904,,9606.ENSP00000361634
7921,VDAC2,7417,,9606.ENSP00000361635
7922,TNNC2,7125,P02585,9606.ENSP00000361636
7923,CRIP3,401262,,9606.ENSP00000361650
7924,FOXJ3,22887,,9606.ENSP00000361653
7925,GUCA2B,2981,,9606.ENSP00000361662
7926,IL1RAPL2,26280,,9606.ENSP00000361663
7927,HIVEP3,59269,,9606.ENSP00000361664
7928,SLC22A7,10864,Q9Y694,9606.ENSP00000361666
7929,EDN2,1907,,9606.ENSP00000361668
7930,DNTTIP1,116092,,9606.ENSP00000361705
7931,TCEAL1,9338,,9606.ENSP00000361708
7932,CITED4,163732,,9606.ENSP00000361721
7933,ENDOG,2021,,9606.ENSP00000361725
7934,BEX3,27018,,9606.ENSP00000361728
7935,nadE,,P08164,9606.ENSP00000361728
7936,WFDC2,10406,,9606.ENSP00000361761
7937,SET,6418,,9606.ENSP00000361777
7938,BEX4,56271,,9606.ENSP00000361780
7939,EXO5,64789,,9606.ENSP00000361788
7940,WDR34,89891,,9606.ENSP00000361800
7941,BEX1,55859,,9606.ENSP00000361813
7942,SDC4,6385,,9606.ENSP00000361818
7943,COL9A2,1298,,9606.ENSP00000361834
7944,MATN4,8785,,9606.ENSP00000361842
7945,ZMPSTE24,10269,,9606.ENSP00000361845
7946,PLAU,5328,P00749,9606.ENSP00000361850
7947,RLF,6018,,9606.ENSP00000361857
7948,SEMG1,6406,P04279,9606.ENSP00000361867
7949,CAP1,10487,,9606.ENSP00000361883
7950,STK4,6789,,9606.ENSP00000361892
7951,GNMT,27232,Q14749,9606.ENSP00000361894
7952,MFSD2A,84879,,9606.ENSP00000361895
7953,TOMM34,10953,,9606.ENSP00000361900
7954,BMP8B,656,,9606.ENSP00000361915
7955,ARMCX1,51309,,9606.ENSP00000361917
7956,PPIE,10450,,9606.ENSP00000361918
7957,CNPY3,10695,,9606.ENSP00000361926
7958,HNRNPH2,3188,,9606.ENSP00000361927
7959,YWHAB,7529,,9606.ENSP00000361930
7960,FUT11,170384,,9606.ENSP00000361932
7961,HEYL,26508,,9606.ENSP00000361943
7962,PABPC4,8761,,9606.ENSP00000361949
7963,KCNK15,60598,,9606.ENSP00000361952
7964,CCN5,8839,,9606.ENSP00000361959
7965,ADA,100,P00813,9606.ENSP00000361965
7966,TBCC,6903,,9606.ENSP00000361967
7967,PKIG,11142,,9606.ENSP00000361980
7968,UBR2,23304,,9606.ENSP00000361990
7969,TIMM8A,1678,,9606.ENSP00000361993
7970,TAF7L,54457,,9606.ENSP00000361998
7971,ANXA7,310,,9606.ENSP00000362010
7972,DNM1,1759,,9606.ENSP00000362014
7973,CENPI,2491,,9606.ENSP00000362018
7974,MRPS16,51021,,9606.ENSP00000362036
7975,NOX1,27035,,9606.ENSP00000362057
7976,TAF8,129685,,9606.ENSP00000362068
7977,JPH2,57158,,9606.ENSP00000362071
7978,CCND3,896,,9606.ENSP00000362082
7979,C9orf16,79095,,9606.ENSP00000362085
7980,RRAGC,64121,,9606.ENSP00000362092
7981,SRPX2,27286,,9606.ENSP00000362095
7982,POU3F1,5453,,9606.ENSP00000362103
7983,FHL3,2275,,9606.ENSP00000362107
7984,LCN2,3934,,9606.ENSP00000362108
7985,FRS3,10817,,9606.ENSP00000362109
7986,SF3A3,10946,,9606.ENSP00000362110
7987,PGC,5225,,9606.ENSP00000362116
7988,IFT52,51098,,9606.ENSP00000362121
7989,TNMD,64102,,9606.ENSP00000362122
7990,PCDH19,57526,,9606.ENSP00000362125
7991,MTF1,4520,,9606.ENSP00000362127
7992,YRDC,,,9606.ENSP00000362135
7993,EPHA10,284656,,9606.ENSP00000362139
7994,MCU,90550,,9606.ENSP00000362144
7995,CDCA8,55143,,9606.ENSP00000362146
7996,FOXP4,116113,,9606.ENSP00000362151
7997,GNL2,29889,,9606.ENSP00000362153
7998,SLC25A25,114789,,9606.ENSP00000362160
7999,NAIF1,203245,,9606.ENSP00000362170
8000,REG1,19692,,9606.ENSP00000362179
8001,ZC3H12A,80149,,9606.ENSP00000362179
8002,NCR2,9436,,9606.ENSP00000362181
8003,GRIK3,2899,Q13003,9606.ENSP00000362183
8004,PCDH11X,27328,,9606.ENSP00000362186
8005,FAM102A,399665,,9606.ENSP00000362187
8006,CSF3R,1441,,9606.ENSP00000362195
8007,TREM2,54209,,9606.ENSP00000362205
8008,CHST3,9469,,9606.ENSP00000362207
8009,DACH2,117154,,9606.ENSP00000362217
8010,STK40,83931,,9606.ENSP00000362222
8011,POF1B,79983,,9606.ENSP00000362238
8012,SLC29A3,55315,,9606.ENSP00000362285
8013,AGO3,192669,,9606.ENSP00000362287
8014,PTPRT,11122,,9606.ENSP00000362294
8015,SGPL1,8879,,9606.ENSP00000362298
8016,ENG,2022,,9606.ENSP00000362299
8017,AGO1,26523,,9606.ENSP00000362300
8018,ADAMTS14,140766,,9606.ENSP00000362304
8019,AGO4,192670,,9606.ENSP00000362306
8020,EIF4EBP2,1979,,9606.ENSP00000362314
8021,KCNK17,89822,,9606.ENSP00000362328
8022,PPA1,5464,,9606.ENSP00000362329
8023,CHD6,84181,,9606.ENSP00000362330
8024,TFAP2E,339488,,9606.ENSP00000362332
8025,PSMB2,5690,P49721,9606.ENSP00000362334
8026,SAR1A,56681,,9606.ENSP00000362339
8027,NCDN,,,9606.ENSP00000362340
8028,FPGS,2356,Q05932,9606.ENSP00000362344
8029,GLP1R,2740,,9606.ENSP00000362353
8030,CDK9,1025,P50750,9606.ENSP00000362361
8031,BRWD3,254065,,9606.ENSP00000362372
8032,TOR2A,27433,,9606.ENSP00000362381
8033,TSPAN15,23555,,9606.ENSP00000362387
8034,TBX22,50945,,9606.ENSP00000362393
8035,ITM2A,9452,,9606.ENSP00000362395
8036,STXBP1,6812,,9606.ENSP00000362399
8037,CYSLTR1,10800,Q9Y271,9606.ENSP00000362401
8038,TACR2,6865,,9606.ENSP00000362403
8039,NIBAN2,64855,,9606.ENSP00000362409
8040,MAFB,9935,,9606.ENSP00000362410
8041,PGK1,5230,P00558,9606.ENSP00000362413
8042,TRAF3IP1,26146,,9606.ENSP00000362424
8043,ATRX,546,,9606.ENSP00000362441
8044,DLGAP3,58512,,9606.ENSP00000362444
8045,MAGEE2,139599,,9606.ENSP00000362457
8046,GLO1,2739,Q04760,9606.ENSP00000362463
8047,GJB3,2707,,9606.ENSP00000362464
8048,SLC2A8,29988,,9606.ENSP00000362469
8049,CSMD2,114784,,9606.ENSP00000362479
8050,UPRT,139596,,9606.ENSP00000362481
8051,UGT1A4,54657,P22310,9606.ENSP00000362508
8052,UGT1A5,54579,,9606.ENSP00000362513
8053,ANGPTL2,23452,,9606.ENSP00000362524
8054,UGT1A7,54577,Q9HAW7,9606.ENSP00000362525
8055,RPRD1B,58490,,9606.ENSP00000362532
8056,AZIN2,113451,Q96A70,9606.ENSP00000362540
8057,TTI1,9675,,9606.ENSP00000362547
8058,UGT1A8,54576,Q9HAW9,9606.ENSP00000362549
8059,CMTR1,23070,,9606.ENSP00000362550
8060,RNF19B,127544,,9606.ENSP00000362555
8061,TMEM54,113452,,9606.ENSP00000362562
8062,FNDC5,252995,,9606.ENSP00000362570
8063,YARS1,8565,,9606.ENSP00000362576
8064,RNF8,9025,,9606.ENSP00000362578
8065,PBX3,5090,,9606.ENSP00000362588
8066,RBBP4,5928,,9606.ENSP00000362592
8067,PIM1,5292,P11309,9606.ENSP00000362608
8068,CDX4,1046,,9606.ENSP00000362613
8069,MARCKSL1,65108,,9606.ENSP00000362638
8070,RABEPK,10244,,9606.ENSP00000362639
8071,PHKA1,,,9606.ENSP00000362643
8072,HDAC1,3065,Q13547,9606.ENSP00000362649
8073,SCAI,286205,,9606.ENSP00000362650
8074,GOLGA1,2800,,9606.ENSP00000362656
8075,HDAC8,55869,Q9BY41,9606.ENSP00000362674
8076,SRC,6714,P12931,9606.ENSP00000362680
8077,OLFML2A,169611,,9606.ENSP00000362682
8078,EIF3I,8668,,9606.ENSP00000362688
8079,NR5A1,2516,,9606.ENSP00000362690
8080,NEK6,10783,,9606.ENSP00000362702
8081,TXLNA,200081,,9606.ENSP00000362711
8082,GHRH,2691,,9606.ENSP00000362716
8083,LHX2,9355,,9606.ENSP00000362717
8084,DENND1A,57706,,9606.ENSP00000362727
8085,RPS4X,6191,,9606.ENSP00000362744
8086,GPR21,,,9606.ENSP00000362746
8087,TET1,80312,,9606.ENSP00000362748
8088,RBL1,5933,,9606.ENSP00000362768
8089,COL16A1,,,9606.ENSP00000362776
8090,ATOH7,220202,,9606.ENSP00000362777
8091,CXCR3,2833,,9606.ENSP00000362795
8092,PPIL1,51645,,9606.ENSP00000362803
8093,PEF1,,Q9UBV8,9606.ENSP00000362807
8094,SERINC2,347735,,9606.ENSP00000362814
8095,FABP3,2170,,9606.ENSP00000362817
8096,SRSF3,6428,,9606.ENSP00000362820
8097,OGT,8473,,9606.ENSP00000362824
8098,KCTD20,222658,,9606.ENSP00000362836
8099,NKAIN1,79570,,9606.ENSP00000362841
8100,REEP3,221035,,9606.ENSP00000362863
8101,MATN1,4146,,9606.ENSP00000362870
8102,ADO,84890,,9606.ENSP00000362888
8103,RTKN2,219790,,9606.ENSP00000362894
8104,SRSF4,6429,Q08170,9606.ENSP00000362900
8105,GSN,2934,P06396,9606.ENSP00000362924
8106,SRPK1,6732,,9606.ENSP00000362931
8107,ITGB1BP2,26548,,9606.ENSP00000362935
8108,RAB14,51552,,9606.ENSP00000362946
8109,MED18,54797,,9606.ENSP00000362948
8110,CNTRL,11064,,9606.ENSP00000362962
8111,EYA3,2140,,9606.ENSP00000362978
8112,TGIF2,60436,,9606.ENSP00000362981
8113,BICC1,80114,,9606.ENSP00000362993
8114,TRAF1,7185,,9606.ENSP00000362994
8115,RPA2,6118,,9606.ENSP00000363017
8116,RPL10A,4736,,9606.ENSP00000363018
8117,UBE2D1,7321,,9606.ENSP00000363019
8118,THEMIS2,9473,,9606.ENSP00000363031
8119,MEGF9,1955,,9606.ENSP00000363040
8120,CISD1,55847,,9606.ENSP00000363041
8121,IPMK,253430,,9606.ENSP00000363046
8122,STX12,23673,,9606.ENSP00000363054
8123,ZWINT,11130,,9606.ENSP00000363055
8124,PCDH15,65217,,9606.ENSP00000363068
8125,DES,1674,,9606.ENSP00000363071
8126,MBL2,4153,,9606.ENSP00000363079
8127,DKK1,22943,,9606.ENSP00000363081
8128,TLR4,7099,O00206,9606.ENSP00000363089
8129,PRKG1,5592,,9606.ENSP00000363092
8130,FGR,2268,P09769,9606.ENSP00000363117
8131,AHDC1,27245,,9606.ENSP00000363123
8132,PHF20,51230,,9606.ENSP00000363124
8133,ILRUN,64771,,9606.ENSP00000363135
8134,GPR3,2827,,9606.ENSP00000363136
8135,CD164L2,388611,,9606.ENSP00000363142
8136,SPDEF,25803,,9606.ENSP00000363149
8137,TNFSF15,9966,,9606.ENSP00000363157
8138,ATP6V1G1,9550,O75348,9606.ENSP00000363162
8139,ROMO1,140823,,9606.ENSP00000363191
8140,MED12,9968,,9606.ENSP00000363193
8141,NFS1,,Q9Y697,9606.ENSP00000363205
8142,OGDHL,55753,,9606.ENSP00000363216
8143,RBM12,10137,,9606.ENSP00000363228
8144,SLC18A3,6572,,9606.ENSP00000363229
8145,KIF12,,,9606.ENSP00000363232
8146,RGS3,5998,,9606.ENSP00000363255
8147,ZDHHC18,84243,,9606.ENSP00000363257
8148,PIGV,55650,,9606.ENSP00000363260
8149,LRRC18,474354,,9606.ENSP00000363275
8150,POLE3,54107,Q9NRF9,9606.ENSP00000363286
8151,PRPF4,9128,,9606.ENSP00000363313
8152,LIN28A,79727,,9606.ENSP00000363314
8153,FRMPD2,143162,,9606.ENSP00000363317
8154,IL2RG,3561,,9606.ENSP00000363318
8155,CDC26,246184,,9606.ENSP00000363322
8156,SLC31A1,1317,,9606.ENSP00000363329
8157,CD52,1043,,9606.ENSP00000363330
8158,UBXN11,91544,,9606.ENSP00000363339
8159,SLC46A2,57864,,9606.ENSP00000363345
8160,CNKSR1,10256,,9606.ENSP00000363371
8161,FOXO4,4303,,9606.ENSP00000363377
8162,ZNF593,51042,,9606.ENSP00000363384
8163,PDIK1L,149420,,9606.ENSP00000363389
8164,TRIM63,84676,,9606.ENSP00000363390
8165,SLC30A2,7780,,9606.ENSP00000363394
8166,UGCG,7357,Q16739,9606.ENSP00000363397
8167,SHOC1,158401,,9606.ENSP00000363405
8168,PAQR7,164091,,9606.ENSP00000363414
8169,cat3,,P00484,9606.ENSP00000363417
8170,SLC7A3,,Q8WY07,9606.ENSP00000363417
8171,NPY4R,5540,,9606.ENSP00000363431
8172,ITPR3,3710,Q14573,9606.ENSP00000363435
8173,GPRIN2,9721,,9606.ENSP00000363436
8174,MAN1C1,57134,,9606.ENSP00000363452
8175,LDLRAP1,26119,,9606.ENSP00000363458
8176,MACO1,55219,,9606.ENSP00000363463
8177,DLG3,1741,,9606.ENSP00000363480
8178,GDF5,8200,,9606.ENSP00000363492
8179,CLIC4,25932,,9606.ENSP00000363500
8180,UQCC1,55245,,9606.ENSP00000363506
8181,ALOX5,240,P09917,9606.ENSP00000363512
8182,RCAN3,11123,,9606.ENSP00000363516
8183,NIPAL3,57185,,9606.ENSP00000363520
8184,KIF4A,24137,,9606.ENSP00000363524
8185,LPAR1,1902,,9606.ENSP00000363553
8186,MYOM3,127294,,9606.ENSP00000363557
8187,EIF6,3692,,9606.ENSP00000363559
8188,MUSK,4593,O15146,9606.ENSP00000363571
8189,CSGALNACT2,55454,,9606.ENSP00000363590
8190,BAK1,578,,9606.ENSP00000363591
8191,SVEP1,79987,,9606.ENSP00000363593
8192,CNR2,1269,P34972,9606.ENSP00000363596
8193,FUCA1,2517,,9606.ENSP00000363603
8194,HMGCL,3155,,9606.ENSP00000363614
8195,EDEM2,55741,,9606.ENSP00000363616
8196,LYPLA2,11313,,9606.ENSP00000363638
8197,TXN,7295,,9606.ENSP00000363641
8198,BMS1,9790,,9606.ENSP00000363642
8199,P2RY4,5030,P51582,9606.ENSP00000363643
8200,AWAT1,158833,,9606.ENSP00000363645
8201,PALM2AKAP2,445815,,9606.ENSP00000363654
8202,IGBP1,3476,,9606.ENSP00000363661
8203,PTPN3,5774,,9606.ENSP00000363667
8204,EDA,1896,,9606.ENSP00000363680
8205,ID3,3399,,9606.ENSP00000363689
8206,EPB41L4B,54566,,9606.ENSP00000363694
8207,BMPR2,659,Q13873,9606.ENSP00000363708
8208,STARD8,9754,,9606.ENSP00000363727
8209,HNRNPR,10236,,9606.ENSP00000363745
8210,WDR46,9277,,9606.ENSP00000363746
8211,HTR1D,3352,P28221,9606.ENSP00000363748
8212,C1QC,714,P02747,9606.ENSP00000363770
8213,C1QA,712,,9606.ENSP00000363773
8214,ELP1,8518,,9606.ENSP00000363779
8215,RING1,6015,,9606.ENSP00000363787
8216,HSD17B8,7923,,9606.ENSP00000363794
8217,KLF4,9314,,9606.ENSP00000363804
8218,SLC39A7,7922,,9606.ENSP00000363809
8219,RXRB,6257,P28702,9606.ENSP00000363817
8220,AR,367,P10275,9606.ENSP00000363822
8221,TMEM38B,,,9606.ENSP00000363824
8222,FZD8,8325,,9606.ENSP00000363826
8223,HSPG2,3339,,9606.ENSP00000363827
8224,AOX1,316,Q06278,9606.ENSP00000363832
8225,CCNY,219771,,9606.ENSP00000363836
8226,COL11A2,1302,,9606.ENSP00000363840
8227,SLC44A1,23446,,9606.ENSP00000363852
8228,ABCA1,19,O95477,9606.ENSP00000363868
8229,VSIG4,11326,,9606.ENSP00000363869
8230,RAP1GAP,5909,,9606.ENSP00000363895
8231,PARD3,56288,,9606.ENSP00000363921
8232,NCOA6,23054,,9606.ENSP00000363929
8233,TP53INP2,58476,,9606.ENSP00000363943
8234,LAS1L,81887,,9606.ENSP00000363944
8235,MAP1LC3A,84557,,9606.ENSP00000363970
8236,ZC4H2,55906,,9606.ENSP00000363972
8237,ALPL;Alpl,249,P05186;P09242,9606.ENSP00000363973
8238,HLA-DMA,3108,,9606.ENSP00000363976
8239,PSMB9,5698,P28065,9606.ENSP00000363993
8240,COL5A2,1290,,9606.ENSP00000364000
8241,AMER1,139285,,9606.ENSP00000364003
8242,PLPPR1,54886,,9606.ENSP00000364008
8243,PSMB8,5696,P28062,9606.ENSP00000364016
8244,ECE1,1889,,9606.ENSP00000364028
8245,TAP2,6891,,9606.ENSP00000364032
8246,FAAH2,158584,,9606.ENSP00000364035
8247,TEX10,54881,,9606.ENSP00000364037
8248,HLA-DQA2,3118,,9606.ENSP00000364076
8249,HLA-DQB1,3119,,9606.ENSP00000364080
8250,HLA-DRB5,3127,,9606.ENSP00000364114
8251,EIF2S2,8894,,9606.ENSP00000364119
8252,APEX2,27301,,9606.ENSP00000364126
8253,COL15A1,1306,,9606.ENSP00000364140
8254,PFKFB1,5207,,9606.ENSP00000364145
8255,GALNT12,79695,,9606.ENSP00000364150
8256,NOTCH4,4855,,9606.ENSP00000364163
8257,GPSM3,63940,,9606.ENSP00000364183
8258,PBX2,5089,,9606.ENSP00000364190
8259,MAGED2,10916,,9606.ENSP00000364193
8260,PINK1,65018,,9606.ENSP00000364204
8261,AGER,177,,9606.ENSP00000364210
8262,CDA,978,P32320,9606.ENSP00000364212
8263,CAMK2N1,55450,,9606.ENSP00000364219
8264,RNF5,6048,,9606.ENSP00000364235
8265,PLA2G2D,26279,,9606.ENSP00000364246
8266,PLA2G5,5322,,9606.ENSP00000364249
8267,PLA2G2E,,Q9NZK7,9606.ENSP00000364257
8268,TRMO,51531,,9606.ENSP00000364260
8269,OTUD3,23252,,9606.ENSP00000364261
8270,RNF186,54546,,9606.ENSP00000364263
8271,FOXE1,2304,,9606.ENSP00000364265
8272,XPA,7507,,9606.ENSP00000364270
8273,FGD1,2245,,9606.ENSP00000364277
8274,NCBP1,4686,,9606.ENSP00000364289
8275,TSR2,,,9606.ENSP00000364293
8276,SLC66A1,54896,,9606.ENSP00000364295
8277,FKBPL,63943,,9606.ENSP00000364298
8278,ZNF341,84905,,9606.ENSP00000364346
8279,ATF6B,1388,,9606.ENSP00000364349
8280,MAP3K20,51776,Q9NYL2,9606.ENSP00000364361
8281,PRXL2C,195827,,9606.ENSP00000364382
8282,CDC14B,8555,,9606.ENSP00000364389
8283,TMEM94,9772,,9606.ENSP00000364397
8284,HABP4,22927,,9606.ENSP00000364398
8285,UBR4,23352,,9606.ENSP00000364403
8286,DCAF17,80067,,9606.ENSP00000364404
8287,ZNF367,195828,,9606.ENSP00000364405
8288,HSD17B3,3293,,9606.ENSP00000364412
8289,SP5,389058,,9606.ENSP00000364430
8290,SIK3,23387,Q9Y2K2,9606.ENSP00000364449
8291,AOPEP,84909,,9606.ENSP00000364464
8292,STK19,8859,,9606.ENSP00000364482
8293,DXO,1797,,9606.ENSP00000364498
8294,G6PC2,57818,,9606.ENSP00000364512
8295,TFDP1,7027,,9606.ENSP00000364519
8296,PAX7,5081,,9606.ENSP00000364524
8297,JCAD,57608,,9606.ENSP00000364526
8298,SKIV2L,6499,,9606.ENSP00000364543
8299,KDM5C,8242,,9606.ENSP00000364550
8300,ACTL8,81569,,9606.ENSP00000364555
8301,NELFE,7936,,9606.ENSP00000364578
8302,GRTP1,79774,,9606.ENSP00000364579
8303,RCC2,55920,,9606.ENSP00000364585
8304,CUL4A,8451,,9606.ENSP00000364589
8305,TSPYL2,64061,,9606.ENSP00000364591
8306,NINJ1,4814,,9606.ENSP00000364595
8307,PADI4,23569,Q9UM07,9606.ENSP00000364597
8308,BPIFA3,128861,,9606.ENSP00000364603
8309,PADI3,51702,,9606.ENSP00000364609
8310,PADI1,29943,,9606.ENSP00000364620
8311,SUSD3,203328,,9606.ENSP00000364621
8312,NXPE4,54827,,9606.ENSP00000364627
8313,BPIFB4,149954,,9606.ENSP00000364632
8314,PADI2,11240,,9606.ENSP00000364635
8315,RBM7,10179,,9606.ENSP00000364639
8316,SDHB,6390,,9606.ENSP00000364649
8317,ZBTB12,221527,,9606.ENSP00000364677
8318,BAMBI,25805,,9606.ENSP00000364683
8319,MFAP2,4237,,9606.ENSP00000364685
8320,CROCC,9696,,9606.ENSP00000364691
8321,ASPN,54829,,9606.ENSP00000364694
8322,pgl,,Q9X0N8,9606.ENSP00000364699
8323,SDHD,6392,,9606.ENSP00000364699
8324,OMD,4958,,9606.ENSP00000364700
8325,F10,2159,P00742,9606.ENSP00000364709
8326,OGN,4969,,9606.ENSP00000364711
8327,MAPRE1,22919,,9606.ENSP00000364721
8328,F7,2155,,9606.ENSP00000364731
8329,XAGE1A,653220,,9606.ENSP00000364752
8330,XAGE1B,653067,,9606.ENSP00000364752
8331,LAYN,143903,,9606.ENSP00000364765
8332,NEU1,4758,Q99519,9606.ENSP00000364782
8333,IARS1,3376,,9606.ENSP00000364794
8334,HSPA1A,3303,,9606.ENSP00000364801
8335,HSPA1B,3304,,9606.ENSP00000364801
8336,HSPA1L,3305,,9606.ENSP00000364805
8337,LSM2,57819,,9606.ENSP00000364813
8338,VARS1,7407,,9606.ENSP00000364815
8339,CLCNKB,1188,,9606.ENSP00000364831
8340,ASXL1,171023,,9606.ENSP00000364839
8341,VWA7,80737,,9606.ENSP00000364840
8342,MAGED1,9500,,9606.ENSP00000364847
8343,MSH5,4439,,9606.ENSP00000364855
8344,CARD16,114769,,9606.ENSP00000364858
8345,ROR2,4920,,9606.ENSP00000364860
8346,KIF3B,9371,,9606.ENSP00000364864
8347,HSPB7,27129,,9606.ENSP00000364870
8348,AUH,549,,9606.ENSP00000364883
8349,ZBTB17,7709,,9606.ENSP00000364885
8350,RND3,390,,9606.ENSP00000364886
8351,SYK,6850,P43405,9606.ENSP00000364898
8352,POFUT1,23509,,9606.ENSP00000364902
8353,SPEN,23013,,9606.ENSP00000364912
8354,DIRAS2,54769,,9606.ENSP00000364919
8355,ING1,3621,,9606.ENSP00000364929
8356,CLIC1,1192,O00299,9606.ENSP00000364935
8357,MKX,283078,,9606.ENSP00000364946
8358,DDAH2,23564,,9606.ENSP00000364949
8359,PLEKHM2,23207,,9606.ENSP00000364956
8360,SECISBP2,79048,,9606.ENSP00000364965
8361,CKS2,1164,,9606.ENSP00000364976
8362,LY6G6C,80740,,9606.ENSP00000364978
8363,COL4A1,1282,,9606.ENSP00000364979
8364,LY6G6D,58530,,9606.ENSP00000364985
8365,AGMAT,79814,,9606.ENSP00000364986
8366,LY6G6F,259215,,9606.ENSP00000364992
8367,SHC3,53358,,9606.ENSP00000364995
8368,S1PR3,1903,Q99500,9606.ENSP00000365006
8369,HCK,3055,P08631,9606.ENSP00000365012
8370,IRS2,8660,,9606.ENSP00000365016
8371,SPIN1,10927,,9606.ENSP00000365019
8372,LY6G5B,58496,,9606.ENSP00000365024
8373,CSNK2B,1460,P67870,9606.ENSP00000365042
8374,TNFSF13B,10673,,9606.ENSP00000365048
8375,ACBD5,91452,,9606.ENSP00000365049
8376,GPANK1,7918,,9606.ENSP00000365071
8377,C6orf47,57827,,9606.ENSP00000365076
8378,APOM,55937,,9606.ENSP00000365081
8379,MASTL,84930,,9606.ENSP00000365107
8380,CTRC,11330,,9606.ENSP00000365116
8381,TUT7,79670,,9606.ENSP00000365130
8382,BAG6,7917,,9606.ENSP00000365131
8383,FOXS1,2307,,9606.ENSP00000365145
8384,EFHD2,79180,,9606.ENSP00000365147
8385,NUDT11,55190,,9606.ENSP00000365160
8386,MYLK2,85366,Q9H1R3,9606.ENSP00000365162
8387,POGLUT2,79070,,9606.ENSP00000365172
8388,NUDT10,170685,,9606.ENSP00000365174
8389,SHROOM4,57477,,9606.ENSP00000365188
8390,KAZN,23254,,9606.ENSP00000365198
8391,PRRC2A,7916,,9606.ENSP00000365201
8392,CCNB3,85417,,9606.ENSP00000365210
8393,TPP2,7174,,9606.ENSP00000365220
8394,AIF1,199,,9606.ENSP00000365227
8395,BCL2L1,598,,9606.ENSP00000365230
8396,COX4I2,84701,,9606.ENSP00000365243
8397,ANKRD26,22852,,9606.ENSP00000365255
8398,CLCN5,1184,,9606.ENSP00000365256
8399,LST1,7940,,9606.ENSP00000365261
8400,DLG2,1740,,9606.ENSP00000365272
8401,ID1,3397,,9606.ENSP00000365280
8402,FGF14,2259,,9606.ENSP00000365301
8403,ABI1,10006,,9606.ENSP00000365312
8404,NFKBIL1,4795,,9606.ENSP00000365318
8405,ITGBL1,9358,,9606.ENSP00000365351
8406,MCCD1,401250,,9606.ENSP00000365362
8407,FOXP3,50943,,9606.ENSP00000365380
8408,PDSS1,23590,,9606.ENSP00000365388
8409,CCDC22,28952,,9606.ENSP00000365401
8410,HLA-C,3107,,9606.ENSP00000365402
8411,APBB1IP,54518,,9606.ENSP00000365411
8412,SLC28A3,64078,,9606.ENSP00000365413
8413,TCF19,6941,,9606.ENSP00000365433
8414,TNFRSF1B,7133,,9606.ENSP00000365435
8415,GAD2,2572,,9606.ENSP00000365437
8416,GAD65,,Q9UGI5,9606.ENSP00000365437
8417,CACNA1F,778,O60840,9606.ENSP00000365441
8418,HNRNPK,3190,P61978,9606.ENSP00000365458
8419,PCCA,5095,,9606.ENSP00000365462
8420,CDSN,1041,,9606.ENSP00000365465
8421,MUC21,394263,,9606.ENSP00000365473
8422,CCDC93,54520,,9606.ENSP00000365477
8423,PLP2,5355,,9606.ENSP00000365505
8424,ZIC2,7546,,9606.ENSP00000365514
8425,PTPRH,5794,,9606.ENSP00000365528
8426,GPR158,57512,,9606.ENSP00000365529
8427,STXBP4,252983,,9606.ENSP00000365530
8428,CLYBL,171425,,9606.ENSP00000365533
8429,FLOT1,10211,,9606.ENSP00000365569
8430,UBQLN1,29979,,9606.ENSP00000365576
8431,MDC1,9656,,9606.ENSP00000365588
8432,GPR183,1880,,9606.ENSP00000365596
8433,DHX16,8449,,9606.ENSP00000365625
8434,RASEF,158158,,9606.ENSP00000365630
8435,KIAA1217,56243,,9606.ENSP00000365637
8436,DOCK9,23348,,9606.ENSP00000365643
8437,NPPB,4879,P16860,9606.ENSP00000365651
8438,NPPA,4878,,9606.ENSP00000365663
8439,OTUD1,220213,,9606.ENSP00000365678
8440,TLE1,7088,,9606.ENSP00000365682
8441,SLC15A1,6564,P46059,9606.ENSP00000365686
8442,PTF1A,256297,,9606.ENSP00000365687
8443,PIM2,11040,,9606.ENSP00000365692
8444,MSRB2,22921,,9606.ENSP00000365693
8445,PPP1R10,5514,,9606.ENSP00000365694
8446,TTYH1,57348,,9606.ENSP00000365714
8447,TLE4,7091,,9606.ENSP00000365720
8448,ABHD12,26090,,9606.ENSP00000365725
8449,STK24,8428,Q9Y6E0,9606.ENSP00000365730
8450,PRR3,80742,,9606.ENSP00000365744
8451,CTTN,2017,,9606.ENSP00000365745
8452,PIP4K2A,5305,,9606.ENSP00000365757
8453,MTHFR,4524,P42898,9606.ENSP00000365770
8454,PSAT1,29968,,9606.ENSP00000365773
8455,CEP78,84131,,9606.ENSP00000365782
8456,HDAC6,10013,Q9UBN7,9606.ENSP00000365804
8457,GNL1,2794,,9606.ENSP00000365806
8458,GNA14,9630,,9606.ENSP00000365807
8459,SPAG6,9576,,9606.ENSP00000365811
8460,HLA-E,3133,,9606.ENSP00000365817
8461,PUS1,80324,,9606.ENSP00000365837
8462,ENTPD6,955,,9606.ENSP00000365840
8463,TRIM39,56658,,9606.ENSP00000365844
8464,BMI1,648,,9606.ENSP00000365851
8465,COMMD3-BMI1,100532731,,9606.ENSP00000365851
8466,GATA1,2623,,9606.ENSP00000365858
8467,MBNL2,10150,,9606.ENSP00000365861
8468,TRIM15,89870,,9606.ENSP00000365884
8469,WAS,7454,,9606.ENSP00000365891
8470,HS6ST3,266722,,9606.ENSP00000365895
8471,VSX1,30813,,9606.ENSP00000365899
8472,TRIM31,11074,,9606.ENSP00000365924
8473,RFK,55312,Q969G6,9606.ENSP00000365926
8474,SP2,6668,,9606.ENSP00000365931
8475,UGGT2,55757,,9606.ENSP00000365938
8476,FBXO6,26270,,9606.ENSP00000365944
8477,RBM3,5935,,9606.ENSP00000365950
8478,FBXO44,93611,,9606.ENSP00000365959
8479,PPP1R11,6992,,9606.ENSP00000365963
8480,UBIAD1,29914,Q9Y5Z9,9606.ENSP00000366006
8481,ANGPTL7,10218,,9606.ENSP00000366015
8482,HLA-G,3135,,9606.ENSP00000366024
8483,COMMD3,23412,,9606.ENSP00000366032
8484,KLK6,5653,,9606.ENSP00000366047
8485,NMS,129521,,9606.ENSP00000366061
8486,MOG,4340,,9606.ENSP00000366091
8487,RORB,6096,Q92753,9606.ENSP00000366093
8488,YIF1A,10897,,9606.ENSP00000366098
8489,ANXA1,301,P04083,9606.ENSP00000366109
8490,SSX1,6756,,9606.ENSP00000366118
8491,EXOSC10,5394,,9606.ENSP00000366135
8492,SOX21,11166,,9606.ENSP00000366144
8493,ZNF81,347344,,9606.ENSP00000366153
8494,SRM,6723,,9606.ENSP00000366156
8495,GPR180,160897,,9606.ENSP00000366157
8496,ZFAND5,7763,,9606.ENSP00000366161
8497,DNAJC1,64215,,9606.ENSP00000366179
8498,ELK1,2002,,9606.ENSP00000366182
8499,C1orf127,148345,,9606.ENSP00000366203
8500,CASZ1,54897,,9606.ENSP00000366221
8501,GABBR1,2550,Q9UBS5,9606.ENSP00000366233
8502,IL31,386653,,9606.ENSP00000366234
8503,DFFA,1676,,9606.ENSP00000366237
8504,CEMIP2,23670,,9606.ENSP00000366243
8505,GPC6,10082,,9606.ENSP00000366246
8506,CORT,1325,,9606.ENSP00000366248
8507,UBD,10537,,9606.ENSP00000366249
8508,ZNF41,7592,,9606.ENSP00000366265
8509,GPC5,2262,,9606.ENSP00000366267
8510,KDM2B,84678,,9606.ENSP00000366271
8511,CNNM4,26504,,9606.ENSP00000366275
8512,LMAN2L,81562,,9606.ENSP00000366280
8513,SLITRK5,26050,,9606.ENSP00000366283
8514,SLITRK1,114798,,9606.ENSP00000366288
8515,SPRY2,10253,,9606.ENSP00000366306
8516,THBD,7056,P07204,9606.ENSP00000366307
8517,TRPM3,80036,,9606.ENSP00000366314
8518,NEBL,10529,,9606.ENSP00000366326
8519,KLF9,687,,9606.ENSP00000366330
8520,NKX2-2,4821,,9606.ENSP00000366347
8521,SYVN1,84447,,9606.ENSP00000366395
8522,XRN2,22803,,9606.ENSP00000366396
8523,TRIM27,5987,,9606.ENSP00000366404
8524,NMNAT1,64802,,9606.ENSP00000366410
8525,POU4F1,5457,,9606.ENSP00000366413
8526,EDNRB,1910,P24530,9606.ENSP00000366416
8527,LZIC,84328,,9606.ENSP00000366430
8528,ZKSCAN3,80317,,9606.ENSP00000366465
8529,CTNNBIP1,56998,,9606.ENSP00000366474
8530,ARL5B,221079,,9606.ENSP00000366487
8531,PRKACG,5568,,9606.ENSP00000366488
8532,HRH2,3274,P25021,9606.ENSP00000366506
8533,ZKSCAN4,387032,,9606.ENSP00000366509
8534,CLSTN1,22883,,9606.ENSP00000366513
8535,NSUN6,221078,,9606.ENSP00000366519
8536,FTL,2512,,9606.ENSP00000366525
8537,FOXH1,8928,,9606.ENSP00000366534
8538,ZNF165,7718,,9606.ENSP00000366542
8539,CRNKL1,51340,,9606.ENSP00000366557
8540,PIK3CD,5293,O00329,9606.ENSP00000366563
8541,SLC39A12,221074,,9606.ENSP00000366586
8542,SF1,7536,Q15637,9606.ENSP00000366604
8543,FOXD4L5,653427,,9606.ENSP00000366637
8544,SLC2A5,6518,,9606.ENSP00000366641
8545,CA6,765,P23280,9606.ENSP00000366654
8546,H2AC12,85235,,9606.ENSP00000366679
8547,ACOD1,730249,,9606.ENSP00000366682
8548,KCTD12,115207,,9606.ENSP00000366694
8549,ERRFI1,54206,,9606.ENSP00000366702
8550,STAM,8027,,9606.ENSP00000366746
8551,LMO7,4008,,9606.ENSP00000366757
8552,HECTD4,283450,,9606.ENSP00000366783
8553,SLC22A12,116085,Q96S37,9606.ENSP00000366797
8554,HMGN4,10473,,9606.ENSP00000366798
8555,UCHL3,7347,,9606.ENSP00000366819
8556,ANKRD20A2P,441430,,9606.ENSP00000366826
8557,TBC1D4,9882,,9606.ENSP00000366863
8558,KLHL21,9903,,9606.ENSP00000366886
8559,KLF12,11278,,9606.ENSP00000366897
8560,HIF3A,64344,,9606.ENSP00000366898
8561,KLF5,688,,9606.ENSP00000366915
8562,IGFBPL1,347252,,9606.ENSP00000366923
8563,ALDH1B1,219,,9606.ENSP00000366927
8564,NOL9,79707,,9606.ENSP00000366934
8565,SHB,6461,,9606.ENSP00000366936
8566,BTN3A2,11118,,9606.ENSP00000366937
8567,MGME1,92667,,9606.ENSP00000366939
8568,SLC25A51,92014,,9606.ENSP00000366945
8569,KRT40,125115,,9606.ENSP00000366984
8570,DIS3,22894,,9606.ENSP00000366997
8571,SNX5,27131,,9606.ENSP00000366998
8572,DPP6,1804,,9606.ENSP00000367001
8573,TNFRSF25,8718,,9606.ENSP00000367013
8574,H2AC6,8334,,9606.ENSP00000367022
8575,NAA40,79829,,9606.ENSP00000367024
8576,TCOF1,6949,,9606.ENSP00000367028
8577,TRDMT1,1787,O14717,9606.ENSP00000367030
8578,PLCXD3,345557,,9606.ENSP00000367032
8579,RRBP1,6238,,9606.ENSP00000367038
8580,RTN3,10313,,9606.ENSP00000367050
8581,CUBN,8029,,9606.ENSP00000367064
8582,ZFAT,57623,,9606.ENSP00000367069
8583,KLHL1,57626,,9606.ENSP00000367075
8584,SLC17A2,10246,,9606.ENSP00000367081
8585,ACOT7,11332,,9606.ENSP00000367086
8586,PCDH9,5101,,9606.ENSP00000367096
8587,SLC22A6,9356,Q4U2R8,9606.ENSP00000367102
8588,BFSP1,631,,9606.ENSP00000367104
8589,SLC3A2,6520,,9606.ENSP00000367123
8590,GPR153,387509,,9606.ENSP00000367125
8591,HES3,390992,,9606.ENSP00000367130
8592,SLC17A4,10050,,9606.ENSP00000367137
8593,PCDH17,27253,,9606.ENSP00000367151
8594,RSU1,6251,,9606.ENSP00000367154
8595,LRRC3C,100505591,,9606.ENSP00000367157
8596,PCDH8,5100,,9606.ENSP00000367177
8597,LYPD5,284348,,9606.ENSP00000367185
8598,GLIPR2,152007,,9606.ENSP00000367196
8599,SCGN,10590,,9606.ENSP00000367197
8600,CNMD,11061,,9606.ENSP00000367198
8601,RECK,8434,,9606.ENSP00000367202
8602,KDM6A,7403,,9606.ENSP00000367203
8603,SUGT1,10910,,9606.ENSP00000367208
8604,OR13J1,392309,,9606.ENSP00000367219
8605,ACTR2,10097,,9606.ENSP00000367220
8606,CEP68,23177,,9606.ENSP00000367229
8607,TMEM8B,51754,,9606.ENSP00000367230
8608,PTER,9317,,9606.ENSP00000367239
8609,AHNAK,79026,,9606.ENSP00000367263
8610,CKAP4,10970,,9606.ENSP00000367265
8611,CKAP2,26586,,9606.ENSP00000367276
8612,FUNDC1,139341,,9606.ENSP00000367284
8613,MAOB,4129,P27338,9606.ENSP00000367309
8614,ITGA8,8516,,9606.ENSP00000367316
8615,KCNAB2,8514,Q13303,9606.ENSP00000367323
8616,GBA2,57704,,9606.ENSP00000367343
8617,NDUFAF5,79133,,9606.ENSP00000367346
8618,C12orf42,374470,,9606.ENSP00000367353
8619,FAM171A1,221061,,9606.ENSP00000367356
8620,GPR34,2857,,9606.ENSP00000367384
8621,AJAP1,55966,,9606.ENSP00000367433
8622,TDP2,51567,,9606.ENSP00000367440
8623,EXT1,2131,,9606.ENSP00000367446
8624,DCLRE1C,64421,,9606.ENSP00000367527
8625,TP73,7161,O15350,9606.ENSP00000367545
8626,RCBTB1,55213,,9606.ENSP00000367552
8627,PHF11,51131,,9606.ENSP00000367570
8628,REEP2,,,9606.ENSP00000367590
8629,TPRG1L,127262,,9606.ENSP00000367595
8630,CA9,768,Q16790,9606.ENSP00000367608
8631,APRT,353,P07741,9606.ENSP00000367615
8632,HSPA14,51182,,9606.ENSP00000367623
8633,ARHGEF39,84904,,9606.ENSP00000367638
8634,PKHD1L1,93035,,9606.ENSP00000367655
8635,ACTRT2,140625,,9606.ENSP00000367658
8636,MMEL1,79258,,9606.ENSP00000367668
8637,PAK5,57144,Q9P286,9606.ENSP00000367686
8638,LPAR6,10161,P43657,9606.ENSP00000367691
8639,BCOR,54880,,9606.ENSP00000367705
8640,HES5,388585,,9606.ENSP00000367714
8641,DCDC2,51473,,9606.ENSP00000367715
8642,NUP160,23279,,9606.ENSP00000367721
8643,NRSN1,140767,,9606.ENSP00000367739
8644,TSPAN7,7102,,9606.ENSP00000367743
8645,CAMKMT,79823,,9606.ENSP00000367755
8646,PLCB4,5332,,9606.ENSP00000367762
8647,LIG3,3980,P49916,9606.ENSP00000367787
8648,SRPX,8406,,9606.ENSP00000367794
8649,SKI,6497,,9606.ENSP00000367797
8650,RPS16,6217,,9606.ENSP00000367806
8651,DNAAF1,123872,,9606.ENSP00000367815
8652,PODXL,5420,,9606.ENSP00000367817
8653,FAM214B,80256,,9606.ENSP00000367823
8654,PRKCZ,5590,Q05513,9606.ENSP00000367830
8655,CCL7,6354,,9606.ENSP00000367832
8656,GABRD,2563,O14764,9606.ENSP00000367848
8657,CYBB,1536,P04839,9606.ENSP00000367851
8658,GNB1,2782,,9606.ENSP00000367872
8659,C11orf49,79096,,9606.ENSP00000367878
8660,NA,,P03472;P06818;P11485;P27907,9606.ENSP00000367879
8661,XK,7504,,9606.ENSP00000367879
8662,PIGO,84720,,9606.ENSP00000367880
8663,LRP4,4038,,9606.ENSP00000367888
8664,SEPHS1,22929,,9606.ENSP00000367893
8665,CDK11A,728642,,9606.ENSP00000367900
8666,FANCG,2189,,9606.ENSP00000367910
8667,SYCE1L,100130958,,9606.ENSP00000367911
8668,OXER1,165140,,9606.ENSP00000367930
8669,COX7A2L,9167,,9606.ENSP00000367938
8670,UQCRQ,27089,,9606.ENSP00000367939
8671,GDF9,2661,,9606.ENSP00000367942
8672,SHROOM1,134549,,9606.ENSP00000367950
8673,UCMA,221044,,9606.ENSP00000367952
8674,ID4,3400,,9606.ENSP00000367972
8675,ESD,2098,,9606.ENSP00000367992
8676,PAX4,5078,,9606.ENSP00000368014
8677,OPTN,10133,,9606.ENSP00000368022
8678,ATAD3A,55210,,9606.ENSP00000368030
8679,HAO1,54363,,9606.ENSP00000368066
8680,CYP4V2,285440,,9606.ENSP00000368079
8681,RAD50,10111,,9606.ENSP00000368100
8682,CCDC3,83643,,9606.ENSP00000368102
8683,BMP2,650,,9606.ENSP00000368104
8684,GALT,2592,,9606.ENSP00000368119
8685,CRLS1,54675,,9606.ENSP00000368140
8686,PRR5L,79899,,9606.ENSP00000368144
8687,MCM8,84515,,9606.ENSP00000368164
8688,SDHAF1,644096,,9606.ENSP00000368165
8689,DVL1,1855,,9606.ENSP00000368166
8690,NPHS1,4868,,9606.ENSP00000368190
8691,TAB3,257397,,9606.ENSP00000368215
8692,CHGB,1114,,9606.ENSP00000368244
8693,NR0B1,190,P51843,9606.ENSP00000368253
8694,MAGEB1,4112,,9606.ENSP00000368264
8695,CNTFR,1271,,9606.ENSP00000368265
8696,MAGEB2,4113,,9606.ENSP00000368273
8697,IL1RAPL1,11141,,9606.ENSP00000368278
8698,NRCAM,4897,,9606.ENSP00000368314
8699,MAGEB6,158809,,9606.ENSP00000368320
8700,ARX,170302,,9606.ENSP00000368332
8701,RBM24,221662,,9606.ENSP00000368341
8702,PRKD3,23683,,9606.ENSP00000368356
8703,polA,,P00582,9606.ENSP00000368358
8704,POLA1,5422,P09884,9606.ENSP00000368358
8705,WT1,7490,,9606.ENSP00000368370
8706,LYRM9,201229,,9606.ENSP00000368397
8707,SCNN1D,6339,P51172,9606.ENSP00000368411
8708,BCAP29,55973,,9606.ENSP00000368414
8709,PCYT1B,9468,Q9Y5K3,9606.ENSP00000368439
8710,CD83,9308,,9606.ENSP00000368450
8711,NUDT2,318,,9606.ENSP00000368452
8712,PCNA,5111,P12004,9606.ENSP00000368458
8713,MCUR1,63933,,9606.ENSP00000368468
8714,SERP2,387923,,9606.ENSP00000368477
8715,ZFX,7543,,9606.ENSP00000368486
8716,B3GALT6,126792,,9606.ENSP00000368496
8717,LGR4,55366,,9606.ENSP00000368516
8718,ECHDC3,79746,,9606.ENSP00000368517
8719,DNAJC15,29103,,9606.ENSP00000368523
8720,APOO,79135,,9606.ENSP00000368528
8721,TNFRSF4,7293,,9606.ENSP00000368538
8722,VIT,5212,,9606.ENSP00000368544
8723,DNAJC2,27000,,9606.ENSP00000368565
8724,SAT1,6303,P21673,9606.ENSP00000368572
8725,ACOT9,23597,,9606.ENSP00000368605
8726,VWA8,23078,,9606.ENSP00000368612
8727,GATA3,2625,,9606.ENSP00000368632
8728,SLC23A2,9962,Q9UGH3,9606.ENSP00000368637
8729,PRDX4,10549,,9606.ENSP00000368646
8730,SLC30A6,55676,,9606.ENSP00000368648
8731,RGCC,28984,,9606.ENSP00000368664
8732,PTCHD1,139411,,9606.ENSP00000368666
8733,DDX53,168400,,9606.ENSP00000368667
8734,AGRN,375790,,9606.ENSP00000368678
8735,PHEX,5251,,9606.ENSP00000368682
8736,EDN1,1906,,9606.ENSP00000368683
8737,E2F4,1874,,9606.ENSP00000368686
8738,HIVEP1,3096,,9606.ENSP00000368698
8739,RASSF2,9770,,9606.ENSP00000368710
8740,NAA16,79612,,9606.ENSP00000368716
8741,XDH,7498,P47989,9606.ENSP00000368727
8742,TMEM170B,100113407,,9606.ENSP00000368737
8743,NEDD9,4739,,9606.ENSP00000368759
8744,ADRA1D,146,P25100,9606.ENSP00000368766
8745,ASPH,444,Q12797,9606.ENSP00000368767
8746,MUC3A,4584,,9606.ENSP00000368771
8747,KBTBD7,84078,,9606.ENSP00000368797
8748,MBTPS2,51360,,9606.ENSP00000368798
8749,GCM2,9247,,9606.ENSP00000368805
8750,SMPX,23676,,9606.ENSP00000368808
8751,CMTM1,113540,,9606.ENSP00000368814
8752,TOM1L2,146691,,9606.ENSP00000368818
8753,CNKSR2,22866,,9606.ENSP00000368824
8754,SNX2,6643,,9606.ENSP00000368831
8755,YPEL5,51646,,9606.ENSP00000368835
8756,ELF2,1998,,9606.ENSP00000368868
8757,TOGARAM2,165186,,9606.ENSP00000368876
8758,FOXO1,2308,,9606.ENSP00000368880
8759,FOXO1A,768121,,9606.ENSP00000368880
8760,KIN,22944,,9606.ENSP00000368881
8761,RPS6KA3,6197,P51812,9606.ENSP00000368884
8762,LHFPL6,10186,,9606.ENSP00000368908
8763,EIF1AX,1964,,9606.ENSP00000368927
8764,STOML3,161003,,9606.ENSP00000368952
8765,REEP5,7905,,9606.ENSP00000368959
8766,HGSNAT,138050,,9606.ENSP00000368965
8767,TRPC3,7222,,9606.ENSP00000368966
8768,UFM1,51569,,9606.ENSP00000368970
8769,KATNB1,10300,,9606.ENSP00000368982
8770,ARHGAP44,9912,,9606.ENSP00000368994
8771,NDNF,79625,,9606.ENSP00000369014
8772,INSL3,3640,,9606.ENSP00000369017
8773,EEF1E1,9521,,9606.ENSP00000369038
8774,IPO7,10527,,9606.ENSP00000369042
8775,SPINK4,27290,,9606.ENSP00000369045
8776,B4GALT1,2683,,9606.ENSP00000369055
8777,POSTN,10631,,9606.ENSP00000369071
8778,CENPB,1059,,9606.ENSP00000369075
8779,TXNDC5,81567,,9606.ENSP00000369081
8780,DSP,1832,P15924,9606.ENSP00000369129
8781,SIN3B,23309,,9606.ENSP00000369131
8782,PDHA1,5160,,9606.ENSP00000369134
8783,MT1G,4495,,9606.ENSP00000369139
8784,APTX,54840,,9606.ENSP00000369145
8785,MT1M,4499,,9606.ENSP00000369146
8786,SMAD9,4093,,9606.ENSP00000369154
8787,OR10A4,283297,,9606.ENSP00000369157
8788,RIOK1,83732,Q9BRS2,9606.ENSP00000369162
8789,NRBP1,29959,,9606.ENSP00000369192
8790,ADGRG2,10149,,9606.ENSP00000369198
8791,SOHLH2,54937,,9606.ENSP00000369210
8792,DDX58;RIGI,23586,,9606.ENSP00000369213
8793,ARIH1,25820,,9606.ENSP00000369217
8794,MAB21L1,4081,,9606.ENSP00000369251
8795,RREB1,6239,,9606.ENSP00000369270
8796,PHKA2,5256,,9606.ENSP00000369274
8797,LY86,9450,,9606.ENSP00000369286
8798,SAMD9,54809,,9606.ENSP00000369292
8799,IL2RA,3559,,9606.ENSP00000369293
8800,TRIM22,10346,,9606.ENSP00000369299
8801,GLRX,2745,,9606.ENSP00000369314
8802,KRT6A,3853,P02538,9606.ENSP00000369317
8803,RS1,6247,,9606.ENSP00000369320
8804,CDKL5,6792,,9606.ENSP00000369325
8805,LINGO2,158038,,9606.ENSP00000369328
8806,FBH1,84893,,9606.ENSP00000369335
8807,GPR150,285601,,9606.ENSP00000369344
8808,KRT81,3887,,9606.ENSP00000369349
8809,TRIM5,85363,,9606.ENSP00000369373
8810,TEK,7010,Q02763,9606.ENSP00000369375
8811,MPV17,4358,,9606.ENSP00000369383
8812,CDK14,5218,,9606.ENSP00000369390
8813,SLC4A11,83959,,9606.ENSP00000369399
8814,NHS,4810,,9606.ENSP00000369400
8815,EXOC3L4,91828,,9606.ENSP00000369409
8816,RFC3,5983,,9606.ENSP00000369411
8817,STEAP4,79689,,9606.ENSP00000369419
8818,RBBP7,5931,,9606.ENSP00000369424
8819,CAAP1,79886,,9606.ENSP00000369431
8820,KL,9365,,9606.ENSP00000369442
8821,ELAVL2,1993,,9606.ENSP00000369453
8822,ITPA,3704,Q9BY32,9606.ENSP00000369456
8823,ECI2,10455,,9606.ENSP00000369461
8824,N4BP2L1,90634,,9606.ENSP00000369473
8825,BRCA2,675,,9606.ENSP00000369497
8826,ALOX15B,247,,9606.ENSP00000369530
8827,GDI2,2665,,9606.ENSP00000369538
8828,NABP2,79035,,9606.ENSP00000369545
8829,IFNA8,3445,,9606.ENSP00000369553
8830,IFNA,111654,,9606.ENSP00000369554
8831,IFNA2,3440,,9606.ENSP00000369554
8832,IFNA6,3443,,9606.ENSP00000369558
8833,IFNA10,3446,,9606.ENSP00000369566
8834,IFNW1,3467,,9606.ENSP00000369578
8835,IFNB1,3456,,9606.ENSP00000369581
8836,SPZ1,84654,,9606.ENSP00000369611
8837,CNTROB,116840,,9606.ENSP00000369614
8838,FASTKD5,60493,,9606.ENSP00000369618
8839,GRPR,2925,,9606.ENSP00000369643
8840,AVP,551,,9606.ENSP00000369647
8841,FBXL19,54620,,9606.ENSP00000369666
8842,BCL7C,9274,,9606.ENSP00000369674
8843,EMILIN1,11117,,9606.ENSP00000369677
8844,USP3,9960,,9606.ENSP00000369681
8845,CALML5,51806,,9606.ENSP00000369689
8846,MLLT3,4300,,9606.ENSP00000369695
8847,CLTRN,57393,,9606.ENSP00000369699
8848,TUBB2A,7280,Q13885,9606.ENSP00000369703
8849,CHD3,1107,,9606.ENSP00000369716
8850,BPHL,670,,9606.ENSP00000369739
8851,MMP26,56547,,9606.ENSP00000369753
8852,C2CD4B,388125,,9606.ENSP00000369755
8853,PTPRA,5786,,9606.ENSP00000369756
8854,RPS6,6194,P62753,9606.ENSP00000369757
8855,ZNF763,284390,,9606.ENSP00000369774
8856,PIR,8544,,9606.ENSP00000369786
8857,UCN3,114131,,9606.ENSP00000369798
8858,AKR1C4,1109,P17516,9606.ENSP00000369814
8859,SBP,20234,,9606.ENSP00000369816
8860,SHBG,6462,P04278,9606.ENSP00000369816
8861,PIGA,5277,,9606.ENSP00000369820
8862,NQO2,4835,P16083,9606.ENSP00000369822
8863,ABRAXAS1,84142,,9606.ENSP00000369857
8864,MOSPD2,158747,,9606.ENSP00000369860
8865,TLCD3B,83723,,9606.ENSP00000369863
8866,HAUS6,54801,,9606.ENSP00000369871
8867,COL2A1,1280,,9606.ENSP00000369889
8868,CARS1,833,P49589,9606.ENSP00000369897
8869,RRAGA,10670,,9606.ENSP00000369899
8870,SAXO1,158297,,9606.ENSP00000369907
8871,NAP1L4,4676,,9606.ENSP00000369915
8872,ADAMTSL1,92949,,9606.ENSP00000369921
8873,AKR1C3,8644,P42330,9606.ENSP00000369927
8874,SLC22A18;SLC67A1,5002,,9606.ENSP00000369948
8875,ADRA1A,148,P35348,9606.ENSP00000369960
8876,IGSF5,150084,,9606.ENSP00000369962
8877,BTF3,689,,9606.ENSP00000369965
8878,EGFL6,25975,,9606.ENSP00000369976
8879,CPXM1,56265,,9606.ENSP00000369979
8880,SH3GL2,6456,,9606.ENSP00000369981
8881,ATXN3L,92552,,9606.ENSP00000369996
8882,BNIP3L,665,,9606.ENSP00000370003
8883,TMSB4X,7114,,9606.ENSP00000370010
8884,HADHA,3030,,9606.ENSP00000370023
8885,TLR7,51284,Q9NYK1,9606.ENSP00000370034
8886,BNC2,54796,,9606.ENSP00000370047
8887,FRMPD4,9758,,9606.ENSP00000370057
8888,SERPINB9,5272,,9606.ENSP00000370074
8889,PDE4,,Q86V67,9606.ENSP00000370078
8890,PDE4A,5141,P27815,9606.ENSP00000370078
8891,SMN1,6606,,9606.ENSP00000370083
8892,SMN2,6607,,9606.ENSP00000370083
8893,AMELX,265,,9606.ENSP00000370088
8894,PSIP1,11168,,9606.ENSP00000370114
8895,SERPINB1,1992,,9606.ENSP00000370115
8896,HMGN1,3150,,9606.ENSP00000370125
8897,Cat-1,,Q24940,9606.ENSP00000370128
8898,SLC7A1,6541,P30825,9606.ENSP00000370128
8899,AKR1C2,1646,P52895,9606.ENSP00000370129
8900,HCCS,3052,,9606.ENSP00000370139
8901,SLC46A3,283537,,9606.ENSP00000370192
8902,TAF9,6880,,9606.ENSP00000370193
8903,GMDS,2762,,9606.ENSP00000370194
8904,SBF1,6305,,9606.ENSP00000370196
8905,AK6,102157402,,9606.ENSP00000370201
8906,RABGEF1,27342,,9606.ENSP00000370208
8907,CLCN4,1183,,9606.ENSP00000370213
8908,CENPO,79172,,9606.ENSP00000370214
8909,POMP,51371,,9606.ENSP00000370222
8910,PARM1,25849,,9606.ENSP00000370224
8911,WWC3,55841,,9606.ENSP00000370242
8912,NKX3-1,4824,,9606.ENSP00000370253
8913,AKR1C1,1645,Q04828,9606.ENSP00000370254
8914,ESRRB,2103,O95718,9606.ENSP00000370270
8915,HUS1B,135458,,9606.ENSP00000370293
8916,CER1,9350,,9606.ENSP00000370297
8917,SHROOM2,357,,9606.ENSP00000370299
8918,CEP152,22995,,9606.ENSP00000370337
8919,NFIB,4781,,9606.ENSP00000370340
8920,IRF4,3662,,9606.ENSP00000370343
8921,PAN3,255967,,9606.ENSP00000370345
8922,NLN,57486,,9606.ENSP00000370372
8923,FKBP1B,2281,,9606.ENSP00000370373
8924,DUT,1854,,9606.ENSP00000370376
8925,PITRM1,10531,,9606.ENSP00000370377
8926,RUFY3,22902,,9606.ENSP00000370394
8927,CDX2,1045,,9606.ENSP00000370408
8928,TTC38,55020,,9606.ENSP00000370419
8929,PDX1;pdx1,3651,C6KT50,9606.ENSP00000370421
8930,ADAMTS6,11174,,9606.ENSP00000370443
8931,VCX,26609,,9606.ENSP00000370447
8932,IGFBP3,3486,,9606.ENSP00000370473
8933,VCX3A,51481,,9606.ENSP00000370479
8934,NLGN4X,57502,,9606.ENSP00000370483
8935,CCM2,,,9606.ENSP00000370503
8936,PFKP,5214,,9606.ENSP00000370517
8937,ARSF,416,,9606.ENSP00000370519
8938,AIPL1,23746,,9606.ENSP00000370521
8939,ARSH,347527,,9606.ENSP00000370522
8940,RCAN1,1827,P53805,9606.ENSP00000370527
8941,ACOT6,641372,,9606.ENSP00000370531
8942,GTF3A,2971,,9606.ENSP00000370532
8943,SDC1,6382,,9606.ENSP00000370542
8944,SLC5A3,6526,,9606.ENSP00000370543
8945,ARSD,414,,9606.ENSP00000370546
8946,TH,7054,P07101,9606.ENSP00000370571
8947,CD99,4267,,9606.ENSP00000370588
8948,NOP56,10528,,9606.ENSP00000370589
8949,PTPRD,5789,,9606.ENSP00000370593
8950,ZBED1,9189,,9606.ENSP00000370621
8951,MIER3,166968,,9606.ENSP00000370624
8952,POLR2B,5431,,9606.ENSP00000370625
8953,SLC39A14,23516,,9606.ENSP00000370635
8954,ASMT,438,P46597,9606.ENSP00000370639
8955,RDH14,,Q9HBH5,9606.ENSP00000370648
8956,GEN1,348654,,9606.ENSP00000370653
8957,SLC8A3,6547,,9606.ENSP00000370669
8958,KLHL42,57542,,9606.ENSP00000370671
8959,EXOC1,55763,,9606.ENSP00000370695
8960,P2RY8,286530,Q86VZ1,9606.ENSP00000370697
8961,IL6ST,3572,,9606.ENSP00000370698
8962,KDM4C,23081,,9606.ENSP00000370710
8963,ADARB2,105,,9606.ENSP00000370713
8964,ASMTL,8623,,9606.ENSP00000370718
8965,ITSN1,6453,,9606.ENSP00000370719
8966,TMEM165,55858,,9606.ENSP00000370736
8967,GLDC,2731,P23378,9606.ENSP00000370737
8968,ITPR2,3709,Q14571,9606.ENSP00000370744
8969,DDX1,1653,,9606.ENSP00000370745
8970,RDH11,51109,Q8TC12,9606.ENSP00000370750
8971,GP2,2813,,9606.ENSP00000370767
8972,MBD3L2,125997,,9606.ENSP00000370800
8973,SLC25A6,293,P12236,9606.ENSP00000370808
8974,ESM1,11082,,9606.ENSP00000370812
8975,HR,55806,,9606.ENSP00000370826
8976,SGCB,6443,,9606.ENSP00000370839
8977,IL33,90865,,9606.ENSP00000370842
8978,TGM3,7053,Q08188,9606.ENSP00000370867
8979,MLANA,2315,,9606.ENSP00000370886
8980,STK35,140901,Q8TDR2,9606.ENSP00000370891
8981,GREB1,9687,,9606.ENSP00000370896
8982,TEC,7006,P42680,9606.ENSP00000370912
8983,E2F6,1876,,9606.ENSP00000370936
8984,CDK8,1024,,9606.ENSP00000370938
8985,NPSR1,387129,,9606.ENSP00000370950
8986,GGT6,124975,,9606.ENSP00000370962
8987,MYBBP1A,10514,,9606.ENSP00000370968
8988,TNNT3,7140,,9606.ENSP00000370975
8989,CRLF2,64109,,9606.ENSP00000370978
8990,LZTS1,11178,,9606.ENSP00000370981
8991,COMMD8,54951,,9606.ENSP00000370984
8992,CD274,29126,Q9NZQ7,9606.ENSP00000370989
8993,SHOX,6473,,9606.ENSP00000370990
8994,RNF6,6049,,9606.ENSP00000371000
8995,ZMYND11,10771,,9606.ENSP00000371003
8996,RLN2,6019,,9606.ENSP00000371040
8997,INSL6,11172,,9606.ENSP00000371054
8998,JAK2,3717,O60674,9606.ENSP00000371067
8999,ATP8A2,51761,,9606.ENSP00000371070
9000,ATP8A1,10396,,9606.ENSP00000371084
9001,GCAT,,O75600,9606.ENSP00000371110
9002,HMG20A,10363,,9606.ENSP00000371133
9003,ASAH1,427,,9606.ENSP00000371152
9004,RCL1,10171,,9606.ENSP00000371169
9005,CAMKK1,,Q8N5S9,9606.ENSP00000371188
9006,LSP1,4046,,9606.ENSP00000371194
9007,RHOH,399,,9606.ENSP00000371219
9008,AK3,50808,,9606.ENSP00000371230
9009,SDCBP2,27111,,9606.ENSP00000371233
9010,CYS1,192668,,9606.ENSP00000371234
9011,GART,2618,,9606.ENSP00000371253
9012,YWHAQ,10971,,9606.ENSP00000371267
9013,PLIN5,440503,,9606.ENSP00000371272
9014,CDC37L1,55664,,9606.ENSP00000371278
9015,CTNS,1497,,9606.ENSP00000371294
9016,CENPJ,55835,,9606.ENSP00000371308
9017,TMEM74B,55321,,9606.ENSP00000371318
9018,RFC1,5981,,9606.ENSP00000371321
9019,KLRC2,3822,,9606.ENSP00000371327
9020,TNNI2,7136,,9606.ENSP00000371336
9021,TNK2,10188,Q07912,9606.ENSP00000371341
9022,ANGPT4,51378,,9606.ENSP00000371347
9023,NADK2,133686,,9606.ENSP00000371362
9024,SRXN1,140809,,9606.ENSP00000371388
9025,GLIS3,169792,,9606.ENSP00000371398
9026,PGCKA1,55286,,9606.ENSP00000371408
9027,PARP4,143,,9606.ENSP00000371419
9028,GPNMB,10457,,9606.ENSP00000371420
9029,IFNGR2,3460,,9606.ENSP00000371425
9030,RFX3,5991,,9606.ENSP00000371434
9031,DNAJC21,134218,,9606.ENSP00000371451
9032,RAD1,5810,,9606.ENSP00000371469
9033,RSAD2,91543,,9606.ENSP00000371471
9034,NIN,51199,,9606.ENSP00000371472
9035,TP53BP1,7158,,9606.ENSP00000371475
9036,SLC34A2,10568,O95436,9606.ENSP00000371483
9037,C1QTNF3,114899,,9606.ENSP00000371497
9038,C1QTNF9,338872,,9606.ENSP00000371503
9039,CLEC6A,93978,,9606.ENSP00000371505
9040,SGCZ,137868,,9606.ENSP00000371512
9041,KCNV2,,Q8TDN2,9606.ENSP00000371514
9042,AMACR,23600,D6RB81,9606.ENSP00000371517
9043,VLDLR,7436,,9606.ENSP00000371532
9044,SEPSECS,51091,,9606.ENSP00000371535
9045,LGI2,55203,,9606.ENSP00000371548
9046,SOD3,6649,P08294,9606.ENSP00000371554
9047,MTMR12,54545,,9606.ENSP00000371577
9048,KCNIP4,80333,,9606.ENSP00000371587
9049,GNG7,2788,,9606.ENSP00000371594
9050,KRTAP5-1,387264,,9606.ENSP00000371606
9051,MIPEP,4285,,9606.ENSP00000371607
9052,BRSK2,9024,,9606.ENSP00000371614
9053,SMARCA2,6595,,9606.ENSP00000371638
9054,LCORL,254251,,9606.ENSP00000371661
9055,DMRT2,10655,,9606.ENSP00000371686
9056,CDH12,1010,,9606.ENSP00000371689
9057,TNFRSF19,55504,,9606.ENSP00000371693
9058,CDH18,1016,,9606.ENSP00000371710
9059,DMRT1,1761,,9606.ENSP00000371711
9060,ZG16B,124220,,9606.ENSP00000371715
9061,NRSN2,80023,,9606.ENSP00000371728
9062,SACS,26278,,9606.ENSP00000371729
9063,FGFBP1,9982,,9606.ENSP00000371770
9064,OLIG1,116448,,9606.ENSP00000371785
9065,FGF9,2254,,9606.ENSP00000371790
9066,FSCN1,6624,,9606.ENSP00000371798
9067,DAZ2,57055,,9606.ENSP00000371802
9068,DAZ3,57054,,9606.ENSP00000371802
9069,FBXL18,80028,,9606.ENSP00000371805
9070,DEAF1,10522,,9606.ENSP00000371846
9071,NOP2,4839,,9606.ENSP00000371858
9072,BAZ1A,11177,,9606.ENSP00000371859
9073,NKX3-2,579,,9606.ENSP00000371875
9074,ARHGAP5,394,,9606.ENSP00000371897
9075,RP1L1,94137,,9606.ENSP00000371923
9076,GPR78,27201,,9606.ENSP00000371927
9077,HTR3D,200909,Q70Z44,9606.ENSP00000371929
9078,SEMA5A,9037,,9606.ENSP00000371936
9079,CD9,928,,9606.ENSP00000371958
9080,KCNA1,3736,Q09470,9606.ENSP00000371985
9081,DNAJC19,131118,,9606.ENSP00000372005
9082,CHEK2,11200,O96017,9606.ENSP00000372023
9083,LATS2,26524,,9606.ENSP00000372035
9084,PPP2R2C,5522,,9606.ENSP00000372042
9085,IFITM5,387733,,9606.ENSP00000372059
9086,PRMT8,56341,,9606.ENSP00000372067
9087,RBMY1D,378949,,9606.ENSP00000372127
9088,DEFA1,1667,,9606.ENSP00000372136
9089,DEFA1B,728358,,9606.ENSP00000372136
9090,RBMY,19657,,9606.ENSP00000372154
9091,RBMY1A1,5940,,9606.ENSP00000372154
9092,PSME1,5720,,9606.ENSP00000372155
9093,DOK6,220164,,9606.ENSP00000372160
9094,CACNA2D4,93589,Q7Z3S7,9606.ENSP00000372169
9095,MSX1,4487,,9606.ENSP00000372170
9096,SIRT3,23410,,9606.ENSP00000372191
9097,CLCN7,1186,,9606.ENSP00000372193
9098,SERPINB5,5268,,9606.ENSP00000372221
9099,GJB2,2706,,9606.ENSP00000372295
9100,MSLN,10232,,9606.ENSP00000372313
9101,NSD2,7468,,9606.ENSP00000372351
9102,SLC7A4,6545,O43246,9606.ENSP00000372390
9103,RNASE13,440163,,9606.ENSP00000372410
9104,CTIF,9811,,9606.ENSP00000372459
9105,SNRNP25,79622,,9606.ENSP00000372482
9106,TBL1Y,90665,,9606.ENSP00000372499
9107,AMELY,266,,9606.ENSP00000372505
9108,SRY,6736,,9606.ENSP00000372547
9109,STAG1,10274,,9606.ENSP00000372689
9110,TMEM241,85019,,9606.ENSP00000372720
9111,LY6G5C,80741,,9606.ENSP00000372724
9112,CHRM5,1133,P08912,9606.ENSP00000372750
9113,NEK11,,Q8NG66,9606.ENSP00000372857
9114,RALBP1,10928,,9606.ENSP00000372924
9115,HMCES,56941,,9606.ENSP00000372955
9116,UROC1,131669,,9606.ENSP00000373073
9117,DRD3,1814,P35462,9606.ENSP00000373169
9118,EOGT,285203,,9606.ENSP00000373206
9119,CADPS,,Q9ULU8,9606.ENSP00000373215
9120,TRIM71,131405,,9606.ENSP00000373272
9121,RBMS3,27303,,9606.ENSP00000373277
9122,COLQ,8292,,9606.ENSP00000373298
9123,CCDC174,51244,,9606.ENSP00000373304
9124,SEC13,6396,,9606.ENSP00000373312
9125,IL17RE,132014,,9606.ENSP00000373325
9126,CIDEC,63924,,9606.ENSP00000373328
9127,BRPF1,7862,,9606.ENSP00000373340
9128,SRGAP3,9901,,9606.ENSP00000373347
9129,SETMAR,6419,,9606.ENSP00000373354
9130,FAM131A,131408,,9606.ENSP00000373360
9131,GOLM1,51280,,9606.ENSP00000373364
9132,PIP5KL1,138429,,9606.ENSP00000373399
9133,RUFY2,55680,,9606.ENSP00000373420
9134,SPAG1,6674,,9606.ENSP00000373450
9135,ADAMTS7,11173,,9606.ENSP00000373472
9136,METTL14,57721,,9606.ENSP00000373474
9137,GPX3,2878,P22352,9606.ENSP00000373477
9138,KRT18,3875,,9606.ENSP00000373489
9139,NOX5,79400,,9606.ENSP00000373518
9140,STAB2,55576,,9606.ENSP00000373539
9141,FAM83H,286077,,9606.ENSP00000373565
9142,TYRP1,7306,,9606.ENSP00000373570
9143,ACVRL1,94,P37023,9606.ENSP00000373574
9144,MAB21L4,79919,,9606.ENSP00000373586
9145,LRRK1,79705,,9606.ENSP00000373600
9146,HYKK,123688,,9606.ENSP00000373640
9147,KCNQ3,3786,O43525,9606.ENSP00000373648
9148,STK38L,,Q9Y2H1,9606.ENSP00000373684
9149,DUOX2,50506,,9606.ENSP00000373691
9150,ALK,238,Q9UM73,9606.ENSP00000373700
9151,DIAPH1,1729,,9606.ENSP00000373706
9152,RNF20,56254,,9606.ENSP00000373772
9153,LOXL2,4017,,9606.ENSP00000373783
9154,ITGAD,3681,,9606.ENSP00000373854
9155,DNM2,1785,,9606.ENSP00000373905
9156,GARS1,2617,P41250,9606.ENSP00000373918
9157,PRTG,283659,,9606.ENSP00000373937
9158,FANCA,2175,,9606.ENSP00000373952
9159,SMTNL2,342527,,9606.ENSP00000373964
9160,TRAPPC9,83696,,9606.ENSP00000373979
9161,PRB2,653247,,9606.ENSP00000374013
9162,TM6SF2,53345,,9606.ENSP00000374014
9163,RPH3A,22895,,9606.ENSP00000374036
9164,DNAH6,1768,,9606.ENSP00000374045
9165,VWA3A,146177,,9606.ENSP00000374049
9166,PTPRN2,5799,,9606.ENSP00000374069
9167,ADAMTS20,80070,,9606.ENSP00000374071
9168,PTMS,5763,,9606.ENSP00000374113
9169,SIGLEC15,284266,,9606.ENSP00000374125
9170,LRP1B,53353,,9606.ENSP00000374135
9171,SMYD5,10322,,9606.ENSP00000374152
9172,TBR1,10716,,9606.ENSP00000374205
9173,EP400,57634,,9606.ENSP00000374212
9174,SHOX2,6474,,9606.ENSP00000374240
9175,GPX2,2877,P18283,9606.ENSP00000374265
9176,CRYBG3,131544,,9606.ENSP00000374273
9177,RTF1,23168,,9606.ENSP00000374280
9178,LAMA1,284217,,9606.ENSP00000374309
9179,EPHA6,285220,Q9UF33,9606.ENSP00000374323
9180,TSN,7247,,9606.ENSP00000374332
9181,PKP4,8502,,9606.ENSP00000374409
9182,ARHGAP8,23779,,9606.ENSP00000374424
9183,LYST,1130,,9606.ENSP00000374443
9184,LRCH1,23143,,9606.ENSP00000374447
9185,SQSTM1,8878,,9606.ENSP00000374455
9186,DNAH17,8632,,9606.ENSP00000374490
9187,CCDC88C,440193,,9606.ENSP00000374507
9188,CCNK,,,9606.ENSP00000374529
9189,RNF216,54476,,9606.ENSP00000374552
9190,IL17REL,400935,,9606.ENSP00000374633
9191,NLRP5,126206,,9606.ENSP00000375063
9192,HCAR2,338442,Q8TDS4,9606.ENSP00000375066
9193,PPP2R3B,28227,,9606.ENSP00000375080
9194,TSSK1,22114,,9606.ENSP00000375081
9195,TSSK1B,83942,Q9BXA7,9606.ENSP00000375081
9196,CCL25,6370,,9606.ENSP00000375086
9197,TAS2R13,50838,,9606.ENSP00000375095
9198,CTAGE1,64693,,9606.ENSP00000375220
9199,KIR2DL5B,553128,,9606.ENSP00000375608
9200,KIR3DL1,3811,,9606.ENSP00000375608
9201,LILRB4,11006,,9606.ENSP00000375616
9202,LILRA2,11027,,9606.ENSP00000375618
9203,LAIR1,3903,,9606.ENSP00000375622
9204,LILRB2,10288,,9606.ENSP00000375629
9205,RPS9,6203,P46781,9606.ENSP00000375632
9206,TFPT,29844,,9606.ENSP00000375639
9207,CACNG7,,P62955,9606.ENSP00000375647
9208,MYADM,91663,,9606.ENSP00000375649
9209,NLRP12,91662,,9606.ENSP00000375653
9210,ZNF816-ZNF321P,100529240,,9606.ENSP00000375656
9211,KLK14,43847,,9606.ENSP00000375678
9212,KLK8,11202,,9606.ENSP00000375682
9213,AKT1S1,84335,,9606.ENSP00000375711
9214,PTOV1,53635,,9606.ENSP00000375717
9215,RPL13A,23521,,9606.ENSP00000375730
9216,PGBD5,79605,,9606.ENSP00000375733
9217,KCNJ14,,Q9UNX9,9606.ENSP00000375756
9218,STRN4,29888,,9606.ENSP00000375777
9219,LAMB3,3914,,9606.ENSP00000375778
9220,IL24,11009,,9606.ENSP00000375795
9221,ERCC2,2068,,9606.ENSP00000375809
9222,KLC3,147700,,9606.ENSP00000375810
9223,ZNF233,353355,,9606.ENSP00000375820
9224,PPP1R12B,4660,,9606.ENSP00000375821
9225,LAD1,3898,,9606.ENSP00000375829
9226,HDLBP,3069,,9606.ENSP00000375836
9227,CAPN10,11132,,9606.ENSP00000375844
9228,PDC;pdc,5132,P06672,9606.ENSP00000375855
9229,LRRFIP1,9208,,9606.ENSP00000375857
9230,HNRNPUL1,11100,,9606.ENSP00000375863
9231,ATG16L1,55054,,9606.ENSP00000375873
9232,ALPP,250,,9606.ENSP00000375881
9233,AKT2,208,,9606.ENSP00000375892
9234,SP140,11262,,9606.ENSP00000375899
9235,LGALS16,148003,,9606.ENSP00000375904
9236,SPHKAP,80309,,9606.ENSP00000375909
9237,RHBDD1,84236,,9606.ENSP00000375914
9238,PAX3,5077,,9606.ENSP00000375921
9239,XRCC5,7520,,9606.ENSP00000375978
9240,MAP3K4,4216,Q9Y6R4,9606.ENSP00000375986
9241,ZNF565,147929,,9606.ENSP00000376013
9242,SNX9,51429,,9606.ENSP00000376024
9243,ZBTB32,27033,,9606.ENSP00000376035
9244,MAG,4099,,9606.ENSP00000376048
9245,EEF1B2,1933,,9606.ENSP00000376055
9246,FAM117B,150864,,9606.ENSP00000376071
9247,SUMO1,7341,,9606.ENSP00000376077
9248,URI1,8725,,9606.ENSP00000376097
9249,C19orf12,83636,,9606.ENSP00000376103
9250,ZNF493,284443,,9606.ENSP00000376110
9251,SH2D2A,9047,,9606.ENSP00000376123
9252,MYO1B,4430,,9606.ENSP00000376132
9253,WDR45B,56270,,9606.ENSP00000376139
9254,INPP1,3628,,9606.ENSP00000376142
9255,CALCRL,10203,Q16602,9606.ENSP00000376177
9256,STX2,2054,,9606.ENSP00000376178
9257,BDH1,622,,9606.ENSP00000376184
9258,CRLF1,9244,,9606.ENSP00000376188
9259,TFRC,7037,P02786,9606.ENSP00000376197
9260,ASH1L,55870,,9606.ENSP00000376204
9261,CCDC50,152137,,9606.ENSP00000376249
9262,RNF34,80196,,9606.ENSP00000376258
9263,SEC14L1,6397,,9606.ENSP00000376268
9264,NCOA7,135112,,9606.ENSP00000376269
9265,RFC4,5984,,9606.ENSP00000376272
9266,SRSF2,6427,,9606.ENSP00000376276
9267,DYNLL1,8655,,9606.ENSP00000376297
9268,CPT1C,126129,,9606.ENSP00000376303
9269,CIT;cit,11113,O14578;Q9LCX9,9606.ENSP00000376306
9270,HNRNPA3,220988,,9606.ENSP00000376309
9271,TAOK3,51347,Q9H2K8,9606.ENSP00000376317
9272,HOXD13,3239,,9606.ENSP00000376322
9273,WIPF1,7456,,9606.ENSP00000376330
9274,LLGL2,3993,,9606.ENSP00000376333
9275,GPR155,151556,,9606.ENSP00000376335
9276,GRB2,2885,,9606.ENSP00000376345
9277,PDK1,5163,Q15118,9606.ENSP00000376352
9278,WASF1,8936,,9606.ENSP00000376367
9279,RAB37,326624,,9606.ENSP00000376390
9280,CD300LB,124599,,9606.ENSP00000376397
9281,INF2,64423,,9606.ENSP00000376410
9282,ARMC2,84071,,9606.ENSP00000376417
9283,KLHL23,151230,,9606.ENSP00000376419
9284,SDK2,54549,,9606.ENSP00000376421
9285,KCNJ1,3758,P48048,9606.ENSP00000376432
9286,ETS1,2113,,9606.ENSP00000376436
9287,TIRAP,114609,,9606.ENSP00000376445
9288,CERS6,253782,,9606.ENSP00000376453
9289,ECT2,1894,,9606.ENSP00000376457
9290,CDON,50937,,9606.ENSP00000376458
9291,GALNT3,2591,,9606.ENSP00000376465
9292,STT3A,3703,,9606.ENSP00000376472
9293,PRKAR1A,5573,,9606.ENSP00000376475
9294,TRAF3,7187,,9606.ENSP00000376500
9295,PDCD10,11235,,9606.ENSP00000376506
9296,CEP112,201134,,9606.ENSP00000376522
9297,SCN3B,55800,Q9NY72,9606.ENSP00000376523
9298,BAZ2B,29994,,9606.ENSP00000376534
9299,CUZD1,50624,,9606.ENSP00000376540
9300,CD79B,974,,9606.ENSP00000376544
9301,TMEM119,338773,,9606.ENSP00000376553
9302,TMUB1,83590,,9606.ENSP00000376565
9303,MLF1,4291,,9606.ENSP00000376568
9304,RIC8B,55188,,9606.ENSP00000376582
9305,SMIM8,57150,,9606.ENSP00000376603
9306,GRK5,2869,,9606.ENSP00000376609
9307,TDG,6996,,9606.ENSP00000376611
9308,CSH2,1443,,9606.ENSP00000376623
9309,IGF1,3479,,9606.ENSP00000376637
9310,MAP3K19,80122,Q56UN5,9606.ENSP00000376647
9311,EVL,51466,,9606.ENSP00000376652
9312,SYCP3,50511,,9606.ENSP00000376658
9313,TAGLN,6876,Q01995,9606.ENSP00000376678
9314,ANO4,121601,,9606.ENSP00000376703
9315,VWA2,340706,,9606.ENSP00000376708
9316,GIPC1,10755,,9606.ENSP00000376753
9317,PIAS3,10401,,9606.ENSP00000376765
9318,DBH,1621,P09172,9606.ENSP00000376776
9319,POU2AF1,5450,,9606.ENSP00000376786
9320,VTI1A,143187,,9606.ENSP00000376792
9321,MTPN,136319,,9606.ENSP00000376800
9322,DPEP1,1800,P16444,9606.ENSP00000376807
9323,CUL5,8065,,9606.ENSP00000376808
9324,STEAP3,55240,,9606.ENSP00000376822
9325,MKS1,54903,,9606.ENSP00000376827
9326,BPGM,669,,9606.ENSP00000376840
9327,PRIMA1,145270,,9606.ENSP00000376848
9328,CASP5,838,,9606.ENSP00000376849
9329,DPP10,57628,,9606.ENSP00000376855
9330,PDGFD,80310,,9606.ENSP00000376865
9331,NME1-NME2,654364,,9606.ENSP00000376886
9332,NME2,4831,P22392,9606.ENSP00000376886
9333,IL1F10,84639,,9606.ENSP00000376893
9334,PTGFRN,5738,,9606.ENSP00000376899
9335,BANP,54971,,9606.ENSP00000376902
9336,LGMN,5641,,9606.ENSP00000376911
9337,LUC7L3,51747,,9606.ENSP00000376919
9338,NTNG2,84628,,9606.ENSP00000376921
9339,BCL2L11,10018,,9606.ENSP00000376943
9340,EME1,146956,,9606.ENSP00000376952
9341,BCL2L15,440603,,9606.ENSP00000376992
9342,SPOP,8405,,9606.ENSP00000377001
9343,TSPAN8,7103,,9606.ENSP00000377003
9344,PICALM,8301,,9606.ENSP00000377015
9345,TGFBRAP1,9392,,9606.ENSP00000377027
9346,ATP5MC1,,,9606.ENSP00000377033
9347,PTPA,5524,,9606.ENSP00000377036
9348,TTLL6,284076,,9606.ENSP00000377043
9349,PTPRZ1,5803,,9606.ENSP00000377047
9350,PTPRZ2,5804,,9606.ENSP00000377047
9351,PRCP,5547,,9606.ENSP00000377055
9352,CBX1,10951,,9606.ENSP00000377060
9353,PLXNA1,5361,,9606.ENSP00000377061
9354,SLC12A8,84561,,9606.ENSP00000377112
9355,LIPT1,51601,,9606.ENSP00000377115
9356,TSGA10,80705,,9606.ENSP00000377123
9357,AP1G1,164,,9606.ENSP00000377148
9358,ZNF23,7571,,9606.ENSP00000377171
9359,SPATA7,55812,,9606.ENSP00000377176
9360,G6PD,2539,P11413,9606.ENSP00000377192
9361,DBN1,1627,,9606.ENSP00000377195
9362,HYDIN,54768,,9606.ENSP00000377197
9363,IRF2,3660,,9606.ENSP00000377218
9364,CDKN2D,1032,,9606.ENSP00000377224
9365,ARAP1,116985,,9606.ENSP00000377233
9366,KEAP1,9817,Q14145,9606.ENSP00000377245
9367,MON2,23041,,9606.ENSP00000377250
9368,ST3GAL2,6483,,9606.ENSP00000377257
9369,SRPK2,6733,,9606.ENSP00000377262
9370,TFAP2B,7021,,9606.ENSP00000377265
9371,GOLGB1,2804,,9606.ENSP00000377275
9372,FBXO8,26269,,9606.ENSP00000377280
9373,FOLR1,2348,P15328,9606.ENSP00000377284
9374,SNCB,6620,,9606.ENSP00000377296
9375,NUMA1,4926,,9606.ENSP00000377298
9376,RENBP,5973,,9606.ENSP00000377303
9377,DDX60,55601,,9606.ENSP00000377344
9378,DRD1,1812,P21728,9606.ENSP00000377353
9379,ZDHHC16,84287,,9606.ENSP00000377357
9380,IGSF11,152404,,9606.ENSP00000377370
9381,GAP43,2596,,9606.ENSP00000377372
9382,ERGIC1,57222,,9606.ENSP00000377374
9383,PSMC3IP,29893,,9606.ENSP00000377384
9384,PPP6R3,55291,,9606.ENSP00000377390
9385,SLC35B2,347734,,9606.ENSP00000377401
9386,NDUFA4L2,56901,,9606.ENSP00000377411
9387,SIDT1,54847,,9606.ENSP00000377416
9388,CFAP44,55779,,9606.ENSP00000377428
9389,SUCLG1,8802,P53597,9606.ENSP00000377446
9390,MAGEA12,4111,,9606.ENSP00000377447
9391,REG3A,5068,,9606.ENSP00000377456
9392,CNP,1267,,9606.ENSP00000377470
9393,MRPL19,9801,,9606.ENSP00000377486
9394,EVA1A,84141,,9606.ENSP00000377490
9395,HMMR,3161,,9606.ENSP00000377492
9396,TAGLN3,29114,,9606.ENSP00000377494
9397,JUP,3728,P14923,9606.ENSP00000377508
9398,PTTG1,9232,,9606.ENSP00000377536
9399,KRT15,3866,,9606.ENSP00000377546
9400,FABP6,2172,P51161,9606.ENSP00000377549
9401,KRT35,3886,,9606.ENSP00000377558
9402,KRT34,3885,,9606.ENSP00000377570
9403,HELLS,3070,,9606.ENSP00000377601
9404,MTHFD2,10797,,9606.ENSP00000377617
9405,STAMBP,10617,,9606.ENSP00000377633
9406,RPL24,6152,,9606.ENSP00000377640
9407,SENP7,57337,,9606.ENSP00000377655
9408,SUOX,6821,,9606.ENSP00000377668
9409,G3BP1,10146,,9606.ENSP00000377681
9410,TTC23,64927,,9606.ENSP00000377690
9411,NIT2,56954,,9606.ENSP00000377696
9412,DGKA,1606,P23743,9606.ENSP00000377703
9413,ZSCAN25,,,9606.ENSP00000377708
9414,NR2F2,7026,,9606.ENSP00000377721
9415,ORMDL3,94103,,9606.ENSP00000377724
9416,CLDND1,56650,,9606.ENSP00000377735
9417,CHD2,1106,,9606.ENSP00000377747
9418,ARL13B,200894,,9606.ENSP00000377769
9419,SIPA1,6494,,9606.ENSP00000377771
9420,PROS1,5627,,9606.ENSP00000377783
9421,SYNPO,11346,,9606.ENSP00000377789
9422,PRC1,9055,,9606.ENSP00000377793
9423,METTL7B,196410,,9606.ENSP00000377796
9424,USP49,25862,,9606.ENSP00000377797
9425,RCCD1,91433,,9606.ENSP00000377801
9426,FAM122A,116224,,9606.ENSP00000377807
9427,HDDC3,374659,,9606.ENSP00000377814
9428,ANXA4,307,P09525,9606.ENSP00000377833
9429,GPC3,2719,,9606.ENSP00000377836
9430,CACNB1,782,Q02641,9606.ENSP00000377840
9431,ASNS,440,P08243,9606.ENSP00000377845
9432,LHX6,26468,,9606.ENSP00000377854
9433,FAT4,79633,,9606.ENSP00000377862
9434,STK26,51765,Q9P289,9606.ENSP00000377867
9435,LIPF,8513,P07098,9606.ENSP00000377900
9436,CIAPIN1,57019,,9606.ENSP00000377914
9437,KIF7,374654,,9606.ENSP00000377934
9438,PPP2R2B,5521,,9606.ENSP00000377936
9439,ACTN1,87,,9606.ENSP00000377941
9440,UTP14A,10813,,9606.ENSP00000377944
9441,LARS1,51520,,9606.ENSP00000377954
9442,CCT4,10575,,9606.ENSP00000377958
9443,ANKLE1,126549,,9606.ENSP00000377971
9444,MT1X,4501,,9606.ENSP00000377995
9445,KRIT1,889,,9606.ENSP00000378015
9446,BAD,572,,9606.ENSP00000378040
9447,FKBP2,2286,,9606.ENSP00000378046
9448,DNASE1L3,1776,,9606.ENSP00000378053
9449,PDE8A,5151,O60658,9606.ENSP00000378056
9450,EFEMP1,2202,,9606.ENSP00000378058
9451,SLFN12,55106,,9606.ENSP00000378063
9452,SLFN11,91607,,9606.ENSP00000378067
9453,PNPLA1,285848,,9606.ENSP00000378072
9454,SLC28A1,9154,,9606.ENSP00000378074
9455,NMB,4828,,9606.ENSP00000378089
9456,ELOVL6,79071,,9606.ENSP00000378105
9457,CCL8,6355,,9606.ENSP00000378118
9458,STEAP2,261729,,9606.ENSP00000378119
9459,CFI,3426,P05156,9606.ENSP00000378131
9460,IRX5,10265,,9606.ENSP00000378132
9461,MCUB,55013,,9606.ENSP00000378145
9462,RPL34,6164,,9606.ENSP00000378163
9463,CCDC66,285331,,9606.ENSP00000378167
9464,SGMS2,166929,,9606.ENSP00000378176
9465,CEMIP,57214,,9606.ENSP00000378177
9466,BRD7,29117,,9606.ENSP00000378181
9467,AIMP1,9255,,9606.ENSP00000378191
9468,DMTF1,9988,,9606.ENSP00000378193
9469,GPR75,10936,,9606.ENSP00000378195
9470,HSPA2,3306,,9606.ENSP00000378199
9471,AKAP5,9495,,9606.ENSP00000378207
9472,ABCC11,85320,,9606.ENSP00000378230
9473,SFMBT1,51460,,9606.ENSP00000378235
9474,STON1-GTF2A1L,286749,,9606.ENSP00000378236
9475,CXXC4,80319,,9606.ENSP00000378248
9476,ALG13,79868,,9606.ENSP00000378260
9477,PAIP2,51247,,9606.ENSP00000378275
9478,MYLK3,91807,Q32MK0,9606.ENSP00000378288
9479,SYNPO2L,79933,,9606.ENSP00000378289
9480,KRT80,144501,,9606.ENSP00000378292
9481,INCENP,3619,,9606.ENSP00000378295
9482,PPP3CB,5532,,9606.ENSP00000378306
9483,SLC39A8,64116,,9606.ENSP00000378310
9484,EFCAB5,374786,,9606.ENSP00000378312
9485,TTC7A,57217,,9606.ENSP00000378320
9486,PPP3CA,5530,Q08209,9606.ENSP00000378323
9487,TGFB1I1,7041,,9606.ENSP00000378332
9488,GIT1,28964,,9606.ENSP00000378338
9489,COL4A6,1288,,9606.ENSP00000378340
9490,CDC23,8697,,9606.ENSP00000378350
9491,KIF20A,10112,,9606.ENSP00000378356
9492,ADH6,130,P28332,9606.ENSP00000378359
9493,SLC11A2,4891,,9606.ENSP00000378364
9494,CCL26,10344,,9606.ENSP00000378365
9495,NRG4,145957,,9606.ENSP00000378367
9496,FLOT2,2319,,9606.ENSP00000378368
9497,PSAP,5660,,9606.ENSP00000378394
9498,LIMA1,51474,,9606.ENSP00000378400
9499,SPOCK1,6695,,9606.ENSP00000378401
9500,SIN3A,25942,,9606.ENSP00000378402
9501,BCKDK,,,9606.ENSP00000378405
9502,GPT,2875,P24298,9606.ENSP00000378408
9503,VSIR,64115,,9606.ENSP00000378409
9504,SMARCD1,6602,,9606.ENSP00000378414
9505,ALAS1,211,P13196,9606.ENSP00000378416
9506,VKORC1,79001,Q9BQB6,9606.ENSP00000378426
9507,MMRN1,22915,,9606.ENSP00000378431
9508,RGS19,10287,,9606.ENSP00000378483
9509,MATK,4145,P42679,9606.ENSP00000378485
9510,VDAC1,7416,P21796,9606.ENSP00000378487
9511,CYP1A1,1543,P04798,9606.ENSP00000378488
9512,GRM2,2912,,9606.ENSP00000378492
9513,NXF3,56000,,9606.ENSP00000378504
9514,CLK3,,P49761,9606.ENSP00000378505
9515,SPP1,6696,,9606.ENSP00000378517
9516,FZR1,51343,,9606.ENSP00000378529
9517,MEPE,56955,,9606.ENSP00000378534
9518,ZBTB46,140685,,9606.ENSP00000378536
9519,GPR135,64582,,9606.ENSP00000378548
9520,DAAM1,23002,,9606.ENSP00000378557
9521,CLDN3,1365,,9606.ENSP00000378577
9522,AFF1,4299,,9606.ENSP00000378578
9523,TIMM9,26520,,9606.ENSP00000378588
9524,ARHGAP24,83478,,9606.ENSP00000378611
9525,HERC4,26091,,9606.ENSP00000378624
9526,DRP2,1821,,9606.ENSP00000378635
9527,TBX6,,,9606.ENSP00000378650
9528,POM121,9883,,9606.ENSP00000378687
9529,CALN1,83698,,9606.ENSP00000378690
9530,CDK1,983,P06493,9606.ENSP00000378699
9531,BRD2,6046,,9606.ENSP00000378702
9532,nat,,P9WJI5,9606.ENSP00000378702
9533,SEC31A,22872,,9606.ENSP00000378721
9534,knt,,P05057,9606.ENSP00000378725
9535,KTN1,3895,,9606.ENSP00000378725
9536,ALDOC,230,,9606.ENSP00000378731
9537,LBH,81606,,9606.ENSP00000378733
9538,CRCP,27297,,9606.ENSP00000378736
9539,AK4,205,P27144,9606.ENSP00000378743
9540,SLC16A9,220963,,9606.ENSP00000378757
9541,MVP,9961,,9606.ENSP00000378760
9542,PPP1CB,5500,,9606.ENSP00000378769
9543,QPRT,23475,Q15274,9606.ENSP00000378782
9544,PHF20L1,51105,,9606.ENSP00000378784
9545,HLA-DRA,3122,,9606.ENSP00000378786
9546,ZNF169,169841,,9606.ENSP00000378792
9547,CHCHD2,51142,,9606.ENSP00000378812
9548,QRICH1,54870,,9606.ENSP00000378830
9549,LAT,27040,,9606.ENSP00000378845
9550,PSPH,5723,P78330,9606.ENSP00000378854
9551,LGALS9,3965,,9606.ENSP00000378856
9552,A1CF,29974,,9606.ENSP00000378868
9553,AGPAT1,10554,,9606.ENSP00000378877
9554,ZNF484,83744,,9606.ENSP00000378881
9555,EGFL8,80864,,9606.ENSP00000378888
9556,ASAH2,56624,,9606.ENSP00000378897
9557,COBL,23242,,9606.ENSP00000378912
9558,ULK2,9706,Q8IYT8,9606.ENSP00000378914
9559,ATXN2L,11273,,9606.ENSP00000378917
9560,SLC26A6,65010,,9606.ENSP00000378920
9561,MFAP4,4239,,9606.ENSP00000378957
9562,SULT1A1,6817,P50225,9606.ENSP00000378972
9563,MAPK8,5599,P45983,9606.ENSP00000378974
9564,SULT1A2,6799,P50226,9606.ENSP00000378992
9565,NREP,9315,,9606.ENSP00000378996
9566,NUPR1,26471,,9606.ENSP00000379003
9567,SLC5A10,125206,,9606.ENSP00000379008
9568,CPT1B,1375,Q92523,9606.ENSP00000379011
9569,MCPT1,17224,,9606.ENSP00000379011
9570,FBXW10,10517,,9606.ENSP00000379025
9571,EXT2,2132,,9606.ENSP00000379032
9572,TYMP,1890,P19971,9606.ENSP00000379038
9573,ERO1A,30001,,9606.ENSP00000379042
9574,CCDC51,79714,,9606.ENSP00000379047
9575,PURB,5814,,9606.ENSP00000379051
9576,TRPS1,7227,,9606.ENSP00000379065
9577,EHMT2,10919,,9606.ENSP00000379078
9578,ADM2,79924,,9606.ENSP00000379087
9579,BTC,685,,9606.ENSP00000379092
9580,AREG,374,,9606.ENSP00000379097
9581,CAMK2B,816,Q13554,9606.ENSP00000379098
9582,CXCL1,2919,,9606.ENSP00000379110
9583,IL4R,3566,,9606.ENSP00000379111
9584,IL4RA,16190,,9606.ENSP00000379111
9585,APIP,51074,,9606.ENSP00000379133
9586,AFP,174,,9606.ENSP00000379138
9587,CXCL12,6387,,9606.ENSP00000379140
9588,ZNF32,7580,,9606.ENSP00000379143
9589,TNRC6A,27327,,9606.ENSP00000379144
9590,MPRIP,23164,,9606.ENSP00000379156
9591,TRABD,80305,,9606.ENSP00000379173
9592,POLM,27434,,9606.ENSP00000379174
9593,CDKL1,8814,Q00532,9606.ENSP00000379176
9594,RAE1,8480,,9606.ENSP00000379181
9595,PANX2,56666,,9606.ENSP00000379183
9596,BMP7,655,,9606.ENSP00000379204
9597,PODN,127435,,9606.ENSP00000379212
9598,TEX11,56159,,9606.ENSP00000379226
9599,HECW1,23072,,9606.ENSP00000379228
9600,NCALD,83988,,9606.ENSP00000379256
9601,GLI3,2737,,9606.ENSP00000379258
9602,ELP4,26610,,9606.ENSP00000379267
9603,YWHAZ,7534,,9606.ENSP00000379287
9604,BCAS1,8537,,9606.ENSP00000379290
9605,FAM172A,83989,,9606.ENSP00000379294
9606,CASC1;DNAI7,55259,,9606.ENSP00000379310
9607,SLC5A12,159963,,9606.ENSP00000379326
9608,NFATC2,4773,,9606.ENSP00000379330
9609,RPS29,,,9606.ENSP00000379339
9610,ITGB1,3688,,9606.ENSP00000379350
9611,ST8SIA1,6489,,9606.ENSP00000379353
9612,MOB1A,55233,,9606.ENSP00000379364
9613,EDA2R,60401,,9606.ENSP00000379365
9614,ZNF35,7584,,9606.ENSP00000379368
9615,GCNT3,9245,,9606.ENSP00000379377
9616,ENAM,10117,,9606.ENSP00000379383
9617,THUMPD1,55623,,9606.ENSP00000379392
9618,NAV2,89797,,9606.ENSP00000379396
9619,ODAM,54959,,9606.ENSP00000379401
9620,NDUFAF6,137682,,9606.ENSP00000379430
9621,UMOD,7369,,9606.ENSP00000379438
9622,JMY,133746,,9606.ENSP00000379441
9623,FAF1,11124,,9606.ENSP00000379457
9624,CCK,885,P06307,9606.ENSP00000379472
9625,PDE1C,5137,Q14123,9606.ENSP00000379496
9626,PDP1,54704,,9606.ENSP00000379503
9627,RPL14,9045,P50914,9606.ENSP00000379506
9628,MGST1,4257,,9606.ENSP00000379512
9629,TMC5,79838,,9606.ENSP00000379531
9630,TSPO,706,P30536,9606.ENSP00000379563
9631,CCHCR1,54535,,9606.ENSP00000379566
9632,MRGPRX3,117195,,9606.ENSP00000379571
9633,RAB27A,5873,,9606.ENSP00000379601
9634,VAMP1,6843,,9606.ENSP00000379602
9635,TAX1BP1,8887,,9606.ENSP00000379612
9636,MYH11,4629,,9606.ENSP00000379616
9637,WDR72,256764,,9606.ENSP00000379619
9638,SOX6,55553,,9606.ENSP00000379644
9639,LILRA6,79168,,9606.ENSP00000379651
9640,MARF1,9665,,9606.ENSP00000379654
9641,ETV6,2120,,9606.ENSP00000379658
9642,MPV17L,255027,,9606.ENSP00000379669
9643,NAGA,4668,P17050,9606.ENSP00000379680
9644,PRH1,5554,,9606.ENSP00000379682
9645,PRH2,5555,,9606.ENSP00000379682
9646,CYP19A1,1588,P11511,9606.ENSP00000379683
9647,ZNF765,91661,,9606.ENSP00000379689
9648,PDXDC1,23042,,9606.ENSP00000379691
9649,PKIA,,P61925,9606.ENSP00000379696
9650,ARHGAP21,57584,,9606.ENSP00000379709
9651,USP8,9101,,9606.ENSP00000379721
9652,IPP,3652,,9606.ENSP00000379739
9653,ZC3H7A,29066,,9606.ENSP00000379773
9654,COX7B2,170712,,9606.ENSP00000379784
9655,AMPD3,272,,9606.ENSP00000379802
9656,COL4A3,1285,,9606.ENSP00000379823
9657,TRIM40,135644,,9606.ENSP00000379826
9658,CARHSP1,23589,,9606.ENSP00000379838
9659,GNE,10020,,9606.ENSP00000379839
9660,GPS2,2874,,9606.ENSP00000379841
9661,SGK3,23678,Q96BR1,9606.ENSP00000379842
9662,ABAT,18,P80404,9606.ENSP00000379845
9663,ZNF143,7702,,9606.ENSP00000379847
9664,ADHFE1,137872,Q8IWW8,9606.ENSP00000379865
9665,COL4A4,1286,,9606.ENSP00000379866
9666,ELP5,23587,,9606.ENSP00000379869
9667,HLA-A,3105,,9606.ENSP00000379873
9668,LRRC3B,116135,,9606.ENSP00000379880
9669,RPS8,6202,P62241,9606.ENSP00000379888
9670,AP1S3,130340,,9606.ENSP00000379891
9671,GATM,2628,P50440,9606.ENSP00000379895
9672,TMEM106B,54664,,9606.ENSP00000379901
9673,THRB,7068,P10828,9606.ENSP00000379904
9674,CENPK,64105,,9606.ENSP00000379911
9675,ATN1,1822,,9606.ENSP00000379915
9676,UBE2E2,7325,,9606.ENSP00000379931
9677,BICRA,29998,,9606.ENSP00000379946
9678,STK16,8576,O75716,9606.ENSP00000379964
9679,ILK,3611,,9606.ENSP00000379975
9680,LTB4R,1241,,9606.ENSP00000380008
9681,ZNF384,171017,,9606.ENSP00000380019
9682,OR12D3,81797,,9606.ENSP00000380023
9683,ING4,51147,,9606.ENSP00000380024
9684,DDX17,10521,,9606.ENSP00000380033
9685,CSNK1E,1454,P49674,9606.ENSP00000380044
9686,TPTEP2-CSNK1E,102800317,,9606.ENSP00000380044
9687,EAF1,85403,,9606.ENSP00000380054
9688,GAPDH,2597,P04406;Q8IKK7,9606.ENSP00000380070
9689,IRF9,10379,,9606.ENSP00000380073
9690,SLC38A9,153129,,9606.ENSP00000380074
9691,SLC29A4,,Q7RTT9,9606.ENSP00000380081
9692,SOX10,6663,,9606.ENSP00000380093
9693,PROSER3,148137,,9606.ENSP00000380116
9694,RBAK,57786,,9606.ENSP00000380120
9695,CLDN6,9074,,9606.ENSP00000380131
9696,CARD11,84433,,9606.ENSP00000380150
9697,OR51E2,81285,,9606.ENSP00000380153
9698,OR51E1,143503,,9606.ENSP00000380155
9699,MOCS2,4338,,9606.ENSP00000380157
9700,UBE2G1,7326,,9606.ENSP00000380178
9701,PLEKHG6,55200,,9606.ENSP00000380185
9702,ITGA4,3676,,9606.ENSP00000380227
9703,NUDT1,4521,,9606.ENSP00000380241
9704,HRH1;Hrh1,3269,P35367;P70174,9606.ENSP00000380247
9705,SLC17A3,10786,,9606.ENSP00000380250
9706,NFE2L2,4780,Q16236,9606.ENSP00000380252
9707,CCNF,899,,9606.ENSP00000380256
9708,RAPGEF4,11069,,9606.ENSP00000380271
9709,GPER1,2852,Q99527,9606.ENSP00000380281
9710,DYNC1I2,1781,,9606.ENSP00000380308
9711,ZNF208,7757,,9606.ENSP00000380315
9712,TULP3,7289,,9606.ENSP00000380321
9713,EMC6,83460,,9606.ENSP00000380322
9714,ITIH5,80760,,9606.ENSP00000380333
9715,NCF4,4689,Q15080,9606.ENSP00000380334
9716,CAPN3,825,,9606.ENSP00000380349
9717,DDHD2,23259,,9606.ENSP00000380352
9718,SFMBT2,57713,,9606.ENSP00000380353
9719,RGN,9104,Q15493,9606.ENSP00000380365
9720,MYH2,4620,,9606.ENSP00000380367
9721,PAFAH1B1,5048,,9606.ENSP00000380378
9722,WNT5B,81029,,9606.ENSP00000380379
9723,AGAP3,116988,,9606.ENSP00000380413
9724,IL15RA,3601,,9606.ENSP00000380421
9725,INS,3630,P01308,9606.ENSP00000380432
9726,SLC22A17,51310,,9606.ENSP00000380437
9727,INS-IGF2,723961,,9606.ENSP00000380440
9728,PLA2G4F,255189,,9606.ENSP00000380442
9729,NOXO1,124056,Q8NFA2,9606.ENSP00000380450
9730,ERMN,57471,,9606.ENSP00000380453
9731,PLAA,9373,,9606.ENSP00000380460
9732,JMJD7,100137047,,9606.ENSP00000380467
9733,MYCL,4610,,9606.ENSP00000380494
9734,DDX51,317781,,9606.ENSP00000380495
9735,HAGH,3029,,9606.ENSP00000380514
9736,DUSP8,1850,,9606.ENSP00000380530
9737,TSPAN4,7106,,9606.ENSP00000380553
9738,CRAMP1,57585,,9606.ENSP00000380559
9739,CNTN4,152330,,9606.ENSP00000380602
9740,PTK2B,2185,Q14289,9606.ENSP00000380638
9741,EIF4ENIF1,56478,,9606.ENSP00000380659
9742,SLC7A7,9056,,9606.ENSP00000380666
9743,CDHR5,53841,,9606.ENSP00000380676
9744,CCDC40,55036,,9606.ENSP00000380679
9745,KDM7A,80853,,9606.ENSP00000380692
9746,IRF7,3665,,9606.ENSP00000380697
9747,MYCBP,26292,,9606.ENSP00000380702
9748,RASSF7,8045,,9606.ENSP00000380713
9749,CDYL,9425,,9606.ENSP00000380718
9750,FBXL16,146330,,9606.ENSP00000380746
9751,PRMT2,3275,,9606.ENSP00000380759
9752,MORC2,22880,,9606.ENSP00000380763
9753,TCTN1,79600,,9606.ENSP00000380779
9754,NFIX,4784,,9606.ENSP00000380781
9755,HOOK2,29911,,9606.ENSP00000380785
9756,ALG3,10195,,9606.ENSP00000380793
9757,LSS,4047,,9606.ENSP00000380837
9758,PDCD1LG2,80380,,9606.ENSP00000380855
9759,FTCD,10841,,9606.ENSP00000380856
9760,PGBD4,161779,,9606.ENSP00000380872
9761,RGS11,8786,,9606.ENSP00000380876
9762,ASCC2,84164,,9606.ENSP00000380877
9763,PPP3CC,5533,,9606.ENSP00000380878
9764,MED13,9969,,9606.ENSP00000380888
9765,COL8A2,1296,,9606.ENSP00000380901
9766,ROBO3,64221,,9606.ENSP00000380903
9767,POLR3D,,,9606.ENSP00000380904
9768,SH3KBP1,30011,,9606.ENSP00000380921
9769,ARHGEF12,23365,,9606.ENSP00000380942
9770,ITGB2,3689,,9606.ENSP00000380948
9771,MBP,4155,,9606.ENSP00000380958
9772,C17orf67,339210,,9606.ENSP00000380959
9773,PUM3,9933,,9606.ENSP00000380982
9774,TTC28,23331,,9606.ENSP00000381003
9775,NAV3,89795,,9606.ENSP00000381007
9776,MUC16,94025,Q8WXI7,9606.ENSP00000381008
9777,TRPM2,7226,,9606.ENSP00000381026
9778,NPM2,10361,,9606.ENSP00000381032
9779,SOCS6,9306,,9606.ENSP00000381034
9780,ADGB,79747,,9606.ENSP00000381036
9781,CFAP410,755,,9606.ENSP00000381047
9782,RNASE1,6035,P07998,9606.ENSP00000381057
9783,CDH7,1005,,9606.ENSP00000381058
9784,INTS10,55174,,9606.ENSP00000381064
9785,MAP2K7,5609,,9606.ENSP00000381070
9786,DIPK2B,79742,,9606.ENSP00000381086
9787,EPHB1,2047,P54762,9606.ENSP00000381097
9788,GRIP1,23426,,9606.ENSP00000381098
9789,SERPINB7,,,9606.ENSP00000381101
9790,TM9SF4,9777,,9606.ENSP00000381104
9791,NPS,594857,,9606.ENSP00000381105
9792,ZCWPW1,55063,,9606.ENSP00000381109
9793,GRK4,2868,,9606.ENSP00000381129
9794,FGL1,2267,,9606.ENSP00000381133
9795,BCL2,596,P10415,9606.ENSP00000381185
9796,RDH16,8608,,9606.ENSP00000381206
9797,HPS4,89781,,9606.ENSP00000381213
9798,RGPD2,729857,,9606.ENSP00000381214
9799,KHSRP,8570,Q92945,9606.ENSP00000381216
9800,HDDC2,51020,,9606.ENSP00000381220
9801,CBS,875,P35520,9606.ENSP00000381231
9802,CBSL,102724560,,9606.ENSP00000381231
9803,HM13,81502,Q8TCT9,9606.ENSP00000381237
9804,APOF,319,,9606.ENSP00000381250
9805,WDR4,10785,,9606.ENSP00000381266
9806,TBC1D32,,,9606.ENSP00000381270
9807,SELENOS,55829,,9606.ENSP00000381282
9808,SELS,100186840,,9606.ENSP00000381282
9809,NSF,4905,,9606.ENSP00000381293
9810,PLPP4,196051,,9606.ENSP00000381302
9811,CRHR1,1394,P34998,9606.ENSP00000381333
9812,LINC02210-CRHR1,104909134,,9606.ENSP00000381333
9813,GGT5,2687,,9606.ENSP00000381340
9814,CABIN1,23523,,9606.ENSP00000381364
9815,TCF4,6925,,9606.ENSP00000381382
9816,DDT,1652,,9606.ENSP00000381386
9817,CGGBP1,8545,,9606.ENSP00000381429
9818,VGLL3,389136,,9606.ENSP00000381436
9819,CST3,1471,,9606.ENSP00000381448
9820,PPME1,51400,,9606.ENSP00000381461
9821,LAT2,7462,,9606.ENSP00000381492
9822,FGFRL1,53834,,9606.ENSP00000381498
9823,PAX1,5075,,9606.ENSP00000381499
9824,CSNK1D,1453,,9606.ENSP00000381531
9825,STK32A,,Q8WU08,9606.ENSP00000381535
9826,FRMD4B,23150,,9606.ENSP00000381549
9827,USP34,9736,,9606.ENSP00000381577
9828,LCP1,3936,,9606.ENSP00000381581
9829,TMPRSS2,7113,O15393,9606.ENSP00000381588
9830,PCDHGB7,56099,,9606.ENSP00000381594
9831,MX1,4599,,9606.ENSP00000381601
9832,GSTP1,2950,P09211,9606.ENSP00000381607
9833,ZNF596,169270,,9606.ENSP00000381613
9834,EIPR1,7260,,9606.ENSP00000381652
9835,DOT1L,84444,,9606.ENSP00000381657
9836,SHARPIN,81858,,9606.ENSP00000381698
9837,B3GALT5,10317,,9606.ENSP00000381699
9838,UBE2D2,7322,,9606.ENSP00000381717
9839,ATP5F1A,498,P25705,9606.ENSP00000381736
9840,PARP3,10039,Q9Y6F1,9606.ENSP00000381740
9841,TOP3B,8940,,9606.ENSP00000381773
9842,TNFSF11,8600,O14788,9606.ENSP00000381775
9843,SLC25A45,283130,,9606.ENSP00000381782
9844,HSDL2,84263,,9606.ENSP00000381785
9845,YPEL3,83719,,9606.ENSP00000381821
9846,ATL3,25923,,9606.ENSP00000381844
9847,DAAM2,23500,,9606.ENSP00000381876
9848,KCNJ15,3772,Q99712,9606.ENSP00000381911
9849,MGARP,84709,,9606.ENSP00000381928
9850,COL13A1,1305,,9606.ENSP00000381949
9851,KSR1,8844,,9606.ENSP00000381958
9852,SPTLC3,55304,,9606.ENSP00000381968
9853,GIN1,54826,,9606.ENSP00000381970
9854,TTC3,7267,,9606.ENSP00000381981
9855,RPRD1A,55197,,9606.ENSP00000381984
9856,CTNND1,1500,,9606.ENSP00000382004
9857,ZNF24,7572,,9606.ENSP00000382015
9858,C4orf3,401152,,9606.ENSP00000382026
9859,HLCS,3141,,9606.ENSP00000382071
9860,COL25A1,84570,,9606.ENSP00000382083
9861,CLDN14,23562,,9606.ENSP00000382090
9862,ALKBH5,54890,,9606.ENSP00000382091
9863,DCDC2C,728597,,9606.ENSP00000382097
9864,AIFM3,150209,,9606.ENSP00000382120
9865,SETD4,54093,,9606.ENSP00000382163
9866,MYO5A,4644,,9606.ENSP00000382177
9867,JMJD1C,221037,,9606.ENSP00000382204
9868,KCNE1,3753,P15382,9606.ENSP00000382226
9869,TMEM26,219623,,9606.ENSP00000382237
9870,MRPS6,64968,,9606.ENSP00000382250
9871,HECTD1,25831,,9606.ENSP00000382269
9872,N4BP2L2,10443,,9606.ENSP00000382328
9873,PSG5,5673,,9606.ENSP00000382334
9874,RABGGTA,5875,,9606.ENSP00000382341
9875,ABCC1,4363,P33527,9606.ENSP00000382342
9876,USP47,55031,,9606.ENSP00000382382
9877,MAP3K1,4214,Q13233,9606.ENSP00000382423
9878,PLA2G4E,123745,,9606.ENSP00000382434
9879,OPRPN,58503,,9606.ENSP00000382485
9880,RADIL,,,9606.ENSP00000382492
9881,UBXN2B,137886,,9606.ENSP00000382507
9882,SRL,6345,,9606.ENSP00000382518
9883,TSSK2,23617,,9606.ENSP00000382544
9884,PAICS,10606,P22234,9606.ENSP00000382595
9885,ANKRD18A,253650,,9606.ENSP00000382610
9886,RBBP8,5932,,9606.ENSP00000382628
9887,ENHO,375704,,9606.ENSP00000382675
9888,MRAP,56246,,9606.ENSP00000382684
9889,KDM5A,5927,,9606.ENSP00000382688
9890,ROCK1,6093,Q13464,9606.ENSP00000382697
9891,IFITM3,10410,,9606.ENSP00000382707
9892,WDR19,57728,,9606.ENSP00000382717
9893,ADA2,51816,,9606.ENSP00000382731
9894,KCNU1,157855,,9606.ENSP00000382770
9895,CLDN8,9073,,9606.ENSP00000382783
9896,RUNX3,864,,9606.ENSP00000382800
9897,BACH1,571,,9606.ENSP00000382805
9898,FAM234A,83986,,9606.ENSP00000382814
9899,KIAA2026,158358,,9606.ENSP00000382815
9900,MAP3K7CL,56911,,9606.ENSP00000382828
9901,RPGRIP1,57096,,9606.ENSP00000382895
9902,GABRA5,2558,P31644,9606.ENSP00000382953
9903,L3MBTL4,91133,,9606.ENSP00000382976
9904,FKBP1A,2280,P62942,9606.ENSP00000383003
9905,MYL5,4636,,9606.ENSP00000383023
9906,KDM1A,23028,,9606.ENSP00000383042
9907,USP25,29761,,9606.ENSP00000383044
9908,EPHB2,2048,P29323,9606.ENSP00000383053
9909,ARGLU1,55082,,9606.ENSP00000383059
9910,COLEC12,81035,,9606.ENSP00000383115
9911,DIAPH3,81624,,9606.ENSP00000383178
9912,MACC1,346389,,9606.ENSP00000383185
9913,NEDD4L,23327,,9606.ENSP00000383199
9914,KRTAP10-4,,,9606.ENSP00000383225
9915,MAPK4,5596,P31152,9606.ENSP00000383234
9916,NBEA,26960,,9606.ENSP00000383295
9917,DSCAM,1826,,9606.ENSP00000383303
9918,PLA2G2A,5320,P14555,9606.ENSP00000383364
9919,TXNRD2,10587,,9606.ENSP00000383365
9920,JAM2,58494,,9606.ENSP00000383376
9921,GP1BB,2812,,9606.ENSP00000383382
9922,NCAM2,4685,,9606.ENSP00000383392
9923,KLHDC7A,127707,,9606.ENSP00000383505
9924,HMX1,3166,,9606.ENSP00000383516
9925,GCGR,2642,,9606.ENSP00000383558
9926,ZG16,653808,,9606.ENSP00000383563
9927,CCNL2,81669,,9606.ENSP00000383611
9928,FAM72D,728833,,9606.ENSP00000383682
9929,MASP2,10747,,9606.ENSP00000383690
9930,UBE2J2,118424,,9606.ENSP00000383719
9931,DNAH14,127602,,9606.ENSP00000383737
9932,MIER1,57708,,9606.ENSP00000383820
9933,MMACHC,25974,,9606.ENSP00000383840
9934,KIAA1522,57648,,9606.ENSP00000383851
9935,SZRD1,26099,,9606.ENSP00000383866
9936,MATN3,4148,,9606.ENSP00000383894
9937,UBAC2,337867,,9606.ENSP00000383911
9938,ASXL2,55252,,9606.ENSP00000383920
9939,LIPN,643418,,9606.ENSP00000383923
9940,SNU13,4809,,9606.ENSP00000383949
9941,CDCA7L,55536,,9606.ENSP00000383986
9942,CERT1,10087,,9606.ENSP00000383996
9943,POU6F2,11281,,9606.ENSP00000384004
9944,SUN1,23353,,9606.ENSP00000384015
9945,NCOR2,9612,,9606.ENSP00000384018
9946,CCDC85A,114800,,9606.ENSP00000384040
9947,PAXIP1,22976,,9606.ENSP00000384048
9948,CSF2RB,1439,,9606.ENSP00000384053
9949,EFR3B,22979,,9606.ENSP00000384081
9950,DTNB,1838,,9606.ENSP00000384084
9951,POMC,5443,P01189,9606.ENSP00000384092
9952,CUL4B,8450,,9606.ENSP00000384109
9953,MEI1,150365,,9606.ENSP00000384115
9954,LRRC32,2615,,9606.ENSP00000384126
9955,KIF16B,55614,,9606.ENSP00000384164
9956,FBLN2,2199,,9606.ENSP00000384169
9957,ZFPM2,23414,,9606.ENSP00000384179
9958,SCFD2,152579,,9606.ENSP00000384182
9959,CASTOR1,652968,,9606.ENSP00000384183
9960,CADM2,253559,,9606.ENSP00000384193
9961,PDZRN4,29951,,9606.ENSP00000384197
9962,INO80D,54891,,9606.ENSP00000384198
9963,PSME4,23198,,9606.ENSP00000384211
9964,WWC2,80014,,9606.ENSP00000384222
9965,ATG4B,23192,,9606.ENSP00000384259
9966,HPSE,10855,,9606.ENSP00000384262
9967,CNGA1,1259,,9606.ENSP00000384264
9968,RELA,5970,Q04206,9606.ENSP00000384273
9969,WDR60,55112,,9606.ENSP00000384290
9970,ACY1,95,Q03154,9606.ENSP00000384296
9971,WDR43,23160,,9606.ENSP00000384302
9972,MYH8,4626,,9606.ENSP00000384330
9973,TMEM18,129787,,9606.ENSP00000384347
9974,APOBEC3A,200315,,9606.ENSP00000384359
9975,APOBEC3A_B,100913187,,9606.ENSP00000384359
9976,NPY,4852,P01303,9606.ENSP00000384364
9977,KCTD1,284252,,9606.ENSP00000384367
9978,BCL5,,,9606.ENSP00000384371
9979,BCL6,604,,9606.ENSP00000384371
9980,HCRTR1,3061,O43613,9606.ENSP00000384387
9981,CHKB,1120,Q9Y259,9606.ENSP00000384400
9982,PARG,8505,,9606.ENSP00000384408
9983,TFIP11,24144,,9606.ENSP00000384421
9984,ZGLP1,100125288,,9606.ENSP00000384434
9985,IFRD1,3475,,9606.ENSP00000384477
9986,ADCY3,109,,9606.ENSP00000384484
9987,CBX6,23466,,9606.ENSP00000384490
9988,RASSF8,11228,,9606.ENSP00000384491
9989,ABCG5,64240,,9606.ENSP00000384513
9990,PARVB,29780,,9606.ENSP00000384515
9991,ARNTL;BMAL1,406,,9606.ENSP00000384517
9992,BMAL1,,,9606.ENSP00000384517
9993,ETV2,2116,,9606.ENSP00000384524
9994,ZBTB40,9923,,9606.ENSP00000384527
9995,AKAP12,9590,,9606.ENSP00000384537
9996,BTBD3,22903,,9606.ENSP00000384545
9997,NXPH1,30010,,9606.ENSP00000384551
9998,SELENOM,140606,,9606.ENSP00000384564
9999,CARD10,29775,,9606.ENSP00000384570
10000,DAZ1,1617,,9606.ENSP00000384573
10001,ADGRV1,84059,,9606.ENSP00000384582
10002,CYP4F11,57834,,9606.ENSP00000384588
10003,GTF2A1L,11036,,9606.ENSP00000384597
10004,STON1,11037,,9606.ENSP00000384615
10005,NLK,51701,,9606.ENSP00000384625
10006,KMT5A,387893,,9606.ENSP00000384629
10007,CTNNA2,1496,,9606.ENSP00000384638
10008,MTMR3,8897,,9606.ENSP00000384651
10009,SOS1,6654,,9606.ENSP00000384675
10010,FSHR,2492,,9606.ENSP00000384708
10011,ZDHHC8,29801,,9606.ENSP00000384716
10012,VSNL1,7447,,9606.ENSP00000384719
10013,PRDM6,93166,,9606.ENSP00000384725
10014,DERL3,91319,,9606.ENSP00000384744
10015,SLC8A1,6546,P32418,9606.ENSP00000384763
10016,PSG4,5672,,9606.ENSP00000384770
10017,WDR62,284403,,9606.ENSP00000384792
10018,A4GALT,53947,,9606.ENSP00000384794
10019,FBXO11,80204,,9606.ENSP00000384823
10020,PSD,5662,,9606.ENSP00000384830
10021,PRR5,55615,,9606.ENSP00000384848
10022,CDKN1A,1026,P38936,9606.ENSP00000384849
10023,ESRRA,2101,P11474,9606.ENSP00000384851
10024,XPO1,7514,O14980,9606.ENSP00000384863
10025,ABCB5,340273,,9606.ENSP00000384881
10026,IFI30,10437,,9606.ENSP00000384886
10027,CEACAM19,56971,,9606.ENSP00000384887
10028,GATAD2A,54815,,9606.ENSP00000384899
10029,SAA1,6288,,9606.ENSP00000384906
10030,RTL10,79680,,9606.ENSP00000384924
10031,GPR12,2835,P47775,9606.ENSP00000384932
10032,PYCR1,5831,,9606.ENSP00000384949
10033,SULT6B1,,Q6IMI4,9606.ENSP00000384950
10034,F11,2160,,9606.ENSP00000384957
10035,TMPRSS6,164656,,9606.ENSP00000384964
10036,IMMP2L,83943,,9606.ENSP00000384966
10037,CHCHD10,400916,,9606.ENSP00000384973
10038,TBC1D10A,83874,,9606.ENSP00000384996
10039,P4HA2,8974,O15460,9606.ENSP00000384999
10040,KIF2A,3796,,9606.ENSP00000385000
10041,CACNA1I,8911,Q9P0X4,9606.ENSP00000385019
10042,FANCL,55120,,9606.ENSP00000385021
10043,CHRNA2,1135,Q15822,9606.ENSP00000385026
10044,SLC22A23,63027,,9606.ENSP00000385028
10045,C1S,716,P09871,9606.ENSP00000385035
10046,HORMAD2,150280,,9606.ENSP00000385055
10047,APOBEC3G,60489,,9606.ENSP00000385057
10048,FAH,2184,P16930,9606.ENSP00000385080
10049,TMEM45A,55076,,9606.ENSP00000385089
10050,FLACC1,130540,,9606.ENSP00000385098
10051,MIEF1,54471,,9606.ENSP00000385110
10052,PRR16,51334,,9606.ENSP00000385118
10053,NRXN1,9378,Q9ULB1,9606.ENSP00000385142
10054,UNC5D,137970,,9606.ENSP00000385143
10055,FAM161A,84140,,9606.ENSP00000385158
10056,R3HDM2,22864,,9606.ENSP00000385169
10057,PICK1,9463,,9606.ENSP00000385205
10058,GAL3ST1,9514,,9606.ENSP00000385207
10059,NCOA1,8648,,9606.ENSP00000385216
10060,LARGE2,120071,,9606.ENSP00000385235
10061,CAPN14,440854,,9606.ENSP00000385247
10062,ELAVL1,1994,,9606.ENSP00000385269
10063,CLDN15,24146,,9606.ENSP00000385300
10064,SLC25A19,60386,,9606.ENSP00000385312
10065,MAD1L1,8379,,9606.ENSP00000385334
10066,TAPT1,202018,,9606.ENSP00000385347
10067,VPREB1,7441,,9606.ENSP00000385361
10068,PDIA6,10130,,9606.ENSP00000385385
10069,NOLC1,9221,Q14978,9606.ENSP00000385410
10070,NLRC4,58484,,9606.ENSP00000385428
10071,SAR1B,51128,,9606.ENSP00000385432
10072,MAGI1,9223,,9606.ENSP00000385450
10073,MDK,4192,,9606.ENSP00000385451
10074,CGREF1,10669,,9606.ENSP00000385452
10075,TFDP3,51270,,9606.ENSP00000385461
10076,TNFSF18,8995,,9606.ENSP00000385470
10077,CLDN5,7122,,9606.ENSP00000385477
10078,CRPPA,729920,,9606.ENSP00000385478
10079,GPSM2,29899,,9606.ENSP00000385510
10080,CD14,929,,9606.ENSP00000385519
10081,PPARA,5465,Q07869,9606.ENSP00000385523
10082,KIF26B,55083,,9606.ENSP00000385545
10083,HIPK2,28996,Q9H2X6,9606.ENSP00000385571
10084,HOXD12,3238,,9606.ENSP00000385586
10085,IGSF23,147710,,9606.ENSP00000385592
10086,MEX3C,51320,,9606.ENSP00000385610
10087,SUN2,25777,,9606.ENSP00000385616
10088,PDE7A,5150,Q13946,9606.ENSP00000385632
10089,IL6,3569,,9606.ENSP00000385675
10090,HERC3,8916,,9606.ENSP00000385684
10091,PSG2,5670,,9606.ENSP00000385706
10092,INTS1,26173,,9606.ENSP00000385722
10093,MAST4,375449,,9606.ENSP00000385727
10094,APOBEC3H,164668,,9606.ENSP00000385741
10095,SMS,6611,,9606.ENSP00000385746
10096,PRKAR1B,5575,,9606.ENSP00000385749
10097,MARK2,2011,Q7KZI7,9606.ENSP00000385751
10098,BLVRA,644,P53004,9606.ENSP00000385757
10099,PTGR1,22949,,9606.ENSP00000385763
10100,DGKB,1607,,9606.ENSP00000385780
10101,POP1,10940,,9606.ENSP00000385787
10102,PHF14,9678,,9606.ENSP00000385795
10103,KIF3A,11127,,9606.ENSP00000385808
10104,RPAIN,84268,,9606.ENSP00000385814
10105,MTA3,57504,,9606.ENSP00000385823
10106,TST,7263,,9606.ENSP00000385828
10107,TF,7018,P02787,9606.ENSP00000385834
10108,PARD3B,,,9606.ENSP00000385848
10109,SETD5,55209,,9606.ENSP00000385852
10110,DUSP28,285193,,9606.ENSP00000385885
10111,RASGRP3,25780,,9606.ENSP00000385886
10112,SDK1,221935,,9606.ENSP00000385899
10113,DNASE1,1773,,9606.ENSP00000385905
10114,NUCB1,4924,Q02818,9606.ENSP00000385923
10115,RMDN1,51115,,9606.ENSP00000385927
10116,DCDC1,341019,,9606.ENSP00000385936
10117,RPS14,6208,,9606.ENSP00000385958
10118,KCNS3,,Q9BQ31,9606.ENSP00000385968
10119,FASTKD2,22868,,9606.ENSP00000385990
10120,THADA,63892,,9606.ENSP00000385995
10121,BUD31,8896,,9606.ENSP00000386023
10122,GABRR2,2570,,9606.ENSP00000386029
10123,MYH6,4624,,9606.ENSP00000386041
10124,LTBP1,4052,,9606.ENSP00000386043
10125,MBD5,55777,,9606.ENSP00000386049
10126,ADRA2C,152,P18825,9606.ENSP00000386069
10127,MYO18B,84700,,9606.ENSP00000386096
10128,CPE,1363,P16870,9606.ENSP00000386104
10129,ARMC5,79798,,9606.ENSP00000386125
10130,NGDN,25983,,9606.ENSP00000386134
10131,DAPK1,1612,P53355,9606.ENSP00000386135
10132,HEPN1,641654,,9606.ENSP00000386143
10133,CEBPD,1052,,9606.ENSP00000386165
10134,TBX20,57057,,9606.ENSP00000386170
10135,TIGD1,,,9606.ENSP00000386186
10136,C2orf16,84226,,9606.ENSP00000386190
10137,FOXP2,93986,,9606.ENSP00000386200
10138,PSMB11,,,9606.ENSP00000386212
10139,MCC,4163,,9606.ENSP00000386227
10140,RGS14,10636,,9606.ENSP00000386229
10141,TONSL,4796,,9606.ENSP00000386239
10142,APOL6,80830,,9606.ENSP00000386280
10143,ALAD,210,,9606.ENSP00000386284
10144,GULP1,51454,,9606.ENSP00000386289
10145,SCN9A,6335,Q15858,9606.ENSP00000386306
10146,MYO7A,4647,,9606.ENSP00000386331
10147,CD207,50489,,9606.ENSP00000386378
10148,IL1R1,3554,,9606.ENSP00000386380
10149,ANKRD30BL,554226,,9606.ENSP00000386398
10150,SAG,6295,,9606.ENSP00000386444
10151,AAK1,22848,Q2M2I8,9606.ENSP00000386456
10152,PRPF40A,55660,,9606.ENSP00000386458
10153,COA8,84334,,9606.ENSP00000386485
10154,HOXD3,3232,,9606.ENSP00000386498
10155,CCDC141,285025,,9606.ENSP00000386503
10156,SMPD4,55627,,9606.ENSP00000386531
10157,PSMD14,10213,,9606.ENSP00000386541
10158,PREPL,9581,,9606.ENSP00000386543
10159,CD8A,925,,9606.ENSP00000386559
10160,PB1,,P16502;Q809M3,9606.ENSP00000386593
10161,PBRM1,55193,,9606.ENSP00000386593
10162,DPAGT1,1798,,9606.ENSP00000386597
10163,ZC3H12D,340152,,9606.ENSP00000386616
10164,SSB,6741,,9606.ENSP00000386636
10165,PCDH20,64881,,9606.ENSP00000386653
10166,RPL36A-HNRNPH2,100529097,,9606.ENSP00000386655
10167,KDM3A,55818,,9606.ENSP00000386660
10168,ATG9A,79065,,9606.ENSP00000386710
10169,JAKMIP1,152789,,9606.ENSP00000386711
10170,RPL31,6160,,9606.ENSP00000386717
10171,FCHSD2,9873,,9606.ENSP00000386722
10172,KCMF1,56888,,9606.ENSP00000386738
10173,CHN1,1123,,9606.ENSP00000386741
10174,SETD2,29072,,9606.ENSP00000386759
10175,SLC39A10,57181,,9606.ENSP00000386766
10176,POTEF,728378,,9606.ENSP00000386786
10177,TMEM131L,23240,,9606.ENSP00000386787
10178,SNORC,389084,,9606.ENSP00000386804
10179,MARCHF7,64844,,9606.ENSP00000386830
10180,AFF3,3899,,9606.ENSP00000386834
10181,XIRP2,129446,,9606.ENSP00000386840
10182,TBC1D8,11138,,9606.ENSP00000386856
10183,ACTG2,72,,9606.ENSP00000386857
10184,SH3BP4,23677,,9606.ENSP00000386862
10185,TET3,200424,,9606.ENSP00000386869
10186,DYSF,8291,,9606.ENSP00000386881
10187,CXCR4,7852,P61073,9606.ENSP00000386884
10188,FHL2,2274,,9606.ENSP00000386892
10189,RBM4,5936,,9606.ENSP00000386894
10190,ITGA6,3655,,9606.ENSP00000386896
10191,MEGF11,,,9606.ENSP00000386908
10192,UAP1L1,91373,,9606.ENSP00000386935
10193,ST6GAL2,84620,,9606.ENSP00000386942
10194,IPO11,51194,,9606.ENSP00000386992
10195,NCAPG2,54892,,9606.ENSP00000387007
10196,PLD3,23646,,9606.ENSP00000387050
10197,ZNF365,22891,,9606.ENSP00000387091
10198,CLEC16A,23274,,9606.ENSP00000387122
10199,ALDH7A1,501,P49419,9606.ENSP00000387123
10200,NCKAP5,344148,,9606.ENSP00000387128
10201,THSD7B,80731,,9606.ENSP00000387145
10202,UNC50,25972,,9606.ENSP00000387146
10203,NPPC,4880,,9606.ENSP00000387159
10204,CPVL,54504,,9606.ENSP00000387164
10205,GIGYF2,26058,,9606.ENSP00000387170
10206,PTRH2,51651,,9606.ENSP00000387180
10207,CEP19,84984,,9606.ENSP00000387209
10208,IL18R1,8809,,9606.ENSP00000387211
10209,NFU1,,,9606.ENSP00000387219
10210,LRRTM4,80059,,9606.ENSP00000387228
10211,GALNT13,114805,,9606.ENSP00000387239
10212,MAP3K2,10746,Q9Y2U5,9606.ENSP00000387246
10213,PSTPIP2,9050,,9606.ENSP00000387261
10214,IMMT,10989,,9606.ENSP00000387262
10215,MPP4,58538,,9606.ENSP00000387278
10216,AGFG1,3267,,9606.ENSP00000387282
10217,RAB1A,5861,,9606.ENSP00000387286
10218,TDRD9,122402,,9606.ENSP00000387303
10219,RAB6C,84084,,9606.ENSP00000387307
10220,NOTUM,147111,,9606.ENSP00000387310
10221,NLRX1,79671,,9606.ENSP00000387334
10222,ACAN,176,,9606.ENSP00000387356
10223,UBE4A,9354,,9606.ENSP00000387362
10224,PWP1,11137,,9606.ENSP00000387365
10225,NECAB1,,,9606.ENSP00000387380
10226,KANSL1,284058,,9606.ENSP00000387393
10227,ARTN,9048,,9606.ENSP00000387435
10228,ZBTB10,65986,,9606.ENSP00000387462
10229,FUT2,2524,,9606.ENSP00000387498
10230,SLC18A1,6570,P54219,9606.ENSP00000387549
10231,TANC2,26115,,9606.ENSP00000387593
10232,SMCO2,341346,,9606.ENSP00000387617
10233,CAND2,23066,,9606.ENSP00000387641
10234,GCG,2641,,9606.ENSP00000387662
10235,SLC12A5,57468,Q9H2X9,9606.ENSP00000387694
10236,CREB1,1385,P16220,9606.ENSP00000387699
10237,TARS1,6897,,9606.ENSP00000387710
10238,AMOTL1,154810,,9606.ENSP00000387739
10239,BRDT,676,,9606.ENSP00000387822
10240,KIF4B,285643,,9606.ENSP00000387875
10241,TC2N,123036,,9606.ENSP00000387882
10242,PARN,5073,,9606.ENSP00000387911
10243,WDR73,84942,,9606.ENSP00000387982
10244,CSTF2,1478,,9606.ENSP00000387996
10245,OAS1,4938,,9606.ENSP00000388001
10246,UBA52,7311,,9606.ENSP00000388107
10247,ARPC4,10093,,9606.ENSP00000388169
10248,OGDH,4967,Q02218,9606.ENSP00000388183
10249,AGBL3,340351,,9606.ENSP00000388275
10250,TSTD1,100131187,,9606.ENSP00000388293
10251,TRIM49C,642612,,9606.ENSP00000388299
10252,SEC61G,23480,,9606.ENSP00000388337
10253,RARG,5916,P13631,9606.ENSP00000388510
10254,CASP4,837,P49662,9606.ENSP00000388566
10255,EOMES,8320,,9606.ENSP00000388620
10256,PLCD4,84812,,9606.ENSP00000388631
10257,SLC25A12,8604,O75746,9606.ENSP00000388658
10258,LANCL1,10314,,9606.ENSP00000388713
10259,KBTBD13,,,9606.ENSP00000388723
10260,ITPRID2,6744,,9606.ENSP00000388731
10261,RRAD,6236,,9606.ENSP00000388744
10262,EIF4B,1975,,9606.ENSP00000388806
10263,NSG1,27065,,9606.ENSP00000388823
10264,MLN,4295,,9606.ENSP00000388825
10265,ZNF419,79744,,9606.ENSP00000388864
10266,CYBC1,79415,,9606.ENSP00000388909
10267,NFATC4,4776,,9606.ENSP00000388910
10268,TCF12,6938,,9606.ENSP00000388940
10269,SCRN1,9805,,9606.ENSP00000388942
10270,AP1M1,8907,,9606.ENSP00000388996
10271,CPLANE1,65250,,9606.ENSP00000389014
10272,CRISP3,10321,,9606.ENSP00000389026
10273,MMADHC,,,9606.ENSP00000389060
10274,CYTH1,9267,,9606.ENSP00000389095
10275,RPL23A,6147,P62750,9606.ENSP00000389103
10276,DCC,1630,,9606.ENSP00000389140
10277,NDUFA11,126328,,9606.ENSP00000389160
10278,PPP1R12A,4659,,9606.ENSP00000389168
10279,C1GALT1,56913,,9606.ENSP00000389176
10280,RPP30,,,9606.ENSP00000389182
10281,DHRS9,10170,,9606.ENSP00000389241
10282,NPNT,255743,,9606.ENSP00000389252
10283,HCAR1,27198,,9606.ENSP00000389255
10284,TMBIM6,7009,,9606.ENSP00000389277
10285,AKR1B15,,C9JRZ8,9606.ENSP00000389289
10286,CHCHD3,54927,,9606.ENSP00000389297
10287,DAZ4,57135,,9606.ENSP00000389300
10288,ACE2,59272,Q9BYF1,9606.ENSP00000389326
10289,RPSA,3921,P08865,9606.ENSP00000389351
10290,RPL39L,116832,,9606.ENSP00000389356
10291,NFATC1,4772,O95644,9606.ENSP00000389377
10292,GPAT2,150763,,9606.ENSP00000389395
10293,TBXAS1,6916,,9606.ENSP00000389414
10294,THAS,7055,,9606.ENSP00000389414
10295,UBAP2L,9898,,9606.ENSP00000389445
10296,TGM7,116179,Q96PF1,9606.ENSP00000389466
10297,CT47A1,728096,,9606.ENSP00000389513
10298,CT47A10,728036,,9606.ENSP00000389513
10299,CT47A11,255313,,9606.ENSP00000389513
10300,CT47A12,100507170,,9606.ENSP00000389513
10301,CT47A2,728090,,9606.ENSP00000389513
10302,CT47A3,728082,,9606.ENSP00000389513
10303,CT47A4,728075,,9606.ENSP00000389513
10304,CT47A5,728072,,9606.ENSP00000389513
10305,CT47A6,728062,,9606.ENSP00000389513
10306,CT47A7,653282,,9606.ENSP00000389513
10307,CT47A8,728049,,9606.ENSP00000389513
10308,CT47A9,728042,,9606.ENSP00000389513
10309,SEMA5B,54437,,9606.ENSP00000389588
10310,TLR6,10333,,9606.ENSP00000389600
10311,ARPC1B,10095,,9606.ENSP00000389631
10312,ATP5PF,522,,9606.ENSP00000389649
10313,CTNNA3,29119,,9606.ENSP00000389714
10314,KSR2,283455,,9606.ENSP00000389715
10315,PLEKHF1,79156,,9606.ENSP00000389787
10316,DSN1,79980,,9606.ENSP00000389810
10317,ACAD10,80724,,9606.ENSP00000389813
10318,ADIPOQ,9370,,9606.ENSP00000389814
10319,DLX3,1747,,9606.ENSP00000389870
10320,LETMD1,25875,,9606.ENSP00000389903
10321,RCBTB2,1102,,9606.ENSP00000389910
10322,PLEKHM1,9842,,9606.ENSP00000389913
10323,TMEM67,91147,,9606.ENSP00000389998
10324,CTU1,90353,,9606.ENSP00000390011
10325,ZSCAN31,64288,,9606.ENSP00000390076
10326,HERC1,8925,,9606.ENSP00000390158
10327,ZBBX,79740,,9606.ENSP00000390232
10328,IDH1,3417,O75874,9606.ENSP00000390265
10329,SLC4A7,9497,,9606.ENSP00000390394
10330,CATSPER4,378807,,9606.ENSP00000390423
10331,GLI2,2736,,9606.ENSP00000390436
10332,CXXC1,30827,,9606.ENSP00000390475
10333,PRKD1,5587,Q15139,9606.ENSP00000390535
10334,DDN;ddn,23109,P9WP15,9606.ENSP00000390590
10335,SCN10A,6336,Q9Y5Y9,9606.ENSP00000390600
10336,BTNL2,56244,,9606.ENSP00000390613
10337,HNRNPLL,92906,,9606.ENSP00000390625
10338,SLC14A1,6563,,9606.ENSP00000390637
10339,C12orf65,91574,,9606.ENSP00000390647
10340,SLC25A17,10478,,9606.ENSP00000390722
10341,SCFD1,23256,,9606.ENSP00000390783
10342,B3GALT4,8705,,9606.ENSP00000390784
10343,UNC80,285175,,9606.ENSP00000391088
10344,CHEK1,1111,O14757,9606.ENSP00000391090
10345,RDH13,,Q8NBN7,9606.ENSP00000391121
10346,ASB10,136371,,9606.ENSP00000391137
10347,DENND4A,10260,,9606.ENSP00000391167
10348,ZNF692,55657,,9606.ENSP00000391200
10349,CYB561D2,11068,,9606.ENSP00000391209
10350,PSMC2,5701,,9606.ENSP00000391211
10351,MGAT5B,146664,,9606.ENSP00000391227
10352,SEPTIN9,10801,,9606.ENSP00000391249
10353,RBFOX1,54715,,9606.ENSP00000391269
10354,SEPTIN5,5413,,9606.ENSP00000391311
10355,ATP6AP1L,92270,,9606.ENSP00000391381
10356,INO80C,125476,,9606.ENSP00000391457
10357,TK,,P06478;P09250;Q9QNF7,9606.ENSP00000391481
10358,TKT,7086,,9606.ENSP00000391481
10359,AGR2,10551,,9606.ENSP00000391490
10360,KCNK16,83795,,9606.ENSP00000391498
10361,PARVG,64098,,9606.ENSP00000391583
10362,PTPN6,5777,P29350,9606.ENSP00000391592
10363,ERV3-1,2086,,9606.ENSP00000391594
10364,PEX5,5830,,9606.ENSP00000391601
10365,ZNF780B,163131,,9606.ENSP00000391641
10366,MTMR11,10903,,9606.ENSP00000391668
10367,BCAR1,9564,,9606.ENSP00000391669
10368,CCDC103,388389,,9606.ENSP00000391692
10369,PUM1,9698,,9606.ENSP00000391723
10370,LACC1,144811,,9606.ENSP00000391747
10371,APLN,8862,,9606.ENSP00000391800
10372,MITF,4286,,9606.ENSP00000391803
10373,IGF2,3481,,9606.ENSP00000391826
10374,CYLD,1540,,9606.ENSP00000392025
10375,CHD7,55636,,9606.ENSP00000392028
10376,ATP2B1,490,,9606.ENSP00000392043
10377,REPS1,85021,,9606.ENSP00000392065
10378,DIP2A,23181,,9606.ENSP00000392066
10379,INAVA,55765,,9606.ENSP00000392105
10380,PPP6C,5537,,9606.ENSP00000392147
10381,REEP1,65055,,9606.ENSP00000392197
10382,KLLN,100144748,,9606.ENSP00000392204
10383,STRAP,11171,,9606.ENSP00000392270
10384,BCAP31,10134,,9606.ENSP00000392330
10385,PSMG4,389362,,9606.ENSP00000392353
10386,CHFR,55743,,9606.ENSP00000392395
10387,GPX5,,O75715,9606.ENSP00000392398
10388,SLC13A2,9058,,9606.ENSP00000392411
10389,RELN,5649,,9606.ENSP00000392423
10390,TRAPPC2,,,9606.ENSP00000392495
10391,NLGN1,22871,,9606.ENSP00000392500
10392,AGAP4,119016,,9606.ENSP00000392513
10393,TTLL3,,Q9Y4R7,9606.ENSP00000392549
10394,PLPP5,84513,,9606.ENSP00000392553
10395,SMARCD2,6603,,9606.ENSP00000392617
10396,ARHGAP28,79822,,9606.ENSP00000392660
10397,NDUFS1,4719,,9606.ENSP00000392709
10398,POM121L2,94026,,9606.ENSP00000392726
10399,DCT,1638,,9606.ENSP00000392762
10400,S100A13,6284,Q99584,9606.ENSP00000392767
10401,CLGN,1047,,9606.ENSP00000392782
10402,PIK3R5,23533,,9606.ENSP00000392812
10403,GPSM1,26086,,9606.ENSP00000392828
10404,HSBP1,3281,,9606.ENSP00000392896
10405,PLEKHG2,64857,,9606.ENSP00000392906
10406,HTATIP2,10553,,9606.ENSP00000392985
10407,SLC4A10,57282,,9606.ENSP00000393066
10408,GABRA1,2554,P14867,9606.ENSP00000393097
10409,LPAR5,57121,,9606.ENSP00000393098
10410,LHFPL3,375612,,9606.ENSP00000393128
10411,CDC7,8317,,9606.ENSP00000393139
10412,FBXO15,201456,,9606.ENSP00000393154
10413,DCAF1,9730,,9606.ENSP00000393183
10414,HES4,57801,,9606.ENSP00000393198
10415,CFAP221,200373,,9606.ENSP00000393222
10416,RPS18,6222,P62269,9606.ENSP00000393241
10417,NANOS1,340719,,9606.ENSP00000393275
10418,FGFR1,2260,P11362,9606.ENSP00000393312
10419,EPS15L1,58513,,9606.ENSP00000393313
10420,TMX1,81542,,9606.ENSP00000393316
10421,EIF4E3,317649,,9606.ENSP00000393324
10422,TBXA2R,6915,P21731,9606.ENSP00000393333
10423,MYO1A,4640,,9606.ENSP00000393392
10424,CASP14,23581,,9606.ENSP00000393417
10425,SMYD1,150572,,9606.ENSP00000393453
10426,CD163L1,283316,,9606.ENSP00000393474
10427,ABLIM2,84448,,9606.ENSP00000393511
10428,IFT27,11020,,9606.ENSP00000393541
10429,SLC4A4,8671,,9606.ENSP00000393557
10430,PACS2,23241,,9606.ENSP00000393559
10431,HLA-DPA1,3113,,9606.ENSP00000393566
10432,BIRC6,57448,,9606.ENSP00000393596
10433,FAM126B,285172,,9606.ENSP00000393667
10434,CLEC17A,388512,,9606.ENSP00000393719
10435,SESN1,27244,,9606.ENSP00000393762
10436,PLA2G10,8399,,9606.ENSP00000393847
10437,TTC39A,22996,,9606.ENSP00000393952
10438,KIFC1,3833,,9606.ENSP00000393963
10439,PRKD2,25865,,9606.ENSP00000393978
10440,TAFA2,338811,,9606.ENSP00000393987
10441,KCNK2,3776,O95069,9606.ENSP00000394033
10442,SLA,6503,,9606.ENSP00000394049
10443,GDI1,2664,,9606.ENSP00000394071
10444,JMJD6,23210,,9606.ENSP00000394085
10445,DAP,1611,,9606.ENSP00000394163
10446,TMEM182,130827,,9606.ENSP00000394178
10447,CSF2RA,1438,,9606.ENSP00000394227
10448,BZW1,9689,,9606.ENSP00000394316
10449,COMMD5,28991,,9606.ENSP00000394331
10450,DIXDC1,85458,,9606.ENSP00000394352
10451,KCTD15,79047,,9606.ENSP00000394390
10452,ANAPC7,51434,,9606.ENSP00000394394
10453,DCLK3,85443,Q9C098,9606.ENSP00000394484
10454,CORO1C,23603,,9606.ENSP00000394496
10455,PRR12,57479,,9606.ENSP00000394510
10456,MAPK9,5601,P45984,9606.ENSP00000394560
10457,OPRM1,4988,P35372,9606.ENSP00000394624
10458,SEMA4B,10509,,9606.ENSP00000394720
10459,CLK1,,P49759,9606.ENSP00000394734
10460,IPCEF1,26034,,9606.ENSP00000394751
10461,ZNF516,9658,,9606.ENSP00000394757
10462,CMYA5,202333,,9606.ENSP00000394770
10463,SENP1,29843,,9606.ENSP00000394791
10464,PTPN13,5783,,9606.ENSP00000394794
10465,GCA,25801,P28676,9606.ENSP00000394842
10466,DOCK8,81704,,9606.ENSP00000394888
10467,ORM2,5005,P19652,9606.ENSP00000394936
10468,KLHL24,54800,,9606.ENSP00000395012
10469,MTFR2,113115,,9606.ENSP00000395232
10470,ZBED9,114821,,9606.ENSP00000395259
10471,CD70,970,,9606.ENSP00000395294
10472,MAN2B1,4125,,9606.ENSP00000395473
10473,SNX10,29887,,9606.ENSP00000395474
10474,MECP2,4204,,9606.ENSP00000395535
10475,ELOA,6924,,9606.ENSP00000395574
10476,IFI35,3430,,9606.ENSP00000395590
10477,CXCR6,10663,,9606.ENSP00000395704
10478,RAPGEF3,10411,,9606.ENSP00000395708
10479,GNL3,26354,,9606.ENSP00000395772
10480,WDR20,91833,,9606.ENSP00000395793
10481,ITPRID1,223075,,9606.ENSP00000395835
10482,NSD1,64324,,9606.ENSP00000395929
10483,SLC12A4,,Q9UP95,9606.ENSP00000395983
10484,PLA2G4B,100137049,,9606.ENSP00000396045
10485,BRMS1,25855,,9606.ENSP00000396052
10486,UBR3,130507,,9606.ENSP00000396068
10487,FBRSL1,57666,,9606.ENSP00000396160
10488,FGF13,2258,,9606.ENSP00000396198
10489,DELE1,9812,,9606.ENSP00000396225
10490,DHFR,1719,P00374;P00378,9606.ENSP00000396308
10491,SCN4A,6329,P35499,9606.ENSP00000396320
10492,HLA-DQB2,3120,,9606.ENSP00000396330
10493,ZNF302,55900,,9606.ENSP00000396379
10494,OSGIN2,,,9606.ENSP00000396445
10495,PUDP,8226,,9606.ENSP00000396452
10496,MAPKAPK3,7867,,9606.ENSP00000396467
10497,C4A,720,,9606.ENSP00000396688
10498,NTM,50863,,9606.ENSP00000396722
10499,CNTD2,79935,,9606.ENSP00000396755
10500,NFIC,4782,,9606.ENSP00000396843
10501,SCN1B,6324,Q07699,9606.ENSP00000396915
10502,URGCP,55665,,9606.ENSP00000396918
10503,RUBCNL,80183,,9606.ENSP00000396935
10504,PSMD13,5719,,9606.ENSP00000396937
10505,ATF5,22809,Q9Y2D1,9606.ENSP00000396954
10506,BAHD1,22893,,9606.ENSP00000396976
10507,TENT4B,64282,,9606.ENSP00000396995
10508,GRIK2,2898,Q13002,9606.ENSP00000397026
10509,TRIM10,10107,,9606.ENSP00000397073
10510,SFTPA1,653509,,9606.ENSP00000397082
10511,PRKAG3,53632,Q9UGI9,9606.ENSP00000397133
10512,TSPY10,100289087,,9606.ENSP00000397151
10513,TSPY3,728137,,9606.ENSP00000397151
10514,PERP,64065,,9606.ENSP00000397157
10515,BLCAP,10904,,9606.ENSP00000397172
10516,ZNF300,91975,,9606.ENSP00000397178
10517,RGS4,5999,,9606.ENSP00000397181
10518,KDM4E,,,9606.ENSP00000397239
10519,BZW2,28969,,9606.ENSP00000397249
10520,ATXN7L3,56970,,9606.ENSP00000397259
10521,SELENBP1,8991,,9606.ENSP00000397261
10522,FAM136A,84908,,9606.ENSP00000397269
10523,NTF3,4908,,9606.ENSP00000397297
10524,RLN3,117579,,9606.ENSP00000397415
10525,TSC22D1,8848,,9606.ENSP00000397435
10526,COG6,57511,,9606.ENSP00000397441
10527,DUSP22,56940,,9606.ENSP00000397459
10528,ACTL6A,86,,9606.ENSP00000397552
10529,TENT2,167153,,9606.ENSP00000397563
10530,GTF2IRD1,9569,,9606.ENSP00000397566
10531,KY,,,9606.ENSP00000397598
10532,ASB15,142685,,9606.ENSP00000397655
10533,ALKBH8,91801,,9606.ENSP00000397673
10534,ENDOU,8909,,9606.ENSP00000397679
10535,ZNF28,7576,,9606.ENSP00000397693
10536,IL34,146433,,9606.ENSP00000397863
10537,MRO,83876,,9606.ENSP00000397900
10538,LPIN1,23175,,9606.ENSP00000397908
10539,SP140L,93349,,9606.ENSP00000397911
10540,ATP2C2,9914,,9606.ENSP00000397925
10541,POLDIP3,84271,,9606.ENSP00000397927
10542,PLEKHA8,84725,,9606.ENSP00000397947
10543,CLDN9,9080,,9606.ENSP00000398017
10544,ATP9B,374868,,9606.ENSP00000398076
10545,E2F5,1875,,9606.ENSP00000398124
10546,GSPT1,2935,,9606.ENSP00000398131
10547,ALKBH2,121642,Q6NS38,9606.ENSP00000398181
10548,SOX5,6660,,9606.ENSP00000398273
10549,C11orf68,83638,,9606.ENSP00000398350
10550,LIFR,3977,,9606.ENSP00000398368
10551,FAM133B,257415,,9606.ENSP00000398401
10552,KDM8,79831,,9606.ENSP00000398410
10553,CADPS2,93664,Q86UW7,9606.ENSP00000398481
10554,DIABLO,56616,,9606.ENSP00000398495
10555,CALCOCO2,10241,,9606.ENSP00000398523
10556,PRF1,5551,,9606.ENSP00000398568
10557,EXOSC6,118460,,9606.ENSP00000398597
10558,ANXA11,311,,9606.ENSP00000398610
10559,CD44,960,,9606.ENSP00000398632
10560,ITK,3702,Q08881,9606.ENSP00000398655
10561,TNF,7124,P01375,9606.ENSP00000398698
10562,CHID1,66005,,9606.ENSP00000398722
10563,C2orf74,339804,,9606.ENSP00000398725
10564,CCN1,3491,,9606.ENSP00000398736
10565,ZNF142,7701,,9606.ENSP00000398798
10566,TSTA3,7264,,9606.ENSP00000398803
10567,PHF21A,51317,,9606.ENSP00000398824
10568,AGTR1,185,P30556,9606.ENSP00000398832
10569,AGTR1B,11608,,9606.ENSP00000398832
10570,KMT2B,9757,,9606.ENSP00000398837
10571,CDK12,51755,,9606.ENSP00000398880
10572,DOHH,83475,,9606.ENSP00000398882
10573,HLA-DMB,3109,,9606.ENSP00000398890
10574,CNTNAP5,129684,,9606.ENSP00000399013
10575,SLC6A12,6539,,9606.ENSP00000399136
10576,HLA-B,3106,,9606.ENSP00000399168
10577,DDX19B,11269,,9606.ENSP00000399208
10578,MXRA8,54587,,9606.ENSP00000399229
10579,FCHSD1,,,9606.ENSP00000399259
10580,FGF16,8823,,9606.ENSP00000399324
10581,PRNP,5621,P04156,9606.ENSP00000399376
10582,KLC2,64837,,9606.ENSP00000399403
10583,KYAT1,883,Q16773,9606.ENSP00000399415
10584,DDOST,1650,,9606.ENSP00000399457
10585,ATF7,11016,P17544,9606.ENSP00000399465
10586,JMJD8,,,9606.ENSP00000399475
10587,TNIK,23043,Q9UKE5,9606.ENSP00000399511
10588,SATB1,6304,,9606.ENSP00000399518
10589,MRS2,57380,,9606.ENSP00000399585
10590,PRG4,10216,,9606.ENSP00000399679
10591,PLAC8,51316,,9606.ENSP00000399700
10592,BEST1,7439,,9606.ENSP00000399709
10593,MBIP,51562,,9606.ENSP00000399718
10594,CHRM2,1129,P08172,9606.ENSP00000399745
10595,MOV10,4343,,9606.ENSP00000399797
10596,CRYZ,1429,Q08257,9606.ENSP00000399805
10597,HOXC4,3221,,9606.ENSP00000399808
10598,POLG,5428,,9606.ENSP00000399851
10599,HMGA1,3159,,9606.ENSP00000399888
10600,NBEAL1,65065,,9606.ENSP00000399903
10601,NCOA2,10499,Q15596,9606.ENSP00000399968
10602,PPP2R2D,55844,,9606.ENSP00000399970
10603,SLC52A1,55065,,9606.ENSP00000399979
10604,TAF6,6878,,9606.ENSP00000399982
10605,PTPRJ,5795,,9606.ENSP00000400010
10606,ASRGL1,80150,Q7L266,9606.ENSP00000400057
10607,SLC25A13,10165,Q9UJS0,9606.ENSP00000400101
10608,ZDHHC13,54503,,9606.ENSP00000400113
10609,EWSR1,2130,,9606.ENSP00000400142
10610,B3GNT9,84752,,9606.ENSP00000400157
10611,RHOA,387,,9606.ENSP00000400175
10612,FJX1,24147,,9606.ENSP00000400223
10613,TBATA,219793,,9606.ENSP00000400224
10614,DNAI2,64446,,9606.ENSP00000400252
10615,ULK3,,Q6PHR2,9606.ENSP00000400312
10616,SLC2A11,66035,,9606.ENSP00000400325
10617,SNX27,81609,,9606.ENSP00000400333
10618,FOXA2,3170,,9606.ENSP00000400341
10619,LAMA2,3908,,9606.ENSP00000400365
10620,ERAP2,64167,,9606.ENSP00000400376
10621,HNRNPF,3185,,9606.ENSP00000400433
10622,SNAP91,9892,,9606.ENSP00000400459
10623,CMTM3,123920,,9606.ENSP00000400482
10624,THAP5,168451,,9606.ENSP00000400500
10625,CCL24,6369,,9606.ENSP00000400533
10626,SNRPE,6635,,9606.ENSP00000400591
10627,PNPT1,87178,,9606.ENSP00000400646
10628,GNA13,10672,,9606.ENSP00000400717
10629,SLC35G2,80723,,9606.ENSP00000400839
10630,PPIP5K1,9677,,9606.ENSP00000400887
10631,TESPA1,9840,,9606.ENSP00000400892
10632,PENK,5179,,9606.ENSP00000400894
10633,UBE2L3,7332,,9606.ENSP00000400906
10634,MYBPC1,4604,,9606.ENSP00000400908
10635,SLAIN1,122060,,9606.ENSP00000400921
10636,SLC35G1,159371,,9606.ENSP00000400932
10637,CAPZB,832,,9606.ENSP00000401010
10638,GINS3,64785,,9606.ENSP00000401018
10639,HECTD2,143279,,9606.ENSP00000401023
10640,SATB2,23314,,9606.ENSP00000401112
10641,GAS2,2620,,9606.ENSP00000401145
10642,BUD23,114049,,9606.ENSP00000401191
10643,USP19,10869,,9606.ENSP00000401197
10644,CTPS2,56474,,9606.ENSP00000401264
10645,CBLL1,79872,,9606.ENSP00000401277
10646,SHC1,6464,,9606.ENSP00000401303
10647,TIA1,7072,,9606.ENSP00000401371
10648,VPS53,55275,,9606.ENSP00000401435
10649,LDB3,11155,,9606.ENSP00000401437
10650,ERN1,2081,O75460,9606.ENSP00000401445
10651,RANGAP1,5905,,9606.ENSP00000401470
10652,SIGLEC6,946,,9606.ENSP00000401502
10653,NAPRT,93100,,9606.ENSP00000401508
10654,DNAH1,25981,,9606.ENSP00000401514
10655,RANBP1,5902,,9606.ENSP00000401564
10656,ECD,11319,,9606.ENSP00000401566
10657,DTHD1,401124,,9606.ENSP00000401597
10658,MYO16,23026,,9606.ENSP00000401633
10659,ZNF304,57343,,9606.ENSP00000401642
10660,SERPINB2,5055,,9606.ENSP00000401645
10661,MYOCD,93649,,9606.ENSP00000401678
10662,GK,2710,,9606.ENSP00000401720
10663,P4HA3,283208,,9606.ENSP00000401749
10664,CITED1,4435,,9606.ENSP00000401764
10665,ACSF2,80221,,9606.ENSP00000401831
10666,HYAL2,8692,,9606.ENSP00000401853
10667,MXD3,83463,,9606.ENSP00000401867
10668,RAF1,5894,P04049,9606.ENSP00000401888
10669,BMPR1B,658,O00238,9606.ENSP00000401907
10670,TNRC6B,23112,,9606.ENSP00000401946
10671,MAVS,57506,,9606.ENSP00000401980
10672,PDZD2,23037,,9606.ENSP00000402033
10673,MTO1,25821,,9606.ENSP00000402038
10674,PVR,5817,,9606.ENSP00000402060
10675,WEE1,7465,P30291,9606.ENSP00000402084
10676,L3MBTL1,26013,,9606.ENSP00000402107
10677,SLC12A3,6559,P55017,9606.ENSP00000402152
10678,BORCS8-MEF2B,4207,,9606.ENSP00000402154
10679,MEF2B,100271849,,9606.ENSP00000402154
10680,VSIG1,340547,,9606.ENSP00000402219
10681,RUNX1T1,862,,9606.ENSP00000402257
10682,LAPTM4B,55353,,9606.ENSP00000402301
10683,GRAMD1B,57476,,9606.ENSP00000402457
10684,CLSTN2,64084,,9606.ENSP00000402460
10685,MTRR,4552,,9606.ENSP00000402510
10686,SMG1,23049,,9606.ENSP00000402515
10687,SENP6,26054,,9606.ENSP00000402527
10688,PPFIA4,8497,,9606.ENSP00000402576
10689,MDGA1,266727,,9606.ENSP00000402584
10690,CPS1,1373,,9606.ENSP00000402608
10691,BHMG1,388553,,9606.ENSP00000402674
10692,PTH1R,5745,,9606.ENSP00000402723
10693,NR2C2AP,126382,,9606.ENSP00000402756
10694,PMEL,6490,,9606.ENSP00000402758
10695,SLC22A5,6584,O76082,9606.ENSP00000402760
10696,TMEM235,283999,,9606.ENSP00000402790
10697,KCNK4,,,9606.ENSP00000402797
10698,TREML1,340205,,9606.ENSP00000402855
10699,PLCL1,5334,Q15111,9606.ENSP00000402861
10700,CCNQ,92002,,9606.ENSP00000402949
10701,HP1BP3,,Q5SSJ5,9606.ENSP00000403039
10702,PHTF2,57157,,9606.ENSP00000403042
10703,FRMD5,84978,,9606.ENSP00000403067
10704,VKORC1L1,,,9606.ENSP00000403077
10705,SIGIRR,59307,,9606.ENSP00000403104
10706,RPL6,6128,,9606.ENSP00000403172
10707,TSPY1,7258,,9606.ENSP00000403304
10708,SNRNP35,11066,,9606.ENSP00000403310
10709,ARHGAP27,201176,,9606.ENSP00000403323
10710,AAMP,14,,9606.ENSP00000403343
10711,AP2M1,1173,,9606.ENSP00000403362
10712,FAM126A,84668,,9606.ENSP00000403396
10713,GRB7,2886,,9606.ENSP00000403459
10714,CC2D2A,57545,,9606.ENSP00000403465
10715,LTA,4049,,9606.ENSP00000403495
10716,BRAP,8315,,9606.ENSP00000403524
10717,GAMT,2593,Q14353,9606.ENSP00000403536
10718,DDC,1644,P20711,9606.ENSP00000403644
10719,TANGO2,128989,,9606.ENSP00000403645
10720,MRGPRF,116535,,9606.ENSP00000403660
10721,PRM2,5620,,9606.ENSP00000403681
10722,NABP1,64859,,9606.ENSP00000403683
10723,ARRB2,409,,9606.ENSP00000403701
10724,AASS,10157,,9606.ENSP00000403768
10725,FBXO10,26267,,9606.ENSP00000403802
10726,DISC1,27185,,9606.ENSP00000403888
10727,IFTAP,119710,,9606.ENSP00000403937
10728,TENM1,10178,,9606.ENSP00000403954
10729,ICA1,3382,,9606.ENSP00000403982
10730,DNAJB5,25822,,9606.ENSP00000404079
10731,SMC6,79677,,9606.ENSP00000404092
10732,ILF3,3609,,9606.ENSP00000404121
10733,IFT74,,,9606.ENSP00000404122
10734,TGFA,7039,,9606.ENSP00000404131
10735,RACGAP1,29127,,9606.ENSP00000404190
10736,CKMT2,1160,P17540,9606.ENSP00000404203
10737,EFHC2,80258,,9606.ENSP00000404232
10738,VGLL4,9686,,9606.ENSP00000404251
10739,PLEKHA5,54477,,9606.ENSP00000404296
10740,RPL36A,6173,,9606.ENSP00000404375
10741,LIMS3,96626,,9606.ENSP00000404432
10742,LIMS4,100288695,,9606.ENSP00000404432
10743,SOHLH1,402381,,9606.ENSP00000404438
10744,BBC3,27113,,9606.ENSP00000404503
10745,MYH13,8735,,9606.ENSP00000404570
10746,EZH1,2145,Q92800,9606.ENSP00000404658
10747,PGGT1B,5229,,9606.ENSP00000404676
10748,NAALADL2,254827,,9606.ENSP00000404705
10749,TAPBP,6892,,9606.ENSP00000404833
10750,NDRG1,10397,,9606.ENSP00000404854
10751,SCHIP1,29970,,9606.ENSP00000404860
10752,PRICKLE4,29964,,9606.ENSP00000404911
10753,ACVR1,90,Q04771,9606.ENSP00000405004
10754,NOP14,8602,,9606.ENSP00000405068
10755,SPANXB1,728695,,9606.ENSP00000405202
10756,AKAP7,9465,,9606.ENSP00000405252
10757,ETV1,2115,,9606.ENSP00000405327
10758,ESR1,2099,P03372,9606.ENSP00000405330
10759,CA10,56934,Q9NS85,9606.ENSP00000405388
10760,PHLDB2,90102,,9606.ENSP00000405405
10761,OXR1,55074,,9606.ENSP00000405424
10762,MSR1,4481,,9606.ENSP00000405453
10763,MDGA2,161357,,9606.ENSP00000405456
10764,PPP1R9A,55607,,9606.ENSP00000405514
10765,GPI,2821,P06744,9606.ENSP00000405573
10766,TBL1XR1,79718,,9606.ENSP00000405574
10767,CLMP,79827,,9606.ENSP00000405577
10768,DHX30,22907,,9606.ENSP00000405620
10769,NOL7,51406,,9606.ENSP00000405674
10770,CDC45,8318,,9606.ENSP00000405726
10771,ESRP1,54845,,9606.ENSP00000405738
10772,RXFP1,59350,,9606.ENSP00000405841
10773,PBX1,5087,,9606.ENSP00000405890
10774,TMED7,51014,,9606.ENSP00000405926
10775,RASGRF1,5923,,9606.ENSP00000405963
10776,SUMO2,6613,,9606.ENSP00000405965
10777,LRRD1,401387,,9606.ENSP00000405987
10778,IFT140,9742,,9606.ENSP00000406012
10779,UNC5C,8633,,9606.ENSP00000406022
10780,SH2D5,400745,,9606.ENSP00000406026
10781,EPM2AIP1,,,9606.ENSP00000406027
10782,KAT8,84148,,9606.ENSP00000406037
10783,HTR3E,285242,A5X5Y0,9606.ENSP00000406050
10784,TDRD5,163589,,9606.ENSP00000406052
10785,PAPSS2,9060,,9606.ENSP00000406157
10786,PRMT1,3276,,9606.ENSP00000406162
10787,TRPV4,59341,Q9HBA0,9606.ENSP00000406191
10788,ZNF160,90338,,9606.ENSP00000406201
10789,SLC13A5,284111,,9606.ENSP00000406220
10790,FAT1,2195,,9606.ENSP00000406229
10791,ENPP3,5169,,9606.ENSP00000406261
10792,ZBTB7B,51043,,9606.ENSP00000406286
10793,TCEA3,6920,,9606.ENSP00000406293
10794,ADGRA2,25960,,9606.ENSP00000406367
10795,DNAJC7,7266,,9606.ENSP00000406463
10796,CDK15,65061,Q96Q40,9606.ENSP00000406472
10797,LILRB5,10990,,9606.ENSP00000406478
10798,THSD7A,221981,,9606.ENSP00000406482
10799,PMS1,5378,,9606.ENSP00000406490
10800,C11orf21,29125,,9606.ENSP00000406541
10801,TAF1,6872,,9606.ENSP00000406549
10802,MOGAT1,116255,,9606.ENSP00000406674
10803,DCD,117159,P81605,9606.ENSP00000406773
10804,MUC6,4588,,9606.ENSP00000406861
10805,PHOSPHO1,162466,Q8TCT1,9606.ENSP00000406909
10806,LAX1,54900,,9606.ENSP00000406970
10807,GPR6,2830,,9606.ENSP00000406986
10808,ZNF418,147686,,9606.ENSP00000407039
10809,NAPEPLD,222236,,9606.ENSP00000407112
10810,SYBU,55638,,9606.ENSP00000407118
10811,ZNF410,57862,,9606.ENSP00000407130
10812,TNPO2,30000,,9606.ENSP00000407182
10813,EBNA1BP2,10969,,9606.ENSP00000407323
10814,NDUFB3,4709,,9606.ENSP00000407336
10815,LMNTD1,160492,,9606.ENSP00000407353
10816,MUC7,4589,,9606.ENSP00000407422
10817,HIPK1,204851,,9606.ENSP00000407442
10818,UNC45A,55898,,9606.ENSP00000407487
10819,PNPLA6,10908,,9606.ENSP00000407509
10820,CHRNA7,1139,P36544,9606.ENSP00000407546
10821,GAS7,8522,,9606.ENSP00000407552
10822,HRAS,3265,,9606.ENSP00000407586
10823,KCNMB2,10242,Q9Y691,9606.ENSP00000407592
10824,METTL6,131965,,9606.ENSP00000407613
10825,TNXB,7148,,9606.ENSP00000407685
10826,VWA5A,4013,,9606.ENSP00000407726
10827,ACOXL,55289,,9606.ENSP00000407761
10828,CCDC122,160857,,9606.ENSP00000407763
10829,USP46,64854,,9606.ENSP00000407818
10830,CNTN6,27255,,9606.ENSP00000407822
10831,VRK2,7444,,9606.ENSP00000408002
10832,NHERF2;SLC9A3R2,9351,,9606.ENSP00000408005
10833,FBP1,2203,P09467,9606.ENSP00000408025
10834,HLA-DPB1,3115,,9606.ENSP00000408146
10835,LPAR4,2846,Q99677,9606.ENSP00000408205
10836,TRIM32,22954,,9606.ENSP00000408292
10837,PRAM1,84106,,9606.ENSP00000408342
10838,LAMP2,3920,,9606.ENSP00000408411
10839,IMPA1,3612,P29218,9606.ENSP00000408526
10840,STPG4,285051,,9606.ENSP00000408527
10841,TMEM132D,121256,,9606.ENSP00000408581
10842,HDAC9,9734,Q9UKV0,9606.ENSP00000408617
10843,PRKCA,5578,P17252,9606.ENSP00000408695
10844,SP8,221833,,9606.ENSP00000408792
10845,DCTN2,10540,,9606.ENSP00000408910
10846,KIF5A,3798,,9606.ENSP00000408979
10847,GDNF,2668,,9606.ENSP00000409007
10848,ANO6,196527,,9606.ENSP00000409126
10849,WSB2,55884,,9606.ENSP00000409131
10850,OTUD4,54726,,9606.ENSP00000409279
10851,CISH,1154,,9606.ENSP00000409346
10852,CHRM4,1132,P08173,9606.ENSP00000409378
10853,ZNF740,283337,,9606.ENSP00000409463
10854,CLDN4,1364,,9606.ENSP00000409544
10855,HERPUD1,9709,,9606.ENSP00000409555
10856,ARRB1,408,,9606.ENSP00000409581
10857,SUMO3,6612,,9606.ENSP00000409666
10858,SYNJ1,8867,,9606.ENSP00000409667
10859,TMBIM1,64114,,9606.ENSP00000409738
10860,RPP21,79897,,9606.ENSP00000409799
10861,TMEM159,57146,,9606.ENSP00000409879
10862,CCNB1IP1,57820,,9606.ENSP00000409896
10863,USP53,,,9606.ENSP00000409906
10864,C2CD6,151254,,9606.ENSP00000409937
10865,VPS52,6293,,9606.ENSP00000409952
10866,CFAP97,57587,,9606.ENSP00000409964
10867,PHGR1,644844,,9606.ENSP00000410024
10868,BRD1,23774,,9606.ENSP00000410042
10869,EEF1D,1936,,9606.ENSP00000410059
10870,AK9,221264,,9606.ENSP00000410186
10871,IGF2BP2,10644,,9606.ENSP00000410242
10872,FGFR2,2263,P21802,9606.ENSP00000410294
10873,PDE1A,5136,P54750,9606.ENSP00000410309
10874,TOMM40,10452,,9606.ENSP00000410339
10875,CMSS1,84319,,9606.ENSP00000410396
10876,MAP2K4,6416,P45985,9606.ENSP00000410402
10877,TAF1D,79101,,9606.ENSP00000410409
10878,TRIM26,7726,,9606.ENSP00000410446
10879,STMN1,3925,,9606.ENSP00000410452
10880,LTB,4050,,9606.ENSP00000410481
10881,CDK3,1018,,9606.ENSP00000410561
10882,CELF4,56853,,9606.ENSP00000410584
10883,AFAP1,60312,,9606.ENSP00000410689
10884,SFRP4,6424,Q6FHJ7,9606.ENSP00000410715
10885,GABRG2,2566,P18507,9606.ENSP00000410732
10886,DOCK4,9732,,9606.ENSP00000410746
10887,ATXN7L1,222255,,9606.ENSP00000410759
10888,CNBP,7555,,9606.ENSP00000410769
10889,FCGRT,2217,,9606.ENSP00000410798
10890,FIGNL1,63979,,9606.ENSP00000410811
10891,MAD2L1BP,9587,,9606.ENSP00000410818
10892,GBE1,2632,,9606.ENSP00000410833
10893,TMEM132C,92293,,9606.ENSP00000410852
10894,MUSTN1,389125,,9606.ENSP00000410910
10895,LMLN,89782,,9606.ENSP00000410926
10896,TSPYL4,23270,,9606.ENSP00000410943
10897,ERLIN1,10613,,9606.ENSP00000410964
10898,MOGS,7841,,9606.ENSP00000410992
10899,NSMAF,8439,,9606.ENSP00000411012
10900,TMPRSS3,64699,,9606.ENSP00000411013
10901,BCL7B,9275,,9606.ENSP00000411073
10902,ABCA13,154664,,9606.ENSP00000411096
10903,TLK1,9874,Q9UKI8,9606.ENSP00000411099
10904,BEGAIN,57596,,9606.ENSP00000411124
10905,FEZF1,389549,,9606.ENSP00000411145
10906,MDR1,,P13568,9606.ENSP00000411197
10907,TBC1D9,23158,,9606.ENSP00000411197
10908,FNDC3B,64778,,9606.ENSP00000411242
10909,GABARAPL1,23710,,9606.ENSP00000411256
10910,PTPRC,5788,,9606.ENSP00000411355
10911,MARK3,4140,P27448,9606.ENSP00000411397
10912,RAB3GAP1,22930,,9606.ENSP00000411418
10913,TOP2A,7153,P11388,9606.ENSP00000411532
10914,MSANTD1,,,9606.ENSP00000411584
10915,GLRA1,2741,P23415,9606.ENSP00000411593
10916,AOC1,26,P19801;Q9TRC7,9606.ENSP00000411613
10917,ATP6V0E2,,Q8NHE4,9606.ENSP00000411672
10918,MPST,4357,,9606.ENSP00000411719
10919,COLEC11,78989,,9606.ENSP00000411770
10920,GPR35,2859,Q9HC97,9606.ENSP00000411788
10921,CSGALNACT1,55790,,9606.ENSP00000411816
10922,ALDH3A1,218,,9606.ENSP00000411821
10923,PDCD6IP,10015,,9606.ENSP00000411825
10924,GPR137,56834,,9606.ENSP00000411827
10925,KIF21B,23046,,9606.ENSP00000411831
10926,MARCHF1,55016,,9606.ENSP00000411848
10927,MARCHF8,220972,,9606.ENSP00000411848
10928,EPGN,255324,,9606.ENSP00000411898
10929,LMOD2,442721,,9606.ENSP00000411932
10930,IFNA17,3451,,9606.ENSP00000411940
10931,SAPCD1,401251,,9606.ENSP00000411948
10932,HSD17B4,3295,,9606.ENSP00000411960
10933,PRR13,54458,,9606.ENSP00000412064
10934,MRVI1,10335,,9606.ENSP00000412130
10935,DGKZ,8525,,9606.ENSP00000412178
10936,IL5RA,3568,Q01344,9606.ENSP00000412209
10937,IL10,3586,,9606.ENSP00000412237
10938,DEPDC1,55635,,9606.ENSP00000412292
10939,MBD3,53615,,9606.ENSP00000412302
10940,PPP2R5C,5527,,9606.ENSP00000412324
10941,ARPP21,10777,,9606.ENSP00000412326
10942,ZNF438,220929,,9606.ENSP00000412363
10943,ARHGAP22,58504,,9606.ENSP00000412461
10944,MYEOV,26579,,9606.ENSP00000412482
10945,SNRPB,6628,,9606.ENSP00000412566
10946,GABRR1,2569,P24046,9606.ENSP00000412673
10947,RMND1,55005,,9606.ENSP00000412708
10948,MALRD1,340895,,9606.ENSP00000412763
10949,IKZF2,22807,,9606.ENSP00000412869
10950,CAMTA2,23125,,9606.ENSP00000412886
10951,RPP14,11102,,9606.ENSP00000412894
10952,IFNA4,3441,,9606.ENSP00000412897
10953,FREM1,158326,,9606.ENSP00000412940
10954,AGBL1,123624,,9606.ENSP00000413001
10955,CCDC28B,,,9606.ENSP00000413017
10956,RBFOX2,23543,,9606.ENSP00000413035
10957,NAT8L,339983,,9606.ENSP00000413064
10958,MICA,100507436,,9606.ENSP00000413079
10959,SCAF8,22828,,9606.ENSP00000413098
10960,RAB34,83871,,9606.ENSP00000413156
10961,PIGZ,80235,,9606.ENSP00000413405
10962,ZFHX2,85446,,9606.ENSP00000413418
10963,RPL10,6134,P27635,9606.ENSP00000413436
10964,KIAA1324L,222223,,9606.ENSP00000413445
10965,KRT3,3850,,9606.ENSP00000413479
10966,FGF12,2257,,9606.ENSP00000413496
10967,SEPTIN7,989,,9606.ENSP00000413507
10968,HID1,283987,,9606.ENSP00000413520
10969,NLE1,54475,,9606.ENSP00000413572
10970,CROT,54677,Q9UKG9,9606.ENSP00000413575
10971,RFESD,317671,,9606.ENSP00000413592
10972,STXBP2,6813,,9606.ENSP00000413606
10973,FNBP1,23048,,9606.ENSP00000413625
10974,TOM1,10043,,9606.ENSP00000413697
10975,LRRC15,131578,,9606.ENSP00000413707
10976,CDKN1C,1028,,9606.ENSP00000413720
10977,SIGLEC9,27180,,9606.ENSP00000413861
10978,BCS1L,617,,9606.ENSP00000413908
10979,RCOR3,55758,,9606.ENSP00000413929
10980,INPP5K,51763,,9606.ENSP00000413937
10981,GDPD2,54857,,9606.ENSP00000414019
10982,NRBP2,340371,,9606.ENSP00000414055
10983,SDHAF3,57001,,9606.ENSP00000414066
10984,CUL2,8453,,9606.ENSP00000414095
10985,HJURP,55355,,9606.ENSP00000414109
10986,SPART,23111,,9606.ENSP00000414147
10987,ERG,2078,,9606.ENSP00000414150
10988,INTS2,57508,,9606.ENSP00000414237
10989,MST1,4485,,9606.ENSP00000414287
10990,BDNF,627,P23560,9606.ENSP00000414303
10991,RPS24,6229,,9606.ENSP00000414321
10992,MUC20,200958,,9606.ENSP00000414350
10993,PSMA1,5682,,9606.ENSP00000414359
10994,EFNA4,1945,,9606.ENSP00000414378
10995,CFAP300,85016,,9606.ENSP00000414390
10996,DNAJB11,51726,,9606.ENSP00000414398
10997,MAMLD1,10046,,9606.ENSP00000414517
10998,MID1,4281,,9606.ENSP00000414521
10999,PRPSAP1,5635,,9606.ENSP00000414624
11000,LRRC34,151827,,9606.ENSP00000414635
11001,CARF,79800,,9606.ENSP00000414644
11002,OSR2,116039,,9606.ENSP00000414657
11003,LMOD3,,,9606.ENSP00000414670
11004,WBP1L,54838,,9606.ENSP00000414721
11005,SKOR2,,,9606.ENSP00000414750
11006,TMEM64,169200,,9606.ENSP00000414786
11007,ELP2,55250,,9606.ENSP00000414851
11008,SPARCL1,8404,,9606.ENSP00000414856
11009,HYLS1,219844,,9606.ENSP00000414884
11010,KCNIP1,30820,,9606.ENSP00000414886
11011,CTSO,1519,,9606.ENSP00000414904
11012,DCTN4,51164,,9606.ENSP00000414906
11013,PTBP3,9991,,9606.ENSP00000414921
11014,KLC1,3831,,9606.ENSP00000414982
11015,SLC30A8,169026,,9606.ENSP00000415011
11016,C16orf96,342346,,9606.ENSP00000415027
11017,TMEM171,134285,,9606.ENSP00000415030
11018,NBEAL2,23218,,9606.ENSP00000415034
11019,GSDMB,55876,,9606.ENSP00000415049
11020,ZNF177,7730,,9606.ENSP00000415070
11021,TICAM2,353376,,9606.ENSP00000415139
11022,CBFB,865,,9606.ENSP00000415151
11023,NPIPB7,440350,,9606.ENSP00000415207
11024,SKIL,6498,,9606.ENSP00000415243
11025,ICAM2,3384,,9606.ENSP00000415283
11026,SESTD1,91404,,9606.ENSP00000415332
11027,TRIB3,57761,,9606.ENSP00000415416
11028,GTSE1,51512,,9606.ENSP00000415430
11029,INTS12,57117,,9606.ENSP00000415433
11030,GCNT1,2650,,9606.ENSP00000415454
11031,LARP4,113251,,9606.ENSP00000415464
11032,TSBP1,10665,,9606.ENSP00000415517
11033,DCAF11,80344,,9606.ENSP00000415556
11034,CTCFL,140690,,9606.ENSP00000415579
11035,CD36,948,,9606.ENSP00000415743
11036,ITIH3,3699,Q06033,9606.ENSP00000415769
11037,SERPINE2,5270,,9606.ENSP00000415786
11038,ATXN1L,,,9606.ENSP00000415822
11039,ZNF276,92822,,9606.ENSP00000415836
11040,C4B,721,P0C0L5,9606.ENSP00000415941
11041,C4B_2,100293534,,9606.ENSP00000415941
11042,SLC48A1,55652,,9606.ENSP00000415998
11043,SLC35A2,7355,,9606.ENSP00000416002
11044,MICAL3,57553,,9606.ENSP00000416015
11045,TMPRSS4,56649,,9606.ENSP00000416037
11046,KIAA1549,57670,,9606.ENSP00000416040
11047,SERPINA1,5265,P01009,9606.ENSP00000416066
11048,GOLGA2,2801,,9606.ENSP00000416097
11049,ARHGEF38,54848,,9606.ENSP00000416125
11050,PRAP1,118471,,9606.ENSP00000416126
11051,FKBP15,23307,,9606.ENSP00000416158
11052,P2RX6,9127,O15547,9606.ENSP00000416193
11053,EIF2B1,1967,,9606.ENSP00000416250
11054,EIF4G1,1981,,9606.ENSP00000416255
11055,DDX39B,7919,Q13838,9606.ENSP00000416269
11056,UAP56,,Q9TY94,9606.ENSP00000416269
11057,WDR27,253769,,9606.ENSP00000416289
11058,SLC2A1,6513,,9606.ENSP00000416293
11059,TGFBI,7045,,9606.ENSP00000416330
11060,MFN2,9927,,9606.ENSP00000416338
11061,NELL2,4753,,9606.ENSP00000416341
11062,FBLIM1,54751,,9606.ENSP00000416387
11063,SLC9A8,23315,,9606.ENSP00000416418
11064,RPL32,6161,,9606.ENSP00000416429
11065,FDXR,2232,,9606.ENSP00000416515
11066,SEMA4D,10507,,9606.ENSP00000416523
11067,DDX46,9879,,9606.ENSP00000416534
11068,CFB,629,P00751,9606.ENSP00000416561
11069,DERA,51071,,9606.ENSP00000416583
11070,FSHB,2488,,9606.ENSP00000416606
11071,NME6,10201,,9606.ENSP00000416658
11072,IGFALS,3483,P35858,9606.ENSP00000416683
11073,RIC1,57589,,9606.ENSP00000416696
11074,ACTBL2,345651,,9606.ENSP00000416706
11075,XKR6,286046,,9606.ENSP00000416707
11076,RECQL,5965,,9606.ENSP00000416739
11077,HS3ST6,,,9606.ENSP00000416741
11078,STK33,65975,Q9BYT3,9606.ENSP00000416750
11079,GALNT11,63917,,9606.ENSP00000416787
11080,SPATA2,9825,,9606.ENSP00000416799
11081,ZNF679,168417,,9606.ENSP00000416809
11082,TRA2B,6434,,9606.ENSP00000416959
11083,ACKR2,1238,,9606.ENSP00000416996
11084,PLEKHM3,389072,,9606.ENSP00000417003
11085,PHACTR2,9749,,9606.ENSP00000417038
11086,EBP,10682,Q15125,9606.ENSP00000417052
11087,DHX36,170506,,9606.ENSP00000417078
11088,SLC15A2,6565,Q16348,9606.ENSP00000417085
11089,BAP1,8314,,9606.ENSP00000417132
11090,PLTP,5360,,9606.ENSP00000417138
11091,NDUFA5,4698,,9606.ENSP00000417142
11092,GPR143,4935,,9606.ENSP00000417161
11093,ATP6V1G3,,Q96LB4,9606.ENSP00000417171
11094,VAPB,9217,,9606.ENSP00000417175
11095,MUCL3,135656,,9606.ENSP00000417182
11096,DUSP7,1849,,9606.ENSP00000417183
11097,ATPAF2,91647,,9606.ENSP00000417190
11098,ZNF80,7634,,9606.ENSP00000417192
11099,PCBP4,57060,,9606.ENSP00000417196
11100,HOXB3,3213,,9606.ENSP00000417207
11101,PARP15,165631,,9606.ENSP00000417214
11102,CPB1,1360,P15086,9606.ENSP00000417222
11103,EIF2A,83939,,9606.ENSP00000417229
11104,MED12L,,,9606.ENSP00000417235
11105,NCK1,4690,,9606.ENSP00000417273
11106,REPIN1,29803,,9606.ENSP00000417291
11107,KLF8,11279,,9606.ENSP00000417303
11108,ROBO2,6092,,9606.ENSP00000417335
11109,GOLIM4,27333,,9606.ENSP00000417354
11110,ATP6V1F,9296,Q16864,9606.ENSP00000417378
11111,HFE,3077,,9606.ENSP00000417404
11112,RRP1,8568,,9606.ENSP00000417464
11113,FSD1L,83856,,9606.ENSP00000417492
11114,MUC4,4585,,9606.ENSP00000417498
11115,SUPT20H,55578,,9606.ENSP00000417510
11116,NMD3,51068,,9606.ENSP00000417559
11117,STIM2,57620,,9606.ENSP00000417569
11118,YIPF6,286451,,9606.ENSP00000417573
11119,ST6GALNAC5,81849,,9606.ENSP00000417583
11120,FBXL2,25827,,9606.ENSP00000417601
11121,MRPL47,,,9606.ENSP00000417602
11122,RAB23,51715,,9606.ENSP00000417610
11123,TMEM176A,55365,,9606.ENSP00000417626
11124,ANKUB1,389161,,9606.ENSP00000417635
11125,DBNL,28988,,9606.ENSP00000417653
11126,PPM1L,151742,,9606.ENSP00000417659
11127,ZBTB8OS,339487,,9606.ENSP00000417677
11128,SLBP,7884,,9606.ENSP00000417686
11129,NAA10,8260,,9606.ENSP00000417763
11130,ALG2,85365,,9606.ENSP00000417764
11131,IQUB,154865,,9606.ENSP00000417769
11132,SMIM4,440957,,9606.ENSP00000417806
11133,ANP32A,8125,,9606.ENSP00000417864
11134,PAEP,5047,P09466,9606.ENSP00000417898
11135,GPHN,10243,,9606.ENSP00000417901
11136,TSPYL6,388951,,9606.ENSP00000417919
11137,VWA3B,200403,,9606.ENSP00000417955
11138,CCDC39,339829,,9606.ENSP00000417960
11139,PPP2R5D,,,9606.ENSP00000417963
11140,EHMT1,79813,,9606.ENSP00000417980
11141,GK5,256356,,9606.ENSP00000418001
11142,MRPS22,56945,,9606.ENSP00000418008
11143,RARRES2,5919,,9606.ENSP00000418009
11144,IFNE,338376,,9606.ENSP00000418018
11145,IRF5,3663,,9606.ENSP00000418037
11146,NECTIN3,25945,,9606.ENSP00000418070
11147,CACNA2D2,9254,Q9NY47,9606.ENSP00000418081
11148,RPL37A,6168,,9606.ENSP00000418082
11149,SLC45A1,,,9606.ENSP00000418096
11150,PTPRG,5793,,9606.ENSP00000418112
11151,PARP14,54625,,9606.ENSP00000418194
11152,NISCH,11188,Q9Y2I1,9606.ENSP00000418232
11153,ZFP57,346171,,9606.ENSP00000418259
11154,MCM10,55388,,9606.ENSP00000418268
11155,CIAO1,9391,,9606.ENSP00000418287
11156,CMC1,152100,,9606.ENSP00000418348
11157,TAF1L,138474,,9606.ENSP00000418379
11158,SRPRB,58477,,9606.ENSP00000418401
11159,PPP2CA,5515,P67775,9606.ENSP00000418447
11160,MME,4311,P08473,9606.ENSP00000418525
11161,NSFL1C,55968,,9606.ENSP00000418529
11162,UGT1A3,54659,P35503,9606.ENSP00000418532
11163,VAMP2,6844,,9606.ENSP00000418572
11164,FHIT,2272,,9606.ENSP00000418582
11165,KRBA1,84626,,9606.ENSP00000418647
11166,PTRH1,138428,,9606.ENSP00000418661
11167,SEPHS2,22928,,9606.ENSP00000418669
11168,PSMD6,9861,,9606.ENSP00000418695
11169,MYSM1,114803,,9606.ENSP00000418734
11170,ADAMTS9,56999,,9606.ENSP00000418735
11171,ESRP2,80004,,9606.ENSP00000418748
11172,BTBD9,114781,,9606.ENSP00000418751
11173,PTK7,5754,,9606.ENSP00000418754
11174,TREML2,79865,,9606.ENSP00000418767
11175,TIMMDC1,51300,,9606.ENSP00000418803
11176,SELENOK,58515,,9606.ENSP00000418813
11177,FTO,79068,Q9C0B1,9606.ENSP00000418823
11178,SELENOT,51714,,9606.ENSP00000418910
11179,CDKN2A,1029,,9606.ENSP00000418915
11180,PEG10,23089,,9606.ENSP00000418944
11181,BRCA1,672,,9606.ENSP00000418960
11182,LSAMP,4045,,9606.ENSP00000419000
11183,PCCB,5096,,9606.ENSP00000419027
11184,BRAF,673,P15056,9606.ENSP00000419060
11185,TIGIT,201633,,9606.ENSP00000419085
11186,NDUFB2,4708,,9606.ENSP00000419087
11187,FAM162A,26355,,9606.ENSP00000419088
11188,CACNA2D3,55799,Q8IZS8,9606.ENSP00000419101
11189,FAM107A,11170,,9606.ENSP00000419124
11190,C10orf88,80007,,9606.ENSP00000419126
11191,ZBTB20,26137,,9606.ENSP00000419153
11192,SMYD3,64754,,9606.ENSP00000419184
11193,ONECUT2,9480,,9606.ENSP00000419185
11194,MSMP,692094,,9606.ENSP00000419194
11195,ASB14,142686,,9606.ENSP00000419199
11196,frdA,,P00363,9606.ENSP00000419243
11197,FXN,2395,Q16595,9606.ENSP00000419243
11198,PIK3CG,5294,P48736,9606.ENSP00000419260
11199,POU5F1B,5462,,9606.ENSP00000419298
11200,TRPC1,7220,,9606.ENSP00000419313
11201,SUCLG2,8801,Q96I99,9606.ENSP00000419325
11202,ADCY5,111,O95622,9606.ENSP00000419361
11203,AZI2,64343,,9606.ENSP00000419371
11204,ZNF717,100131827,,9606.ENSP00000419377
11205,CLIC3,9022,,9606.ENSP00000419378
11206,GCNT2,2651,,9606.ENSP00000419411
11207,SLC4A2,6522,,9606.ENSP00000419412
11208,ARMC8,25852,,9606.ENSP00000419413
11209,C1orf52,148423,,9606.ENSP00000419417
11210,PPIA,5478,P62937,9606.ENSP00000419425
11211,ADAM9,8754,,9606.ENSP00000419446
11212,EIF1,10209,,9606.ENSP00000419449
11213,RNF183,138065,,9606.ENSP00000419454
11214,NOBOX,135935,,9606.ENSP00000419457
11215,WWTR1,25937,,9606.ENSP00000419465
11216,GCSAM,257144,,9606.ENSP00000419485
11217,RYBP,23429,,9606.ENSP00000419494
11218,HACD4,401494,,9606.ENSP00000419503
11219,DPH3,285381,,9606.ENSP00000419599
11220,ARL6,84100,,9606.ENSP00000419619
11221,NUDT5,11164,,9606.ENSP00000419628
11222,TTC12,54970,,9606.ENSP00000419652
11223,SSBP1,6742,,9606.ENSP00000419665
11224,RXRA,6256,P19793,9606.ENSP00000419692
11225,MYMK,389827,,9606.ENSP00000419712
11226,CDK5,1020,Q00535,9606.ENSP00000419782
11227,GMPS,8833,P49915,9606.ENSP00000419851
11228,CDS2,8760,,9606.ENSP00000419879
11229,RAD51B,5890,,9606.ENSP00000419881
11230,L1TD1,54596,,9606.ENSP00000419901
11231,KLF6,1316,,9606.ENSP00000419923
11232,PXT1,222659,,9606.ENSP00000419944
11233,ERVW-1,30816,,9606.ENSP00000419945
11234,KCNAB1,,Q14722,9606.ENSP00000419952
11235,CPR,33883,,9606.ENSP00000419970
11236,POR;por,5447,P16435;P94692,9606.ENSP00000419970
11237,PEX5L,51555,,9606.ENSP00000419975
11238,HOXB6,3216,,9606.ENSP00000420009
11239,PIGP,51227,,9606.ENSP00000420037
11240,KCNIP2,30819,,9606.ENSP00000420040
11241,ABHD14B,84836,,9606.ENSP00000420065
11242,SERP1,27230,,9606.ENSP00000420076
11243,RAB9A,9367,P51151,9606.ENSP00000420127
11244,B4GALT4,8702,,9606.ENSP00000420161
11245,GSTA2,2939,P09210,9606.ENSP00000420168
11246,ERVFRD-1,405754,,9606.ENSP00000420174
11247,POLE4,56655,Q9NR33,9606.ENSP00000420176
11248,CASR,846,P41180,9606.ENSP00000420194
11249,SRSF10,10772,,9606.ENSP00000420195
11250,ADPRH,141,,9606.ENSP00000420200
11251,FLNB,2317,,9606.ENSP00000420213
11252,CYLC2,1539,,9606.ENSP00000420256
11253,NR6A1,2649,,9606.ENSP00000420267
11254,ADH7,131,,9606.ENSP00000420269
11255,UHMK1,127933,,9606.ENSP00000420270
11256,PHC3,80012,,9606.ENSP00000420294
11257,PDE6B,5158,P35913,9606.ENSP00000420295
11258,CD200,4345,,9606.ENSP00000420298
11259,THOC5,8563,,9606.ENSP00000420306
11260,RPL23,9349,,9606.ENSP00000420311
11261,ROBO1,6091,,9606.ENSP00000420321
11262,CST7,8530,,9606.ENSP00000420384
11263,ATP11A,23250,,9606.ENSP00000420387
11264,ZNF398,57541,,9606.ENSP00000420418
11265,CNIH4,29097,,9606.ENSP00000420443
11266,MGAM2,,,9606.ENSP00000420449
11267,RNF182,221687,,9606.ENSP00000420465
11268,TFR2,7036,,9606.ENSP00000420525
11269,TFAM,7019,,9606.ENSP00000420588
11270,EMC1,23065,,9606.ENSP00000420608
11271,TIPARP,25976,,9606.ENSP00000420612
11272,TFDP2,7029,,9606.ENSP00000420616
11273,MFN1,55669,,9606.ENSP00000420617
11274,SSR3,6747,,9606.ENSP00000420641
11275,KLHL29,114818,,9606.ENSP00000420659
11276,MRPS14,63931,,9606.ENSP00000420714
11277,ARMH1,339541,,9606.ENSP00000420716
11278,PRB1,5542,,9606.ENSP00000420826
11279,PCDHA1,56147,,9606.ENSP00000420840
11280,NIM1K,,Q8IY84,9606.ENSP00000420849
11281,PDK2,5164,,9606.ENSP00000420927
11282,SPINK13,153218,,9606.ENSP00000421048
11283,BEND4,389206,,9606.ENSP00000421169
11284,MAML3,55534,,9606.ENSP00000421180
11285,IGSF22,283284,,9606.ENSP00000421191
11286,ZNF154,7710,,9606.ENSP00000421258
11287,SLC10A7,84068,,9606.ENSP00000421275
11288,MYO10,4651,,9606.ENSP00000421280
11289,ATP2C1,27032,,9606.ENSP00000421326
11290,GST,,Q8ILQ7,9606.ENSP00000421339
11291,SLCO6A1,133482,,9606.ENSP00000421339
11292,PIEZO2,63895,,9606.ENSP00000421377
11293,SNF8,11267,,9606.ENSP00000421380
11294,ROPN1L,83853,,9606.ENSP00000421405
11295,XRCC4,7518,,9606.ENSP00000421491
11296,PCBD2,84105,,9606.ENSP00000421544
11297,XPNPEP1,7511,,9606.ENSP00000421566
11298,ALYREF,10189,,9606.ENSP00000421592
11299,GNGT2,2793,,9606.ENSP00000421710
11300,GC,2638,,9606.ENSP00000421725
11301,HGFAC,3083,,9606.ENSP00000421801
11302,MAGED4,728239,,9606.ENSP00000421861
11303,MAGED4B,81557,,9606.ENSP00000421861
11304,ZNF827,152485,,9606.ENSP00000421863
11305,DCANP1,140947,,9606.ENSP00000421871
11306,HMGXB3,22993,,9606.ENSP00000421917
11307,UIMC1,51720,,9606.ENSP00000421926
11308,PRRC1,133619,,9606.ENSP00000421965
11309,PAQR3,152559,,9606.ENSP00000421981
11310,ACTN3,89,,9606.ENSP00000422007
11311,NFXL1,152518,,9606.ENSP00000422037
11312,USP17L24,728369,,9606.ENSP00000422097
11313,USP17L25,728373,,9606.ENSP00000422097
11314,USP17L26,728379,,9606.ENSP00000422097
11315,USP17L27,728393,,9606.ENSP00000422097
11316,USP17L28,728400,,9606.ENSP00000422097
11317,USP17L29,728405,,9606.ENSP00000422097
11318,USP17L30,728419,,9606.ENSP00000422097
11319,CAST,831,P20810,9606.ENSP00000422176
11320,SORCS2,57537,,9606.ENSP00000422185
11321,GSTCD,79807,,9606.ENSP00000422354
11322,TMEM158,25907,,9606.ENSP00000422431
11323,RPS6KA2,6196,,9606.ENSP00000422435
11324,PDGFC,56034,,9606.ENSP00000422464
11325,ADGRL3,23284,,9606.ENSP00000422533
11326,ADAMTS12,81792,,9606.ENSP00000422554
11327,SLIT2,9353,,9606.ENSP00000422591
11328,ACSL1,2180,P33121,9606.ENSP00000422607
11329,LARP7,51574,,9606.ENSP00000422626
11330,INPP4B,8821,,9606.ENSP00000422793
11331,FRAS1,80144,,9606.ENSP00000422834
11332,SEPTIN11,55752,,9606.ENSP00000422896
11333,OCIAD2,132299,,9606.ENSP00000423014
11334,WDR36,134430,,9606.ENSP00000423067
11335,AADAT,51166,,9606.ENSP00000423190
11336,ZCCHC10,54819,,9606.ENSP00000423276
11337,USP51,158880,,9606.ENSP00000423333
11338,MEGF10,84466,,9606.ENSP00000423354
11339,RFPL4B,,,9606.ENSP00000423391
11340,MRPL36,64979,,9606.ENSP00000423399
11341,SV2C,22987,,9606.ENSP00000423541
11342,MACROH2A1,9555,,9606.ENSP00000423563
11343,DAPP1,27071,,9606.ENSP00000423602
11344,FBXL7,23194,,9606.ENSP00000423630
11345,SH3TC2,,,9606.ENSP00000423660
11346,CDK18,5129,,9606.ENSP00000423665
11347,NDUFA13,51079,,9606.ENSP00000423673
11348,GPX8,,Q8TED1,9606.ENSP00000423822
11349,HOXC9,3225,,9606.ENSP00000423861
11350,KLHL5,51088,,9606.ENSP00000423897
11351,NPY5R,4889,,9606.ENSP00000423917
11352,FRG2,448831,,9606.ENSP00000424015
11353,TAS2R50,259296,,9606.ENSP00000424040
11354,ELOVL7,79993,,9606.ENSP00000424123
11355,MCTP1,79772,,9606.ENSP00000424126
11356,LAMTOR3,8649,,9606.ENSP00000424183
11357,SMUG1,23583,,9606.ENSP00000424191
11358,KLHL2,11275,,9606.ENSP00000424198
11359,TENM3,55714,,9606.ENSP00000424226
11360,PTTG2,10744,,9606.ENSP00000424261
11361,MRPS30,10884,,9606.ENSP00000424328
11362,PLRG1,5356,,9606.ENSP00000424417
11363,SAMD14,201191,,9606.ENSP00000424474
11364,HTN1,3346,,9606.ENSP00000424501
11365,TUSC3,7991,,9606.ENSP00000424544
11366,CDHR2,54825,,9606.ENSP00000424565
11367,SLC35A4,113829,,9606.ENSP00000424566
11368,FBN2,2201,P35556,9606.ENSP00000424571
11369,ADH4,127,,9606.ENSP00000424630
11370,TMEM167A,,,9606.ENSP00000424707
11371,NEK1,4750,Q96PY6,9606.ENSP00000424757
11372,AMOTL2,51421,,9606.ENSP00000424765
11373,NEDD4,4734,,9606.ENSP00000424827
11374,DDX4,54514,,9606.ENSP00000424838
11375,SH3BP2,6452,,9606.ENSP00000424846
11376,SRP19,,,9606.ENSP00000424870
11377,HNRNPAB,3182,,9606.ENSP00000425031
11378,CCSER1,401145,,9606.ENSP00000425040
11379,ATG12,9140,,9606.ENSP00000425107
11380,UVSSA,,,9606.ENSP00000425130
11381,SMG7,9887,,9606.ENSP00000425133
11382,CAGE1,285782,,9606.ENSP00000425493
11383,UGT2A1,10941,,9606.ENSP00000425497
11384,PALLD,23022,,9606.ENSP00000425556
11385,EIF4E,1977,,9606.ENSP00000425561
11386,LIMCH1,22998,,9606.ENSP00000425631
11387,HARS1,3035,,9606.ENSP00000425634
11388,ANKRD50,57182,,9606.ENSP00000425658
11389,COX7C,1350,P15954,9606.ENSP00000425759
11390,PGM3,5238,,9606.ENSP00000425809
11391,CAMK2D,817,Q13557,9606.ENSP00000425824
11392,RNF150,57484,,9606.ENSP00000425840
11393,SELENOP,6414,P49908,9606.ENSP00000425915
11394,DROSHA,29102,,9606.ENSP00000425979
11395,TRPC7,57113,,9606.ENSP00000426070
11396,ADH1C,126,P00326,9606.ENSP00000426083
11397,MIB2,142678,,9606.ENSP00000426103
11398,CRIP2,1397,,9606.ENSP00000426119
11399,RAD17,5884,,9606.ENSP00000426191
11400,SERINC5,256987,,9606.ENSP00000426237
11401,ROPN1B,152015,,9606.ENSP00000426271
11402,MLIP,90523,,9606.ENSP00000426290
11403,TMEM161B,153396,,9606.ENSP00000426354
11404,MCIDAS,345643,,9606.ENSP00000426359
11405,ZBTB38,253461,,9606.ENSP00000426387
11406,RNASET2,8635,,9606.ENSP00000426455
11407,RNF4,6047,,9606.ENSP00000426503
11408,ZNF131,7690,,9606.ENSP00000426504
11409,AMER2,219287,,9606.ENSP00000426528
11410,TNIP3,79931,,9606.ENSP00000426613
11411,ERBIN,55914,,9606.ENSP00000426632
11412,ETFDH,2110,Q16134,9606.ENSP00000426638
11413,WNT8A,7478,,9606.ENSP00000426653
11414,ANAPC4,29945,,9606.ENSP00000426654
11415,GUCY1B1,2983,Q02153,9606.ENSP00000426786
11416,PROM1,8842,,9606.ENSP00000426809
11417,ZFYVE16,9765,,9606.ENSP00000426848
11418,RACK1,10399,,9606.ENSP00000426909
11419,YJEFN3,374887,,9606.ENSP00000426964
11420,CLOCK,9575,,9606.ENSP00000426983
11421,GFM2,84340,,9606.ENSP00000427004
11422,RIMS2,9699,,9606.ENSP00000427018
11423,RAI14,26064,,9606.ENSP00000427123
11424,DLEU7,220107,,9606.ENSP00000427177
11425,APBB2,323,,9606.ENSP00000427211
11426,CXCL2,2920,P19875,9606.ENSP00000427279
11427,FOXR2,139628,,9606.ENSP00000427329
11428,DIO3,1735,,9606.ENSP00000427336
11429,CDC42SE2,56990,,9606.ENSP00000427421
11430,TNFAIP8,25816,,9606.ENSP00000427424
11431,CEBPA,1050,,9606.ENSP00000427514
11432,DDR1,780,Q08345,9606.ENSP00000427552
11433,ABL2,27,P42684,9606.ENSP00000427562
11434,FHDC1,85462,,9606.ENSP00000427567
11435,GABRA2,2555,P47869,9606.ENSP00000427603
11436,SLC4A9,83697,,9606.ENSP00000427661
11437,MTTP,4547,,9606.ENSP00000427679
11438,WDR1,9948,,9606.ENSP00000427687
11439,GYPB,2994,,9606.ENSP00000427690
11440,TOB1,10140,,9606.ENSP00000427695
11441,WWC1,23286,,9606.ENSP00000427772
11442,WWP1,11059,,9606.ENSP00000427793
11443,C8orf34,116328,,9606.ENSP00000427820
11444,DMTN,2039,,9606.ENSP00000427866
11445,TENM2,57451,,9606.ENSP00000427874
11446,HS3ST5,222537,,9606.ENSP00000427888
11447,RHOBTB2,23221,,9606.ENSP00000427926
11448,RANBP17,64901,,9606.ENSP00000427975
11449,DPYSL2,1808,Q16555,9606.ENSP00000427985
11450,PIK3R1,5295,,9606.ENSP00000428056
11451,RPL30,6156,,9606.ENSP00000428085
11452,ERLIN2,11160,,9606.ENSP00000428112
11453,MPP2,4355,,9606.ENSP00000428182
11454,SDCBP,6386,,9606.ENSP00000428184
11455,FBXO32,114907,,9606.ENSP00000428205
11456,UBE2V2,7336,,9606.ENSP00000428209
11457,IRGM,345611,,9606.ENSP00000428220
11458,CETN3,1070,,9606.ENSP00000428259
11459,DGLUCY,80017,,9606.ENSP00000428263
11460,FER1L6,654463,,9606.ENSP00000428280
11461,VASH2,79805,,9606.ENSP00000428324
11462,SPSB2,84727,,9606.ENSP00000428338
11463,ANGPT1,284,,9606.ENSP00000428340
11464,CLVS1,157807,,9606.ENSP00000428402
11465,RIMS1,22999,,9606.ENSP00000428417
11466,TCEA1,6917,,9606.ENSP00000428426
11467,DLX6,1750,,9606.ENSP00000428480
11468,PBK,55872,,9606.ENSP00000428489
11469,GFRA2,2675,,9606.ENSP00000428518
11470,ST3GAL1,6482,,9606.ENSP00000428540
11471,LY6E,4061,,9606.ENSP00000428572
11472,PCDHGB6,56100,,9606.ENSP00000428603
11473,NAIP,4671,,9606.ENSP00000428657
11474,RNF217,154214,,9606.ENSP00000428698
11475,DENND3,22898,,9606.ENSP00000428714
11476,VDAC3,7419,,9606.ENSP00000428845
11477,FAM83A;SACK1A,84985,,9606.ENSP00000428876
11478,LYN,4067,P07948,9606.ENSP00000428924
11479,RNF19A,25897,,9606.ENSP00000428968
11480,PTP4A3,11156,,9606.ENSP00000428976
11481,CCNC,892,,9606.ENSP00000428982
11482,GRIA1,2890,P42261,9606.ENSP00000428994
11483,NKAIN3,286183,,9606.ENSP00000429073
11484,UBR5,51366,,9606.ENSP00000429084
11485,CCNE2,9134,,9606.ENSP00000429089
11486,CYRIB,51571,,9606.ENSP00000429150
11487,ENDOV,284131,,9606.ENSP00000429190
11488,SLC25A37,51312,,9606.ENSP00000429200
11489,STMN2,11075,,9606.ENSP00000429243
11490,DOCK2,1794,,9606.ENSP00000429283
11491,TPD52,7163,,9606.ENSP00000429309
11492,EIF2B4,8890,,9606.ENSP00000429323
11493,RPS20,6224,,9606.ENSP00000429374
11494,HS6ST2,90161,,9606.ENSP00000429473
11495,UNC13A,23025,,9606.ENSP00000429562
11496,MYBL1,4603,,9606.ENSP00000429633
11497,ATP6V0E1,,O15342,9606.ENSP00000429690
11498,COX6C,1345,P09669,9606.ENSP00000429707
11499,STK3,6788,Q13188,9606.ENSP00000429744
11500,SLC20A2,6575,Q08357,9606.ENSP00000429754
11501,PCDHA3,56145,,9606.ENSP00000429808
11502,FAM178B,51252,,9606.ENSP00000429896
11503,ASAP1,50807,,9606.ENSP00000429900
11504,EIF3H,8667,,9606.ENSP00000429931
11505,ENY2,56943,,9606.ENSP00000429986
11506,TSPAN18,90139,,9606.ENSP00000429993
11507,ATXN7L3B,552889,,9606.ENSP00000430000
11508,TXNRD3,114112,,9606.ENSP00000430031
11509,AMPD1,270,P23109,9606.ENSP00000430075
11510,GABRP,2568,O00591,9606.ENSP00000430100
11511,HMBOX1,79618,,9606.ENSP00000430110
11512,RALYL,138046,,9606.ENSP00000430128
11513,RNF130,55819,,9606.ENSP00000430237
11514,EBF2,64641,,9606.ENSP00000430241
11515,EPHX2,2053,,9606.ENSP00000430269
11516,MCF2,4168,,9606.ENSP00000430276
11517,ATP6V1C1,528,P21283,9606.ENSP00000430282
11518,INTS8,55656,,9606.ENSP00000430338
11519,PLCD1,5333,,9606.ENSP00000430344
11520,HDAC2,3066,Q92769,9606.ENSP00000430432
11521,CNOT8,9337,,9606.ENSP00000430493
11522,UQCRB,7381,,9606.ENSP00000430494
11523,PTDSS1,9791,,9606.ENSP00000430548
11524,ATOX1,475,,9606.ENSP00000430598
11525,HEPH,9843,,9606.ENSP00000430620
11526,CA1,759,P00915,9606.ENSP00000430656
11527,IKBKB,3551,O14920,9606.ENSP00000430684
11528,TFF3,7033,,9606.ENSP00000430690
11529,TRHR,7201,,9606.ENSP00000430711
11530,KCNB2,,Q92953,9606.ENSP00000430846
11531,GPBAR1,151306,Q8TDU6,9606.ENSP00000430886
11532,HMGB4,127540,,9606.ENSP00000430919
11533,ADGRB1,575,,9606.ENSP00000430945
11534,HSF4,3299,,9606.ENSP00000430947
11535,IDO1,3620,P14902,9606.ENSP00000430950
11536,RNF145,153830,,9606.ENSP00000430955
11537,ARHGEF10,9639,,9606.ENSP00000431012
11538,GSTK1,373156,,9606.ENSP00000431049
11539,DNPEP,23549,,9606.ENSP00000431076
11540,C1QTNF5,114902,,9606.ENSP00000431140
11541,EID1,23741,,9606.ENSP00000431162
11542,BTBD10,84280,,9606.ENSP00000431186
11543,RPLP2,6181,,9606.ENSP00000431240
11544,IGL,3535,,9606.ENSP00000431254
11545,IGLL5,100423062,,9606.ENSP00000431254
11546,ZFP82,284406,,9606.ENSP00000431265
11547,LPXN,9404,,9606.ENSP00000431284
11548,API5,8539,,9606.ENSP00000431391
11549,NTRK1,4914,P04629,9606.ENSP00000431418
11550,KRTAP5-9,3846,,9606.ENSP00000431443
11551,CD3G,917,,9606.ENSP00000431445
11552,HSF1,3297,,9606.ENSP00000431512
11553,TMEM25,84866,,9606.ENSP00000431548
11554,POU2F2,5452,P09086,9606.ENSP00000431603
11555,TAS2R43,259289,,9606.ENSP00000431719
11556,PCDHA2,56146,,9606.ENSP00000431748
11557,IL32,9235,,9606.ENSP00000431775
11558,EIF3F,8665,,9606.ENSP00000431800
11559,CSRP3,8048,,9606.ENSP00000431813
11560,FAU,2197,,9606.ENSP00000431822
11561,SLC24A4,123041,,9606.ENSP00000431840
11562,TYK2,7297,P29597,9606.ENSP00000431885
11563,AMBRA1,55626,,9606.ENSP00000431926
11564,SAMD1,90378,,9606.ENSP00000431971
11565,MUC15,143662,,9606.ENSP00000431983
11566,CAPN1,823,P07384,9606.ENSP00000431984
11567,WDR74,54663,,9606.ENSP00000432119
11568,CHMP1B,57132,,9606.ENSP00000432279
11569,SPA17,53340,,9606.ENSP00000432305
11570,PBOV1,59351,,9606.ENSP00000432353
11571,ATG13,9776,,9606.ENSP00000432412
11572,BRK1,55845,,9606.ENSP00000432472
11573,SAAL1,113174,,9606.ENSP00000432487
11574,ZNF202,7753,,9606.ENSP00000432504
11575,JAK3,3718,P52333,9606.ENSP00000432511
11576,HTN3,3347,,9606.ENSP00000432561
11577,SPTBN2,6712,,9606.ENSP00000432568
11578,SMTNL1,219537,,9606.ENSP00000432651
11579,CFL1,1072,P23528,9606.ENSP00000432660
11580,PIGY,84992,,9606.ENSP00000432688
11581,TP53AIP1,63970,,9606.ENSP00000432743
11582,CKAP5,9793,,9606.ENSP00000432768
11583,EYA4,2070,,9606.ENSP00000432770
11584,KDM2A,22992,,9606.ENSP00000432786
11585,ACRV1,,,9606.ENSP00000432816
11586,RNPC3,55599,,9606.ENSP00000432886
11587,PTPRK,5796,,9606.ENSP00000432973
11588,RGS5,8490,,9606.ENSP00000433001
11589,TRIM3,10612,,9606.ENSP00000433102
11590,DKK3,27122,,9606.ENSP00000433112
11591,CASP1,834,P29466,9606.ENSP00000433138
11592,BBIP1,92482,,9606.ENSP00000433157
11593,EMSY,56946,,9606.ENSP00000433205
11594,PTH,5741,,9606.ENSP00000433208
11595,GSDMD,79792,,9606.ENSP00000433209
11596,MS4A1,931,,9606.ENSP00000433277
11597,KCNJ5,3762,,9606.ENSP00000433295
11598,PCDHA6,56142,,9606.ENSP00000433378
11599,ARL15,54622,,9606.ENSP00000433427
11600,CREBZF,58487,,9606.ENSP00000433459
11601,FLI1,2313,,9606.ENSP00000433488
11602,CALCB,797,,9606.ENSP00000433490
11603,CRYAB,1410,,9606.ENSP00000433560
11604,TRAF6,7189,,9606.ENSP00000433623
11605,FCGR3B,2215,,9606.ENSP00000433642
11606,EIF4G2,1982,,9606.ENSP00000433664
11607,FGD4,121512,,9606.ENSP00000433666
11608,NCAPD3,23310,,9606.ENSP00000433681
11609,SPRN,503542,,9606.ENSP00000433712
11610,BANF1,8815,,9606.ENSP00000433760
11611,B3GAT1,27087,,9606.ENSP00000433847
11612,CLNS1A,1207,,9606.ENSP00000433919
11613,RNH1,6050,,9606.ENSP00000433999
11614,H2AX,3014,,9606.ENSP00000434024
11615,FZD4,8322,,9606.ENSP00000434034
11616,EIF1AD,84285,,9606.ENSP00000434056
11617,KCNC3,3748,Q14003,9606.ENSP00000434241
11618,TMPRSS13,84000,,9606.ENSP00000434279
11619,PUF60,22827,,9606.ENSP00000434359
11620,SLC6A5,9152,,9606.ENSP00000434364
11621,NPIPB8,,,9606.ENSP00000434399
11622,SERPINH1,871,,9606.ENSP00000434412
11623,FAM111A,63901,,9606.ENSP00000434435
11624,ARFGAP2,84364,,9606.ENSP00000434442
11625,INTS4,92105,,9606.ENSP00000434466
11626,ACER3,55331,,9606.ENSP00000434480
11627,TXNRD1,7296,Q16881,9606.ENSP00000434516
11628,MAML2,84441,,9606.ENSP00000434552
11629,CDC27,996,,9606.ENSP00000434614
11630,IL18BP,10068,,9606.ENSP00000434717
11631,ATP6V0B,533,Q99437,9606.ENSP00000434729
11632,PARP10,84875,,9606.ENSP00000434776
11633,NRK,203447,,9606.ENSP00000434830
11634,TSKU,25987,,9606.ENSP00000434847
11635,CLP1,10978,,9606.ENSP00000434995
11636,RPS25,,,9606.ENSP00000435096
11637,BCLAF1,9774,,9606.ENSP00000435210
11638,TEAD1,7003,,9606.ENSP00000435233
11639,CRACR2B,283229,,9606.ENSP00000435299
11640,PCDHA4,56144,,9606.ENSP00000435300
11641,GJB7,375519,,9606.ENSP00000435355
11642,TOR1AIP1,26092,,9606.ENSP00000435365
11643,CCNJ,54619,,9606.ENSP00000435373
11644,SLN,6588,,9606.ENSP00000435380
11645,PLEKHA7,144100,,9606.ENSP00000435389
11646,RPS6KA1,6195,Q15418,9606.ENSP00000435412
11647,DDIAS,220042,,9606.ENSP00000435421
11648,LGALS8,3964,,9606.ENSP00000435460
11649,KIRREL3,84623,,9606.ENSP00000435466
11650,POLN,353497,,9606.ENSP00000435506
11651,ZIC4,84107,,9606.ENSP00000435509
11652,CCKBR,887,,9606.ENSP00000435534
11653,AGBL2,79841,,9606.ENSP00000435582
11654,EID3,493861,,9606.ENSP00000435619
11655,CNTN5,53942,,9606.ENSP00000435637
11656,GRIK4,2900,Q16099,9606.ENSP00000435648
11657,GATA4,2626,,9606.ENSP00000435712
11658,RPS13,,P62277,9606.ENSP00000435777
11659,EHF,26298,,9606.ENSP00000435835
11660,KCNV1,,Q6PIU1,9606.ENSP00000435954
11661,ST3GAL4,6484,,9606.ENSP00000436047
11662,EIF3M,10480,,9606.ENSP00000436049
11663,SAA2,6289,,9606.ENSP00000436126
11664,TP53I11,9537,,9606.ENSP00000436152
11665,CCS,9973,O14618,9606.ENSP00000436318
11666,OMP,4975,,9606.ENSP00000436376
11667,GNLY,10578,,9606.ENSP00000436423
11668,TAS2R46,,,9606.ENSP00000436450
11669,NUCB2,4925,P80303,9606.ENSP00000436455
11670,IGSF9B,22997,,9606.ENSP00000436552
11671,PCDHA5,56143,,9606.ENSP00000436557
11672,ECHDC1,55862,,9606.ENSP00000436585
11673,GALNT4,8693,,9606.ENSP00000436604
11674,ADM,133,,9606.ENSP00000436607
11675,SAC3D1,29901,,9606.ENSP00000436649
11676,NXF1,10482,,9606.ENSP00000436679
11677,ARMS2,387715,,9606.ENSP00000436682
11678,CARD18,59082,,9606.ENSP00000436691
11679,HCAR3,8843,P49019,9606.ENSP00000436714
11680,KIAA0100,9703,,9606.ENSP00000436773
11681,SLC35F2,54733,,9606.ENSP00000436785
11682,KMT2A,4297,,9606.ENSP00000436786
11683,MUC5B,727897,,9606.ENSP00000436812
11684,CACNG5,27091,Q9UF02,9606.ENSP00000436836
11685,CELF1,10658,,9606.ENSP00000436864
11686,NFRKB,4798,,9606.ENSP00000436926
11687,DNAAF3,352909,,9606.ENSP00000436975
11688,CYB5R2,,,9606.ENSP00000437041
11689,MYO18A,399687,,9606.ENSP00000437073
11690,CHI3L2,1117,,9606.ENSP00000437082
11691,HSPA8,3312,P11142,9606.ENSP00000437125
11692,TIAM2,26230,,9606.ENSP00000437188
11693,DICER1,23405,,9606.ENSP00000437256
11694,ENO2,2026,,9606.ENSP00000437402
11695,FBXL17,64839,,9606.ENSP00000437464
11696,LATS1,9113,O95835,9606.ENSP00000437550
11697,HMGA2,8091,,9606.ENSP00000437621
11698,HPH1,15447,,9606.ENSP00000437659
11699,PHC1,1911,,9606.ENSP00000437659
11700,HTR2A,3356,P28223,9606.ENSP00000437737
11701,BCORL1,63035,,9606.ENSP00000437775
11702,LDHC,3948,,9606.ENSP00000437783
11703,CDH22,64405,,9606.ENSP00000437790
11704,TRPM1,4308,,9606.ENSP00000437849
11705,HIF1A,3091,Q16665,9606.ENSP00000437955
11706,VNN3P,55350,,9606.ENSP00000438024
11707,KLRC1,3821,,9606.ENSP00000438038
11708,CCDC91,55297,,9606.ENSP00000438040
11709,GGA3,23163,,9606.ENSP00000438085
11710,TOMM5,401505,,9606.ENSP00000438204
11711,SP6,80320,,9606.ENSP00000438209
11712,CALU,813,,9606.ENSP00000438248
11713,TJP2,9414,,9606.ENSP00000438262
11714,BBS12,166379,,9606.ENSP00000438273
11715,KIF1A,547,,9606.ENSP00000438388
11716,IST1,9798,,9606.ENSP00000438399
11717,SLAMF1,6504,,9606.ENSP00000438406
11718,PGAM5,192111,,9606.ENSP00000438465
11719,HHAT,55733,,9606.ENSP00000438468
11720,KPNA2,3838,,9606.ENSP00000438483
11721,KLHL35,283212,,9606.ENSP00000438526
11722,H2AJ,55766,,9606.ENSP00000438553
11723,PIAS1,8554,,9606.ENSP00000438574
11724,PLD4,122618,,9606.ENSP00000438677
11725,ACADVL,37,,9606.ENSP00000438689
11726,CUL7,9820,,9606.ENSP00000438788
11727,HNF1A,6927,,9606.ENSP00000438804
11728,PACC1,55248,,9606.ENSP00000438863
11729,NOVA1,4857,,9606.ENSP00000438875
11730,CDK5RAP3,80279,,9606.ENSP00000438886
11731,CACNB4,785,O00305,9606.ENSP00000438949
11732,ZCCHC8,55596,,9606.ENSP00000438993
11733,TUBA1A,7846,Q71U36,9606.ENSP00000439020
11734,CRADD,8738,,9606.ENSP00000439068
11735,NFE2,4778,,9606.ENSP00000439120
11736,TBCE,6905,,9606.ENSP00000439170
11737,POTEE,445582,,9606.ENSP00000439189
11738,CIZ1,25792,,9606.ENSP00000439244
11739,ZNF667,63934,,9606.ENSP00000439402
11740,ZNF415,55786,,9606.ENSP00000439435
11741,PDCD2,5134,,9606.ENSP00000439467
11742,DMXL1,1657,,9606.ENSP00000439479
11743,ARHGAP45,23526,,9606.ENSP00000439601
11744,PLEKHG5,57449,,9606.ENSP00000439625
11745,TRERF1,55809,,9606.ENSP00000439689
11746,TMEM50B,757,,9606.ENSP00000439768
11747,ZMYND8,23613,,9606.ENSP00000439800
11748,CHERP,10523,,9606.ENSP00000439856
11749,ARF1,375,P84077,9606.ENSP00000440005
11750,ATP2A2,488,,9606.ENSP00000440045
11751,JCHAIN,3512,P01591,9606.ENSP00000440066
11752,MED24,9862,,9606.ENSP00000440100
11753,FAM120B,84498,,9606.ENSP00000440125
11754,PDYN,5173,,9606.ENSP00000440185
11755,TDRD3,81550,,9606.ENSP00000440190
11756,ME3,10873,,9606.ENSP00000440246
11757,SH2B2,10603,,9606.ENSP00000440273
11758,ABCB9,23457,,9606.ENSP00000440288
11759,SLC29A2,3177,,9606.ENSP00000440329
11760,ZNF124,7678,,9606.ENSP00000440365
11761,MCF2L,23263,,9606.ENSP00000440374
11762,ANKRD49,54851,,9606.ENSP00000440396
11763,DDX11,1663,,9606.ENSP00000440402
11764,CLEC4C,170482,,9606.ENSP00000440428
11765,ATF7IP,55729,,9606.ENSP00000440440
11766,PSMD9,5715,,9606.ENSP00000440485
11767,DPP3,10072,,9606.ENSP00000440502
11768,CHD4,1108,,9606.ENSP00000440542
11769,GRM4,2914,,9606.ENSP00000440556
11770,CYP2E1,1571,P05181,9606.ENSP00000440689
11771,SYTL1,84958,,9606.ENSP00000440704
11772,EVI5,7813,,9606.ENSP00000440826
11773,ZNF185,7739,,9606.ENSP00000440847
11774,PARPBP,55010,,9606.ENSP00000440850
11775,NR4A1,3164,,9606.ENSP00000440864
11776,PLD5,200150,,9606.ENSP00000440896
11777,LNPK,80856,,9606.ENSP00000440905
11778,PRORP,9692,,9606.ENSP00000440915
11779,AP3B2,8120,,9606.ENSP00000440984
11780,VARS2,57176,,9606.ENSP00000441000
11781,GRAMD1A,57655,,9606.ENSP00000441032
11782,GPR161,23432,,9606.ENSP00000441039
11783,SLC16A1,6566,P53985,9606.ENSP00000441065
11784,NOL8,55035,,9606.ENSP00000441140
11785,TSHR,7253,,9606.ENSP00000441235
11786,MARVELD1,83742,,9606.ENSP00000441365
11787,PRKAB1,5564,Q9Y478,9606.ENSP00000441369
11788,NNMT,4837,P40261,9606.ENSP00000441434
11789,UBC,7316,,9606.ENSP00000441543
11790,CCR3,1232,,9606.ENSP00000441600
11791,PRR14,78994,,9606.ENSP00000441641
11792,CLUL1,27098,,9606.ENSP00000441726
11793,DYRK4,8798,,9606.ENSP00000441755
11794,PTHLH,5744,,9606.ENSP00000441765
11795,CXorf56,63932,,9606.ENSP00000441786
11796,PCDH7,5099,,9606.ENSP00000441802
11797,SALL3,27164,,9606.ENSP00000441823
11798,HPR,3250,P00739,9606.ENSP00000441828
11799,FNDC3A,22862,,9606.ENSP00000441831
11800,DMXL2,23312,,9606.ENSP00000441858
11801,PHB2,11331,Q99623,9606.ENSP00000441875
11802,ARHGEF28,64283,,9606.ENSP00000441913
11803,SESN3,143686,,9606.ENSP00000441927
11804,MUC12,10071,,9606.ENSP00000441929
11805,PIH1D3,139212,,9606.ENSP00000441930
11806,TAS2R14,50840,,9606.ENSP00000441949
11807,ORC4,5000,,9606.ENSP00000441953
11808,SMAD5,4090,,9606.ENSP00000441954
11809,CEPT1,,Q9Y6K0,9606.ENSP00000441980
11810,TMTC1,83857,,9606.ENSP00000442046
11811,PCYT2,,Q99447,9606.ENSP00000442050
11812,RBM19,9904,,9606.ENSP00000442053
11813,MAFF,23764,,9606.ENSP00000442060
11814,CDCA3,83461,,9606.ENSP00000442068
11815,IQCC,55721,,9606.ENSP00000442291
11816,ERFE,151176,,9606.ENSP00000442304
11817,ECT2L,345930,,9606.ENSP00000442307
11818,NKRF,55922,,9606.ENSP00000442308
11819,CAND1,55832,,9606.ENSP00000442318
11820,SLC34A3,142680,Q8N130,9606.ENSP00000442397
11821,KRTCAP3,200634,,9606.ENSP00000442400
11822,IL22,50616,,9606.ENSP00000442424
11823,MIXL1,83881,,9606.ENSP00000442439
11824,PTK6,5753,Q13882,9606.ENSP00000442460
11825,NCEH1,57552,,9606.ENSP00000442464
11826,ASIC5,51802,,9606.ENSP00000442477
11827,STOML1,9399,,9606.ENSP00000442478
11828,TTLL9,164395,,9606.ENSP00000442515
11829,BEX2,84707,,9606.ENSP00000442521
11830,POLG2,11232,,9606.ENSP00000442563
11831,ZNF668,79759,,9606.ENSP00000442573
11832,DAG1,1605,,9606.ENSP00000442600
11833,PRB3,5544,,9606.ENSP00000442626
11834,ACVR1B,91,P36896,9606.ENSP00000442656
11835,PTAFR,5724,P25105,9606.ENSP00000442658
11836,ADAP1,11033,,9606.ENSP00000442682
11837,FXYD6,53826,,9606.ENSP00000442756
11838,GPN3,51184,,9606.ENSP00000442770
11839,LMO3,55885,,9606.ENSP00000442786
11840,TET2,54790,,9606.ENSP00000442788
11841,MYBPC3,4607,,9606.ENSP00000442795
11842,APC2,10297,,9606.ENSP00000442954
11843,DAPK3,1613,O43293,9606.ENSP00000442973
11844,GPR17,2840,,9606.ENSP00000442982
11845,RASSF3,283349,,9606.ENSP00000443021
11846,ZCCHC7,84186,,9606.ENSP00000443113
11847,STH,246744,,9606.ENSP00000443168
11848,NAT1,9,P18440,9606.ENSP00000443194
11849,TMEM258,746,,9606.ENSP00000443216
11850,LPAR2,9170,,9606.ENSP00000443256
11851,FAR2,55711,,9606.ENSP00000443291
11852,FAM222A,84915,,9606.ENSP00000443292
11853,TENT5D,169966,,9606.ENSP00000443410
11854,FAM92B,339145,,9606.ENSP00000443411
11855,IDO2,169355,,9606.ENSP00000443432
11856,BCAT1,586,P54687,9606.ENSP00000443459
11857,TUBA1C,84790,,9606.ENSP00000443475
11858,PLCB3,5331,,9606.ENSP00000443631
11859,AUNIP,79000,,9606.ENSP00000443647
11860,ZNRF3,84133,,9606.ENSP00000443824
11861,SP7,121340,,9606.ENSP00000443827
11862,LYRM4,57128,,9606.ENSP00000443900
11863,ZNF580,51157,,9606.ENSP00000443957
11864,ADK,132,P55263,9606.ENSP00000443965
11865,CPEB2,132864,,9606.ENSP00000443985
11866,SUDS3,64426,,9606.ENSP00000443988
11867,NUP153,,,9606.ENSP00000444029
11868,MYO1H,283446,,9606.ENSP00000444076
11869,SLCO1C1,53919,,9606.ENSP00000444149
11870,CITED2,10370,,9606.ENSP00000444198
11871,SYT7,9066,,9606.ENSP00000444201
11872,RAI2,10742,,9606.ENSP00000444210
11873,PDGFRL,5157,,9606.ENSP00000444211
11874,TNFAIP8L1,126282,,9606.ENSP00000444215
11875,C1R,715,P00736,9606.ENSP00000444271
11876,OTUB1,55611,,9606.ENSP00000444357
11877,SLC1A5,6510,,9606.ENSP00000444408
11878,ZNF268,10795,,9606.ENSP00000444412
11879,SCO2,9997,,9606.ENSP00000444433
11880,KRT86,3892,,9606.ENSP00000444533
11881,TMEM14C,51522,,9606.ENSP00000444561
11882,MYCBP2,23077,,9606.ENSP00000444596
11883,YTHDF2,51441,,9606.ENSP00000444660
11884,ATP1A3,478,P13637,9606.ENSP00000444688
11885,TDO2,6999,P48775,9606.ENSP00000444788
11886,FKBP5,2289,,9606.ENSP00000444810
11887,FXYD5,53827,,9606.ENSP00000444839
11888,DENND5B,160518,,9606.ENSP00000444889
11889,NUTM1,256646,,9606.ENSP00000444896
11890,INTS11,54973,,9606.ENSP00000445001
11891,APOA5,116519,,9606.ENSP00000445002
11892,FRY,10129,,9606.ENSP00000445043
11893,HSD3B2,3284,P26439,9606.ENSP00000445122
11894,NLRP2,55655,,9606.ENSP00000445135
11895,GTF2H3,2967,,9606.ENSP00000445162
11896,LDHA,3939,P00338,9606.ENSP00000445175
11897,ATP1A1,476,P05023,9606.ENSP00000445306
11898,SLC5A8,160728,,9606.ENSP00000445340
11899,DND1,373863,,9606.ENSP00000445366
11900,PIK3C2G,5288,O75747,9606.ENSP00000445381
11901,RABEP1,9135,,9606.ENSP00000445408
11902,PHKG1,,Q16816,9606.ENSP00000445440
11903,CNOT4,4850,,9606.ENSP00000445508
11904,KCNS1,,Q96KK3,9606.ENSP00000445595
11905,EGR4,1961,,9606.ENSP00000445626
11906,PRAME,23532,,9606.ENSP00000445675
11907,NELFA,7469,,9606.ENSP00000445757
11908,LTB4R2,56413,,9606.ENSP00000445772
11909,TIMM50,92609,,9606.ENSP00000445806
11910,SLC39A11,201266,,9606.ENSP00000445829
11911,BCL7A,605,,9606.ENSP00000445868
11912,MMAB,326625,,9606.ENSP00000445920
11913,SLC2A14,144195,,9606.ENSP00000445929
11914,VIM,7431,P08670,9606.ENSP00000446007
11915,COPS7A,50813,,9606.ENSP00000446039
11916,TUBGCP2,10844,,9606.ENSP00000446093
11917,RBMXL1,494115,,9606.ENSP00000446099
11918,CMIP,80790,,9606.ENSP00000446100
11919,RRP12,23223,,9606.ENSP00000446184
11920,HES7,84667,,9606.ENSP00000446205
11921,RAN,5901,,9606.ENSP00000446215
11922,SLC25A10,1468,,9606.ENSP00000446242
11923,SOD2,6648,P04179,9606.ENSP00000446252
11924,PCSK5,5125,,9606.ENSP00000446280
11925,GTSF1,121355,,9606.ENSP00000446485
11926,ATXN2,6311,,9606.ENSP00000446576
11927,HOXC11,3227,,9606.ENSP00000446680
11928,GATC,283459,,9606.ENSP00000446872
11929,BAZ2A,11176,,9606.ENSP00000446880
11930,APPL2,55198,,9606.ENSP00000446917
11931,RPL18,6141,Q07020,9606.ENSP00000447001
11932,CNTN1,1272,,9606.ENSP00000447006
11933,C12orf54,121273,,9606.ENSP00000447109
11934,NR1H4,9971,Q96RI1,9606.ENSP00000447149
11935,FRS2,10818,,9606.ENSP00000447241
11936,TGFBR1,7046,P36897,9606.ENSP00000447297
11937,MGAM,8972,O43451,9606.ENSP00000447378
11938,LIN7A,8825,,9606.ENSP00000447488
11939,MTERF2,80298,,9606.ENSP00000447651
11940,CD63,967,,9606.ENSP00000447730
11941,ZBED6,100381270,,9606.ENSP00000447879
11942,PFDN5,5204,,9606.ENSP00000447942
11943,CEP290,80184,,9606.ENSP00000448012
11944,NACA,4666,,9606.ENSP00000448035
11945,WSCD2,9671,,9606.ENSP00000448047
11946,DAZAP2,9802,,9606.ENSP00000448051
11947,NUP37,79023,,9606.ENSP00000448054
11948,PAH,5053,P00439,9606.ENSP00000448059
11949,POTEM,641455,,9606.ENSP00000448062
11950,SLC16A7,9194,,9606.ENSP00000448071
11951,TPCN1,53373,,9606.ENSP00000448083
11952,APAF1,317,O14727,9606.ENSP00000448165
11953,TAS2R38,5726,,9606.ENSP00000448219
11954,KRT4,3851,,9606.ENSP00000448220
11955,BEST2,54831,,9606.ENSP00000448310
11956,BRF1,2972,,9606.ENSP00000448387
11957,IKZF4,64375,,9606.ENSP00000448419
11958,C12orf75,387882,,9606.ENSP00000448536
11959,DDIT3,1649,,9606.ENSP00000448665
11960,RITA1,84934,,9606.ENSP00000448680
11961,DTX3,196403,,9606.ENSP00000448696
11962,TMT1A,25840,,9606.ENSP00000448785
11963,CYP4F12,66002,Q9HCS2,9606.ENSP00000448998
11964,RPL41,6171,,9606.ENSP00000449026
11965,MAP3K12,7786,Q12852,9606.ENSP00000449038
11966,RDH12,145226,Q96NR8,9606.ENSP00000449079
11967,DNM1L,10059,,9606.ENSP00000449089
11968,AGAP2,116986,,9606.ENSP00000449241
11969,KCNC2,,Q96PR1,9606.ENSP00000449253
11970,RPLP0,6175,,9606.ENSP00000449328
11971,MAPKAPK5,8550,Q8IW41,9606.ENSP00000449381
11972,SART3,9733,,9606.ENSP00000449386
11973,SMARCC2,6601,,9606.ENSP00000449396
11974,KRT8,3856,,9606.ENSP00000449404
11975,TWF1,5756,,9606.ENSP00000449428
11976,ANKS1B,56899,,9606.ENSP00000449629
11977,CMKLR1,1240,,9606.ENSP00000449716
11978,FKBP11,51303,,9606.ENSP00000449751
11979,SLC38A1,81539,,9606.ENSP00000449756
11980,TRIAP1,51499,,9606.ENSP00000449795
11981,CALCOCO1,57658,,9606.ENSP00000449960
11982,CLEC5A,23601,,9606.ENSP00000449999
11983,ASPG,374569,,9606.ENSP00000450040
11984,RASAL1,8437,,9606.ENSP00000450244
11985,GPR84,53831,,9606.ENSP00000450310
11986,MYL6B,140465,,9606.ENSP00000450385
11987,ALDH6A1,4329,,9606.ENSP00000450436
11988,RAX2,84839,,9606.ENSP00000450456
11989,ATP10A,57194,,9606.ENSP00000450480
11990,BDKRB2,624,P30411,9606.ENSP00000450482
11991,HOPX,84525,,9606.ENSP00000450527
11992,12,,P10930,9606.ENSP00000450540
11993,SERPINA3,12,P01011,9606.ENSP00000450540
11994,IL11RA,3590,,9606.ENSP00000450565
11995,RNASE12,493901,,9606.ENSP00000450580
11996,TIMELESS,8914,,9606.ENSP00000450607
11997,ZFYVE1,53349,,9606.ENSP00000450742
11998,TMEM30B,161291,,9606.ENSP00000450842
11999,STON2,85439,,9606.ENSP00000450857
12000,PPP4R3A,55671,,9606.ENSP00000450864
12001,TMEM179,388021,,9606.ENSP00000450958
12002,EMX2,2018,,9606.ENSP00000450962
12003,ZBTB33,10009,,9606.ENSP00000450969
12004,RGS6,9628,,9606.ENSP00000451030
12005,PGF,5228,,9606.ENSP00000451040
12006,ERH,2079,,9606.ENSP00000451080
12007,SNW1,22938,,9606.ENSP00000451129
12008,CEP128,145508,,9606.ENSP00000451162
12009,KST,38418,,9606.ENSP00000451172
12010,SERPINA4,5267,P29622,9606.ENSP00000451172
12011,GSKIP,51527,,9606.ENSP00000451188
12012,NPC2,10577,,9606.ENSP00000451206
12013,UBE2J1,51465,,9606.ENSP00000451261
12014,MAP3K9,4293,P80192,9606.ENSP00000451263
12015,HNRNPC,3183,,9606.ENSP00000451291
12016,NUMB,8650,,9606.ENSP00000451300
12017,HSD17B6,8630,,9606.ENSP00000451406
12018,DIO2,1734,,9606.ENSP00000451419
12019,TCL1A,8115,,9606.ENSP00000451506
12020,ASB2,51676,,9606.ENSP00000451575
12021,MOAP1,64112,,9606.ENSP00000451594
12022,MC1R,4157,Q01726,9606.ENSP00000451605
12023,NDRG2,57447,,9606.ENSP00000451712
12024,LIN52,91750,,9606.ENSP00000451812
12025,SRP54,6729,,9606.ENSP00000451818
12026,AKT1,207,P31749,9606.ENSP00000451828
12027,PRAF2,11230,,9606.ENSP00000451962
12028,XRCC3,7517,,9606.ENSP00000451974
12029,GSTZ1,2954,O43708,9606.ENSP00000451976
12030,ISCA2,122961,,9606.ENSP00000452007
12031,DNAL1,83544,,9606.ENSP00000452037
12032,SLC35F4,341880,,9606.ENSP00000452086
12033,ITGA7,3679,,9606.ENSP00000452120
12034,SRSF5,6430,,9606.ENSP00000452123
12035,RGMA,56963,,9606.ENSP00000452126
12036,RNASE4,6038,,9606.ENSP00000452245
12037,OR4C13,283092,,9606.ENSP00000452277
12038,PTGR2,145482,Q8N8N7,9606.ENSP00000452280
12039,PTPN21,11099,,9606.ENSP00000452414
12040,GTF2A1,2957,,9606.ENSP00000452454
12041,BCL2L2-PABPN1,100529063,,9606.ENSP00000452479
12042,SOCS4,122809,,9606.ENSP00000452522
12043,SAMD4A,23034,,9606.ENSP00000452535
12044,TNFAIP2,7127,,9606.ENSP00000452634
12045,SEC11A,23478,,9606.ENSP00000452697
12046,PSTPIP1,9051,,9606.ENSP00000452746
12047,ETFA,2108,,9606.ENSP00000452762
12048,RPL28,6158,,9606.ENSP00000452763
12049,ITGB3,3690,P05106,9606.ENSP00000452786
12050,PEAK1,79834,,9606.ENSP00000452796
12051,TLE3,7090,,9606.ENSP00000452871
12052,ZNF592,9640,,9606.ENSP00000452877
12053,MINDY2,54629,,9606.ENSP00000452885
12054,MAN2A2,4122,,9606.ENSP00000452948
12055,RNF111,54778,,9606.ENSP00000453015
12056,MEF2A,4205,,9606.ENSP00000453095
12057,BLID,414899,,9606.ENSP00000453153
12058,TRIM69,140691,,9606.ENSP00000453177
12059,LRRC49,54839,,9606.ENSP00000453273
12060,APBA2,321,,9606.ENSP00000453293
12061,ADAM8,101,,9606.ENSP00000453302
12062,TLN2,83660,,9606.ENSP00000453508
12063,BCL2L10,10017,,9606.ENSP00000453562
12064,MEIS2,4212,,9606.ENSP00000453793
12065,SECISBP2L,9728,,9606.ENSP00000453854
12066,BUB1B-PAK6,106821730,,9606.ENSP00000453858
12067,PAK6,56924,Q9NQU5,9606.ENSP00000453858
12068,SHISA9,729993,,9606.ENSP00000454014
12069,GMPR2,51292,,9606.ENSP00000454038
12070,NRL,4901,,9606.ENSP00000454062
12071,LDLR,3949,,9606.ENSP00000454071
12072,C5orf63,401207,,9606.ENSP00000454153
12073,CLN3,1201,,9606.ENSP00000454229
12074,NUB1,51667,,9606.ENSP00000454264
12075,AP5B1,91056,,9606.ENSP00000454303
12076,ARPP19,10776,,9606.ENSP00000454341
12077,RBM15B,29890,,9606.ENSP00000454545
12078,DNASE1L2,1775,,9606.ENSP00000454562
12079,ITGAX,3687,,9606.ENSP00000454623
12080,SLC38A7,55238,,9606.ENSP00000454646
12081,ASIP,434,,9606.ENSP00000454804
12082,SNUPN,,,9606.ENSP00000454852
12083,RNF112,7732,,9606.ENSP00000454919
12084,SCAPER,49855,,9606.ENSP00000454973
12085,SLC7A6,9057,,9606.ENSP00000455064
12086,METRN,79006,,9606.ENSP00000455068
12087,BOP1,23246,,9606.ENSP00000455106
12088,HEXA,3073,,9606.ENSP00000455114
12089,ADGRG1,9289,,9606.ENSP00000455215
12090,DUS2,54920,,9606.ENSP00000455229
12091,TAF1C,9013,,9606.ENSP00000455265
12092,ZNF423,23090,,9606.ENSP00000455426
12093,GJE1,100126572,,9606.ENSP00000455469
12094,OBSCN,84033,,9606.ENSP00000455507
12095,DOK4,55715,,9606.ENSP00000455566
12096,PHKG2,5261,,9606.ENSP00000455607
12097,ST20-MTHFS,100528021,,9606.ENSP00000455643
12098,SCRT1,83482,,9606.ENSP00000455711
12099,DYNLRB2,83657,,9606.ENSP00000455791
12100,MRC1,4360,,9606.ENSP00000455897
12101,MUC22,100507679,,9606.ENSP00000455906
12102,SQOR,58472,,9606.ENSP00000456019
12103,TUBB8,,,9606.ENSP00000456206
12104,EARS2,124454,,9606.ENSP00000456218
12105,PRRT2,112476,,9606.ENSP00000456226
12106,PARP6,56965,,9606.ENSP00000456348
12107,CNN2,1265,,9606.ENSP00000456436
12108,SNX29,92017,,9606.ENSP00000456480
12109,ZNF469,84627,,9606.ENSP00000456500
12110,ELFN1,392617,,9606.ENSP00000456548
12111,TMEM178B,100507421,,9606.ENSP00000456594
12112,STRA6,64220,,9606.ENSP00000456609
12113,ZDHHC7,55625,,9606.ENSP00000456782
12114,BLOC1S6,,,9606.ENSP00000456851
12115,CTU2,348180,,9606.ENSP00000456908
12116,WFDC1,58189,,9606.ENSP00000456920
12117,POTEB,100996331,,9606.ENSP00000456953
12118,ZFP1,162239,,9606.ENSP00000457044
12119,TEX46,729059,,9606.ENSP00000457161
12120,SZT2,23334,,9606.ENSP00000457168
12121,HAPLN3,145864,,9606.ENSP00000457180
12122,WWOX,51741,,9606.ENSP00000457230
12123,NOL3,8996,,9606.ENSP00000457243
12124,OGFOD1,55239,Q8N543,9606.ENSP00000457258
12125,CEMP1,752014,,9606.ENSP00000457380
12126,SMIM1,388588,,9606.ENSP00000457386
12127,USP10,9100,,9606.ENSP00000457411
12128,PECAM1,5175,,9606.ENSP00000457421
12129,TMEM219,124446,,9606.ENSP00000457492
12130,COX4I1,1327,P13073,9606.ENSP00000457513
12131,APOBR,55911,Q0VD83,9606.ENSP00000457539
12132,DBNDD1,79007,,9606.ENSP00000457625
12133,UBL7,84993,,9606.ENSP00000457703
12134,RNPS1,10921,,9606.ENSP00000457723
12135,TRAPPC2L,51693,,9606.ENSP00000457728
12136,SLC25A24,29957,,9606.ENSP00000457733
12137,RGSL1,353299,,9606.ENSP00000457748
12138,MAN2C1,4123,,9606.ENSP00000457788
12139,KCNJ18,100134444,,9606.ENSP00000457807
12140,MLST8,64223,,9606.ENSP00000457870
12141,PHLPP2,23035,,9606.ENSP00000457991
12142,DUX4,100288687,,9606.ENSP00000458065
12143,ACTG1,71,P63261,9606.ENSP00000458162
12144,METTL4,64863,,9606.ENSP00000458290
12145,CTRL,1506,,9606.ENSP00000458537
12146,MMP12,4321,P39900,9606.ENSP00000458585
12147,CIC,23152,,9606.ENSP00000458663
12148,NMRAL1,57407,,9606.ENSP00000458762
12149,NDUFAB1,4706,,9606.ENSP00000458770
12150,NUP88,4927,,9606.ENSP00000458954
12151,LITAF,9516,,9606.ENSP00000459533
12152,LRRC37A2,474170,,9606.ENSP00000459551
12153,SRGAP2,23380,,9606.ENSP00000459615
12154,TNK1,8711,Q13470,9606.ENSP00000459799
12155,ANKFY1,51479,,9606.ENSP00000459943
12156,TRPV1,7442,Q8NER1,9606.ENSP00000459962
12157,GTF2I,2969,,9606.ENSP00000460070
12158,SPON1,10418,,9606.ENSP00000460236
12159,PRPF8,10594,,9606.ENSP00000460348
12160,USP6,9098,,9606.ENSP00000460380
12161,NLRP1,22861,,9606.ENSP00000460475
12162,ZFP90,146198,,9606.ENSP00000460547
12163,TOM1L1,10040,,9606.ENSP00000460823
12164,WSCD1,23302,,9606.ENSP00000460825
12165,RSL1D1,26156,,9606.ENSP00000460871
12166,ATPAF1,64756,,9606.ENSP00000460964
12167,SLC43A2,124935,,9606.ENSP00000461382
12168,OVCA2,124641,,9606.ENSP00000461388
12169,GOSR2,9570,,9606.ENSP00000461784
12170,RAB40B,10966,,9606.ENSP00000461785
12171,FOPNL,123811,,9606.ENSP00000461830
12172,POLR2A,5430,,9606.ENSP00000461879
12173,RAB31,11031,,9606.ENSP00000461945
12174,CD226,10666,,9606.ENSP00000461947
12175,RASSF5,83593,,9606.ENSP00000462099
12176,SAP30BP,29115,,9606.ENSP00000462116
12177,KIAA0040,9674,,9606.ENSP00000462172
12178,CD300LF,146722,,9606.ENSP00000462309
12179,ENGASE,64772,,9606.ENSP00000462333
12180,TPPP3,51673,,9606.ENSP00000462435
12181,YES1,7525,P07947,9606.ENSP00000462468
12182,TXNIP,10628,,9606.ENSP00000462521
12183,ADCYAP1,116,,9606.ENSP00000462647
12184,POLI,11201,,9606.ENSP00000462664
12185,CDH8,1006,,9606.ENSP00000462701
12186,CUEDC1,404093,,9606.ENSP00000462717
12187,OTUD7B,56957,,9606.ENSP00000462729
12188,NAT9,26151,,9606.ENSP00000462835
12189,TEFM,79736,,9606.ENSP00000462963
12190,SPATA33,124045,,9606.ENSP00000462996
12191,MIEN1,84299,,9606.ENSP00000462998
12192,OAZ2,4947,,9606.ENSP00000463013
12193,NCOA4,8031,,9606.ENSP00000463027
12194,GDF2,2658,,9606.ENSP00000463051
12195,RBM8A,9939,,9606.ENSP00000463058
12196,RNF43,54894,,9606.ENSP00000463069
12197,MARCHF10,162333,,9606.ENSP00000463080
12198,MSMB,4477,,9606.ENSP00000463092
12199,RBP3,5949,,9606.ENSP00000463151
12200,ANP32E,81611,,9606.ENSP00000463154
12201,SNURF,8926,,9606.ENSP00000463201
12202,TMEM98,26022,,9606.ENSP00000463245
12203,CCDC178,374864,,9606.ENSP00000463254
12204,KLF14,136259,,9606.ENSP00000463287
12205,PTPRM,5797,,9606.ENSP00000463325
12206,MIF4GD,57409,,9606.ENSP00000463334
12207,RPL17-C18orf32,100526842,,9606.ENSP00000463379
12208,KCNH6,81033,Q9H252,9606.ENSP00000463533
12209,MYL12A,10627,,9606.ENSP00000463559
12210,MYL12B,103910,,9606.ENSP00000463559
12211,RNF115,27246,,9606.ENSP00000463650
12212,RBFOX3,146713,,9606.ENSP00000463653
12213,KCNJ12,3768,Q14500,9606.ENSP00000463778
12214,RPL26,,,9606.ENSP00000463784
12215,RPL17,6139,,9606.ENSP00000463842
12216,ARHGDIA,396,,9606.ENSP00000463939
12217,NBPF10,100132406,,9606.ENSP00000463957
12218,SLC16A3,9123,,9606.ENSP00000463978
12219,YTHDC1,91746,,9606.ENSP00000463982
12220,IKBKE,9641,Q14164,9606.ENSP00000464030
12221,CDK11B,984,,9606.ENSP00000464036
12222,RNF213,57674,,9606.ENSP00000464087
12223,GDF10,2662,,9606.ENSP00000464145
12224,VHLL,391104,,9606.ENSP00000464258
12225,MYH3,4621,,9606.ENSP00000464317
12226,RPL36,25873,,9606.ENSP00000464342
12227,TSHZ1,10194,,9606.ENSP00000464391
12228,IFT20,90410,,9606.ENSP00000464443
12229,HELZ,9931,,9606.ENSP00000464512
12230,TIMM23,100287932,,9606.ENSP00000464522
12231,RPL27,,,9606.ENSP00000464813
12232,COASY,80347,,9606.ENSP00000464814
12233,CAPNS1,826,,9606.ENSP00000464849
12234,PLEKHJ1,,,9606.ENSP00000464955
12235,MAP4K1,11184,Q92918,9606.ENSP00000465039
12236,SPC24,147841,,9606.ENSP00000465075
12237,CD3EAP,10849,,9606.ENSP00000465099
12238,POLR1G,,,9606.ENSP00000465099
12239,MXRA7,439921,,9606.ENSP00000465103
12240,CNTD1,124817,,9606.ENSP00000465204
12241,POP4,10775,,9606.ENSP00000465213
12242,TMC6,11322,,9606.ENSP00000465261
12243,APOC1,341,,9606.ENSP00000465356
12244,TJP3,27134,,9606.ENSP00000465419
12245,TNFRSF11A,8792,,9606.ENSP00000465500
12246,C18orf21,,,9606.ENSP00000465517
12247,IER2,9592,,9606.ENSP00000465617
12248,EVPL,2125,,9606.ENSP00000465630
12249,TMEM100,55273,,9606.ENSP00000465638
12250,PIAS2,9063,,9606.ENSP00000465676
12251,C10orf82,143379,,9606.ENSP00000465712
12252,SLC16A2,6567,,9606.ENSP00000465734
12253,CCDC106,29903,,9606.ENSP00000465757
12254,POLRMT,5442,,9606.ENSP00000465759
12255,ELOF1,84337,,9606.ENSP00000465765
12256,MPPE1,65258,,9606.ENSP00000465894
12257,KIF18B,146909,,9606.ENSP00000465992
12258,PPY,5539,,9606.ENSP00000466009
12259,RPS15,6209,,9606.ENSP00000466010
12260,CIRBP,1153,,9606.ENSP00000466025
12261,ZNF404,342908,,9606.ENSP00000466051
12262,LYPD8,646627,,9606.ENSP00000466070
12263,ELANE,1991,P08246,9606.ENSP00000466090
12264,RNMT,8731,,9606.ENSP00000466111
12265,PRKCSH,5589,,9606.ENSP00000466134
12266,PDCD5,9141,,9606.ENSP00000466214
12267,ACLY,47,P53396,9606.ENSP00000466259
12268,NLRP11,204801,,9606.ENSP00000466285
12269,PIP5K1C,23396,,9606.ENSP00000466363
12270,GET3,,O43681,9606.ENSP00000466379
12271,RAD51D,5892,,9606.ENSP00000466399
12272,ZNF396,252884,,9606.ENSP00000466500
12273,TLE2,7089,,9606.ENSP00000466542
12274,SLC44A2,57153,,9606.ENSP00000466664
12275,CCDC68,80323,,9606.ENSP00000466690
12276,APOC2,344,,9606.ENSP00000466775
12277,COX6B1,1340,P14854,9606.ENSP00000466818
12278,GCDH,2639,,9606.ENSP00000466845
12279,FUT5,2527,,9606.ENSP00000466880
12280,FHOD3,80206,,9606.ENSP00000466937
12281,WTIP,126374,,9606.ENSP00000466953
12282,TRM1,,F5HC79,9606.ENSP00000466967
12283,RAD23A,5886,,9606.ENSP00000467024
12284,NLRP7,199713,,9606.ENSP00000467123
12285,TTN,7273,,9606.ENSP00000467141
12286,TNNT1,7138,,9606.ENSP00000467176
12287,GJC1,10052,,9606.ENSP00000467201
12288,ABCA8,10351,,9606.ENSP00000467271
12289,SEMA6B,10501,,9606.ENSP00000467290
12290,SAFB,6294,,9606.ENSP00000467423
12291,GIPR,2696,,9606.ENSP00000467494
12292,PTPRS,5802,Q13332,9606.ENSP00000467537
12293,GPATCH8,23131,,9606.ENSP00000467556
12294,WBP2,23558,,9606.ENSP00000467579
12295,PRCD,768206,,9606.ENSP00000467661
12296,ZNF699,374879,,9606.ENSP00000467723
12297,KANK2,25959,,9606.ENSP00000468002
12298,SARM1,23098,,9606.ENSP00000468032
12299,MC5R,4161,P33032,9606.ENSP00000468086
12300,ZNF559,84527,,9606.ENSP00000468153
12301,APOC4,346,,9606.ENSP00000468236
12302,CFD,1675,,9606.ENSP00000468253
12303,MBTD1,54799,,9606.ENSP00000468304
12304,FAM20A,54757,,9606.ENSP00000468308
12305,MAP2K6,5608,P52564,9606.ENSP00000468348
12306,PSENEN,55851,Q9NZ42,9606.ENSP00000468411
12307,NMT1,4836,,9606.ENSP00000468424
12308,TK1,7083,P04183,9606.ENSP00000468425
12309,BCAS3,54828,,9606.ENSP00000468592
12310,ZNF121,7675,,9606.ENSP00000468643
12311,MICOS13,125988,,9606.ENSP00000468723
12312,ZBTB7C,201501,,9606.ENSP00000468782
12313,MBD1,4152,,9606.ENSP00000468785
12314,FPR2,2358,,9606.ENSP00000468897
12315,STAP2,55620,,9606.ENSP00000468927
12316,WDR83OS,51398,,9606.ENSP00000468969
12317,SSX4,6759,,9606.ENSP00000469011
12318,SSX4B,548313,,9606.ENSP00000469011
12319,COPE,11316,,9606.ENSP00000469035
12320,TNFSF14,8740,,9606.ENSP00000469049
12321,NPAS1,4861,,9606.ENSP00000469142
12322,SPHK2,56848,,9606.ENSP00000469158
12323,EMP3,2014,,9606.ENSP00000469194
12324,SPTBN4,57731,,9606.ENSP00000469242
12325,KLK15,55554,,9606.ENSP00000469315
12326,GABRQ,55879,Q9UN88,9606.ENSP00000469332
12327,ZNF677,342926,,9606.ENSP00000469391
12328,PAK4,10298,O96013,9606.ENSP00000469413
12329,KLK9,284366,,9606.ENSP00000469417
12330,NTF4,4909,,9606.ENSP00000469455
12331,FLT3LG,2323,,9606.ENSP00000469613
12332,EGLN2,112398,Q96KS0,9606.ENSP00000469686
12333,MPV17L2,84769,,9606.ENSP00000469836
12334,DYRK1B,9149,Q9Y463,9606.ENSP00000469863
12335,TAZ,6901,,9606.ENSP00000469981
12336,MIA,8190,,9606.ENSP00000470129
12337,UPF1,5976,,9606.ENSP00000470142
12338,DTNA,1837,,9606.ENSP00000470152
12339,AP2S1,1175,,9606.ENSP00000470176
12340,CT45A1,541466,,9606.ENSP00000470185
12341,ZNF257,113835,,9606.ENSP00000470209
12342,RAB4B,53916,,9606.ENSP00000470246
12343,PRICKLE3,4007,,9606.ENSP00000470248
12344,SIGLEC5,8778,,9606.ENSP00000470259
12345,KLK7,5650,,9606.ENSP00000470538
12346,PET100,100131801,,9606.ENSP00000470539
12347,KLK13,26085,,9606.ENSP00000470555
12348,EMG1,10436,,9606.ENSP00000470560
12349,IL12RB1,3594,,9606.ENSP00000470788
12350,SLC6A14,11254,,9606.ENSP00000470801
12351,TMEM59L,25789,,9606.ENSP00000470879
12352,RPS19,6223,P39019,9606.ENSP00000470972
12353,ZNF615,284370,,9606.ENSP00000471041
12354,NUP62,23636,,9606.ENSP00000471191
12355,ZFP36,7538,,9606.ENSP00000471239
12356,ANKDD1B,728780,,9606.ENSP00000471417
12357,MYO9B,4650,,9606.ENSP00000471457
12358,FGF21,26291,,9606.ENSP00000471477
12359,FPR1,2357,P21462,9606.ENSP00000471493
12360,MARCHF2,51257,,9606.ENSP00000471536
12361,SLC38A5,92745,,9606.ENSP00000471683
12362,FKBP8,23770,,9606.ENSP00000471700
12363,ZNF480,147657,,9606.ENSP00000471754
12364,ADAMTS10,81794,,9606.ENSP00000471851
12365,HAMP,57817,,9606.ENSP00000471894
12366,IRF3,3661,,9606.ENSP00000471896
12367,SPIB,6689,,9606.ENSP00000471921
12368,TEAD2,8463,,9606.ENSP00000472109
12369,TEX101,83639,,9606.ENSP00000472308
12370,POLD1,5424,,9606.ENSP00000472445
12371,SARS2,54938,,9606.ENSP00000472465
12372,CXCL17,284340,,9606.ENSP00000472467
12373,RPS28,,P62857,9606.ENSP00000472469
12374,IL4I1,259307,Q96RQ9,9606.ENSP00000472474
12375,NXF2,56001,,9606.ENSP00000472530
12376,PLA2G4C,8605,,9606.ENSP00000472546
12377,C5AR2,27202,,9606.ENSP00000472620
12378,ZIK1,284307,,9606.ENSP00000472867
12379,VAV1,7409,,9606.ENSP00000472929
12380,RPS5,6193,P46782,9606.ENSP00000472985
12381,SNRNP70,6625,,9606.ENSP00000472998
12382,KLK11,11012,,9606.ENSP00000473047
12383,MAGEA3,4102,,9606.ENSP00000473093
12384,FFAR2,2867,,9606.ENSP00000473159
12385,RUVBL2,10856,,9606.ENSP00000473172
12386,SELENOW,6415,,9606.ENSP00000473185
12387,ZNF334,55713,,9606.ENSP00000473194
12388,GPR42,2866,,9606.ENSP00000473212
12389,NELFCD,51497,,9606.ENSP00000473290
12390,H6PD,9563,,9606.ENSP00000473348
12391,FXYD4,53828,,9606.ENSP00000473361
12392,OAZ1,4946,,9606.ENSP00000473381
12393,MAGEB5,347541,,9606.ENSP00000473493
12394,CSNK2A3,283106,,9606.ENSP00000473553
12395,UBE2E3,10477,,9606.ENSP00000473623
12396,DNAJC3,5611,,9606.ENSP00000473631
12397,SBNO1,55206,,9606.ENSP00000473665
12398,MMP28,79148,,9606.ENSP00000473853
12399,FXYD3,5349,,9606.ENSP00000473929
12400,ALDH3B1,,,9606.ENSP00000473990
12401,DYNC2LI1,51626,,9606.ENSP00000474032
12402,UPP2,151531,O95045,9606.ENSP00000474090
12403,TAF15,8148,,9606.ENSP00000474096
12404,LEKR1,389170,,9606.ENSP00000474182
12405,SETD1B,23067,,9606.ENSP00000474253
12406,ADAM21,8747,,9606.ENSP00000474385
12407,CCL5,6352,,9606.ENSP00000474412
12408,NBPF1,55672,,9606.ENSP00000474456
12409,LIX1L,128077,,9606.ENSP00000474487
12410,GAS2L2,246176,,9606.ENSP00000474529
12411,HADH,3033,,9606.ENSP00000474560
12412,FBXW7,55294,,9606.ENSP00000474725
12413,TLCD4-RWDD3,100527978,,9606.ENSP00000475025
12414,ANKRD34A,284615,,9606.ENSP00000475189
12415,KPRP,448834,,9606.ENSP00000475216
12416,APLNR,187,,9606.ENSP00000475344
12417,MPHOSPH9,10198,,9606.ENSP00000475489
12418,TM2D1,83941,,9606.ENSP00000475700
12419,CSNK1G1,53944,,9606.ENSP00000475724
12420,TBC1D7,51256,,9606.ENSP00000475727
12421,HEBP2,23593,,9606.ENSP00000475750
12422,CNKSR3,154043,,9606.ENSP00000475915
12423,POLDIP2,26073,,9606.ENSP00000475924
12424,DNAH11,8701,,9606.ENSP00000475939
12425,ACYP2,98,,9606.ENSP00000475986
12426,GTF2H5,404672,,9606.ENSP00000476100
12427,WDR18,57418,,9606.ENSP00000476117
12428,NUDT3,11165,,9606.ENSP00000476119
12429,UQCC2,84300,,9606.ENSP00000476140
12430,FRK,2444,P42685,9606.ENSP00000476145
12431,SLC37A4,2542,,9606.ENSP00000476176
12432,SIRT5,23408,,9606.ENSP00000476228
12433,CDYL2,124359,,9606.ENSP00000476295
12434,BHLHA15,168620,,9606.ENSP00000476312
12435,DCP1A,55802,,9606.ENSP00000476386
12436,NT5C3A,51251,,9606.ENSP00000476480
12437,LYPD4,147719,,9606.ENSP00000476510
12438,KCNN1,3780,Q92952,9606.ENSP00000476519
12439,SLC25A16,8034,,9606.ENSP00000476815
12440,TRABD2B,388630,,9606.ENSP00000476820
12441,RPAP2,79871,,9606.ENSP00000476948
12442,FRRS1L,23732,,9606.ENSP00000477141
12443,APBB1,322,,9606.ENSP00000477213
12444,DYNLL2,140735,,9606.ENSP00000477310
12445,PPM1K,152926,,9606.ENSP00000477341
12446,SCOC,60592,,9606.ENSP00000477352
12447,ZNF595,152687,,9606.ENSP00000477392
12448,KCNJ6,3763,P48051,9606.ENSP00000477437
12449,GRIN2B,2904,Q13224,9606.ENSP00000477455
12450,RIOX1,79697,,9606.ENSP00000477507
12451,DGKK,139189,,9606.ENSP00000477515
12452,NAP1L1,4673,,9606.ENSP00000477538
12453,HCRTR2,3062,O43614,9606.ENSP00000477548
12454,MR1,3140,,9606.ENSP00000477563
12455,HMOX2,3163,,9606.ENSP00000477572
12456,SRD5A2,6716,P31213,9606.ENSP00000477587
12457,CPNE3,8895,,9606.ENSP00000477590
12458,ELOVL1,64834,,9606.ENSP00000477602
12459,BIRC2,329,,9606.ENSP00000477613
12460,TMC4,147798,,9606.ENSP00000477627
12461,NAGK,55577,,9606.ENSP00000477639
12462,LYNX1,66004,,9606.ENSP00000477648
12463,LYNX1-SLURP2,111188157,,9606.ENSP00000477648
12464,DUSP14,11072,,9606.ENSP00000477653
12465,NR1H3,10062,,9606.ENSP00000477707
12466,LCK,3932,P06239,9606.ENSP00000477713
12467,CPEB1,64506,,9606.ENSP00000477715
12468,KANK1,23189,,9606.ENSP00000477725
12469,TCTP,,Q8I3Z5,9606.ENSP00000477781
12470,TPT1,7178,P13693,9606.ENSP00000477781
12471,GCH1,2643,,9606.ENSP00000477796
12472,PTCRA,171558,,9606.ENSP00000477815
12473,LHX1,3975,,9606.ENSP00000477829
12474,AATF,26574,,9606.ENSP00000477848
12475,GGTLC3,728226,,9606.ENSP00000477856
12476,TOX4,9878,,9606.ENSP00000477868
12477,ARID3B,10620,,9606.ENSP00000477878
12478,CCL3,6348,,9606.ENSP00000477908
12479,STAG3,10734,,9606.ENSP00000477973
12480,SLC25A14,9016,,9606.ENSP00000477981
12481,NOS1,4842,P29475,9606.ENSP00000477999
12482,CCL16,6360,,9606.ENSP00000478024
12483,ANXA8,653145,,9606.ENSP00000478026
12484,STIM1,6786,,9606.ENSP00000478059
12485,MARCKS,4082,,9606.ENSP00000478061
12486,VPS13D,,,9606.ENSP00000478104
12487,ELOC,6921,,9606.ENSP00000478121
12488,CASP8AP2,9994,,9606.ENSP00000478179
12489,CRY2,1408,,9606.ENSP00000478187
12490,AKAP1,8165,,9606.ENSP00000478212
12491,GGNBP2,79893,,9606.ENSP00000478220
12492,MTHFD1L,25902,,9606.ENSP00000478253
12493,ABCB1,5243,P08183,9606.ENSP00000478255
12494,IGH,3492,,9606.ENSP00000478289
12495,LOC102723407,102723407,,9606.ENSP00000478289
12496,POLR2E,5434,,9606.ENSP00000478303
12497,SMOX,54498,,9606.ENSP00000478305
12498,PPP6R2,9701,,9606.ENSP00000478417
12499,PLCL2,23228,,9606.ENSP00000478458
12500,UBE2F,140739,,9606.ENSP00000478474
12501,RAB18,22931,,9606.ENSP00000478479
12502,YTHDF3,253943,,9606.ENSP00000478490
12503,ANAPC10,10393,,9606.ENSP00000478501
12504,CYP1B1,1545,Q16678,9606.ENSP00000478561
12505,TTC25,83538,,9606.ENSP00000478589
12506,NEURL3,93082,,9606.ENSP00000478591
12507,P3H3,10536,Q8IVL6,9606.ENSP00000478600
12508,SLC1A7,6512,,9606.ENSP00000478639
12509,RAG2,5897,,9606.ENSP00000478672
12510,TBC1D3,729873,,9606.ENSP00000478683
12511,TNFRSF9,3604,,9606.ENSP00000478699
12512,DDX6,1656,,9606.ENSP00000478754
12513,SEC14L2,23541,O76054,9606.ENSP00000478755
12514,SIRPA,140885,,9606.ENSP00000478763
12515,PPP1R9B,84687,,9606.ENSP00000478767
12516,UBB,7314,,9606.ENSP00000478771
12517,LTN1,26046,,9606.ENSP00000478783
12518,TMPRSS7,344805,,9606.ENSP00000478830
12519,CAMK1D,57118,Q8IU85,9606.ENSP00000478874
12520,ADRM1,11047,,9606.ENSP00000478877
12521,CPNE4,131034,,9606.ENSP00000478878
12522,MYC,4609,P01106,9606.ENSP00000478887
12523,GNAZ,2781,,9606.ENSP00000478892
12524,YAP1,10413,,9606.ENSP00000478927
12525,AIFM2,84883,,9606.ENSP00000478931
12526,UPK1A,11045,,9606.ENSP00000478942
12527,RPP38,10557,,9606.ENSP00000478982
12528,CCDC28A,25901,,9606.ENSP00000479060
12529,ZFAND6,54469,,9606.ENSP00000479071
12530,OSCAR,126014,,9606.ENSP00000479089
12531,CCL14,6358,,9606.ENSP00000479097
12532,GABRG3,2567,Q99928,9606.ENSP00000479113
12533,FMN1,342184,,9606.ENSP00000479134
12534,EHD1,10938,,9606.ENSP00000479153
12535,HOXA4,3201,,9606.ENSP00000479166
12536,ARL8B,55207,,9606.ENSP00000479202
12537,GALNTL5,168391,,9606.ENSP00000479207
12538,ECSCR,641700,,9606.ENSP00000479243
12539,JAKMIP2,9832,,9606.ENSP00000479248
12540,BORA,79866,,9606.ENSP00000479266
12541,CLIP1,6249,,9606.ENSP00000479322
12542,GUCD1,83606,,9606.ENSP00000479370
12543,PHB;PHB1,5245,,9606.ENSP00000479488
12544,DPF3,8110,,9606.ENSP00000479526
12545,CD177,57126,,9606.ENSP00000479536
12546,KIZ,55857,,9606.ENSP00000479542
12547,GIMAP6,474344,,9606.ENSP00000479580
12548,RHNO1,83695,,9606.ENSP00000479598
12549,CLTC,1213,,9606.ENSP00000479606
12550,UHRF1,29128,,9606.ENSP00000479617
12551,PLCD3,113026,,9606.ENSP00000479636
12552,AOAH,313,,9606.ENSP00000479664
12553,RPS6KA5,9252,,9606.ENSP00000479667
12554,CAB39L,81617,,9606.ENSP00000479669
12555,KCP,375616,,9606.ENSP00000479679
12556,MAL2,114569,,9606.ENSP00000479708
12557,CYFIP2,26999,,9606.ENSP00000479719
12558,PRSS56,646960,,9606.ENSP00000479745
12559,RAB7B,338382,,9606.ENSP00000479762
12560,CFAP57,149465,,9606.ENSP00000479773
12561,CNTNAP4,85445,,9606.ENSP00000479811
12562,DENND1B,163486,,9606.ENSP00000479816
12563,RASGRP4,115727,,9606.ENSP00000479844
12564,CIB1,10519,Q99828,9606.ENSP00000479860
12565,SEPTIN2,4735,,9606.ENSP00000479861
12566,ALOX5AP,241,,9606.ENSP00000479870
12567,IRAK4,51135,Q9NWZ3,9606.ENSP00000479889
12568,ZMYM2,7750,,9606.ENSP00000479904
12569,MLLT6,4302,,9606.ENSP00000479910
12570,SH3GLB1,51100,,9606.ENSP00000479919
12571,LRRC8E,80131,,9606.ENSP00000479953
12572,CCL18,6362,,9606.ENSP00000479955
12573,SLC4A1AP,22950,,9606.ENSP00000479964
12574,ANGPTL8,55908,,9606.ENSP00000479969
12575,C11orf96,387763,,9606.ENSP00000479976
12576,EPHX1,2052,P07099,9606.ENSP00000480004
12577,ADORA2A,135,P29274,9606.ENSP00000480012
12578,VEGFC,7424,,9606.ENSP00000480043
12579,SYN2,6854,,9606.ENSP00000480050
12580,GPIHBP1,338328,,9606.ENSP00000480053
12581,METTL8,79828,,9606.ENSP00000480056
12582,NCAM1,4684,,9606.ENSP00000480132
12583,SRSF8,10929,,9606.ENSP00000480140
12584,HYOU1,10525,,9606.ENSP00000480150
12585,PIK3R6,,,9606.ENSP00000480157
12586,POLD2,,,9606.ENSP00000480186
12587,ANXA8L1,728113,,9606.ENSP00000480221
12588,LRMDA,83938,,9606.ENSP00000480240
12589,PPP1R18,170954,,9606.ENSP00000480270
12590,HNF1B,6928,,9606.ENSP00000480291
12591,IQSEC1,9922,,9606.ENSP00000480301
12592,GATD3B,102724023,,9606.ENSP00000480313
12593,TUBGCP5,114791,,9606.ENSP00000480316
12594,PDLIM5,10611,,9606.ENSP00000480359
12595,MTERF4,130916,,9606.ENSP00000480378
12596,SRRT,51593,,9606.ENSP00000480421
12597,B4GALT3,8703,,9606.ENSP00000480428
12598,DHRS3,9249,O75911,9606.ENSP00000480439
12599,COL19A1,1310,,9606.ENSP00000480474
12600,OPLAH,26873,,9606.ENSP00000480476
12601,NRN1,51299,,9606.ENSP00000480483
12602,PDZD7,79955,,9606.ENSP00000480489
12603,TSPAN10,83882,,9606.ENSP00000480492
12604,TMCO1,54499,,9606.ENSP00000480514
12605,DNAI1,27019,,9606.ENSP00000480538
12606,CDC42EP3,10602,,9606.ENSP00000480549
12607,CCL3L1,6349,,9606.ENSP00000480558
12608,CCL3L3,414062,,9606.ENSP00000480558
12609,ADRA2B,151,P18089,9606.ENSP00000480573
12610,PRDM11,56981,,9606.ENSP00000480626
12611,MAGEA6,4105,,9606.ENSP00000480637
12612,SEMA3B,7869,,9606.ENSP00000480680
12613,SLC46A1,113235,Q96NT5,9606.ENSP00000480703
12614,ZAN,7455,,9606.ENSP00000480750
12615,EPHA5,2044,P54756,9606.ENSP00000480763
12616,FGF1,2246,P05230,9606.ENSP00000480791
12617,LSR,51599,,9606.ENSP00000480821
12618,PKIB,5570,,9606.ENSP00000480824
12619,BCL2L13,23786,,9606.ENSP00000480836
12620,SRRM3,222183,,9606.ENSP00000480851
12621,ST3GAL6,10402,,9606.ENSP00000480884
12622,SLC9A7,84679,,9606.ENSP00000480916
12623,P2RY6,5031,,9606.ENSP00000480966
12624,SSTR3,6753,,9606.ENSP00000480971
12625,MCM3,4172,,9606.ENSP00000480987
12626,CHST9,83539,,9606.ENSP00000480991
12627,BHLHE23,128408,,9606.ENSP00000480998
12628,PLP1,5354,,9606.ENSP00000481006
12629,GAS2L1,10634,,9606.ENSP00000481012
12630,SEM1,7979,,9606.ENSP00000481021
12631,SHFM1,772237,,9606.ENSP00000481021
12632,SCAMP1,9522,,9606.ENSP00000481022
12633,PSMC3,5702,,9606.ENSP00000481029
12634,CYFIP1,23191,,9606.ENSP00000481038
12635,FCGBP,8857,,9606.ENSP00000481056
12636,TADA2A,6871,,9606.ENSP00000481091
12637,FOLR3,2352,P41439,9606.ENSP00000481114
12638,VPS11,55823,,9606.ENSP00000481126
12639,ANKRD36B,57730,,9606.ENSP00000481149
12640,CT45A2,728911,,9606.ENSP00000481184
12641,SHISA8,440829,,9606.ENSP00000481203
12642,FXYD1,5348,,9606.ENSP00000481244
12643,SOCS2,8835,,9606.ENSP00000481249
12644,SLC38A3,10991,,9606.ENSP00000481301
12645,SPINK6,404203,,9606.ENSP00000481309
12646,SMR3B,10879,,9606.ENSP00000481313
12647,GABRR3,200959,,9606.ENSP00000481321
12648,CCL23,6368,,9606.ENSP00000481357
12649,CCNA2,890,,9606.ENSP00000481380
12650,AMY2A,279,,9606.ENSP00000481450
12651,FAM83D,81610,,9606.ENSP00000481465
12652,GRIA3,2892,P42263,9606.ENSP00000481554
12653,TNFAIP3,7128,,9606.ENSP00000481570
12654,FOXD1,2297,,9606.ENSP00000481581
12655,SMIM22,440335,,9606.ENSP00000481592
12656,HTD2,109703458,,9606.ENSP00000481593
12657,H2BS1,54145,,9606.ENSP00000481622
12658,LOC102724334,102724334,,9606.ENSP00000481622
12659,SLC6A6,6533,,9606.ENSP00000481625
12660,IFNL3,282617,,9606.ENSP00000481633
12661,RPS10,6204,,9606.ENSP00000481646
12662,SPRY1,10252,,9606.ENSP00000481675
12663,RSRC1,51319,,9606.ENSP00000481697
12664,TBC1D2,55357,,9606.ENSP00000481721
12665,ABCG4,64137,,9606.ENSP00000481728
12666,CSDE1,7812,,9606.ENSP00000481762
12667,MAPK8IP3,23162,,9606.ENSP00000481780
12668,MFRP,83552,,9606.ENSP00000481824
12669,CD24,100133941,,9606.ENSP00000481841
12670,KCNN3,3782,Q9UGI6,9606.ENSP00000481848
12671,JADE3,9767,,9606.ENSP00000481850
12672,PAN2,9924,,9606.ENSP00000481859
12673,PGRMC2,10424,,9606.ENSP00000481886
12674,CNOT6,57472,,9606.ENSP00000481893
12675,SEZ6L2,26470,,9606.ENSP00000481917
12676,CREB3L1,90993,,9606.ENSP00000481956
12677,EPHB6,2051,O15197,9606.ENSP00000481994
12678,NR4A3,8013,Q92570,9606.ENSP00000482027
12679,PCGF2,7703,,9606.ENSP00000482063
12680,PTGES3,10728,Q15185,9606.ENSP00000482075
12681,PER3,8863,,9606.ENSP00000482093
12682,NEFL,4747,,9606.ENSP00000482169
12683,PIGW,284098,,9606.ENSP00000482202
12684,BCL2L12,83596,,9606.ENSP00000482218
12685,CGA,1081,,9606.ENSP00000482232
12686,DACH1,1602,,9606.ENSP00000482245
12687,CCL4,6351,,9606.ENSP00000482259
12688,CCL4L1,388372,,9606.ENSP00000482259
12689,DGAT1,8694,,9606.ENSP00000482264
12690,TTC8,123016,,9606.ENSP00000482306
12691,RECQL4,9401,,9606.ENSP00000482313
12692,MAP7,9053,,9606.ENSP00000482335
12693,ALG9,79796,,9606.ENSP00000482396
12694,JRK,8629,,9606.ENSP00000482410
12695,PLCG2,5336,,9606.ENSP00000482457
12696,FAM228B,375190,,9606.ENSP00000482482
12697,RAVER1,125950,,9606.ENSP00000482486
12698,NR2E3,10002,,9606.ENSP00000482504
12699,SPATS2L,26010,,9606.ENSP00000482515
12700,ZNF658,26149,,9606.ENSP00000482540
12701,NDUFA6,4700,,9606.ENSP00000482543
12702,REC8,9985,,9606.ENSP00000482546
12703,PIP4K2B,,P78356,9606.ENSP00000482548
12704,ORAI1,84876,,9606.ENSP00000482568
12705,TWIST2,117581,,9606.ENSP00000482581
12706,GCNT7,140687,,9606.ENSP00000482600
12707,HSH2D,84941,,9606.ENSP00000482604
12708,PEX12,5193,,9606.ENSP00000482609
12709,RAB11FIP4,84440,,9606.ENSP00000482620
12710,ZNF501,115560,,9606.ENSP00000482632
12711,MGST2,4258,Q99735,9606.ENSP00000482639
12712,ARHGEF18,23370,,9606.ENSP00000482647
12713,MAP3K14,9020,,9606.ENSP00000482657
12714,DHRS11,79154,,9606.ENSP00000482704
12715,PTPN9,5780,,9606.ENSP00000482732
12716,TPSB2,64499,,9606.ENSP00000482743
12717,C9ORF72,203228,,9606.ENSP00000482753
12718,PCSK6,5046,,9606.ENSP00000482760
12719,IDH3B,3420,O43837,9606.ENSP00000482773
12720,FTCDNL1,348751,,9606.ENSP00000482786
12721,NAPB,63908,,9606.ENSP00000482826
12722,CRABP2,1382,,9606.ENSP00000482841
12723,DOC2A,8448,,9606.ENSP00000482870
12724,PAMR1,25891,,9606.ENSP00000482899
12725,DTD1,92675,,9606.ENSP00000482916
12726,PRLR,5618,,9606.ENSP00000482954
12727,ALMS1,7840,,9606.ENSP00000482968
12728,NOP16,51491,,9606.ENSP00000483001
12729,TRIM52,84851,,9606.ENSP00000483005
12730,ABO,28,,9606.ENSP00000483018
12731,NR2C2,7182,,9606.ENSP00000483059
12732,TAC3,6866,,9606.ENSP00000483110
12733,ACD,65057,,9606.ENSP00000483117
12734,PADI6,353238,,9606.ENSP00000483125
12735,AP2B1,163,,9606.ENSP00000483185
12736,PPP4R3B,57223,,9606.ENSP00000483228
12737,DCAF7,10238,,9606.ENSP00000483236
12738,HNRNPDL,9987,,9606.ENSP00000483254
12739,TMEM222,,,9606.ENSP00000483276
12740,ACACA,31,,9606.ENSP00000483300
12741,WASF2,10163,,9606.ENSP00000483313
12742,CCL4L2,9560,,9606.ENSP00000483330
12743,HDGFL2,84717,,9606.ENSP00000483345
12744,RIBC2,26150,,9606.ENSP00000483356
12745,TCTN3,26123,,9606.ENSP00000483364
12746,FSBP,100861412,,9606.ENSP00000483397
12747,GHR,2690,,9606.ENSP00000483403
12748,MARK1,4139,Q9P0L2,9606.ENSP00000483424
12749,IFI27,3429,,9606.ENSP00000483430
12750,SBK3,,P0C264,9606.ENSP00000483467
12751,NSA2,10412,,9606.ENSP00000483484
12752,ARFRP1,10139,,9606.ENSP00000483486
12753,NTMT1,28989,,9606.ENSP00000483489
12754,R3HCC1L,27291,,9606.ENSP00000483494
12755,LEPROT,54741,,9606.ENSP00000483521
12756,NOL4L,140688,,9606.ENSP00000483523
12757,C11orf65,160140,,9606.ENSP00000483537
12758,RDM1,201299,,9606.ENSP00000483549
12759,FURIN,5045,,9606.ENSP00000483552
12760,SALL2,6297,,9606.ENSP00000483562
12761,BTK,695,Q06187,9606.ENSP00000483570
12762,SPON2,10417,,9606.ENSP00000483599
12763,CABYR,26256,,9606.ENSP00000483621
12764,USP27X,389856,,9606.ENSP00000483631
12765,MYH7B,57644,,9606.ENSP00000483640
12766,CHD1,1105,,9606.ENSP00000483667
12767,PSMB3,5691,,9606.ENSP00000483688
12768,KLRF1,51348,,9606.ENSP00000483713
12769,ADCYAP1R1,117,,9606.ENSP00000483721
12770,DAOA,267012,,9606.ENSP00000483757
12771,CISD3,284106,,9606.ENSP00000483781
12772,HPCAL1,3241,,9606.ENSP00000483786
12773,NPRL3,,,9606.ENSP00000483814
12774,IKBKG,8517,,9606.ENSP00000483825
12775,TSPAN33,340348,,9606.ENSP00000483872
12776,H2BC15,8341,,9606.ENSP00000483903
12777,SSBP2,23635,,9606.ENSP00000483921
12778,SYTL3,94120,,9606.ENSP00000483936
12779,PHF19,26147,,9606.ENSP00000483946
12780,PACSIN1,29993,,9606.ENSP00000484060
12781,CCL15,6359,,9606.ENSP00000484078
12782,PRIM2,5558,,9606.ENSP00000484105
12783,ARFIP2,23647,,9606.ENSP00000484121
12784,COLCA2,120376,,9606.ENSP00000484135
12785,ATRAID,51374,,9606.ENSP00000484228
12786,TMEM114,283953,,9606.ENSP00000484263
12787,LIG4,3981,,9606.ENSP00000484288
12788,NEB,4703,,9606.ENSP00000484342
12789,PTI,404172,,9606.ENSP00000484343
12790,SERPINB6,5269,,9606.ENSP00000484343
12791,DAPK2,23604,Q9UIK4,9606.ENSP00000484390
12792,SMTN,6525,,9606.ENSP00000484398
12793,HOXA3,3200,,9606.ENSP00000484411
12794,CD48,962,,9606.ENSP00000484431
12795,NEK3,4752,P51956,9606.ENSP00000484443
12796,IFNA5,3442,,9606.ENSP00000484479
12797,CTDP1,9150,,9606.ENSP00000484525
12798,GJA5,2702,,9606.ENSP00000484552
12799,PPP1R2,5504,,9606.ENSP00000484580
12800,CRISP2,7180,,9606.ENSP00000484609
12801,APELA,100506013,,9606.ENSP00000484618
12802,LRRC6,23639,,9606.ENSP00000484634
12803,CHAC1,79094,,9606.ENSP00000484644
12804,GAGE1,2543,,9606.ENSP00000484668
12805,GAGE4,2576,,9606.ENSP00000484668
12806,CPSF1,29894,,9606.ENSP00000484669
12807,ZNHIT3,9326,,9606.ENSP00000484687
12808,IFITM2,10581,,9606.ENSP00000484689
12809,SRCIN1,80725,,9606.ENSP00000484715
12810,FOXP1,27086,,9606.ENSP00000484803
12811,ARMC9,80210,,9606.ENSP00000484804
12812,ZNF274,10782,,9606.ENSP00000484810
12813,MUC1,4582,,9606.ENSP00000484824
12814,ADAM29,11086,,9606.ENSP00000484862
12815,CDH4,1002,,9606.ENSP00000484928
12816,PRAC2,360205,,9606.ENSP00000484945
12817,PSMC6,5706,,9606.ENSP00000484998
12818,CIITA,4261,,9606.ENSP00000485010
12819,MUC13,56667,,9606.ENSP00000485028
12820,DOCK1,1793,,9606.ENSP00000485033
12821,SPATA31A3,727830,,9606.ENSP00000485118
12822,LOC102723996,102723996,,9606.ENSP00000485129
12823,MTLN,205251,,9606.ENSP00000485216
12824,ZSCAN26,7741,,9606.ENSP00000485228
12825,TRIM39-RPP21,202658,,9606.ENSP00000485378
12826,CDHR1,92211,,9606.ENSP00000485478
12827,QRFP,347148,,9606.ENSP00000485512
12828,ADSL,158,,9606.ENSP00000485525
12829,RASSF10,644943,,9606.ENSP00000485526
12830,CERS1,10715,,9606.ENSP00000485582
12831,MUC5AC,4586,,9606.ENSP00000485659
12832,LOC112694756,112694756,,9606.ENSP00000485952
12833,TRPC4,7223,,9606.ENSP00000486109
12834,SYT14,255928,,9606.ENSP00000486230
12835,FARP1,10160,,9606.ENSP00000486285
12836,SUGCT,79783,,9606.ENSP00000486291
12837,PPIP5K2,23262,,9606.ENSP00000486357
12838,DBI,1622,,9606.ENSP00000486361
12839,CNOT9,9125,,9606.ENSP00000486540
12840,UBAP1,51271,,9606.ENSP00000486574
12841,TREX1,11277,,9606.ENSP00000486676
12842,PPIL2,23759,,9606.ENSP00000486725
12843,TCF7L2,6934,,9606.ENSP00000486891
12844,MICAL1,64780,,9606.ENSP00000486901
12845,COBLL1,22837,,9606.ENSP00000487041
12846,NANOGP8,388112,,9606.ENSP00000487073
12847,ZEB2,9839,,9606.ENSP00000487174
12848,THEMIS,387357,,9606.ENSP00000487358
12849,HAVCR1,26762,,9606.ENSP00000487363
12850,HSPH1,10808,,9606.ENSP00000487365
12851,SPTAN1,6709,,9606.ENSP00000487444
12852,PITPNB,23760,,9606.ENSP00000487693
12853,SMIM10L2A,399668,,9606.ENSP00000487709
12854,SMIM10L2B,644596,,9606.ENSP00000487709
12855,TUBA4B,80086,,9606.ENSP00000487719
12856,KCNA2,3737,P16389,9606.ENSP00000487785
12857,TMEM132E,124842,,9606.ENSP00000487800
12858,LPIN3,64900,,9606.ENSP00000487971
12859,NCBP2AS2,152217,,9606.ENSP00000488305
12860,CELF2,10659,,9606.ENSP00000488422
12861,PRSS2,5645,,9606.ENSP00000488437
12862,PLIN4,729359,,9606.ENSP00000488481
12863,GREP1;LINC00514,283875,,9606.ENSP00000488558
12864,TENT4A,11044,,9606.ENSP00000488642
12865,PON2,5445,,9606.ENSP00000488838
12866,BAG1,573,,9606.ENSP00000489189
12867,CSMD1,64478,,9606.ENSP00000489225
12868,RYR3,6263,,9606.ENSP00000489262
12869,SHANK3,85358,,9606.ENSP00000489407
12870,NRXN3,9369,,9606.ENSP00000489551
12871,MMP24OS,101410538,,9606.ENSP00000489588
12872,PTPN11,5781,,9606.ENSP00000489597
12873,C11orf53,341032,,9606.ENSP00000489630
12874,UMAD1,729852,,9606.ENSP00000489648
12875,HSPA12A,259217,,9606.ENSP00000489674
12876,DNAH10,196385,,9606.ENSP00000489675
12877,C20orf204,284739,,9606.ENSP00000489747
12878,PPP4R3C,139420,,9606.ENSP00000489770
12879,DLGAP2,9228,,9606.ENSP00000489774
12880,POU5F2,134187,,9606.ENSP00000489796
12881,CACNA1A,773,O00555,9606.ENSP00000489829
12882,ATP6AP2,10159,,9606.ENSP00000490083
12883,SMIM30,401397,,9606.ENSP00000490095
12884,SCN2A,6326,Q99250,9606.ENSP00000490107
12885,LCOR,84458,,9606.ENSP00000490116
12886,MYMX,101929726,,9606.ENSP00000490143
12887,NPY4R2,100996758,,9606.ENSP00000490174
12888,SPAAR,158376,,9606.ENSP00000490187
12889,C10orf143,387723,,9606.ENSP00000490233
12890,ZNF831,128611,,9606.ENSP00000490240
12891,LOC102723971,102723971,,9606.ENSP00000490264
12892,GOLGA6L7,728310,,9606.ENSP00000490318
12893,PPP1R2C,80316,,9606.ENSP00000490336
12894,CLEC19A,728276,,9606.ENSP00000490375
12895,TEPSIN,146705,,9606.ENSP00000490393
12896,CTXND2,100996521,,9606.ENSP00000490418
12897,ARID1B,57492,,9606.ENSP00000490491
12898,IQCM,285423,,9606.ENSP00000490518
12899,TTC34,100287898,,9606.ENSP00000490537
12900,TMEM238L,100289255,,9606.ENSP00000490566
12901,TINCR,257000,,9606.ENSP00000490584
12902,C2orf92,728537,,9606.ENSP00000490587
12903,DCX,1641,,9606.ENSP00000490614
12904,SMIM31,100505989,,9606.ENSP00000490699
12905,ING5,84289,,9606.ENSP00000490767
12906,ZNF654,55279,,9606.ENSP00000490842
12907,BTBD8,284697,,9606.ENSP00000490913
12908,SERTM2,401613,,9606.ENSP00000490917
12909,IFIT2,3433,,9606.ENSP00000490935
12910,ARHGEF9,23229,,9606.ENSP00000490940
12911,MIA2,4253,,9606.ENSP00000491014
12912,NECAP1,25977,,9606.ENSP00000491067
12913,HNRNPU,3192,,9606.ENSP00000491215
12914,PRAMEF13,400736,,9606.ENSP00000491259
12915,ST3GAL5,8869,,9606.ENSP00000491316
12916,RTTN,25914,,9606.ENSP00000491507
12917,SCART1,619207,,9606.ENSP00000491516
12918,FDFT1,2222,,9606.ENSP00000491537
12919,LPP,4026,,9606.ENSP00000491657
12920,CSAG2,102723547,,9606.ENSP00000491720
12921,BIVM-ERCC5,100533467,,9606.ENSP00000491742
12922,ZC3H11A,9877,,9606.ENSP00000491830
12923,GAGE2C,2574,,9606.ENSP00000491865
12924,PFKFB3,5209,,9606.ENSP00000492001
12925,SPATA1,100505741,,9606.ENSP00000492019
12926,PAX6,5080,,9606.ENSP00000492024
12927,PERCC1,105371045,,9606.ENSP00000492108
12928,PIGN,23556,,9606.ENSP00000492233
12929,KCTD7,154881,,9606.ENSP00000492240
12930,LIAS,11019,,9606.ENSP00000492260
12931,CSAG3,389903,,9606.ENSP00000492276
12932,PRICKLE2,166336,,9606.ENSP00000492363
12933,OR2B11,,,9606.ENSP00000492892
12934,OR2H2,7932,,9606.ENSP00000492959
12935,OR2T12,127064,,9606.ENSP00000493000
12936,OR7C1,26664,,9606.ENSP00000493026
12937,OR2AG1,144125,,9606.ENSP00000493074
12938,OR2L13,284521,,9606.ENSP00000493075
12939,PPT1,5538,,9606.ENSP00000493153
12940,FOXO6,100132074,,9606.ENSP00000493184
12941,MFSD8,256471,,9606.ENSP00000493218
12942,MICU1,10367,,9606.ENSP00000493232
12943,ZFHX3,463,,9606.ENSP00000493252
12944,OR5V1,81696,,9606.ENSP00000493269
12945,PNPO,55163,,9606.ENSP00000493302
12946,OR6F1,343169,,9606.ENSP00000493342
12947,CYTH2,9266,,9606.ENSP00000493357
12948,OR2T6,254879,,9606.ENSP00000493366
12949,PHGDH,26227,,9606.ENSP00000493382
12950,OR2J3,442186,,9606.ENSP00000493439
12951,DEXI,28955,,9606.ENSP00000493467
12952,SAMHD1,25939,,9606.ENSP00000493536
12953,TEX15,56154,,9606.ENSP00000493555
12954,VPS13C,54832,,9606.ENSP00000493560
12955,MYH14,79784,,9606.ENSP00000493594
12956,FYB1,2533,,9606.ENSP00000493623
12957,DOCK10,55619,,9606.ENSP00000493664
12958,PTP4A2,8073,,9606.ENSP00000493688
12959,RAD51,5888,,9606.ENSP00000493712
12960,EFNB2,1948,,9606.ENSP00000493716
12961,GRB10,2887,,9606.ENSP00000493728
12962,ST3GAL3,6487,,9606.ENSP00000493823
12963,FOXC1,2296,,9606.ENSP00000493906
12964,RPGRIP1L,23322,,9606.ENSP00000493946
12965,ZNF746,155061,,9606.ENSP00000493970
12966,KNG1,3827,P01042,9606.ENSP00000493985
12967,SLC52A3,113278,,9606.ENSP00000494009
12968,SLC26A4,5172,,9606.ENSP00000494017
12969,DDX3X,1654,,9606.ENSP00000494040
12970,SEPTIN3,55964,,9606.ENSP00000494051
12971,MUC2,4583,Q02817,9606.ENSP00000494061
12972,TMF1,7110,,9606.ENSP00000494067
12973,TPM4,7171,,9606.ENSP00000494125
12974,SLC6A1,6529,P30531,9606.ENSP00000494136
12975,DSE,29940,,9606.ENSP00000494147
12976,CBLC,23624,,9606.ENSP00000494162
12977,HBB,3043,P68871,9606.ENSP00000494175
12978,HOXA1,3198,,9606.ENSP00000494260
12979,PATJ,10207,,9606.ENSP00000494277
12980,GPR174,84636,,9606.ENSP00000494310
12981,ABCC8,6833,Q09428,9606.ENSP00000494321
12982,KDSR,2531,,9606.ENSP00000494352
12983,SUCLA2,8803,Q9P2R7,9606.ENSP00000494360
12984,MTAP,4507,,9606.ENSP00000494373
12985,ANKRD40CL,55018,,9606.ENSP00000494384
12986,GJB6,10804,,9606.ENSP00000494468
12987,TRANK1,9881,,9606.ENSP00000494480
12988,THPO,7066,,9606.ENSP00000494504
12989,CTCF,10664,,9606.ENSP00000494538
12990,MYO1F,4542,,9606.ENSP00000494550
12991,ABCC4,10257,O15439,9606.ENSP00000494609
12992,HK1,3098,P19367,9606.ENSP00000494664
12993,TBC1D24,57465,,9606.ENSP00000494678
12994,SIX1,6495,,9606.ENSP00000494686
12995,EPS8,2059,,9606.ENSP00000494689
12996,RPL9,6133,,9606.ENSP00000494697
12997,RPL9P7,,,9606.ENSP00000494697
12998,RPL9P8,,,9606.ENSP00000494697
12999,HBD,3045,,9606.ENSP00000494708
13000,ACTB,60,,9606.ENSP00000494750
13001,CASK,8573,O14936,9606.ENSP00000494788
13002,SNRPN,6638,,9606.ENSP00000494831
13003,UBE2T,29089,,9606.ENSP00000494957
13004,HARS2,23438,,9606.ENSP00000494965
13005,PITX2,5308,,9606.ENSP00000495061
13006,NMNAT3,349565,,9606.ENSP00000495112
13007,SRP72,6731,,9606.ENSP00000495128
13008,KCTD11,147040,,9606.ENSP00000495203
13009,SPTA1,6708,,9606.ENSP00000495214
13010,CHD8,57680,,9606.ENSP00000495240
13011,MANBA,4126,,9606.ENSP00000495247
13012,RPS7,6201,,9606.ENSP00000495273
13013,AP3D1,8943,,9606.ENSP00000495274
13014,SLC12A1,6557,Q13621,9606.ENSP00000495332
13015,CTNNB1,1499,P35222,9606.ENSP00000495360
13016,SLC19A3,80704,,9606.ENSP00000495385
13017,MUC19,283463,,9606.ENSP00000495398
13018,TRIM66,9866,,9606.ENSP00000495413
13019,ASAH2B,653308,,9606.ENSP00000495463
13020,SLITRK6,84189,,9606.ENSP00000495507
13021,ENO1,2023,P06733,9606.ENSP00000495530
13022,RPGR,6103,,9606.ENSP00000495537
13023,TBL1X,6907,,9606.ENSP00000495556
13024,KCNJ10,3766,P78508,9606.ENSP00000495557
13025,VPS45,11311,,9606.ENSP00000495563
13026,GRHL2,79977,,9606.ENSP00000495564
13027,ARHGEF7,8874,,9606.ENSP00000495631
13028,RPL35A,6165,,9606.ENSP00000495672
13029,ACBD6,,,9606.ENSP00000495710
13030,POU4F3,5459,,9606.ENSP00000495718
13031,IQSEC2,23096,,9606.ENSP00000495726
13032,GSS,2937,P48637,9606.ENSP00000495750
13033,ABHD5,51099,,9606.ENSP00000495778
13034,SPG7,6687,,9606.ENSP00000495795
13035,NDP,4693,,9606.ENSP00000495811
13036,TRPM7,54822,Q96QT4,9606.ENSP00000495860
13037,SPTB,6710,,9606.ENSP00000495909
13038,SMIM43,132332,,9606.ENSP00000495936
13039,KITL,17311,,9606.ENSP00000495951
13040,KITLG,4254,,9606.ENSP00000495951
13041,MYO3A,,Q8NEV4,9606.ENSP00000495965
13042,TBX4,9496,,9606.ENSP00000495986
13043,POU3F4,5456,,9606.ENSP00000495996
13044,SYNGAP1,8831,,9606.ENSP00000496007
13045,POLR1C,9533,,9606.ENSP00000496044
13046,SCN7A,6332,Q01118,9606.ENSP00000496114
13047,PRKCB,5579,P05771,9606.ENSP00000496129
13048,CYP2D6,1565,P10635,9606.ENSP00000496150
13049,LOC107987479,107987479,,9606.ENSP00000496150
13050,aldA,,P25553,9606.ENSP00000496166
13051,ALDOA,226,P04075,9606.ENSP00000496166
13052,BCL11A,53335,,9606.ENSP00000496168
13053,SLC52A2,79581,Q9HAB3,9606.ENSP00000496184
13054,SLC33A1,9197,,9606.ENSP00000496241
13055,RPL11,6135,,9606.ENSP00000496250
13056,EYA1,2138,,9606.ENSP00000496255
13057,SGCE,8910,,9606.ENSP00000496268
13058,TRIM8,81603,,9606.ENSP00000496301
13059,SLC18A2,6571,Q05940,9606.ENSP00000496339
13060,TLR5,7100,,9606.ENSP00000496355
13061,AVPR2,554,P30518,9606.ENSP00000496396
13062,SMIM40,113523636,,9606.ENSP00000496397
13063,RDX,5962,,9606.ENSP00000496414
13064,FOXF2,2295,,9606.ENSP00000496415
13065,CD8B2,,,9606.ENSP00000496416
13066,TCEAL9,51186,,9606.ENSP00000496422
13067,S1PR2,9294,,9606.ENSP00000496438
13068,SEMA3E,9723,,9606.ENSP00000496491
13069,TPM2,7169,,9606.ENSP00000496494
13070,TRMU,55687,,9606.ENSP00000496496
13071,SOCS1,8651,,9606.ENSP00000496577
13072,ESPN,83715,,9606.ENSP00000496593
13073,PFKM,5213,,9606.ENSP00000496597
13074,CYP21A2,1589,P08686,9606.ENSP00000496625
13075,ATXN3,4287,,9606.ENSP00000496695
13076,CHAMP1,283489,,9606.ENSP00000496699
13077,SERAC1,84947,,9606.ENSP00000496731
13078,LZTR1,8216,,9606.ENSP00000496779
13079,COL9A3,1299,,9606.ENSP00000496793
13080,ISG15,9636,,9606.ENSP00000496832
13081,PNISR,25957,,9606.ENSP00000496842
13082,HLA-DOB,3112,,9606.ENSP00000496848
13083,LRP2,4036,,9606.ENSP00000496870
13084,KCNN4,3783,O15554,9606.ENSP00000496939
13085,MYO1C,4641,,9606.ENSP00000496954
13086,ITGAM,3684,,9606.ENSP00000496959
13087,MRPL28,10573,,9606.ENSP00000497004
13088,MMAA,166785,,9606.ENSP00000497008
13089,IGF1R,3480,,9606.ENSP00000497069
13090,FEZ1,9638,,9606.ENSP00000497070
13091,CTLA4,1493,,9606.ENSP00000497102
13092,SH3BP1,23616,,9606.ENSP00000497104
13093,GRM6,2916,,9606.ENSP00000497110
13094,HOXA13,3209,,9606.ENSP00000497112
13095,EIF2B5,8893,,9606.ENSP00000497160
13096,NNAT,4826,,9606.ENSP00000497164
13097,DYNC2H1,79659,,9606.ENSP00000497174
13098,GMCL2,64396,,9606.ENSP00000497178
13099,CCBE1,147372,,9606.ENSP00000497183
13100,TRIM16,10626,,9606.ENSP00000497185
13101,FOXL2,668,,9606.ENSP00000497217
13102,ITM2B,9445,,9606.ENSP00000497221
13103,PCMT1,5110,,9606.ENSP00000497225
13104,ENOSF1,55556,,9606.ENSP00000497230
13105,ALAS2,212,P22557,9606.ENSP00000497236
13106,CRYBB1,1414,,9606.ENSP00000497249
13107,KLHDC7B,113730,,9606.ENSP00000497256
13108,GNAI1,2770,,9606.ENSP00000497260
13109,IFIH1,64135,,9606.ENSP00000497271
13110,ABCC2,1244,Q92887,9606.ENSP00000497274
13111,AGK,55750,,9606.ENSP00000497280
13112,CDH5,1003,,9606.ENSP00000497290
13113,LHB,3972,,9606.ENSP00000497294
13114,ZDBF2,57683,,9606.ENSP00000497308
13115,ALX3,257,,9606.ENSP00000497310
13116,CPOX,1371,,9606.ENSP00000497326
13117,GAN,8139,,9606.ENSP00000497351
13118,CD53,963,,9606.ENSP00000497382
13119,TRIM60,166655,,9606.ENSP00000497401
13120,RCC1,1104,,9606.ENSP00000497402
13121,SETBP1,26040,,9606.ENSP00000497406
13122,BBS10,79738,,9606.ENSP00000497413
13123,LRPAP1,4043,,9606.ENSP00000497444
13124,COX7B,1349,P24311,9606.ENSP00000497474
13125,MYT1L,23040,,9606.ENSP00000497479
13126,RTL1,388015,,9606.ENSP00000497482
13127,DHH,50846,,9606.ENSP00000497483
13128,INPP5F,22876,,9606.ENSP00000497527
13129,SLC25A38,54977,,9606.ENSP00000497532
13130,DARS2,55157,Q6PI48,9606.ENSP00000497569
13131,GCLC,2729,P48506,9606.ENSP00000497574
13132,NDUFV1,4723,,9606.ENSP00000497587
13133,PTP4A1,7803,,9606.ENSP00000497588
13134,ANCR,,,9606.ENSP00000497594
13135,UBE3A,7337,,9606.ENSP00000497594
13136,INO80,54617,,9606.ENSP00000497609
13137,EIF4A3,9775,,9606.ENSP00000497641
13138,LPL,4023,P06858,9606.ENSP00000497642
13139,COL17A1,1308,,9606.ENSP00000497653
13140,COG8,84342,,9606.ENSP00000497669
13141,APLP2,334,Q06481,9606.ENSP00000497691
13142,MPIG6B,80739,,9606.ENSP00000497720
13143,CDC42,998,,9606.ENSP00000497733
13144,CTPS1,1503,P17812,9606.ENSP00000497744
13145,BMPER,168667,,9606.ENSP00000497748
13146,FOXC2,2303,,9606.ENSP00000497759
13147,ALDOB,229,,9606.ENSP00000497767
13148,EPB42,2038,,9606.ENSP00000497777
13149,ALOX12B,242,,9606.ENSP00000497784
13150,DLG4,1742,P78352,9606.ENSP00000497806
13151,MAGEL2,54551,,9606.ENSP00000497810
13152,AP5Z1,9907,,9606.ENSP00000497815
13153,CHRNE,1145,,9606.ENSP00000497829
13154,ATP8B1,5205,,9606.ENSP00000497896
13155,B2M,567,,9606.ENSP00000497910
13156,IL21,59067,,9606.ENSP00000497915
13157,NDN,4692,,9606.ENSP00000497916
13158,ABCB11,8647,O95342,9606.ENSP00000497931
13159,TTC37,9652,,9606.ENSP00000497948
13160,IL17A,3605,,9606.ENSP00000497968
13161,MALT1,10892,,9606.ENSP00000497997
13162,RPS17,6218,P08708,9606.ENSP00000498019
13163,DCLRE1B,64858,,9606.ENSP00000498042
13164,CA5A,763,P35218,9606.ENSP00000498065
13165,CARD14,79092,,9606.ENSP00000498071
13166,ENPP1,5167,,9606.ENSP00000498074
13167,MKNK1,8569,Q9BUB5,9606.ENSP00000498083
13168,BCL10,8915,,9606.ENSP00000498104
13169,DLX5,1749,,9606.ENSP00000498116
13170,CAPN5,726,,9606.ENSP00000498132
13171,HESX1,8820,,9606.ENSP00000498190
13172,KCNK9,51305,Q9NPC2,9606.ENSP00000498198
13173,FANCB,2187,,9606.ENSP00000498215
13174,ALX4,60529,,9606.ENSP00000498217
13175,SELL,6402,,9606.ENSP00000498227
13176,PLAAT1,57110,,9606.ENSP00000498228
13177,ABCG2,9429,Q9UNQ0,9606.ENSP00000498246
13178,MTUS2,23281,,9606.ENSP00000498251
13179,GPR55,9290,Q9Y2T6,9606.ENSP00000498258
13180,ACSL6,23305,,9606.ENSP00000498260
13181,BSND,7809,,9606.ENSP00000498282
13182,MYD88,4615,,9606.ENSP00000498321
13183,PPP3R2,5535,Q96LZ3,9606.ENSP00000498330
13184,MTHFD1,4522,,9606.ENSP00000498336
13185,FECH,2235,P22830,9606.ENSP00000498358
13186,PQBP1,10084,,9606.ENSP00000498362
13187,ALPK1,80216,,9606.ENSP00000498374
13188,DEPDC5,9681,,9606.ENSP00000498382
13189,SUMF2,25870,,9606.ENSP00000498402
13190,CYP26C1,340665,,9606.ENSP00000498424
13191,FGA,2243,P02671,9606.ENSP00000498441
13192,FAS;fas,355,P95029,9606.ENSP00000498466
13193,POLR3G,10622,,9606.ENSP00000498469
13194,MAP1LC3B,81631,,9606.ENSP00000498476
13195,CTC1,80169,,9606.ENSP00000498499
13196,ZDHHC23,254887,,9606.ENSP00000498556
13197,TPM3,7170,,9606.ENSP00000498577
13198,NOTCH1,4851,,9606.ENSP00000498587
13199,ZNF266,10781,,9606.ENSP00000498589
13200,STING1,340061,,9606.ENSP00000498596
13201,ELMO3,79767,,9606.ENSP00000498602
13202,WDR26,80232,,9606.ENSP00000498603
13203,SLC29A1,2030,Q99808,9606.ENSP00000498610
13204,MYT1,4661,,9606.ENSP00000498616
13205,MIP,4284,,9606.ENSP00000498622
13206,IL31RA,133396,,9606.ENSP00000498630
13207,DEK,7913,,9606.ENSP00000498653
13208,PWWP3A,84939,,9606.ENSP00000498656
13209,B3GALNT1,8706,,9606.ENSP00000498660
13210,MYCBPAP,84073,,9606.ENSP00000498665
13211,MRTFA,57591,,9606.ENSP00000498671
13212,FHL1,2273,,9606.ENSP00000498684
13213,CPAMD8,27151,,9606.ENSP00000498697
13214,BICD1,636,,9606.ENSP00000498700
13215,GPR68,8111,,9606.ENSP00000498702
13216,RDH8,50700,Q9NYR8,9606.ENSP00000498711
13217,GREM1,26585,,9606.ENSP00000498748
13218,CCNH,902,,9606.ENSP00000498750
13219,CHRNG,1146,,9606.ENSP00000498757
13220,DSPP,1834,,9606.ENSP00000498766
13221,CLN5,,,9606.ENSP00000498772
13222,HMBS,3145,,9606.ENSP00000498786
13223,MED19,219541,,9606.ENSP00000498791
13224,SPN,6693,,9606.ENSP00000498852
13225,NIF3L1,60491,,9606.ENSP00000498853
13226,CAPS,828,Q13938,9606.ENSP00000498855
13227,PDK3,,,9606.ENSP00000498864
13228,LARS2,23395,,9606.ENSP00000498867
13229,CD59,966,,9606.ENSP00000498879
13230,ERCC5,2073,,9606.ENSP00000498881
13231,CRYBB2,1415,,9606.ENSP00000498905
13232,GPRASP1,9737,,9606.ENSP00000498934
13233,CYP3A,,,9606.ENSP00000498939
13234,CYP3A4,1576,P08684,9606.ENSP00000498939
13235,GPR101,83550,,9606.ENSP00000498972
13236,GPR19,2842,,9606.ENSP00000498976
13237,PC,5091,,9606.ENSP00000498994
13238,FBXW8,26259,,9606.ENSP00000498999
13239,CBLB,868,,9606.ENSP00000499037
13240,RPS27,6232,,9606.ENSP00000499044
13241,IVD,3712,,9606.ENSP00000499074
13242,PREP,5550,,9606.ENSP00000499089
13243,GPRC5C,55890,,9606.ENSP00000499092
13244,NR1H2,7376,,9606.ENSP00000499121
13245,CES2,8824,O00748;Q6IPK9,9606.ENSP00000499140
13246,CLEC3A,10143,,9606.ENSP00000499168
13247,ENC1,8507,,9606.ENSP00000499185
13248,SCLY,51540,,9606.ENSP00000499199
13249,BLACAT1,101669762,,9606.ENSP00000499205
13250,CARD8,22900,,9606.ENSP00000499211
13251,ARHGAP9,64333,,9606.ENSP00000499232
13252,NUSAP1,51203,,9606.ENSP00000499238
13253,SLMAP,7871,,9606.ENSP00000499241
13254,NUAK2,81788,Q9H093,9606.ENSP00000499251
13255,S100A2,6273,P29034,9606.ENSP00000499289
13256,KCNJ8,3764,Q15842,9606.ENSP00000499300
13257,ERCC6L2,375748,,9606.ENSP00000499371
13258,SDF4,51150,,9606.ENSP00000499387
13259,MYL3,4634,,9606.ENSP00000499406
13260,IL19,29949,,9606.ENSP00000499459
13261,AMPD2,271,,9606.ENSP00000499465
13262,PIN4,5303,,9606.ENSP00000499466
13263,FBXW4,6468,,9606.ENSP00000499522
13264,NINJ2,4815,,9606.ENSP00000499548
13265,SCN11A,11280,Q9UI33,9606.ENSP00000499569
13266,MANF,7873,,9606.ENSP00000499582
13267,TNNT2,7139,,9606.ENSP00000499593
13268,SFTPB,6439,,9606.ENSP00000499683
13269,UCP2,7351,,9606.ENSP00000499695
13270,SOCS7,30837,,9606.ENSP00000499750
13271,ASB3,51130,,9606.ENSP00000499751
13272,ITCH,83737,,9606.ENSP00000499786
13273,CALM2,805,P0DP24,9606.ENSP00000499797
13274,ATP5MC2,,,9606.ENSP00000499883
13275,JAK1,3716,P23458,9606.ENSP00000499900
13276,AK2,204,P54819,9606.ENSP00000499935
13277,ATAD3B,83858,,9606.ENSP00000500094
13278,BTD,686,,9606.ENSP00000500193
13279,ARSL,415,,9606.ENSP00000500220
13280,C16orf82,162083,,9606.ENSP00000500329
13281,SLC25A52,147407,,9606.ENSP00000500333
13282,CAMK2A,815,Q9UQM7,9606.ENSP00000500386
13283,ARHGAP35,2909,,9606.ENSP00000500409
13284,SAMD8,142891,,9606.ENSP00000500411
13285,AKT3,10000,,9606.ENSP00000500582
13286,OTX2,5015,,9606.ENSP00000500595
13287,ETNK1,55500,,9606.ENSP00000500633
13288,AP1S2,8905,,9606.ENSP00000500695
13289,MUTYH,4595,,9606.ENSP00000500891
13290,MFSD4B,91749,,9606.ENSP00000500934
13291,DDHD1,80821,,9606.ENSP00000500986
13292,SNCA,6622,,9606.ENSP00000500990
13293,ADCY7,113,,9606.ENSP00000501053
13294,CCDC180,100499483,,9606.ENSP00000501085
13295,TFAP2A,7020,,9606.ENSP00000501092
13296,GKN1,56287,,9606.ENSP00000501093
13297,CEL,1056,,9606.ENSP00000501111
13298,URM1,81605,,9606.ENSP00000501135
13299,C10orf67,256815,,9606.ENSP00000501139
13300,HNF4G,3174,,9606.ENSP00000501146
13301,PIK3CB,5291,P42338,9606.ENSP00000501150
13302,MAS1,4142,,9606.ENSP00000501180
13303,CD1D,912,,9606.ENSP00000501245
13304,ALDH3B2,222,,9606.ENSP00000501254
13305,NWD1,284434,,9606.ENSP00000501265
13306,LDB1,8861,,9606.ENSP00000501277
13307,RFX7,64864,,9606.ENSP00000501317
13308,17,,Q37875,
13309,A,50518,,
13310,A12M1,,,
13311,A12M2,,,
13312,A12M3,,,
13313,A12M4,,,
13314,A2MP1,,,
13315,ABCB1A,18671,,
13316,ABCB1B,18669,,
13317,ACAA1B,235674,,
13318,ACP2,53,,
13319,acrB,,P31224,
13320,ACTG1P8,,,
13321,acuC1,,O67135,
13322,ADAM26A,13525,,
13323,ADAMTSL4-AS1,,,
13324,AGTRL2,,,
13325,AHR2,30517,,
13326,AKR1B1P2,,,
13327,ALDH1A7,26358,,
13328,ALDH7A1P2,,,
13329,ALDH7A1P4,,,
13330,AMD1,262,P17707,
13331,AMD1P2,,,
13332,ampC,,P00811;P05193;P05364,
13333,ANTP4,,,
13334,AOC4P,90586,,
13335,aphA1,,P00551,
13336,APOBER1,,,
13337,APOC1P1,,,
13338,AQP4,361,,
13339,ARF4P1,,,
13340,ARVD3,,,
13341,ARVD4,,,
13342,ASNSP2,,,
13343,ASS1P10,,,
13344,ASS1P14,,,
13345,ATP1B1P1,,,
13346,ATP1B3P1,,,
13347,ATP3,,,
13348,ATP5A2,,,
13349,ATP5BL2,,,
13350,ATP5F1BP1,,,
13351,ATP7,32142,,
13352,ATPSYNBETA,43829,,
13353,azr,,Q9FAW5,
13354,BAGE,574,,
13355,BAGE3,85318,,
13356,BCAR4,400500,,
13357,BCHEL1,,,
13358,BCHEL3,,,
13359,BCRP3,644165,,
13360,BCYRN1P2,,,
13361,BDM,,,
13362,BEVI,,,
13363,bfrA,,O33833,
13364,bla,,P0A9Z7;P0AD63;P0AD64;P14489;P62593;P62594;Q47066;Q9F663,
13365,blaB,,P52664,
13366,blaCTX-M-14,,Q9L5C7,
13367,blaCTX-M-27,,Q840M4,
13368,blaNDM-1,,C7C422,
13369,blaSHV,,A0A068JFB7,
13370,blaUOE-1,,Q9EXV5,
13371,blaZ,,P00807,
13372,BRAFPS1,,,
13373,BRD10,,,
13374,BRI3BP,140707,,
13375,BTF3P11,,,
13376,BTS1,,,
13377,C4BPAP2,,,
13378,CARINH,,,
13379,CASP12,100506742,,
13380,CATHL1L,,,
13381,cbh,,P54965,
13382,CBR2,12409,,
13383,CCAT1,100507056,,
13384,CCDC26,137196,,
13385,CCL12,20293,,
13386,CCL9,20308,,
13387,CCN2A,321449,,
13388,CDH12P2,,,
13389,CDKN2B-AS1,100048912,,
13390,CES1A1a,,Q6LAP9,
13391,CES1F,234564,,
13392,CES1G,12623,,
13393,CES1P1,,,
13394,choB,,P22637,
13395,chqB,,Q5PXQ6,
13396,clcA,,O67987,
13397,cmaA1,,P9WPB7,
13398,cmaA2,,P9WPB5,
13399,CMAHP,8418,,
13400,CMM,,,
13401,CNX99A,44643,,
13402,cocE,,Q9L9D7,
13403,COX5BP3,,,
13404,COX6A1P1,,,
13405,CP20,7938,,
13406,CPK1,,P62344,
13407,CPK4,,Q8IBS5,
13408,CPR64AA,38508,,
13409,CPR66D,38990,,
13410,ctaC,,Q03736,
13411,ctaD,,P33517,
13412,CTR1B,40989,,
13413,CTR1C,43668,,
13414,CTSLP8,1518,,
13415,cumD,,P96965,
13416,CXCL15,20309,,
13417,CYCSP5,,,
13418,cydA,,A0A045KKX4,
13419,cydB,,A0A045ISQ8,
13420,cydC,,A0A0T9AZ62,
13421,CYP1A,140634,,
13422,CYP2A7P1,,,
13423,CYP2B1;Cyp2b1,24300,P00176,
13424,CYP2B10,13088,,
13425,Cyp2c11,,P08683,
13426,Cyp2c6,,P05178,
13427,CYP2D22,56448,,
13428,CYP2D7,1564,,
13429,Cyp3a1,,P04800,
13430,CYP3A11,13112,,
13431,CYP3A2;Cyp3a2,266682,P05183,
13432,CYP3A23-3A1,25642,,
13433,CYP3A37,678669,,
13434,CYP4A10,13117,,
13435,CYP4A14,13119,,
13436,dacA,,P0AEB2,
13437,dacB,,P24228,
13438,dacC,,P08506,
13439,DAOA-AS1,282706,,
13440,ddlA,,P0A6J8,
13441,DEFA24,503491,,
13442,DEFAL1,613220,,
13443,DEFB109B,641517,,
13444,DIO3OS,64150,,
13445,DISC2,27184,,
13446,DJ-1BETA,43652,,
13447,DLEU2,8847,,
13448,DNAAF9,,,
13449,DOP1R2,43484,,
13450,draA,,P24093,
13451,DRD5P1,,,
13452,DUX1,,,
13453,DUXAP9,503638,,
13454,E,,P00720,
13455,EAS,32585,,
13456,ebgA,,P06864,
13457,EEGV1,,,
13458,efpA,,P9WJY5,
13459,EIF4EP1,,,
13460,embA,,P9WNL9,
13461,embB,,P9WNL7,
13462,embC,,P9WNL5,
13463,ENO;eno,,A0A1C7C740;A0A448RWU9;A3CMA7;B3WCW7;Q27655;Q8IJN7,
13464,ENO1P1,,,
13465,ENSG00000288645,,,
13466,ENUR2,,,
13467,ERDA1,9030,,
13468,ERG11,,P10613;P14263;P50859,
13469,ERG7,,Q04782,
13470,ERVK2,,,
13471,ERVT1,,,
13472,ERVW-4,,,
13473,EXP-1,,P04926,
13474,F7R,,,
13475,FAUNA@,,,
13476,FAX,39826,,
13477,fbpA,,P21408,
13478,fccA,,P0C278,
13479,FKBP1AP3,,,
13480,fksA,,A2QLK4,
13481,FOL1,,P53848,
13482,folA,,P0ABQ4;P9WNX1,
13483,folP,,P0AC13,
13484,folP1,,P0C0X1,
13485,folP2,,P0C0X2,
13486,fox-7,,Q53IN1,
13487,FOXP4-AS1,101060264,,
13488,FRA16E,,,
13489,FRA17A,,,
13490,FRA20A,,,
13491,FRA20B,,,
13492,FRA5B,,,
13493,FRA5D,,,
13494,FRA6F,,,
13495,FRA7F,,,
13496,FRA8C,,,
13497,FRA8F,,,
13498,FSHMD1A,,,
13499,FTH1P3,,,
13500,FTH1P4,,,
13501,ftsI,,P0AD68;P0AD69;P45059,
13502,ftsY,,Q9WZ40,
13503,fumC,,P05042,
13504,fusA,,P13551,
13505,GAGE5,2577,,
13506,gag-pol,,P03366;P04585,
13507,GAPDHL17,,,
13508,GAPDHP1,,,
13509,GAPDHP67,,,
13510,GAPDHP69,,,
13511,GAS8-AS1,,,
13512,GBA1LP,,,
13513,GBA3,57733,,
13514,GCF1,,,
13515,GGTA1P,2681,,
13516,GHS,7971,,
13517,glc-1,,G5EBR3,
13518,glc-2,,Q17328,
13519,glnA1,,P9WN38;P9WN39,
13520,gltA,,O34002,
13521,GluClX,,Q25634,
13522,GLUD1P3,,,
13523,GLUD1P5,,,
13524,GNAI2P1,,,
13525,GNRHR2,,Q96P88,
13526,gor,,P06715,
13527,GPDH1,33824,,
13528,GPX1,2876,P07203,
13529,GPX1P2,,,
13530,GRHL2-DT,107986962,,
13531,GRIK1-AS2,,,
13532,GSTP2,14869,,
13533,GSTT1,2952,P30711,
13534,GSTT3,103140,,
13535,GTF2IP1,,,
13536,guaA,,P04079,
13537,GUCY1B2,,O75343,
13538,GULO,268756,,
13539,gyrA,,P05653;P0AES4;P20831;P43700;P72524,
13540,gyrB,,P0A0K8;P0A4L9,
13541,H19,283120,,
13542,H2AC25,,,
13543,H45,,Q8IKF0,
13544,H4F3,,,
13545,HAMP2,66438,,
13546,HBB-B1,15129,,
13547,HBB-B2,15130,,
13548,HBB-LCR,109580095,,
13549,HBEGFA,797938,,
13550,HBEGFB,407664,,
13551,HCG22,285834,,
13552,HCG9,10255,,
13553,HCP5,10866,,
13554,HIV-1 protease,,O90777,
13555,HLA-DPB2,3116,,
13556,HLA-DQB3,3121,,
13557,HLA-DRB3,3125,,
13558,HLA-DRB4,3126,,
13559,HMMR-AS1,101927813,,
13560,HOTAIR,100124700,,
13561,HOTTIP,100316868,,
13562,HOXA11-AS,221883,,
13563,HSC70-3,32133,,
13564,HULC,728655,,
13565,IFNL4,101180976,,
13566,IGHA1,,P01876,
13567,IGHM,,P01871,
13568,IGHV3-21,28444,,
13569,IGK,50802,,
13570,IGKV1-17,,P01599,
13571,IGKV3-20,,P01619,
13572,IGLV3-21,,P80748,
13573,IL12A-AS1,101928376,,
13574,ileS,,P41972,
13575,INS1,16333,,
13576,INS2,16334,,
13577,IPW,3653,,
13578,ITEVIR,,P13299,
13579,JUS,43453,,
13580,KANSL1-AS1,644246,,
13581,katA,,P29422,
13582,katG,,P9WIE5,
13583,KIR2DL2,3803,,
13584,KIR2DL5A,57292,,
13585,KIR2DS1,3806,,
13586,KIR2DS2,100132285,,
13587,KIR2DS3,3808,,
13588,KIR2DS4,3809,,
13589,KIR3DS1,3813,,
13590,KLKP1,606293,,
13591,KPC-2,,Q93LQ9,
13592,KRASP1,3844,,
13593,ksi,,P07445,
13594,L,,P26676,
13595,LACZ;lacZ,,P00722;P20035,
13596,LDHB,3945,P07195,
13597,lev-1,,Q27218,
13598,LILRA3,11026,,
13599,LINC00115,79854,,
13600,LINC00221,338005,,
13601,LINC00251,,,
13602,LINC00273,,,
13603,LINC00477,144360,,
13604,LINC00671,388387,,
13605,LINC00673,100499467,,
13606,LINC00852,84657,,
13607,LINC00880,339894,,
13608,LINC00977,728724,,
13609,LINC01089,338799,,
13610,LINC01091,285419,,
13611,LINC01142,284688,,
13612,LINC01426,100506385,,
13613,LINC01588,283551,,
13614,LINC02694,400359,,
13615,LINC-ROR,100885779,,
13616,LOC102724197,102724197,,
13617,LOC102724971,102724971,,
13618,LOC105379528,105379528,,
13619,lsr2,,P9WIP7,
13620,M,,P21430,
13621,MALAT1,378938,,
13622,MAPK10,5602,P53779,
13623,mdfA,,C9EH48,
13624,MDH1,4190,P40925,
13625,mdtK,,C3T8E2,
13626,mecA,,C1KC03;D6R448;Q53707,
13627,MEF-1,,Q00080,
13628,MIAT,440823,,
13629,MIR-1,,Q9X757,
13630,MIR100,406892,,
13631,MIR100HG,399959,,
13632,MIR101-1,406893,,
13633,MIR101-2,406894,,
13634,MIR106A,406899,,
13635,MIR106B,406900,,
13636,MIR107,406901,,
13637,MIR10A,406902,,
13638,MIR10B,406903,,
13639,MIR1179,100302235,,
13640,MIR1193,100422837,,
13641,MIR1197,100302250,,
13642,MIR1-1HG,128826,,
13643,MIR122,406906,,
13644,MIR1226,100302232,,
13645,MIR1228,100302201,,
13646,MIR1246,100302142,,
13647,MIR1247,100302145,,
13648,MIR1249,100302149,,
13649,MIR124A-3,723951,,
13650,MIR125A,406910,,
13651,MIR125B1,406911,,
13652,MIR125B2,406912,,
13653,MIR126,406913,,
13654,MIR1260A,100302236,,
13655,MIR1260B,100422991,,
13656,MIR1264,,,
13657,MIR1268A,100302233,,
13658,MIR127,406914,,
13659,MIR1275,100302123,,
13660,MIR1296,100302150,,
13661,MIR1301,100302246,,
13662,MIR1306,100302197,,
13663,MIR1307,100302174,,
13664,MIR130A,406919,,
13665,MIR130B,406920,,
13666,MIR132,406921,,
13667,MIR133A2,406923,,
13668,MIR134,406924,,
13669,MIR136,406927,,
13670,MIR137,406928,,
13671,MIR138-1,406929,,
13672,MIR140,406932,,
13673,MIR141,406933,,
13674,MIR142,406934,,
13675,MIR143,406935,,
13676,MIR144,406936,,
13677,MIR145,406937,,
13678,MIR145A,387163,,
13679,MIR146A,406938,,
13680,MIR148A,406940,,
13681,MIR148B,442892,,
13682,MIR150,406942,,
13683,MIR151A,442893,,
13684,MIR152,406943,,
13685,MIR154,406946,,
13686,MIR155,406947,,
13687,MIR15A,406948,,
13688,MIR15B,406949,,
13689,MIR16-1,406950,,
13690,MIR17,406952,,
13691,MIR17HG,407975,,
13692,MIR181A1,406995,,
13693,MIR181C,406957,,
13694,MIR181D,574457,,
13695,MIR182,406958,,
13696,MIR183,406959,,
13697,MIR184,406960,,
13698,MIR185,406961,,
13699,MIR186,406962,,
13700,MIR18A,406953,,
13701,MIR18B,574033,,
13702,MIR1908,100302263,,
13703,MIR190A,406965,,
13704,MIR191,406966,,
13705,MIR1912,,,
13706,MIR192,406967,,
13707,MIR193A,406968,,
13708,MIR193B,574455,,
13709,MIR195,406971,,
13710,MIR19A,406979,,
13711,MIR1A-1,387136,,
13712,MIR200A,406983,,
13713,MIR200B,406984,,
13714,MIR200C,406985,,
13715,MIR203A,406986,,
13716,MIR204,406987,,
13717,MIR205,406988,,
13718,MIR2054,,,
13719,MIR206,406989,,
13720,MIR20A,406982,,
13721,MIR20B,574032,,
13722,MIR21,406991,,
13723,MIR210,406992,,
13724,MIR2116,100313886,,
13725,MIR212,406994,,
13726,MIR214,406996,,
13727,MIR215,406997,,
13728,MIR216A,406998,,
13729,MIR216B,100126319,,
13730,MIR217,406999,,
13731,MIR218-1,407000,,
13732,MIR218-2,407001,,
13733,MIR22,407004,,
13734,MIR221,407006,,
13735,MIR222,407007,,
13736,MIR223,407008,,
13737,MIR224,407009,,
13738,MIR22HG,84981,,
13739,MIR23A,407010,,
13740,MIR23C,100500809,,
13741,MIR24-1,407012,,
13742,MIR24-2,407013,,
13743,MIR2682,100616452,,
13744,MIR26A1,407015,,
13745,MIR26B,407017,,
13746,MIR27A,407018,,
13747,MIR27B,407019,,
13748,MIR296,407022,,
13749,MIR299,407023,,
13750,MIR29A,407021,,
13751,MIR29C,407026,,
13752,MIR300,100126297,,
13753,MIR301A,407027,,
13754,MIR301B,100126318,,
13755,MIR302B,442894,,
13756,MIR302D,442896,,
13757,MIR30A,407029,,
13758,MIR30B,407030,,
13759,MIR30C1,407031,,
13760,MIR31,407035,,
13761,MIR3117,,,
13762,MIR3135B,100616218,,
13763,MIR3173,100422981,,
13764,MIR31HG,554202,,
13765,MIR323,723839,,
13766,MIR323A,442897,,
13767,MIR323B,574410,,
13768,MIR324,442898,,
13769,MIR326,442900,,
13770,MIR328,442901,,
13771,MIR329-1,574408,,
13772,MIR335,442904,,
13773,MIR337,442905,,
13774,MIR339,442907,,
13775,MIR33B,693120,,
13776,MIR340,442908,,
13777,MIR342,442909,,
13778,MIR345,442910,,
13779,MIR346,442911,,
13780,MIR34A,407040,,
13781,MIR34B,407041,,
13782,MIR34C,407042,,
13783,MIR351,723910,,
13784,MIR361,494323,,
13785,MIR3622B,100500871,,
13786,MIR3663,100500893,,
13787,MIR369,442914,,
13788,MIR370,442915,,
13789,MIR374A,442919,,
13790,MIR375,494324,,
13791,MIR376A,723855,,
13792,MIR376A1,494325,,
13793,MIR376A2,664615,,
13794,MIR376B,574435,,
13795,MIR376C,442913,,
13796,MIR377,494326,,
13797,MIR378A,494327,,
13798,MIR378F,100616492,,
13799,MIR379,494328,,
13800,MIR380,494329,,
13801,MIR381,494330,,
13802,MIR382,494331,,
13803,MIR384,494333,,
13804,MIR409,574413,,
13805,MIR410,574434,,
13806,MIR411,693121,,
13807,MIR412,574433,,
13808,MIR423,494335,,
13809,MIR424,494336,,
13810,MIR425,494337,,
13811,MIR4268,,,
13812,MIR429,554210,,
13813,MIR431,574038,,
13814,MIR432,574451,,
13815,MIR4324,100422979,,
13816,MIR433,574034,,
13817,MIR4428,100616141,,
13818,MIR4435-2HG,541471,,
13819,MIR4467,100616367,,
13820,MIR4481,,,
13821,MIR4482,100616323,,
13822,MIR4485,100616263,,
13823,MIR4497,100616454,,
13824,MIR4516,100616258,,
13825,MIR451A,574411,,
13826,MIR454,768216,,
13827,MIR455,619556,,
13828,MIR4721,100616256,,
13829,MIR4732,100616385,,
13830,MIR483,619552,,
13831,MIR484,619553,,
13832,MIR485,574436,,
13833,MIR487A,619555,,
13834,MIR487B,664616,,
13835,MIR488,574441,,
13836,MIR489,574442,,
13837,MIR490,574443,,
13838,MIR493,574450,,
13839,MIR494,574452,,
13840,MIR495,574453,,
13841,MIR496,574454,,
13842,MIR497,574456,,
13843,MIR505,574508,,
13844,MIR506,574511,,
13845,MIR511,574445,,
13846,MIR5189,100847057,,
13847,MIR520B,574473,,
13848,MIR532,693124,,
13849,MIR539,664612,,
13850,MIR543,100126335,,
13851,MIR544B,,,
13852,MIR548B,693128,,
13853,MIR574,693159,,
13854,MIR5787,102464817,,
13855,MIR590,693175,,
13856,MIR607,693192,,
13857,MIR6076,,,
13858,MIR609,693194,,
13859,MIR6125,102465133,,
13860,MIR6132,102466616,,
13861,MIR615,693200,,
13862,MIR6240,102466620,,
13863,MIR625,693210,,
13864,MIR628,693213,,
13865,MIR637,693222,,
13866,MIR638,693223,,
13867,MIR642A,693227,,
13868,MIR6500,102466656,,
13869,MIR654,724024,,
13870,MIR655,724025,,
13871,MIR656,724026,,
13872,MIR660,724030,,
13873,MIR664B,100847052,,
13874,MIR665,100126315,,
13875,MIR6741,102466270,,
13876,MIR6769B,102466202,,
13877,MIR6785,102466911,,
13878,MIR6794,102466196,,
13879,MIR6803,102466739,,
13880,MIR6869,102465524,,
13881,MIR6893,102466271,,
13882,MIR702,735283,,
13883,MIR704,735289,,
13884,MIR708,100126333,,
13885,MIR743B,100124496,,
13886,MIR744,100126313,,
13887,MIR758,768212,,
13888,MIR761,100313892,,
13889,MIR766,768218,,
13890,MIR769,768217,,
13891,MIR770,768222,,
13892,MIR7704,102465802,,
13893,MIR8061,102466251,,
13894,MIR8485,103504737,,
13895,MIR872,100124456,,
13896,MIR873,100126316,,
13897,MIR875,100126309,,
13898,MIR885,100126334,,
13899,MIR889,100126345,,
13900,MIR92A1,407048,,
13901,MIR92B,693235,,
13902,MIR93,407050,,
13903,MIR938,100126327,,
13904,MIR939,100126351,,
13905,MIR942,100126331,,
13906,MIR96,407053,,
13907,MIR98,407054,,
13908,MIR99A,407055,,
13909,MIR99B,407056,,
13910,MIRLET7B,406884,,
13911,MIRLET7BHG,400931,,
13912,MIRLET7D,406886,,
13913,MIRLET7G,406890,,
13914,MIRLET7I,406891,,
13915,MKRN3-AS1,10108,,
13916,MLP60A,37853,,
13917,MMP1A,83995,,
13918,MNX1-AS1,645249,,
13919,MOXD2,194357,,
13920,MPZ,4359,,
13921,mrcA,,P02918;Q07806,
13922,mrcB,,P02919,
13923,mrdA,,P0AD65;P44469,
13924,MSP-1,,P13827,
13925,MTH,38058,,
13926,MT-TF,,,
13927,MT-TH,,,
13928,MT-TI,,,
13929,MT-TL1,,,
13930,MT-TP,,,
13931,MT-TS1,,,
13932,MT-TS2,,,
13933,MT-TT,,,
13934,MT-TV,,,
13935,MUC3B,57876,,
13936,murA,,P0A749,
13937,mutL,,P23367,
13938,mutY,,P17802,
13939,nadD,,P0A753,
13940,NATP,,,
13941,NBEAP1,,,
13942,NEAT1,283131,,
13943,nedA,,Q02834,
13944,nfsA,,P17117,
13945,nfsB,,Q01234,
13946,NKILA,105416157,,
13947,NORAD,647979,,
13948,NPPA-AS1,,,
13949,NR1I4,22817,,
13950,nrdB,,P69924,
13951,nrdF,,Q9CBQ2,
13952,NS3/4A,,B0B3C9,
13953,NS5A,,Q5L478,
13954,NS5b,,O39930;P87764,
13955,nusB,,Q9X286,
13956,OBP99B,43497,,
13957,OCTN3,100049579,,
13958,OIP5-AS1,729082,,
13959,OPRK1,4986,P41145,
13960,OPRL1,4987,P41146,
13961,OR10AE3P,,,
13962,OVAL,396058,,
13963,OXA-48,,A0A023W3H0,
13964,pab,,Q51911,
13965,PARA,32619,,
13966,parE,,Q59192;Q59961,
13967,PARK16,100359403,,
13968,PAS1,112278,,
13969,PBP1,,Q8L103,
13970,pbp1b,,Q7CRA4,
13971,pbp2a,,Q8DNB6,
13972,pbp3,,A0A0H2XJ39;Q60FT7;Q75Y35,
13973,pbp4,,P72355,
13974,pbpA,,Q70KI2;Q8DR59;Q8XJ01;Q9X6V3,
13975,pbpB,,Q51504,
13976,pbpC,,A0A0E1R3H3;P42971;P76577,
13977,pbpG,,P0AFI5,
13978,pbpX,,P14677;P59676,
13979,PBSN,54192,,
13980,pcaA,,P9WPB3,
13981,pcaB,,P32427,
13982,PCAT1,100750225,,
13983,PCAT14,101978785,,
13984,PCGEM1,64002,,
13985,PCX,18563,,
13986,penA,,P08149;P0A3M5;P0A3M6,
13987,penP,,P00808,
13988,PHKG1P2,644032,,
13989,PIPSL,,,
13990,PIRA2,18725,,
13991,PKAr,,Q7KQK0,
13992,pknB,,P9WI81,
13993,pobA,,P00438;P20586,
13994,pol,,Q72547;Q72874;Q7ZJM1,
13995,POLR1HASP,,,
13996,ponA,,Q04707,
13997,ponB,,Q9X6W0,
13998,PPIEL,728448,,
13999,PRM,39002,,
14000,PRO2268,55390,,
14001,PRSS46,74306,,
14002,PSMA3-AS1,379025,,
14003,PSMB3P1,,,
14004,PSMC1P1,,,
14005,PSMD10P1,,,
14006,PSMD10P2,,,
14007,PSMD10P3,,,
14008,PSMD4P1,,,
14009,PSME2P2,,,
14010,PSORS1C3,,,
14011,purE,,Q2QJL3,
14012,putA,,P09546,
14013,PVT1,5820,,
14014,PWAR1,145624,,
14015,PWRN1,791114,,
14016,PYDC5,107181291,,
14017,RAB4B-EGLN2,,,
14018,RATNP-3B,498659,,
14019,RDGA,31826,,
14020,rdxA,,O25608,
14021,REN2,19702,,
14022,repA,,Q52546,
14023,RESA,,P13830,
14024,RETININ,53564,,
14025,RETNLA,57262,,
14026,RETNLG,245195,,
14027,RHO1,,P06780,
14028,RHOX3H,434758,,
14029,RHPN1-AS1,78998,,
14030,ribC,,P0AFU8,
14031,rmlA,,Q9HU22,
14032,RMRP,,,
14033,RMST,196475,,
14034,rocF,,P53608,
14035,rpl2,,P20276,
14036,rplA,,Q2G0P0,
14037,rplC,,Q9A1X4,
14038,rplD,,P38516,
14039,rplJ,,P0A7J6,
14040,rplP,,P0ADY7,
14041,rplV,,P61177;P61182,
14042,rpoA,,P0A7Z4,
14043,rpoB,,P0A8V2;P9WGY9,
14044,rpoC,,P0A8T7;P9WGY7,
14045,rpsC,,P0A7V3,
14046,rpsD,,P0A7V8,
14047,rpsG,,P02359,
14048,rpsH,,P0A7W7,
14049,rpsI,,P0A7X3,
14050,rpsJ,,P0A7R5;Q5SHN7,
14051,rpsL,,P0A7S3,
14052,rpsM,,P0A7S9,
14053,rpsN,,P0AG59,
14054,rpsS,,P0A7U3,
14055,RTNL1,33721,,
14056,SACM1L,22908,,
14057,SCHLAP1,101669767,,
14058,Sec31p,,O96221,
14059,SERA5,,T1RTG8,
14060,serca,,Q5R2K6,
14061,sigA1,,Q18BX5,
14062,Slc22a21,,Q9WTN6,
14063,SLC6A20B,22599,,
14064,SLCO1A1,28248,,
14065,SLCO1A4,28250,,
14066,SLCO1A5,108096,,
14067,SNAR-I,100170222,,
14068,SNHG11,128439,,
14069,SNHG14,104472715,,
14070,SNHG6,641638,,
14071,SNORA54,677833,,
14072,SNORD115-1,338433,,
14073,SNORD116-1,100033413,,
14074,SNORD15A,6079,,
14075,SNORD68,,,
14076,SOX2-OT,347689,,
14077,SOX9A,60641,,
14078,SPMD1,100035378,,
14079,sspA,,A0A5P8YJZ1,
14080,sulI,,P0C002;Q49184,
14081,TARP,445347,,
14082,tauD,,P37610,
14083,TDGF1P3,6998,,
14084,TEAD1B,100006454,,
14085,TERC,7012,,
14086,tetX2,,Q93L51,
14087,TEX41,401014,,
14088,TGFB1A,359834,,
14089,TMP1,,P12461,
14090,TRA,6955,,
14091,TRAJ18,28737,,
14092,TRB,6957,,
14093,TRD,6964,,
14094,TRG,6965,,
14095,TRIM12A,76681,,
14096,TRM2,,F5HGI9,
14097,TRNC,4511,,
14098,TRNF,4558,,
14099,TRNH,4564,,
14100,TRNK,4566,,
14101,TRNL1,4567,,
14102,TRNL2,4568,,
14103,TRNQ,4572,,
14104,TRNS1,4574,,
14105,TRNS2,4575,,
14106,TRNV,4577,,
14107,TRNW,4578,,
14108,TRP63,22061,,
14109,trxB,,P66010,
14110,TRX-CAT1-2,,,
14111,TSNAX-DISC1,100303453,,
14112,tsx,,P0A927,
14113,TTC6,319089,,
14114,TTN-AS1,100506866,,
14115,TUG1,55000,,
14116,TYMSOS,,,
14117,tynA,,P46883,
14118,tyrB,,P95468,
14119,UL54,,P08546,
14120,unc-29,,P48181,
14121,unc-38,,Q23022,
14122,unc-63,,Q9N587,
14123,ureC,,P18314;P41020,
14124,VEGFA,7422,P15692,
14125,VEGFAA,30682,,
14126,VN1R31P,100312787,,
14127,XIST,7503,,
14128,xlnA,,P26514,
14129,xylA,,P24300,
14130,ydbK,,P52647,
14131,yedY,,Q8XB74,
14132,yfiH,,P33644,
14133,ZEB1B,114425,,
14134,ZEB2-AS1,100303491,,
14135,ZFP366,238803,,
14136,ZNF542P,,,
14137,ZNF667-AS1,100128252,,
14138,ZNF812P,729648,,
